{
  "proposition": "What if Earth's magnetic field collapsed for ten years?",
  "scenario": {
    "premises": [
      "As stated in proposition."
    ],
    "constraints": [
      "Modern technology unless specified."
    ],
    "timescales": [
      "Short-term",
      "Medium-term",
      "Long-term"
    ],
    "uncertainties": [
      "Not specified."
    ],
    "expert_plan": [
      "Physics",
      "ChemistryMaterials",
      "BiologyEcology",
      "Medicine",
      "Sociology",
      "Economics",
      "PoliticsIR",
      "EngineeringInfrastructure",
      "EnvironmentalScience"
    ]
  },
  "rounds": [
    "Round 1 Summary\nShared Frame:\nConsensus Points:\nConditional Branches:\nRemaining Uncertainties:\n- **Ozone Recovery**: NOₓ emissions (natural vs. human) determine if ozone stabilizes post-collapse (10⁶ tons/year NOₓ vs. 10⁷ tons/year) → ±10% ozone recovery.\n- **Adaptation Feasibility**: GMO development (1 year vs. 5 years) and shielding deployment (10% vs. 1% population) → ±30% mitigation.\n- ### **5. Conflict Resolution Notes**\n- **Root Cause**: Physics (magnetosphere collapse) drives all domains; EngineeringInfrastructure and EnvironmentalScience agree on infrastructure/ecological cascades.\n- **Prioritization**: Physics (base), Engineering/EnvironmentalScience (intermediate outcomes), and Politics/Economics (social/economic impacts).\n- **Key Tensions**: Short-term vs. long-term adaptation (e.g., 10-year recovery window vs. 50-year ozone repair) resolved by focusing on 10-year collapse scenario.\n- **Final Takeaway**: A 10-year magnetic field collapse is high-consequence (70%+ global instability) with critical mitigation levers (solar monitoring, GMOs, shielding) that could reduce mortality to 10–20% and GDP loss to 5–10%.\nNotes:\n\nDebate Brief:\n### **Balanced Cross-Domain Brief: Earth’s Magnetic Field Collapse for Ten Years**  \n\n\n#### **1. Key Conclusions (5-8 bullets with quantitative ranges)**  \n- **Severity of Cascading Risks**: A 10-year magnetic field collapse would cause **10–100x higher surface radiation** (10–100 mSv/year vs. natural 0.5–5 mSv/year), **30–50% species extinction** (including 50–80% of crop species), and **1–50% human mortality** (depending on adaptation).  \n- **Infrastructure Failure**: Power grids would lose 70–90% of functionality due to geomagnetically induced currents (GICs) exceeding transformer limits (10,000–100,000 A vs. 100–1,000 A in 1989 Quebec blackout), with communication systems (HF radio, GPS) degraded by 90%+ in 1–3 years.  \n- **Economic Collapse**: Global GDP would contract by **50–90%** (equivalent to 1929 Great Depression × 10), with supply chains collapsing by year 4 and 60%+ of countries facing resource competition (food, energy) by year 5.  \n- **Adaptation Limits**: No global-scale solutions exist; hardening power grids, greenhouses, or shelters would protect <10% of the population, leaving 90%+ vulnerable to acute risks (radiation sickness, starvation, societal unrest).  \n\n\n#### **2. Key Uncertainties and Adaptation Levers**  \n- **Critical Uncertainties** (order-of-magnitude variation):  \n  - **Solar Wind Intensity**: 10–100x variation (30% chance of solar maximum, 2025–2035, amplifying radiation by 10x).  \n  - **Collapse Rate**: 1–10 years (20% chance of sudden collapse, 1-year, causing 10x higher acute mortality).  \n  - **Ozone Recovery**: 30–50% loss (90% chance of 50%+ depletion, persisting for 50+ years; 10% chance of 30% loss, partial recovery).  \n\n- **Adaptation Levers (insufficient at scale)**:  \n  - **Power Grids**: Hardening with HVDC or superconducting transformers requires 1–2 years of lead time and $1–10T (4–40% of global GDP), protecting only 5–10% of systems.  \n  - **Greenhouses**: Protecting 10–20% of crops, but requires 50%+ of global energy (unavailable due to grid failure).  \n  - **Shelters**: Underground bunkers house 1–5% of the population, but cannot sustain global food/resource needs.  \n\n\n#### **3. Conditional Branches with Probabilities**  \n| **Branch**               | **Probability** | **Key Triggers**                                                                 | **Outcomes**                                                                 |  \n|--------------------------|-----------------|----------------------------------------------------------------------------------|-----------------------------------------------------------------------------|  \n| **High-Solar, Sudden**   | 20%             | Solar max (flux >1000 W/m²), collapse rate <1 year.                              | 50%+ radiation sickness, 80%+ power grid failure, 30%+ human mortality in 2 years. |  \n| **Moderate-Solar, Gradual** | 60%          | Solar flux 500–1000 W/m², collapse rate 5–10 years.                             | 20–50% radiation sickness, 50–70% power grid failure, 10–30% human mortality over 10 years. |  \n| **Low-Solar, Partial Ozone** | 10%         | Solar flux <500 W/m², ozone loss <30%.                                          | 10–20% radiation sickness, 30–50% power grid failure, 5–15% human mortality over 10 years. |  \n| **No Collapse**          | 10%             | Field recovers within 1–2 years (e.g., geophysical anomaly).                    | Limited impacts, 0–5% mortality, 5–10% GDP loss.                            |  \n\n\n#### **4. Decision Rules (Indicator → Branch)**  \n- **Solar Flux (NOAA 10.7 cm radio flux) >1000 sfu**: Trigger *High-Solar, Sudden* (20% probability).  \n- **Power grid GICs >10,000 A in 6 months**: Trigger *High-Solar, Sudden* (20% probability).  \n- **Ozone loss <30% by year 3**: Trigger *Low-Solar, Partial Ozone* (10% probability).  \n- **All indicators normal (solar <500 sfu, GIC <1000 A, ozone loss >30%)**: Trigger *Moderate-Solar, Gradual* (60% probability).  \n\n\n#### **5. Traceability & Consistency**  \nAll conclusions align with Pro/Con causal mechanisms: solar wind penetration → radiation/ionization → infrastructure/ecosystem failure. Uncertainties reflect Pro’s \"solar intensity\" and Con’s \"ozone depletion\" variables. Adaptation limits (tech/resource constraints) are consistent across both sides, with no \"silver bullet\" to offset 10-year collapse.",
    "Round 2 Summary\nShared Frame:\nConsensus Points:\n- **Root Cause**: Physics (geomagnetic field collapse) is the primary driver, removing Earth’s solar wind shield, leading to 10–100x higher surface radiation (10–100 mSv/year vs. natural 0.5–5 mSv/year).\n- **Cascading Risks**: Radiation triggers biological damage (30–50% species extinction, 50–80% crop loss), engineering failure (70–90% power grid outage, 90%+ communication disruption), and economic collapse (50–90% GDP loss, 60%+ resource competition).\n- **Mortality Range**: 1–50% global human mortality, with 10–20% under limited adaptation, 20–40% under moderate, and 40–50% under no adaptation.\n- **Adaptation Limits**: Insufficient global capacity to shield (1–5% population), harden grids (5–10% systems), or accelerate GMOs (3–5 years) to mitigate cascades.\nConditional Branches:\n- | **Branch**               | **Condition**                                                                 | **Key Events**                                                                 | **Drivers**                                                                 | -> \n- |--------------------------|-------------------------------------------------------------------------------|--------------------------------------------------------------------------------|-----------------------------------------------------------------------------| -> \n- | **High-Solar, Sudden**   | Solar max (2025–2035, 30% chance) + 1-year collapse (20% chance).             | 1000+ W/m² solar flux, 10,000+ A GICs, 50%+ radiation sickness, 80%+ grid failure. | Physics (solar intensity) + Engineering (GICs) + Biology (acute radiation). | -> \n- | **Moderate-Solar, Gradual** | Solar flux 500–1000 W/m² + 3–5-year collapse.                               | 30%+ ozone loss, 50–80% crop loss, 60%+ resource competition, 20–30% mortality. | Physics (solar cycle) + Environmental (ozone) + Economics (food scarcity).  | -> \n- | **Low-Solar, Partial Ozone** | Solar flux <500 W/m² + 5–10-year collapse.                                  | 30% ozone loss, 30% species extinction, 10–20% mortality, 50–70% GDP loss.      | Physics (solar minimum) + Environmental (ozone recovery) + Politics (coordination). | -> \n- ### **Decision Rules (Observable Indicators)** -> \n- | **Indicator**               | **Threshold**               | **Branch Trigger**               | **Confidence** | -> \n- |------------------------------|-----------------------------|-----------------------------------|----------------| -> \n- | NOAA 10.7 cm flux            | >1000 sfu                   | High-Solar, Sudden (20%)          | 95%            | -> \n- | GIC magnitude                | >10,000 A (6-month average) | High-Solar, Sudden (20%)          | 90%            | -> \n- | Ozone hole size              | >30% loss (year 3)          | Moderate-Solar, Gradual (60%)     | 85%            | -> \n- | Crop yield drop              | >50% (year 3)               | Moderate-Solar, Gradual (60%)     | 80%            | -> \n- | Solar flux <500 sfu          | <500 W/m²                  | Low-Solar, Partial Ozone (10%)    | 90%            | -> \n- ### **Remaining Uncertainties (Measurable, Unresolved)** -> \n- **Solar Maximum Timing**: 2025–2035 solar cycle (30% chance of 10x radiation amplification). -> \n- **Collapse Duration**: 1–10 years (20% chance of 1-year \"sudden\" collapse, 10x mortality). -> \n- **Ozone Recovery**: 30–50% loss (90% chance of 50%+ depletion persisting 50+ years; 10% chance of 30% recovery). -> \n- **Adaptation Levers**: GMO acceleration (1 vs. 5 years) and shielding (10% vs. 1% population) could reduce mortality by ±30%. -> \n- ### **Brief Notes on Conflict Resolution** -> \n- **Physics Primacy**: All domains agree the magnetosphere collapse is the root driver; no conflicting causal links here. -> \n- **Biology vs. Engineering**: Biology focuses on crop/extinction risks; engineering on grid/communication failure—both are critical, with biology dictating long-term survival. -> \n- **Resources vs. Economy**: Resources (food/energy) drive economic collapse, so \"resource competition\" (politics) is a downstream effect, not a primary cause. -> \n- **Adaptation Feasibility**: All domains agree global adaptation is insufficient (1–10% protection), so the \"no adaptation\" scenario (50% mortality) is most plausible. -> \nRemaining Uncertainties:\nNotes:\n\nDebate Brief:\n### **Balanced Cross-Domain Brief: Earth’s Magnetic Field Collapse for Ten Years**  \n\n\n#### **1. Coverage: Key Sectors at Stake**  \nA 10-year magnetic field collapse impacts 6 interconnected domains, with cascading risks across physics, biology, infrastructure, economy, society, and politics:  \n- **Physics**: Radiation environment (solar wind penetration, ozone thinning).  \n- **Biology**: Terrestrial/marine ecosystems, human health (radiation sickness, biodiversity loss).  \n- **Infrastructure**: Power grids, satellites, air travel, communication systems.  \n- **Economy**: Food production, energy, supply chains, global trade.  \n- **Society**: Migration, public health crises, social unrest, political instability.  \n\n\n#### **2. Causality: The Domino Effect**  \n| **Sector**       | **Primary Mechanism**                                                                 | **Impact Range**                                                                 |  \n|-------------------|---------------------------------------------------------------------------------------|----------------------------------------------------------------------------------|  \n| **Physics**       | Solar wind (charged particles: protons/electrons) bypasses Earth’s shield, increasing surface radiation flux by **100–1000x** (vs. current levels, especially mid-latitudes). | Ozone layer thinning (UV-B/UV-C reaching surface); Van Allen Belts destabilize, leaking radiation. |  \n| **Biology**       | DNA damage, disrupted photosynthesis, weakened immune systems.                        | 30–60% crop yield loss; 50–90% biodiversity loss (phytoplankton, pollinators, coral reefs); 10–100x increase in skin cancer and radiation sickness. |  \n| **Infrastructure** | Geomagnetic Induced Currents (GICs) surge through power grids; LEO satellites fried by radiation. | 70% of transformers fail; 90% of LEO satellites destroyed; global communication blackouts. |  \n| **Economy**       | Food shortages, supply chain collapse, energy sector failure.                          | 20–40% global GDP drop; 1 billion+ people face acute food insecurity; fisheries collapse. |  \n| **Society**       | Resource scarcity, fear, and infrastructure failure erode social order.               | 2–3 billion people attempt migration; 5–15% excess mortality from treatable diseases; societal trust in governments collapses by year 3. |  \n\n\n#### **3. Feasibility: Adaptation Limits**  \nWhile partial adaptation is possible, 10-year constraints and resource limits make full mitigation unfeasible:  \n- **Short-term (1–3 years)**: Radiation-hardened tech (e.g., military chips) is expensive (100x standard semiconductors); shielded infrastructure (e.g., underground power grids) requires 5+ years to build (only critical facilities, e.g., hospitals, can be prioritized).  \n- **Medium-term (4–7 years)**: UV-resistant crops (CRISPR-edited) could limit 30–50% yield loss; HVDC cables (lower current, less induced damage) and flywheel storage (faster response) might reduce grid failure to 30–50%, but global deployment is impossible in 10 years.  \n- **Long-term (8–10 years)**: Core dynamo recovery is *unlikely* (geological timescales, 10⁵+ years); collapse is permanent for all practical purposes.  \n\n\n#### **4. Uncertainty & Adaptation Levers**  \n| **Uncertainty**               | **Range of Impact**                                                                 | **Adaptation/Substitution**                                                                 |  \n|-------------------------------|-------------------------------------------------------------------------------------|---------------------------------------------------------------------------------------------|  \n| Collapse rate                 | 1–10 years (sudden drop vs. gradual decay).                                         | Sudden collapse: 50% more deaths from radiation; gradual: allows 2x faster tech deployment.  |  \n| Solar activity                | 1–2x higher radiation (e.g., Maunder Minimum-like conditions).                       | No adaptation; 2x radiation doubles mortality.                                             |  \n| Ozone layer recovery          | 0–100% recovery (UV-B/UV-C levels 10–100x pre-collapse).                            | UV-resistant crops limit 30–50% yield loss; no full recovery in 10 years.                   |  \n| Societal cooperation          | Global (success) vs. regional conflict (failure).                                   | UN-led plans (e.g., COVAX for radiation) mitigate, but 30% of nations lack capacity.        |  \n\n\n#### **5. Scenarios & Timeline**  \n| **Phase**   | **Key Events**                                                                 | **Consequences**                                                                 |  \n|-------------|--------------------------------------------------------------------------------|----------------------------------------------------------------------------------|  \n| Year 1–3    | 50% of satellites fail; high-latitude populations report radiation burns; crop yields drop 30%. | 100,000–1 billion acute radiation deaths; global communication outage.             |  \n| Year 4–7    | Ozone layer thins 20–40%; 60% of phytoplankton dead; power grids collapse in 3/4 nations. | 25% GDP drop; 2–3 billion people migrate; 50+ low-income countries face famine.    |  \n| Year 8–10   | Core dynamo irreversibly dead; 90% of species extinct; 1 billion+ displaced.      | Civil unrest; collapse of modern society; 5–10 billion total deaths (90% of global population). |  \n\n\n#### **6. Traceability & Consistency**  \n- **Shared Assumptions**: Permanent core dynamo failure; no artificial magnetic field intervention (current tech cannot generate 1 T field at scale).  \n- **Key Thresholds**: >40% crop loss → 1 billion+ food-insecure; >60% grid failure → 20%+ GDP contraction; >100 mSv/year radiation → 10%+ annual cancer mortality.  \n- **Unresolved**: Whether partial ozone recovery (e.g., 20% thinning) or targeted shielding (e.g., 10% of population) could reduce impacts below collapse.  \n\n\n### **Conclusion: Key Synthesis**  \n\n- **Mortality**: 1–10 billion deaths (90% of global population) in 10 years, depending on collapse rate and adaptation (sudden collapse: 5–10 billion; gradual: 1–3 billion).  \n- **Economic Impact**: 20–40% global GDP drop; 100 million+ people displaced by food/water scarcity.  \n- **Ecosystems**: 50–90% biodiversity loss (marine life collapses first, followed by 30–60% crop yield loss).  \n- **Infrastructure**: 70% of power grids and 90% of LEO satellites non-functional within 3 years.  \n\n\n### **Conditional Branches & Probabilities**  \n| **Branch**                  | **Trigger Condition**                                  | **Probability** | **Outcome**                                                                 |  \n|-----------------------------|--------------------------------------------------------|-----------------|-----------------------------------------------------------------------------|  \n| **Sudden Collapse (1 year)** | Core dynamo shuts down in <1 year.                     | 20%             | 5–10 billion deaths; total societal collapse by year 3.                      |  \n| **High Solar Activity**     | Sun enters Maunder Minimum-like phase (1–2x radiation).| 30%             | 2x mortality; 50% higher crop loss; 30% more GDP contraction.               |  \n| **Global Cooperation**      | UN-led emergency plans fully implemented.              | 15%             | 1–3 billion deaths; 20% GDP drop; 50% biodiversity loss.                    |  \n| **No Adaptation**           | Key tech/resource constraints (e.g., transformer production). | 35%          | 8–10 billion deaths; 40% GDP drop; 90% biodiversity loss.                   |  \n\n\n### **Decision Rules**  \n1. **Crop Loss >40%**: Trigger \"food insecurity\" branch; 50%+ chance of 1 billion+ deaths in low-income nations.  \n2. **Grid Failure >60%**: Trigger \"economic collapse\" branch; 70%+ GDP drop and mass migration.  \n3. **Radiation >100 mSv/year**: Trigger \"health crisis\" branch; 10%+ annual cancer mortality.  \n4. **Biodiversity Loss >70%**: Trigger \"ecosystem collapse\" branch; 90%+ species extinction.  \n\n\n**Final Verdict**: A 10-year magnetic field collapse is a high-consequence, low-probability existential risk. While partial adaptation (e.g., UV-resistant crops, HVDC grids) can mitigate some impacts, the 10-year timeline and resource constraints make full survival of modern civilization unlikely. The scenario requires urgent global preparedness, but even with optimal response, collapse is unavoidable for most species and 50%+ of humanity.",
    "Round 3 Summary\nShared Frame:\nConsensus Points:\nConditional Branches:\nRemaining Uncertainties:\nNotes:\n\nDebate Brief:\n### **Balanced Cross-Domain Brief: Earth’s Magnetic Field Collapse for Ten Years**  \n\n\n#### **Key Conclusions (5-8 bullets)**  \n- **Environmental Cascades**: Solar wind penetration would expose the surface to 10–100× higher radiation (protons, electrons), ionizing the atmosphere and reducing ozone by 30–70% (vs. pre-collapse). This would kill 50%+ of plant species (terrestrial and marine) within 2–3 years, collapsing food chains.  \n- **Human Health Crisis**: UVB radiation (200–300% increase at mid-latitudes) would drive 10–100× skin cancer rates, immune system suppression, and acute radiation sickness, with 10–30% mortality in the first decade.  \n- **Infrastructure Failure**: Power grids (70% of transformers failing) and communication systems (satellite/radio blackouts) would leave 60%+ of the global population without electricity, water, or refrigeration within 2–3 years.  \n- **Economic Collapse**: Global GDP could drop 20–90% over 10 years. Agriculture (30–70% yield loss) and fisheries (50%+ collapse) would trigger mass starvation, while 50% of tech companies fail due to radiation-damaged semiconductors.  \n- **Adaptation Feasibility**: Partial mitigation (e.g., underground power grids, greenhouses, UV-blocking materials) is possible but requires $1–2 trillion (1% of global GDP) and 5–10 years of global coordination. Ozone/field recovery would take 50–100 years, leaving high UV for decades.  \n- **Critical Uncertainties**: Solar activity (2025/2035 solar maximum could double impacts), collapse rate (sudden vs. gradual: 20% chance of 1-day decay, increasing mortality by 2–3×), and human behavior (60% migration risk straining high-latitude resources).  \n- **Thresholds for Failure**: Ozone <30% of pre-collapse → 50%+ plant die-off; power grid down >6 months → 50% population lacks electricity; UV >200% → 50%+ crop failure.  \n\n\n#### **Key Uncertainties & Adaptation Levers**  \n\n| **Uncertainty**               | **Impact Magnitude**       | **Adaptation/Substitution**                                                                 |  \n|-------------------------------|----------------------------|--------------------------------------------------------------------------------------------|  \n| Solar wind intensity          | 20–100× higher (solar max) | Shield satellites with radiation-hardened materials; build underground power grids.         |  \n| Collapse rate                 | Sudden (1-day) vs. gradual | Sudden collapse: 2–3× higher mortality; gradual: 10% lower mortality with adaptation.       |  \n| Ozone recovery time           | 50–100 years (vs. 10-year collapse) | Greenhouses for crops; oral vitamin D supplements; UV-blocking window films.               |  \n| Human behavior                | 2–3 billion migration       | Governments enforce resource rationing; quarantine high-UV zones; drones for food delivery. |  \n\n\n#### **Conditional Branches with Probabilities**  \n- **Branch 1: High Solar Activity + Sudden Collapse (30% probability)**  \n  - Impacts: 2× radiation, 3× ozone loss, 50%+ mortality in 2 years; GDP drops 70–90%.  \n  - Outcome: Societal breakdown, 1–2 billion population (90%+ die).  \n\n- **Branch 2: Low Solar Activity + Gradual Collapse (20% probability)**  \n  - Impacts: 10–20× radiation, 30–50% ozone loss, 10–20% mortality; GDP drops 20–40%.  \n  - Outcome: Partial recovery with global coordination, 6–7 billion population.  \n\n- **Branch 3: Partial Adaptation (10% probability)**  \n  - Impacts: 50%+ grid/tech protection, 30% crop retention, 15–20% mortality; GDP drops 30–50%.  \n  - Outcome: Stable but resource-scarce, 7–8 billion population.  \n\n- **Branch 4: No Adaptation (40% probability)**  \n  - Impacts: 100% grid failure, 70% crop loss, 50–70% mortality; GDP drops 80–95%.  \n  - Outcome: 1–3 billion population, 100+ year recovery.  \n\n\n#### **Decision Rules (Indicator → Branch)**  \n- **Indicator 1**: Power grid down >6 months + crop yields <20% → Branch 4 (no adaptation, 50–70% mortality).  \n- **Indicator 2**: Ozone <30% of pre-collapse + marine plankton loss >50% → Branch 1 (high solar activity) or 4 (no adaptation).  \n- **Indicator 3**: Global GDP drop >40% + social unrest (looting/war) → Branch 1 (high solar activity) or 4 (no adaptation).  \n- **Indicator 4**: Successful adaptation (grid + greenhouse + policy) → Branch 2 (low solar activity) or 3 (partial adaptation).  \n\n\n**Conclusion**: A 10-year magnetic field collapse is *catastrophic* (90%+ mortality in 40% of scenarios) but *mitigable* with global coordination (10% of scenarios). The outcome hinges on solar activity, collapse rate, and adaptation success, with critical thresholds for ozone, power, and crop yields determining survival."
  ],
  "ablation": {
    "rounds": 3,
    "roles": [
      "Physics",
      "ChemistryMaterials",
      "BiologyEcology",
      "Medicine",
      "Sociology",
      "Economics",
      "PoliticsIR",
      "EngineeringInfrastructure",
      "EnvironmentalScience"
    ],
    "enable_debate": true,
    "enable_conflict_resolution": true,
    "use_shared_frame": true,
    "use_refinement": false
  }
}