source_id,target_id,direction
44,21,unidirectional
3,34,unidirectional
61,51,unidirectional
95,73,unidirectional
31,36,unidirectional
48,66,unidirectional
14,44,unidirectional
67,62,unidirectional
74,61,unidirectional
10,24,unidirectional
87,37,unidirectional
72,86,unidirectional
5,1,unidirectional
23,0,unidirectional
40,30,unidirectional
43,93,unidirectional
81,51,unidirectional
66,25,unidirectional
28,67,unidirectional
51,74,unidirectional
53,40,unidirectional
19,18,unidirectional
56,69,unidirectional
82,64,unidirectional
96,65,unidirectional
99,94,unidirectional
48,17,unidirectional
35,57,unidirectional
8,37,unidirectional
1,10,unidirectional
54,53,unidirectional
95,74,unidirectional
27,5,unidirectional
45,4,unidirectional
7,46,unidirectional
65,97,unidirectional
84,93,unidirectional
61,43,unidirectional
78,73,unidirectional
44,51,unidirectional
91,83,unidirectional
50,62,unidirectional
13,11,unidirectional
74,91,unidirectional
59,27,unidirectional
25,5,unidirectional
42,35,unidirectional
80,40,unidirectional
23,30,unidirectional
53,70,unidirectional
21,14,unidirectional
75,95,unidirectional
79,65,unidirectional
82,94,unidirectional
8,29,unidirectional
18,57,unidirectional
0,2,unidirectional
54,83,unidirectional
3,6,unidirectional
27,35,unidirectional
89,84,unidirectional
55,37,unidirectional
61,73,unidirectional
51,55,unidirectional
87,68,unidirectional
53,21,unidirectional
40,61,unidirectional
6,14,unidirectional
59,57,unidirectional
25,35,unidirectional
18,8,unidirectional
35,38,unidirectional
80,70,unidirectional
7,27,unidirectional
83,77,unidirectional
93,80,unidirectional
4,14,unidirectional
14,17,unidirectional
65,69,unidirectional
33,13,unidirectional
40,12,unidirectional
94,93,unidirectional
34,54,unidirectional
85,44,unidirectional
47,86,unidirectional
12,1,unidirectional
55,67,unidirectional
64,32,unidirectional
23,11,unidirectional
80,71,unidirectional
53,51,unidirectional
99,67,unidirectional
59,87,unidirectional
52,60,unidirectional
15,9,unidirectional
18,38,unidirectional
34,5,unidirectional
37,34,unidirectional
60,41,unidirectional
67,74,unidirectional
44,24,unidirectional
61,54,unidirectional
17,4,unidirectional
38,66,unidirectional
95,76,unidirectional
48,69,unidirectional
55,68,unidirectional
16,13,unidirectional
33,43,unidirectional
23,12,unidirectional
40,42,unidirectional
74,64,unidirectional
27,57,unidirectional
59,38,unidirectional
91,94,unidirectional
46,53,unidirectional
12,31,unidirectional
98,84,unidirectional
77,72,unidirectional
38,17,unidirectional
96,68,unidirectional
99,97,unidirectional
18,68,unidirectional
17,5,unidirectional
34,35,unidirectional
72,40,unidirectional
78,76,unidirectional
44,54,unidirectional
61,84,unidirectional
63,50,unidirectional
57,64,unidirectional
13,14,unidirectional
23,42,unidirectional
74,94,unidirectional
59,68,unidirectional
52,41,unidirectional
5,34,unidirectional
66,58,unidirectional
32,11,unidirectional
53,73,unidirectional
44,5,unidirectional
38,47,unidirectional
96,98,unidirectional
74,45,unidirectional
54,86,unidirectional
17,35,unidirectional
27,38,unidirectional
46,34,unidirectional
72,70,unidirectional
33,74,unidirectional
63,80,unidirectional
53,24,unidirectional
56,53,unidirectional
13,44,unidirectional
6,17,unidirectional
25,38,unidirectional
32,12,unidirectional
35,41,unidirectional
52,71,unidirectional
93,83,unidirectional
15,11,unidirectional
78,57,unidirectional
44,35,unidirectional
79,98,unidirectional
14,20,unidirectional
31,50,unidirectional
72,71,unidirectional
57,45,unidirectional
74,75,unidirectional
27,68,unidirectional
63,81,unidirectional
23,14,unidirectional
30,13,unidirectional
40,44,unidirectional
49,9,unidirectional
36,24,unidirectional
53,54,unidirectional
79,49,unidirectional
6,47,unidirectional
31,1,unidirectional
38,28,unidirectional
96,79,unidirectional
32,42,unidirectional
54,67,unidirectional
17,16,unidirectional
77,74,unidirectional
89,68,unidirectional
76,83,unidirectional
58,28,unidirectional
24,6,unidirectional
78,87,unidirectional
74,67,unidirectional
33,46,unidirectional
40,45,unidirectional
57,75,unidirectional
85,77,unidirectional
25,19,unidirectional
35,22,unidirectional
12,34,unidirectional
70,51,unidirectional
64,65,unidirectional
23,44,unidirectional
83,61,unidirectional
93,64,unidirectional
36,54,unidirectional
53,84,unidirectional
14,1,unidirectional
72,52,unidirectional
52,93,unidirectional
32,72,unidirectional
75,25,unidirectional
34,38,unidirectional
37,67,unidirectional
28,18,unidirectional
31,81,unidirectional
89,98,unidirectional
55,51,unidirectional
44,57,unidirectional
51,31,unidirectional
63,53,unidirectional
84,53,unidirectional
87,82,unidirectional
36,5,unidirectional
97,85,unidirectional
16,46,unidirectional
74,97,unidirectional
6,28,unidirectional
42,41,unidirectional
68,77,unidirectional
46,86,unidirectional
37,18,unidirectional
77,55,unidirectional
89,49,unidirectional
66,61,unidirectional
83,91,unidirectional
76,64,unidirectional
93,94,unidirectional
55,52,unidirectional
14,31,unidirectional
72,82,unidirectional
17,38,unidirectional
68,28,unidirectional
12,15,unidirectional
88,65,unidirectional
47,16,unidirectional
64,46,unidirectional
98,68,unidirectional
51,61,unidirectional
83,42,unidirectional
63,83,unidirectional
70,82,unidirectional
19,5,unidirectional
36,35,unidirectional
73,86,unidirectional
77,56,unidirectional
80,85,unidirectional
42,71,unidirectional
52,74,unidirectional
43,25,unidirectional
62,21,unidirectional
89,79,unidirectional
76,94,unidirectional
32,44,unidirectional
44,38,unidirectional
58,39,unidirectional
51,12,unidirectional
95,90,unidirectional
31,53,unidirectional
63,34,unidirectional
57,48,unidirectional
16,27,unidirectional
23,26,unidirectional
74,78,unidirectional
10,41,unidirectional
42,22,unidirectional
68,58,unidirectional
94,53,unidirectional
46,67,unidirectional
47,46,unidirectional
8,25,unidirectional
51,91,unidirectional
76,45,unidirectional
83,72,unidirectional
53,57,unidirectional
56,86,unidirectional
36,65,unidirectional
21,1,unidirectional
82,81,unidirectional
4,9,unidirectional
96,82,unidirectional
32,45,unidirectional
35,74,unidirectional
17,19,unidirectional
27,22,unidirectional
62,51,unidirectional
55,24,unidirectional
72,54,unidirectional
61,60,unidirectional
85,89,unidirectional
51,42,unidirectional
14,53,unidirectional
63,64,unidirectional
57,78,unidirectional
16,57,unidirectional
25,22,unidirectional
42,52,unidirectional
87,84,unidirectional
83,64,unidirectional
21,31,unidirectional
31,34,unidirectional
57,29,unidirectional
34,41,unidirectional
17,49,unidirectional
10,22,unidirectional
63,65,unidirectional
45,51,unidirectional
68,39,unidirectional
55,54,unidirectional
47,27,unidirectional
61,90,unidirectional
51,72,unidirectional
87,85,unidirectional
36,8,unidirectional
97,88,unidirectional
19,16,unidirectional
82,62,unidirectional
18,25,unidirectional
32,26,unidirectional
35,55,unidirectional
26,6,unidirectional
77,58,unidirectional
55,5,unidirectional
83,94,unidirectional
93,97,unidirectional
15,25,unidirectional
61,41,unidirectional
41,20,unidirectional
62,82,unidirectional
21,61,unidirectional
14,34,unidirectional
72,85,unidirectional
91,81,unidirectional
57,59,unidirectional
25,3,unidirectional
63,95,unidirectional
29,48,unidirectional
55,84,unidirectional
23,28,unidirectional
51,64,unidirectional
36,38,unidirectional
2,16,unidirectional
96,55,unidirectional
62,33,unidirectional
21,12,unidirectional
42,74,unidirectional
8,27,unidirectional
15,26,unidirectional
34,22,unidirectional
45,32,unidirectional
76,97,unidirectional
39,46,unidirectional
44,41,unidirectional
61,71,unidirectional
95,93,unidirectional
55,85,unidirectional
14,64,unidirectional
87,66,unidirectional
97,69,unidirectional
13,1,unidirectional
74,81,unidirectional
42,25,unidirectional
59,55,unidirectional
25,33,unidirectional
18,6,unidirectional
85,91,unidirectional
47,49,unidirectional
66,45,unidirectional
83,75,unidirectional
19,38,unidirectional
36,68,unidirectional
77,89,unidirectional
38,34,unidirectional
4,12,unidirectional
45,33,unidirectional
14,15,unidirectional
55,36,unidirectional
62,63,unidirectional
15,56,unidirectional
72,66,unidirectional
96,85,unidirectional
34,52,unidirectional
11,2,unidirectional
88,49,unidirectional
50,91,unidirectional
41,42,unidirectional
51,45,unidirectional
63,67,unidirectional
87,96,unidirectional
36,19,unidirectional
13,31,unidirectional
42,55,unidirectional
34,3,unidirectional
8,58,unidirectional
66,75,unidirectional
76,78,unidirectional
39,27,unidirectional
92,70,unidirectional
44,22,unidirectional
21,34,unidirectional
45,63,unidirectional
79,85,unidirectional
48,67,unidirectional
55,66,unidirectional
16,11,unidirectional
74,62,unidirectional
27,55,unidirectional
81,52,unidirectional
40,31,unidirectional
61,93,unidirectional
64,60,unidirectional
66,26,unidirectional
9,16,unidirectional
53,41,unidirectional
6,34,unidirectional
38,15,unidirectional
25,55,unidirectional
59,77,unidirectional
96,66,unidirectional
26,9,unidirectional
17,3,unidirectional
45,5,unidirectional
15,28,unidirectional
22,27,unidirectional
75,70,unidirectional
78,74,unidirectional
41,23,unidirectional
44,52,unidirectional
55,96,unidirectional
13,12,unidirectional
25,6,unidirectional
42,36,unidirectional
64,52,unidirectional
20,2,unidirectional
81,82,unidirectional
49,26,unidirectional
66,56,unidirectional
53,71,unidirectional
19,49,unidirectional
21,15,unidirectional
79,66,unidirectional
82,95,unidirectional
18,58,unidirectional
92,42,unidirectional
0,3,unidirectional
26,39,unidirectional
28,5,unidirectional
45,35,unidirectional
62,65,unidirectional
55,38,unidirectional
89,85,unidirectional
71,30,unidirectional
58,45,unidirectional
24,23,unidirectional
61,74,unidirectional
87,69,unidirectional
53,22,unidirectional
40,62,unidirectional
13,42,unidirectional
6,15,unidirectional
59,58,unidirectional
25,36,unidirectional
32,10,unidirectional
12,51,unidirectional
67,39,unidirectional
43,20,unidirectional
64,82,unidirectional
20,32,unidirectional
49,56,unidirectional
96,88,unidirectional
4,15,unidirectional
62,66,unidirectional
79,96,unidirectional
57,43,unidirectional
34,55,unidirectional
60,91,unidirectional
85,45,unidirectional
28,35,unidirectional
39,79,unidirectional
64,33,unidirectional
30,11,unidirectional
44,74,unidirectional
58,75,unidirectional
81,63,unidirectional
84,70,unidirectional
87,99,unidirectional
36,22,unidirectional
2,0,unidirectional
59,88,unidirectional
25,66,unidirectional
15,10,unidirectional
18,39,unidirectional
32,40,unidirectional
43,12,unidirectional
60,42,unidirectional
89,66,unidirectional
45,16,unidirectional
66,78,unidirectional
92,73,unidirectional
58,26,unidirectional
24,4,unidirectional
38,67,unidirectional
4,45,unidirectional
55,69,unidirectional
61,55,unidirectional
70,20,unidirectional
23,13,unidirectional
40,43,unidirectional
68,45,unidirectional
59,39,unidirectional
85,75,unidirectional
12,32,unidirectional
47,33,unidirectional
64,63,unidirectional
20,13,unidirectional
98,85,unidirectional
77,73,unidirectional
2,30,unidirectional
45,17,unidirectional
17,6,unidirectional
34,36,unidirectional
43,42,unidirectional
60,72,unidirectional
69,37,unidirectional
28,16,unidirectional
86,67,unidirectional
89,96,unidirectional
22,30,unidirectional
64,14,unidirectional
85,76,unidirectional
44,55,unidirectional
7,4,unidirectional
58,56,unidirectional
63,51,unidirectional
70,50,unidirectional
23,43,unidirectional
13,15,unidirectional
16,44,unidirectional
20,14,unidirectional
65,46,unidirectional
68,75,unidirectional
74,95,unidirectional
91,41,unidirectional
81,85,unidirectional
49,29,unidirectional
66,59,unidirectional
76,62,unidirectional
2,22,unidirectional
53,74,unidirectional
79,69,unidirectional
38,48,unidirectional
4,26,unidirectional
45,47,unidirectional
96,99,unidirectional
32,62,unidirectional
17,36,unidirectional
34,66,unidirectional
43,72,unidirectional
89,88,unidirectional
11,16,unidirectional
98,66,unidirectional
24,26,unidirectional
44,85,unidirectional
70,80,unidirectional
13,45,unidirectional
23,73,unidirectional
25,39,unidirectional
84,72,unidirectional
77,45,unidirectional
43,23,unidirectional
83,81,unidirectional
49,59,unidirectional
66,89,unidirectional
15,12,unidirectional
22,11,unidirectional
2,52,unidirectional
4,18,unidirectional
28,47,unidirectional
38,78,unidirectional
79,99,unidirectional
71,63,unidirectional
64,36,unidirectional
23,15,unidirectional
47,44,unidirectional
58,78,unidirectional
24,56,unidirectional
2,3,unidirectional
53,55,unidirectional
32,43,unidirectional
90,60,unidirectional
26,23,unidirectional
43,53,unidirectional
38,79,unidirectional
77,75,unidirectional
89,69,unidirectional
49,89,unidirectional
5,11,unidirectional
58,29,unidirectional
24,7,unidirectional
89,86,unidirectional
57,76,unidirectional
85,78,unidirectional
25,20,unidirectional
48,27,unidirectional
70,52,unidirectional
1,20,unidirectional
64,66,unidirectional
23,45,unidirectional
30,44,unidirectional
83,62,unidirectional
36,55,unidirectional
2,33,unidirectional
53,85,unidirectional
62,50,unidirectional
15,43,unidirectional
32,73,unidirectional
34,39,unidirectional
28,19,unidirectional
35,18,unidirectional
45,49,unidirectional
89,99,unidirectional
54,14,unidirectional
44,58,unidirectional
58,59,unidirectional
24,37,unidirectional
70,53,unidirectional
84,54,unidirectional
87,83,unidirectional
23,46,unidirectional
68,78,unidirectional
94,73,unidirectional
26,4,unidirectional
47,66,unidirectional
3,16,unidirectional
64,96,unidirectional
66,62,unidirectional
83,92,unidirectional
62,80,unidirectional
72,83,unidirectional
90,82,unidirectional
22,13,unidirectional
17,39,unidirectional
43,75,unidirectional
68,29,unidirectional
48,8,unidirectional
75,56,unidirectional
28,49,unidirectional
88,66,unidirectional
54,44,unidirectional
47,17,unidirectional
64,47,unidirectional
98,69,unidirectional
7,37,unidirectional
51,62,unidirectional
58,89,unidirectional
63,84,unidirectional
67,54,unidirectional
70,83,unidirectional
77,57,unidirectional
57,98,unidirectional
42,72,unidirectional
65,79,unidirectional
15,24,unidirectional
33,23,unidirectional
43,26,unidirectional
34,20,unidirectional
22,14,unidirectional
76,95,unidirectional
41,10,unidirectional
21,51,unidirectional
52,20,unidirectional
55,83,unidirectional
23,27,unidirectional
68,59,unidirectional
94,54,unidirectional
88,96,unidirectional
98,99,unidirectional
64,77,unidirectional
66,43,unidirectional
51,92,unidirectional
67,84,unidirectional
2,6,unidirectional
19,36,unidirectional
77,87,unidirectional
96,83,unidirectional
73,33,unidirectional
43,56,unidirectional
52,21,unidirectional
11,0,unidirectional
62,52,unidirectional
88,47,unidirectional
22,44,unidirectional
54,25,unidirectional
75,87,unidirectional
24,10,unidirectional
41,40,unidirectional
57,79,unidirectional
25,23,unidirectional
65,60,unidirectional
68,89,unidirectional
67,26,unidirectional
1,23,unidirectional
33,4,unidirectional
84,56,unidirectional
64,69,unidirectional
94,84,unidirectional
47,77,unidirectional
46,14,unidirectional
66,73,unidirectional
62,53,unidirectional
21,32,unidirectional
15,46,unidirectional
73,63,unidirectional
99,58,unidirectional
0,20,unidirectional
26,56,unidirectional
86,73,unidirectional
52,51,unidirectional
11,30,unidirectional
5,44,unidirectional
81,50,unidirectional
47,28,unidirectional
61,91,unidirectional
88,77,unidirectional
41,70,unidirectional
87,86,unidirectional
95,67,unidirectional
25,53,unidirectional
16,4,unidirectional
67,56,unidirectional
26,7,unidirectional
77,59,unidirectional
52,2,unidirectional
66,65,unidirectional
83,95,unidirectional
46,44,unidirectional
39,17,unidirectional
90,94,unidirectional
22,25,unidirectional
4,32,unidirectional
21,62,unidirectional
62,83,unidirectional
56,63,unidirectional
0,50,unidirectional
25,4,unidirectional
85,62,unidirectional
1,4,unidirectional
54,47,unidirectional
64,50,unidirectional
20,0,unidirectional
81,80,unidirectional
84,87,unidirectional
62,34,unidirectional
15,27,unidirectional
73,44,unidirectional
0,1,unidirectional
26,37,unidirectional
86,54,unidirectional
52,32,unidirectional
66,95,unidirectional
39,47,unidirectional
5,25,unidirectional
92,90,unidirectional
61,72,unidirectional
24,21,unidirectional
87,67,unidirectional
40,60,unidirectional
75,89,unidirectional
65,33,unidirectional
31,11,unidirectional
85,92,unidirectional
67,37,unidirectional
60,10,unidirectional
88,99,unidirectional
3,0,unidirectional
20,30,unidirectional
66,46,unidirectional
83,76,unidirectional
46,25,unidirectional
19,39,unidirectional
45,34,unidirectional
4,13,unidirectional
62,64,unidirectional
97,65,unidirectional
56,44,unidirectional
34,53,unidirectional
11,3,unidirectional
35,32,unidirectional
86,84,unidirectional
85,93,unidirectional
41,43,unidirectional
44,72,unidirectional
67,38,unidirectional
93,74,unidirectional
13,32,unidirectional
20,31,unidirectional
30,0,unidirectional
40,90,unidirectional
65,63,unidirectional
94,87,unidirectional
49,46,unidirectional
66,76,unidirectional
29,25,unidirectional
39,28,unidirectional
60,90,unidirectional
19,69,unidirectional
92,71,unidirectional
79,86,unidirectional
45,64,unidirectional
4,43,unidirectional
62,94,unidirectional
73,66,unidirectional
8,4,unidirectional
11,33,unidirectional
71,50,unidirectional
37,28,unidirectional
30,1,unidirectional
24,43,unidirectional
41,73,unidirectional
66,27,unidirectional
9,17,unidirectional
67,68,unidirectional
20,61,unidirectional
25,56,unidirectional
65,93,unidirectional
33,37,unidirectional
43,40,unidirectional
30,80,unidirectional
46,47,unidirectional
75,71,unidirectional
85,74,unidirectional
41,24,unidirectional
7,2,unidirectional
35,4,unidirectional
73,96,unidirectional
65,44,unidirectional
52,84,unidirectional
71,80,unidirectional
20,3,unidirectional
30,31,unidirectional
81,83,unidirectional
49,27,unidirectional
29,6,unidirectional
43,41,unidirectional
2,20,unidirectional
60,71,unidirectional
79,67,unidirectional
56,17,unidirectional
32,60,unidirectional
0,4,unidirectional
86,57,unidirectional
45,36,unidirectional
11,14,unidirectional
52,35,unidirectional
46,77,unidirectional
69,65,unidirectional
5,28,unidirectional
37,9,unidirectional
71,31,unidirectional
68,74,unidirectional
97,67,unidirectional
41,54,unidirectional
18,4,unidirectional
76,55,unidirectional
56,96,unidirectional
25,37,unidirectional
48,44,unidirectional
50,10,unidirectional
64,83,unidirectional
20,33,unidirectional
30,61,unidirectional
46,28,unidirectional
49,57,unidirectional
43,71,unidirectional
62,67,unidirectional
79,97,unidirectional
56,47,unidirectional
73,77,unidirectional
75,43,unidirectional
82,42,unidirectional
28,36,unidirectional
45,66,unidirectional
52,65,unidirectional
86,87,unidirectional
54,31,unidirectional
71,61,unidirectional
30,12,unidirectional
41,46,unidirectional
7,24,unidirectional
24,54,unidirectional
58,76,unidirectional
84,71,unidirectional
65,66,unidirectional
31,44,unidirectional
94,90,unidirectional
50,40,unidirectional
57,39,unidirectional
60,43,unidirectional
26,21,unidirectional
3,33,unidirectional
66,79,unidirectional
29,28,unidirectional
46,58,unidirectional
5,9,unidirectional
92,74,unidirectional
24,5,unidirectional
45,67,unidirectional
56,77,unidirectional
75,73,unidirectional
48,25,unidirectional
69,87,unidirectional
88,83,unidirectional
54,61,unidirectional
47,34,unidirectional
55,15,unidirectional
65,96,unidirectional
90,50,unidirectional
56,28,unidirectional
33,40,unidirectional
50,70,unidirectional
60,73,unidirectional
69,38,unidirectional
28,17,unidirectional
35,16,unidirectional
49,79,unidirectional
86,68,unidirectional
22,31,unidirectional
7,5,unidirectional
58,57,unidirectional
65,47,unidirectional
31,25,unidirectional
68,76,unidirectional
94,71,unidirectional
50,21,unidirectional
71,83,unidirectional
30,34,unidirectional
47,64,unidirectional
3,14,unidirectional
29,9,unidirectional
60,74,unidirectional
45,48,unidirectional
73,50,unidirectional
90,80,unidirectional
56,58,unidirectional
97,79,unidirectional
26,43,unidirectional
43,73,unidirectional
18,16,unidirectional
69,68,unidirectional
22,61,unidirectional
47,15,unidirectional
54,42,unidirectional
24,27,unidirectional
7,35,unidirectional
50,22,unidirectional
70,81,unidirectional
76,58,unidirectional
95,54,unidirectional
3,15,unidirectional
61,32,unidirectional
48,47,unidirectional
14,25,unidirectional
65,77,unidirectional
74,42,unidirectional
1,40,unidirectional
33,21,unidirectional
43,24,unidirectional
91,72,unidirectional
3,44,unidirectional
69,19,unidirectional
90,81,unidirectional
22,12,unidirectional
75,55,unidirectional
28,48,unidirectional
73,80,unidirectional
17,67,unidirectional
8,18,unidirectional
69,98,unidirectional
54,34,unidirectional
71,64,unidirectional
88,94,unidirectional
84,74,unidirectional
50,52,unidirectional
95,84,unidirectional
48,77,unidirectional
74,72,unidirectional
26,24,unidirectional
77,76,unidirectional
69,49,unidirectional
5,12,unidirectional
22,42,unidirectional
75,85,unidirectional
28,78,unidirectional
82,75,unidirectional
48,28,unidirectional
14,6,unidirectional
1,21,unidirectional
54,64,unidirectional
71,94,unidirectional
64,67,unidirectional
27,16,unidirectional
88,86,unidirectional
7,57,unidirectional
33,52,unidirectional
2,34,unidirectional
78,84,unidirectional
73,61,unidirectional
26,54,unidirectional
22,34,unidirectional
54,15,unidirectional
80,51,unidirectional
7,8,unidirectional
24,38,unidirectional
93,61,unidirectional
84,55,unidirectional
95,65,unidirectional
48,58,unidirectional
94,74,unidirectional
16,2,unidirectional
1,51,unidirectional
54,94,unidirectional
47,67,unidirectional
3,17,unidirectional
27,46,unidirectional
74,53,unidirectional
55,48,unidirectional
46,42,unidirectional
36,86,unidirectional
62,81,unidirectional
90,83,unidirectional
53,32,unidirectional
75,57,unidirectional
6,25,unidirectional
11,20,unidirectional
32,20,unidirectional
35,49,unidirectional
1,2,unidirectional
37,15,unidirectional
54,45,unidirectional
88,67,unidirectional
41,60,unidirectional
7,38,unidirectional
9,4,unidirectional
67,55,unidirectional
70,84,unidirectional
84,85,unidirectional
93,91,unidirectional
78,65,unidirectional
14,28,unidirectional
33,24,unidirectional
50,54,unidirectional
59,19,unidirectional
47,97,unidirectional
22,15,unidirectional
39,45,unidirectional
75,58,unidirectional
73,83,unidirectional
36,32,unidirectional
99,78,unidirectional
11,50,unidirectional
18,49,unidirectional
94,55,unidirectional
34,16,unidirectional
37,45,unidirectional
47,48,unidirectional
54,75,unidirectional
88,97,unidirectional
50,55,unidirectional
67,85,unidirectional
77,88,unidirectional
95,87,unidirectional
27,18,unidirectional
63,31,unidirectional
73,34,unidirectional
53,13,unidirectional
16,24,unidirectional
33,54,unidirectional
26,27,unidirectional
43,57,unidirectional
59,49,unidirectional
52,22,unidirectional
11,1,unidirectional
46,64,unidirectional
12,42,unidirectional
5,15,unidirectional
22,45,unidirectional
75,88,unidirectional
88,48,unidirectional
93,72,unidirectional
65,61,unidirectional
1,24,unidirectional
33,5,unidirectional
27,19,unidirectional
47,78,unidirectional
46,15,unidirectional
57,25,unidirectional
45,62,unidirectional
63,61,unidirectional
56,34,unidirectional
73,64,unidirectional
36,13,unidirectional
80,63,unidirectional
99,59,unidirectional
26,57,unidirectional
11,31,unidirectional
5,45,unidirectional
37,26,unidirectional
65,62,unidirectional
24,41,unidirectional
76,72,unidirectional
9,15,unidirectional
78,38,unidirectional
44,16,unidirectional
16,5,unidirectional
33,35,unidirectional
26,8,unidirectional
67,57,unidirectional
74,56,unidirectional
27,49,unidirectional
29,15,unidirectional
46,45,unidirectional
12,23,unidirectional
90,95,unidirectional
11,32,unidirectional
53,35,unidirectional
56,64,unidirectional
73,94,unidirectional
38,9,unidirectional
99,89,unidirectional
35,52,unidirectional
52,82,unidirectional
1,5,unidirectional
54,48,unidirectional
20,1,unidirectional
72,32,unidirectional
84,88,unidirectional
78,68,unidirectional
95,98,unidirectional
51,20,unidirectional
31,61,unidirectional
56,15,unidirectional
63,42,unidirectional
57,56,unidirectional
16,35,unidirectional
67,87,unidirectional
42,30,unidirectional
35,3,unidirectional
52,33,unidirectional
73,95,unidirectional
86,55,unidirectional
46,75,unidirectional
39,48,unidirectional
5,26,unidirectional
92,91,unidirectional
45,84,unidirectional
76,53,unidirectional
53,65,unidirectional
31,12,unidirectional
57,7,unidirectional
37,48,unidirectional
3,1,unidirectional
10,0,unidirectional
64,81,unidirectional
55,32,unidirectional
46,26,unidirectional
9,37,unidirectional
67,88,unidirectional
72,62,unidirectional
78,98,unidirectional
97,66,unidirectional
56,45,unidirectional
43,60,unidirectional
6,9,unidirectional
69,55,unidirectional
28,34,unidirectional
32,4,unidirectional
35,33,unidirectional
86,85,unidirectional
77,36,unidirectional
39,78,unidirectional
93,75,unidirectional
78,49,unidirectional
51,1,unidirectional
14,12,unidirectional
31,42,unidirectional
65,64,unidirectional
72,63,unidirectional
94,88,unidirectional
57,37,unidirectional
37,78,unidirectional
3,31,unidirectional
10,30,unidirectional
29,26,unidirectional
92,72,unidirectional
42,2,unidirectional
45,65,unidirectional
73,67,unidirectional
36,16,unidirectional
53,46,unidirectional
97,96,unidirectional
82,70,unidirectional
52,55,unidirectional
8,5,unidirectional
11,34,unidirectional
35,63,unidirectional
37,29,unidirectional
76,75,unidirectional
9,18,unidirectional
67,69,unidirectional
3,32,unidirectional
14,42,unidirectional
65,94,unidirectional
72,93,unidirectional
16,8,unidirectional
33,38,unidirectional
42,3,unidirectional
46,48,unidirectional
12,26,unidirectional
49,77,unidirectional
75,72,unidirectional
98,79,unidirectional
83,53,unidirectional
45,95,unidirectional
35,5,unidirectional
56,67,unidirectional
63,94,unidirectional
76,26,unidirectional
65,45,unidirectional
54,51,unidirectional
71,81,unidirectional
34,30,unidirectional
37,59,unidirectional
24,74,unidirectional
9,48,unidirectional
67,99,unidirectional
44,49,unidirectional
51,23,unidirectional
10,2,unidirectional
63,45,unidirectional
16,38,unidirectional
42,33,unidirectional
46,78,unidirectional
97,68,unidirectional
18,5,unidirectional
76,56,unidirectional
56,97,unidirectional
61,30,unidirectional
82,92,unidirectional
96,93,unidirectional
48,45,unidirectional
14,23,unidirectional
35,85,unidirectional
10,3,unidirectional
30,62,unidirectional
20,34,unidirectional
27,33,unidirectional
46,29,unidirectional
72,65,unidirectional
51,53,unidirectional
10,32,unidirectional
63,75,unidirectional
56,48,unidirectional
57,89,unidirectional
82,43,unidirectional
6,12,unidirectional
35,36,unidirectional
52,66,unidirectional
8,16,unidirectional
86,88,unidirectional
54,32,unidirectional
97,98,unidirectional
34,11,unidirectional
7,25,unidirectional
24,55,unidirectional
15,6,unidirectional
18,35,unidirectional
61,22,unidirectional
76,86,unidirectional
44,30,unidirectional
95,82,unidirectional
21,42,unidirectional
31,45,unidirectional
91,62,unidirectional
50,41,unidirectional
16,19,unidirectional
74,70,unidirectional
10,33,unidirectional
42,14,unidirectional
55,65,unidirectional
46,59,unidirectional
87,46,unidirectional
81,60,unidirectional
76,37,unidirectional
97,99,unidirectional
56,78,unidirectional
75,74,unidirectional
82,73,unidirectional
96,74,unidirectional
18,36,unidirectional
32,37,unidirectional
35,66,unidirectional
69,88,unidirectional
37,32,unidirectional
54,62,unidirectional
27,14,unidirectional
45,13,unidirectional
48,76,unidirectional
55,16,unidirectional
61,52,unidirectional
51,34,unidirectional
14,45,unidirectional
87,47,unidirectional
33,41,unidirectional
50,71,unidirectional
91,92,unidirectional
59,36,unidirectional
25,14,unidirectional
85,72,unidirectional
35,17,unidirectional
29,59,unidirectional
7,6,unidirectional
36,49,unidirectional
99,95,unidirectional
21,23,unidirectional
8,38,unidirectional
34,33,unidirectional
10,14,unidirectional
55,46,unidirectional
50,72,unidirectional
81,41,unidirectional
58,53,unidirectional
61,82,unidirectional
87,77,unidirectional
80,50,unidirectional
53,30,unidirectional
74,92,unidirectional
40,70,unidirectional
43,74,unidirectional
6,23,unidirectional
59,66,unidirectional
18,17,unidirectional
35,47,unidirectional
60,20,unidirectional
22,62,unidirectional
96,46,unidirectional
76,59,unidirectional
39,8,unidirectional
67,53,unidirectional
44,3,unidirectional
61,33,unidirectional
95,55,unidirectional
38,45,unidirectional
55,47,unidirectional
14,26,unidirectional
65,78,unidirectional
72,77,unidirectional
74,43,unidirectional
1,41,unidirectional
33,22,unidirectional
40,21,unidirectional
34,63,unidirectional
27,36,unidirectional
54,84,unidirectional
85,53,unidirectional
91,73,unidirectional
12,10,unidirectional
64,41,unidirectional
51,56,unidirectional
73,81,unidirectional
99,76,unidirectional
21,4,unidirectional
35,39,unidirectional
8,19,unidirectional
18,47,unidirectional
69,99,unidirectional
71,65,unidirectional
34,14,unidirectional
37,43,unidirectional
50,53,unidirectional
76,89,unidirectional
78,55,unidirectional
44,33,unidirectional
61,63,unidirectional
95,85,unidirectional
48,78,unidirectional
55,77,unidirectional
16,22,unidirectional
23,21,unidirectional
74,73,unidirectional
27,66,unidirectional
59,47,unidirectional
12,40,unidirectional
75,86,unidirectional
98,93,unidirectional
66,37,unidirectional
25,16,unidirectional
53,52,unidirectional
82,76,unidirectional
6,45,unidirectional
38,26,unidirectional
48,29,unidirectional
96,77,unidirectional
8,49,unidirectional
1,22,unidirectional
54,65,unidirectional
17,14,unidirectional
34,44,unidirectional
27,17,unidirectional
74,24,unidirectional
33,53,unidirectional
78,85,unidirectional
44,63,unidirectional
85,84,unidirectional
53,3,unidirectional
91,95,unidirectional
13,23,unidirectional
25,17,unidirectional
42,47,unidirectional
52,50,unidirectional
80,52,unidirectional
81,93,unidirectional
49,37,unidirectional
18,19,unidirectional
53,82,unidirectional
44,14,unidirectional
21,26,unidirectional
38,56,unidirectional
72,50,unidirectional
79,77,unidirectional
16,3,unidirectional
37,65,unidirectional
54,95,unidirectional
74,54,unidirectional
27,47,unidirectional
63,60,unidirectional
55,49,unidirectional
33,83,unidirectional
40,23,unidirectional
97,83,unidirectional
53,33,unidirectional
56,62,unidirectional
6,26,unidirectional
38,7,unidirectional
25,47,unidirectional
59,69,unidirectional
32,21,unidirectional
12,62,unidirectional
54,46,unidirectional
80,82,unidirectional
7,39,unidirectional
93,92,unidirectional
84,86,unidirectional
78,66,unidirectional
72,80,unidirectional
33,25,unidirectional
57,54,unidirectional
13,4,unidirectional
85,56,unidirectional
12,13,unidirectional
70,30,unidirectional
64,44,unidirectional
81,74,unidirectional
49,18,unidirectional
80,83,unidirectional
36,33,unidirectional
2,11,unidirectional
53,63,unidirectional
79,58,unidirectional
6,56,unidirectional
59,99,unidirectional
72,31,unidirectional
11,51,unidirectional
15,21,unidirectional
32,51,unidirectional
82,87,unidirectional
34,17,unidirectional
37,46,unidirectional
60,53,unidirectional
89,77,unidirectional
41,91,unidirectional
67,86,unidirectional
44,36,unidirectional
58,37,unidirectional
61,66,unidirectional
95,88,unidirectional
63,32,unidirectional
53,14,unidirectional
16,25,unidirectional
33,55,unidirectional
40,54,unidirectional
74,76,unidirectional
6,7,unidirectional
42,20,unidirectional
25,28,unidirectional
68,56,unidirectional
85,86,unidirectional
12,43,unidirectional
98,96,unidirectional
83,70,unidirectional
93,73,unidirectional
38,29,unidirectional
4,7,unidirectional
14,10,unidirectional
72,61,unidirectional
34,47,unidirectional
37,76,unidirectional
57,26,unidirectional
64,25,unidirectional
44,66,unidirectional
78,88,unidirectional
51,40,unidirectional
63,62,unidirectional
70,61,unidirectional
36,14,unidirectional
97,94,unidirectional
23,54,unidirectional
13,26,unidirectional
16,55,unidirectional
42,50,unidirectional
52,53,unidirectional
8,3,unidirectional
43,4,unidirectional
5,46,unidirectional
89,58,unidirectional
76,73,unidirectional
32,23,unidirectional
58,18,unidirectional
38,59,unidirectional
45,58,unidirectional
55,61,unidirectional
63,13,unidirectional
16,6,unidirectional
74,57,unidirectional
17,47,unidirectional
10,20,unidirectional
42,1,unidirectional
68,37,unidirectional
85,67,unidirectional
12,24,unidirectional
47,25,unidirectional
98,77,unidirectional
51,70,unidirectional
83,51,unidirectional
63,92,unidirectional
53,36,unidirectional
19,14,unidirectional
36,44,unidirectional
80,94,unidirectional
82,60,unidirectional
6,29,unidirectional
32,24,unidirectional
35,53,unidirectional
52,83,unidirectional
43,34,unidirectional
34,28,unidirectional
62,30,unidirectional
72,33,unidirectional
93,95,unidirectional
15,23,unidirectional
78,69,unidirectional
44,47,unidirectional
51,21,unidirectional
31,62,unidirectional
63,43,unidirectional
13,7,unidirectional
16,36,unidirectional
74,87,unidirectional
10,50,unidirectional
42,31,unidirectional
29,46,unidirectional
46,76,unidirectional
84,34,unidirectional
83,43,unidirectional
2,14,unidirectional
53,66,unidirectional
56,95,unidirectional
21,10,unidirectional
82,90,unidirectional
96,91,unidirectional
32,54,unidirectional
77,86,unidirectional
17,28,unidirectional
10,1,unidirectional
68,18,unidirectional
55,33,unidirectional
16,37,unidirectional
47,6,unidirectional
24,18,unidirectional
78,99,unidirectional
87,64,unidirectional
57,87,unidirectional
82,41,unidirectional
25,31,unidirectional
42,61,unidirectional
35,34,unidirectional
70,63,unidirectional
77,37,unidirectional
83,73,unidirectional
93,76,unidirectional
15,4,unidirectional
36,66,unidirectional
61,20,unidirectional
4,10,unidirectional
21,40,unidirectional
14,13,unidirectional
31,43,unidirectional
62,61,unidirectional
72,64,unidirectional
57,38,unidirectional
10,31,unidirectional
29,27,unidirectional
55,63,unidirectional
51,43,unidirectional
87,94,unidirectional
36,17,unidirectional
53,47,unidirectional
62,12,unidirectional
42,53,unidirectional
8,6,unidirectional
15,5,unidirectional
32,35,unidirectional
77,67,unidirectional
39,25,unidirectional
61,50,unidirectional
62,91,unidirectional
55,64,unidirectional
14,43,unidirectional
65,95,unidirectional
72,94,unidirectional
91,90,unidirectional
57,68,unidirectional
25,12,unidirectional
64,58,unidirectional
23,37,unidirectional
51,73,unidirectional
83,54,unidirectional
19,17,unidirectional
36,47,unidirectional
77,68,unidirectional
96,64,unidirectional
62,42,unidirectional
42,83,unidirectional
8,36,unidirectional
15,35,unidirectional
43,37,unidirectional
34,31,unidirectional
41,21,unidirectional
44,50,unidirectional
61,80,unidirectional
63,46,unidirectional
55,94,unidirectional
87,75,unidirectional
13,10,unidirectional
16,39,unidirectional
42,34,unidirectional
94,65,unidirectional
47,58,unidirectional
66,54,unidirectional
83,84,unidirectional
76,57,unidirectional
19,47,unidirectional
36,77,unidirectional
77,98,unidirectional
21,13,unidirectional
45,42,unidirectional
4,21,unidirectional
82,93,unidirectional
96,94,unidirectional
27,34,unidirectional
88,58,unidirectional
81,31,unidirectional
40,10,unidirectional
41,51,unidirectional
51,54,unidirectional
63,76,unidirectional
70,75,unidirectional
25,34,unidirectional
42,64,unidirectional
29,79,unidirectional
66,84,unidirectional
15,7,unidirectional
76,87,unidirectional
41,2,unidirectional
44,31,unidirectional
21,43,unidirectional
74,71,unidirectional
0,31,unidirectional
63,77,unidirectional
23,10,unidirectional
47,39,unidirectional
81,61,unidirectional
66,35,unidirectional
87,97,unidirectional
53,50,unidirectional
19,28,unidirectional
56,79,unidirectional
82,74,unidirectional
96,75,unidirectional
25,64,unidirectional
35,67,unidirectional
60,40,unidirectional
26,18,unidirectional
17,12,unidirectional
45,14,unidirectional
52,13,unidirectional
62,44,unidirectional
5,6,unidirectional
15,37,unidirectional
61,53,unidirectional
24,2,unidirectional
41,32,unidirectional
87,48,unidirectional
14,46,unidirectional
40,41,unidirectional
13,21,unidirectional
85,73,unidirectional
25,15,unidirectional
64,61,unidirectional
20,11,unidirectional
23,40,unidirectional
81,91,unidirectional
46,6,unidirectional
49,35,unidirectional
62,45,unidirectional
21,24,unidirectional
79,75,unidirectional
56,25,unidirectional
8,39,unidirectional
15,38,unidirectional
60,70,unidirectional
0,12,unidirectional
92,51,unidirectional
10,15,unidirectional
28,14,unidirectional
45,44,unidirectional
86,65,unidirectional
39,58,unidirectional
81,42,unidirectional
44,53,unidirectional
58,54,unidirectional
61,83,unidirectional
87,78,unidirectional
74,93,unidirectional
33,72,unidirectional
40,71,unidirectional
6,24,unidirectional
59,67,unidirectional
25,45,unidirectional
60,21,unidirectional
3,11,unidirectional
66,57,unidirectional
83,87,unidirectional
39,9,unidirectional
93,90,unidirectional
38,46,unidirectional
4,24,unidirectional
62,75,unidirectional
14,27,unidirectional
96,97,unidirectional
40,22,unidirectional
17,34,unidirectional
34,64,unidirectional
85,54,unidirectional
64,42,unidirectional
44,83,unidirectional
80,81,unidirectional
36,31,unidirectional
13,43,unidirectional
56,6,unidirectional
15,19,unidirectional
18,48,unidirectional
94,98,unidirectional
43,21,unidirectional
34,15,unidirectional
60,51,unidirectional
79,47,unidirectional
86,46,unidirectional
66,87,unidirectional
89,75,unidirectional
92,82,unidirectional
85,55,unidirectional
44,34,unidirectional
58,35,unidirectional
45,75,unidirectional
4,54,unidirectional
55,78,unidirectional
23,22,unidirectional
40,52,unidirectional
65,25,unidirectional
27,67,unidirectional
68,54,unidirectional
81,64,unidirectional
47,42,unidirectional
64,72,unidirectional
98,94,unidirectional
49,8,unidirectional
66,38,unidirectional
9,28,unidirectional
2,1,unidirectional
79,48,unidirectional
38,27,unidirectional
4,5,unidirectional
96,78,unidirectional
32,41,unidirectional
17,15,unidirectional
34,45,unidirectional
43,51,unidirectional
89,67,unidirectional
69,46,unidirectional
78,86,unidirectional
41,35,unidirectional
0,14,unidirectional
44,64,unidirectional
58,65,unidirectional
57,74,unidirectional
13,24,unidirectional
23,52,unidirectional
25,18,unidirectional
43,2,unidirectional
30,42,unidirectional
81,94,unidirectional
83,60,unidirectional
49,38,unidirectional
66,68,unidirectional
36,53,unidirectional
2,31,unidirectional
53,83,unidirectional
60,82,unidirectional
28,26,unidirectional
38,57,unidirectional
79,78,unidirectional
32,71,unidirectional
17,45,unidirectional
89,97,unidirectional
55,50,unidirectional
71,42,unidirectional
24,35,unidirectional
44,94,unidirectional
13,54,unidirectional
6,27,unidirectional
79,29,unidirectional
25,48,unidirectional
32,22,unidirectional
77,54,unidirectional
43,32,unidirectional
38,58,unidirectional
64,94,unidirectional
89,48,unidirectional
83,90,unidirectional
46,39,unidirectional
49,68,unidirectional
22,20,unidirectional
4,27,unidirectional
57,55,unidirectional
75,54,unidirectional
92,84,unidirectional
85,57,unidirectional
63,91,unidirectional
45,77,unidirectional
70,31,unidirectional
86,98,unidirectional
64,45,unidirectional
23,24,unidirectional
30,23,unidirectional
58,87,unidirectional
81,75,unidirectional
49,19,unidirectional
84,82,unidirectional
36,34,unidirectional
2,12,unidirectional
53,64,unidirectional
79,59,unidirectional
42,70,unidirectional
15,22,unidirectional
32,52,unidirectional
50,51,unidirectional
60,54,unidirectional
26,32,unidirectional
77,84,unidirectional
38,88,unidirectional
89,78,unidirectional
45,28,unidirectional
58,38,unidirectional
24,16,unidirectional
23,25,unidirectional
68,57,unidirectional
85,87,unidirectional
25,29,unidirectional
12,44,unidirectional
47,45,unidirectional
64,75,unidirectional
20,25,unidirectional
98,97,unidirectional
51,90,unidirectional
83,71,unidirectional
77,85,unidirectional
36,64,unidirectional
2,42,unidirectional
4,8,unidirectional
79,89,unidirectional
90,61,unidirectional
56,39,unidirectional
32,82,unidirectional
17,18,unidirectional
34,48,unidirectional
43,54,unidirectional
75,35,unidirectional
86,79,unidirectional
54,23,unidirectional
44,67,unidirectional
7,16,unidirectional
58,68,unidirectional
70,62,unidirectional
84,63,unidirectional
36,15,unidirectional
13,27,unidirectional
16,56,unidirectional
23,55,unidirectional
42,51,unidirectional
65,58,unidirectional
68,87,unidirectional
33,2,unidirectional
50,32,unidirectional
94,82,unidirectional
47,75,unidirectional
3,25,unidirectional
58,19,unidirectional
45,59,unidirectional
55,62,unidirectional
90,91,unidirectional
23,6,unidirectional
17,48,unidirectional
43,84,unidirectional
68,38,unidirectional
69,79,unidirectional
37,23,unidirectional
22,72,unidirectional
47,26,unidirectional
64,56,unidirectional
88,75,unidirectional
98,78,unidirectional
58,98,unidirectional
51,71,unidirectional
63,93,unidirectional
67,63,unidirectional
19,15,unidirectional
70,92,unidirectional
42,81,unidirectional
26,5,unidirectional
43,35,unidirectional
62,31,unidirectional
28,9,unidirectional
83,93,unidirectional
22,23,unidirectional
54,4,unidirectional
75,66,unidirectional
92,96,unidirectional
44,48,unidirectional
21,60,unidirectional
73,91,unidirectional
23,36,unidirectional
48,9,unidirectional
42,32,unidirectional
94,63,unidirectional
71,75,unidirectional
47,56,unidirectional
66,52,unidirectional
2,15,unidirectional
53,67,unidirectional
21,11,unidirectional
96,92,unidirectional
73,42,unidirectional
32,55,unidirectional
90,72,unidirectional
26,35,unidirectional
17,29,unidirectional
43,65,unidirectional
45,31,unidirectional
52,30,unidirectional
5,23,unidirectional
15,54,unidirectional
22,53,unidirectional
47,7,unidirectional
68,69,unidirectional
75,96,unidirectional
85,99,unidirectional
88,56,unidirectional
57,88,unidirectional
25,32,unidirectional
48,39,unidirectional
67,35,unidirectional
1,32,unidirectional
70,64,unidirectional
74,34,unidirectional
64,78,unidirectional
77,38,unidirectional
84,65,unidirectional
83,74,unidirectional
46,23,unidirectional
22,4,unidirectional
36,67,unidirectional
43,66,unidirectional
4,11,unidirectional
21,41,unidirectional
56,42,unidirectional
15,55,unidirectional
73,72,unidirectional
26,65,unidirectional
86,82,unidirectional
54,26,unidirectional
7,19,unidirectional
68,99,unidirectional
84,66,unidirectional
87,95,unidirectional
78,46,unidirectional
73,23,unidirectional
32,36,unidirectional
94,85,unidirectional
67,65,unidirectional
26,16,unidirectional
52,11,unidirectional
66,74,unidirectional
39,26,unidirectional
5,4,unidirectional
62,92,unidirectional
21,71,unidirectional
72,95,unidirectional
75,68,unidirectional
85,71,unidirectional
1,13,unidirectional
54,56,unidirectional
47,29,unidirectional
88,78,unidirectional
41,71,unidirectional
83,55,unidirectional
84,96,unidirectional
77,69,unidirectional
36,48,unidirectional
62,43,unidirectional
15,36,unidirectional
34,32,unidirectional
26,46,unidirectional
86,63,unidirectional
22,26,unidirectional
39,56,unidirectional
41,22,unidirectional
24,30,unidirectional
67,17,unidirectional
55,95,unidirectional
93,53,unidirectional
20,10,unidirectional
65,42,unidirectional
31,20,unidirectional
11,61,unidirectional
94,66,unidirectional
37,56,unidirectional
47,59,unidirectional
66,55,unidirectional
39,7,unidirectional
67,96,unidirectional
19,48,unidirectional
77,99,unidirectional
38,44,unidirectional
4,22,unidirectional
45,43,unidirectional
62,73,unidirectional
73,45,unidirectional
96,95,unidirectional
97,74,unidirectional
26,38,unidirectional
11,12,unidirectional
86,93,unidirectional
37,7,unidirectional
54,37,unidirectional
88,59,unidirectional
24,22,unidirectional
41,52,unidirectional
13,41,unidirectional
20,40,unidirectional
42,65,unidirectional
65,72,unidirectional
33,16,unidirectional
94,96,unidirectional
49,55,unidirectional
12,4,unidirectional
66,85,unidirectional
15,8,unidirectional
21,44,unidirectional
45,73,unidirectional
55,76,unidirectional
73,75,unidirectional
0,32,unidirectional
52,63,unidirectional
11,42,unidirectional
88,89,unidirectional
30,10,unidirectional
81,62,unidirectional
24,52,unidirectional
41,82,unidirectional
87,98,unidirectional
9,26,unidirectional
20,70,unidirectional
63,23,unidirectional
25,65,unidirectional
84,98,unidirectional
26,19,unidirectional
86,36,unidirectional
45,15,unidirectional
46,56,unidirectional
39,29,unidirectional
5,7,unidirectional
24,3,unidirectional
41,33,unidirectional
4,44,unidirectional
35,13,unidirectional
56,75,unidirectional
34,84,unidirectional
65,53,unidirectional
54,59,unidirectional
64,62,unidirectional
20,12,unidirectional
23,41,unidirectional
30,40,unidirectional
81,92,unidirectional
46,7,unidirectional
49,36,unidirectional
21,25,unidirectional
79,76,unidirectional
56,26,unidirectional
73,56,unidirectional
92,52,unidirectional
0,13,unidirectional
26,49,unidirectional
28,15,unidirectional
35,14,unidirectional
52,44,unidirectional
86,66,unidirectional
89,95,unidirectional
39,59,unidirectional
5,37,unidirectional
71,40,unidirectional
7,3,unidirectional
24,33,unidirectional
58,55,unidirectional
87,79,unidirectional
40,72,unidirectional
31,23,unidirectional
57,18,unidirectional
67,49,unidirectional
3,12,unidirectional
20,42,unidirectional
30,70,unidirectional
64,92,unidirectional
29,7,unidirectional
46,37,unidirectional
49,66,unidirectional
83,88,unidirectional
92,53,unidirectional
45,46,unidirectional
4,25,unidirectional
62,76,unidirectional
75,52,unidirectional
34,65,unidirectional
82,51,unidirectional
11,15,unidirectional
28,45,unidirectional
35,44,unidirectional
69,66,unidirectional
86,96,unidirectional
54,40,unidirectional
39,89,unidirectional
64,43,unidirectional
71,70,unidirectional
41,55,unidirectional
44,84,unidirectional
24,63,unidirectional
93,86,unidirectional
84,80,unidirectional
20,43,unidirectional
65,75,unidirectional
91,70,unidirectional
94,99,unidirectional
43,22,unidirectional
60,52,unidirectional
3,42,unidirectional
86,47,unidirectional
49,58,unidirectional
66,88,unidirectional
29,37,unidirectional
22,10,unidirectional
92,83,unidirectional
58,36,unidirectional
38,77,unidirectional
45,76,unidirectional
73,78,unidirectional
75,82,unidirectional
65,26,unidirectional
68,55,unidirectional
50,0,unidirectional
71,62,unidirectional
47,43,unidirectional
98,95,unidirectional
9,29,unidirectional
77,83,unidirectional
45,27,unidirectional
27,13,unidirectional
97,58,unidirectional
56,37,unidirectional
26,22,unidirectional
43,52,unidirectional
6,1,unidirectional
69,47,unidirectional
86,77,unidirectional
49,88,unidirectional
22,40,unidirectional
75,83,unidirectional
7,14,unidirectional
70,60,unidirectional
52,46,unidirectional
61,11,unidirectional
13,25,unidirectional
20,24,unidirectional
23,53,unidirectional
48,26,unidirectional
14,4,unidirectional
65,56,unidirectional
68,85,unidirectional
84,52,unidirectional
91,51,unidirectional
43,3,unidirectional
71,92,unidirectional
30,43,unidirectional
81,95,unidirectional
3,23,unidirectional
94,80,unidirectional
49,39,unidirectional
66,69,unidirectional
29,18,unidirectional
9,59,unidirectional
2,32,unidirectional
60,83,unidirectional
28,27,unidirectional
10,13,unidirectional
45,57,unidirectional
63,56,unidirectional
17,46,unidirectional
43,82,unidirectional
86,69,unidirectional
69,77,unidirectional
54,13,unidirectional
71,43,unidirectional
68,86,unidirectional
24,36,unidirectional
76,67,unidirectional
95,63,unidirectional
3,24,unidirectional
48,56,unidirectional
65,86,unidirectional
74,51,unidirectional
33,30,unidirectional
26,3,unidirectional
64,95,unidirectional
27,44,unidirectional
69,28,unidirectional
49,69,unidirectional
22,21,unidirectional
43,83,unidirectional
28,57,unidirectional
56,59,unidirectional
82,54,unidirectional
92,85,unidirectional
48,7,unidirectional
86,99,unidirectional
1,0,unidirectional
54,43,unidirectional
71,73,unidirectional
30,24,unidirectional
7,36,unidirectional
58,88,unidirectional
65,87,unidirectional
84,83,unidirectional
2,13,unidirectional
32,53,unidirectional
26,33,unidirectional
49,99,unidirectional
80,30,unidirectional
92,86,unidirectional
24,17,unidirectional
76,48,unidirectional
82,84,unidirectional
85,88,unidirectional
48,37,unidirectional
1,30,unidirectional
54,73,unidirectional
88,95,unidirectional
64,76,unidirectional
27,25,unidirectional
55,27,unidirectional
62,60,unidirectional
90,62,unidirectional
50,82,unidirectional
43,55,unidirectional
6,4,unidirectional
75,36,unidirectional
28,29,unidirectional
35,28,unidirectional
22,43,unidirectional
54,24,unidirectional
80,60,unidirectional
7,17,unidirectional
58,69,unidirectional
93,70,unidirectional
84,64,unidirectional
14,7,unidirectional
65,59,unidirectional
68,88,unidirectional
33,3,unidirectional
50,33,unidirectional
94,83,unidirectional
47,76,unidirectional
3,26,unidirectional
66,72,unidirectional
62,90,unidirectional
73,62,unidirectional
90,92,unidirectional
26,55,unidirectional
82,65,unidirectional
18,28,unidirectional
28,59,unidirectional
35,58,unidirectional
37,24,unidirectional
88,76,unidirectional
7,47,unidirectional
67,64,unidirectional
70,93,unidirectional
84,94,unidirectional
95,66,unidirectional
61,44,unidirectional
48,59,unidirectional
14,37,unidirectional
42,82,unidirectional
40,32,unidirectional
50,63,unidirectional
43,36,unidirectional
91,84,unidirectional
59,28,unidirectional
46,43,unidirectional
12,21,unidirectional
22,24,unidirectional
75,67,unidirectional
92,97,unidirectional
73,92,unidirectional
99,87,unidirectional
52,80,unidirectional
1,3,unidirectional
94,64,unidirectional
71,76,unidirectional
34,25,unidirectional
37,54,unidirectional
47,57,unidirectional
50,64,unidirectional
95,96,unidirectional
63,40,unidirectional
48,89,unidirectional
73,43,unidirectional
16,33,unidirectional
33,63,unidirectional
26,36,unidirectional
74,84,unidirectional
27,77,unidirectional
52,31,unidirectional
11,10,unidirectional
5,24,unidirectional
22,54,unidirectional
37,5,unidirectional
75,97,unidirectional
24,20,unidirectional
32,1,unidirectional
35,30,unidirectional
93,81,unidirectional
38,37,unidirectional
31,10,unidirectional
14,18,unidirectional
67,36,unidirectional
1,33,unidirectional
33,14,unidirectional
54,76,unidirectional
74,35,unidirectional
27,28,unidirectional
59,9,unidirectional
46,24,unidirectional
12,2,unidirectional
72,60,unidirectional
78,96,unidirectional
56,43,unidirectional
99,68,unidirectional
0,30,unidirectional
26,66,unidirectional
35,31,unidirectional
52,61,unidirectional
86,83,unidirectional
97,93,unidirectional
34,6,unidirectional
37,35,unidirectional
84,67,unidirectional
78,47,unidirectional
44,25,unidirectional
95,77,unidirectional
31,40,unidirectional
94,86,unidirectional
57,35,unidirectional
16,14,unidirectional
67,66,unidirectional
26,17,unidirectional
47,79,unidirectional
74,65,unidirectional
27,58,unidirectional
52,12,unidirectional
73,74,unidirectional
29,24,unidirectional
46,54,unidirectional
23,4,unidirectional
62,93,unidirectional
53,44,unidirectional
56,73,unidirectional
75,69,unidirectional
6,37,unidirectional
38,18,unidirectional
79,39,unidirectional
99,98,unidirectional
52,91,unidirectional
1,14,unidirectional
37,27,unidirectional
54,57,unidirectional
80,93,unidirectional
27,9,unidirectional
41,72,unidirectional
88,79,unidirectional
46,5,unidirectional
72,41,unidirectional
84,97,unidirectional
20,60,unidirectional
78,77,unidirectional
31,70,unidirectional
56,24,unidirectional
33,36,unidirectional
57,65,unidirectional
35,12,unidirectional
86,64,unidirectional
39,57,unidirectional
5,35,unidirectional
93,54,unidirectional
78,28,unidirectional
65,43,unidirectional
31,21,unidirectional
72,42,unidirectional
37,57,unidirectional
3,10,unidirectional
27,39,unidirectional
55,41,unidirectional
67,97,unidirectional
95,99,unidirectional
97,75,unidirectional
53,25,unidirectional
56,54,unidirectional
6,18,unidirectional
52,34,unidirectional
11,13,unidirectional
35,42,unidirectional
69,64,unidirectional
5,27,unidirectional
37,8,unidirectional
89,39,unidirectional
41,53,unidirectional
76,54,unidirectional
67,48,unidirectional
93,84,unidirectional
20,41,unidirectional
78,58,unidirectional
48,43,unidirectional
14,21,unidirectional
31,51,unidirectional
65,73,unidirectional
94,97,unidirectional
37,87,unidirectional
30,60,unidirectional
46,27,unidirectional
12,5,unidirectional
29,35,unidirectional
98,58,unidirectional
92,81,unidirectional
42,11,unidirectional
45,74,unidirectional
56,46,unidirectional
63,73,unidirectional
36,25,unidirectional
73,76,unidirectional
16,66,unidirectional
65,24,unidirectional
52,64,unidirectional
8,14,unidirectional
11,43,unidirectional
71,60,unidirectional
37,38,unidirectional
24,53,unidirectional
76,84,unidirectional
9,27,unidirectional
67,78,unidirectional
63,24,unidirectional
55,72,unidirectional
16,17,unidirectional
33,47,unidirectional
74,68,unidirectional
42,12,unidirectional
46,57,unidirectional
12,35,unidirectional
5,8,unidirectional
97,47,unidirectional
75,81,unidirectional
98,88,unidirectional
51,81,unidirectional
76,35,unidirectional
93,65,unidirectional
56,76,unidirectional
19,25,unidirectional
82,71,unidirectional
14,2,unidirectional
35,64,unidirectional
54,60,unidirectional
17,9,unidirectional
37,68,unidirectional
30,41,unidirectional
71,90,unidirectional
55,14,unidirectional
72,44,unidirectional
51,32,unidirectional
10,11,unidirectional
63,54,unidirectional
56,27,unidirectional
36,6,unidirectional
13,18,unidirectional
16,47,unidirectional
35,15,unidirectional
52,45,unidirectional
29,57,unidirectional
46,87,unidirectional
71,41,unidirectional
97,77,unidirectional
24,34,unidirectional
18,14,unidirectional
76,65,unidirectional
31,24,unidirectional
48,54,unidirectional
50,20,unidirectional
3,13,unidirectional
10,12,unidirectional
30,71,unidirectional
64,93,unidirectional
29,8,unidirectional
46,38,unidirectional
9,49,unidirectional
55,44,unidirectional
72,74,unidirectional
97,78,unidirectional
56,57,unidirectional
19,6,unidirectional
75,53,unidirectional
82,52,unidirectional
25,42,unidirectional
18,15,unidirectional
28,46,unidirectional
35,45,unidirectional
52,75,unidirectional
69,67,unidirectional
54,41,unidirectional
77,48,unidirectional
86,97,unidirectional
58,86,unidirectional
93,87,unidirectional
84,81,unidirectional
61,31,unidirectional
14,24,unidirectional
31,54,unidirectional
65,76,unidirectional
72,75,unidirectional
33,20,unidirectional
57,49,unidirectional
16,28,unidirectional
74,79,unidirectional
91,71,unidirectional
3,43,unidirectional
10,42,unidirectional
42,23,unidirectional
63,85,unidirectional
29,38,unidirectional
36,28,unidirectional
53,58,unidirectional
56,87,unidirectional
21,2,unidirectional
8,17,unidirectional
32,46,unidirectional
35,75,unidirectional
69,97,unidirectional
34,12,unidirectional
54,71,unidirectional
55,25,unidirectional
95,83,unidirectional
87,56,unidirectional
14,54,unidirectional
33,50,unidirectional
50,80,unidirectional
6,2,unidirectional
59,45,unidirectional
69,48,unidirectional
35,26,unidirectional
29,68,unidirectional
22,41,unidirectional
75,84,unidirectional
83,65,unidirectional
36,58,unidirectional
38,24,unidirectional
4,2,unidirectional
55,26,unidirectional
14,5,unidirectional
65,57,unidirectional
8,47,unidirectional
33,1,unidirectional
91,52,unidirectional
71,93,unidirectional
34,42,unidirectional
27,15,unidirectional
50,81,unidirectional
44,61,unidirectional
63,57,unidirectional
73,60,unidirectional
97,89,unidirectional
42,45,unidirectional
18,26,unidirectional
69,78,unidirectional
76,68,unidirectional
93,98,unidirectional
44,12,unidirectional
61,42,unidirectional
95,64,unidirectional
48,57,unidirectional
14,35,unidirectional
55,56,unidirectional
74,52,unidirectional
33,31,unidirectional
54,93,unidirectional
91,82,unidirectional
27,45,unidirectional
46,41,unidirectional
75,65,unidirectional
66,16,unidirectional
28,58,unidirectional
51,65,unidirectional
53,31,unidirectional
19,9,unidirectional
36,39,unidirectional
73,90,unidirectional
96,56,unidirectional
99,85,unidirectional
35,48,unidirectional
8,28,unidirectional
71,74,unidirectional
34,23,unidirectional
65,88,unidirectional
33,32,unidirectional
15,18,unidirectional
76,98,unidirectional
78,64,unidirectional
41,13,unidirectional
44,42,unidirectional
95,94,unidirectional
48,87,unidirectional
55,86,unidirectional
57,52,unidirectional
13,2,unidirectional
74,82,unidirectional
87,58,unidirectional
5,22,unidirectional
81,72,unidirectional
40,51,unidirectional
53,61,unidirectional
79,56,unidirectional
38,35,unidirectional
82,85,unidirectional
96,86,unidirectional
74,33,unidirectional
1,31,unidirectional
37,44,unidirectional
17,23,unidirectional
54,74,unidirectional
27,26,unidirectional
45,25,unidirectional
33,62,unidirectional
61,64,unidirectional
63,68,unidirectional
53,12,unidirectional
6,5,unidirectional
59,48,unidirectional
25,26,unidirectional
42,56,unidirectional
32,0,unidirectional
35,29,unidirectional
12,41,unidirectional
86,81,unidirectional
80,61,unidirectional
7,18,unidirectional
93,71,unidirectional
44,23,unidirectional
21,35,unidirectional
14,8,unidirectional
0,23,unidirectional
85,35,unidirectional
27,56,unidirectional
55,58,unidirectional
64,23,unidirectional
23,2,unidirectional
81,53,unidirectional
87,89,unidirectional
80,62,unidirectional
90,93,unidirectional
53,42,unidirectional
97,92,unidirectional
6,35,unidirectional
59,78,unidirectional
18,29,unidirectional
32,30,unidirectional
37,25,unidirectional
60,32,unidirectional
80,91,unidirectional
45,6,unidirectional
7,48,unidirectional
76,71,unidirectional
44,15,unidirectional
78,75,unidirectional
4,35,unidirectional
74,55,unidirectional
33,34,unidirectional
40,33,unidirectional
57,63,unidirectional
34,75,unidirectional
27,48,unidirectional
25,7,unidirectional
59,29,unidirectional
85,65,unidirectional
91,85,unidirectional
12,22,unidirectional
98,75,unidirectional
64,53,unidirectional
93,52,unidirectional
73,93,unidirectional
36,42,unidirectional
53,72,unidirectional
80,92,unidirectional
38,8,unidirectional
99,88,unidirectional
52,81,unidirectional
18,59,unidirectional
34,26,unidirectional
37,55,unidirectional
67,95,unidirectional
78,67,unidirectional
44,45,unidirectional
58,46,unidirectional
61,75,unidirectional
95,97,unidirectional
31,60,unidirectional
63,41,unidirectional
70,40,unidirectional
13,5,unidirectional
33,64,unidirectional
16,34,unidirectional
23,33,unidirectional
40,63,unidirectional
68,65,unidirectional
74,85,unidirectional
46,74,unidirectional
12,52,unidirectional
75,98,unidirectional
66,49,unidirectional
32,2,unidirectional
96,89,unidirectional
4,16,unidirectional
14,19,unidirectional
54,77,unidirectional
17,26,unidirectional
34,56,unidirectional
27,29,unidirectional
85,46,unidirectional
12,3,unidirectional
33,65,unidirectional
64,34,unidirectional
78,97,unidirectional
44,75,unidirectional
63,71,unidirectional
80,73,unidirectional
36,23,unidirectional
57,85,unidirectional
13,35,unidirectional
6,8,unidirectional
23,63,unidirectional
26,67,unidirectional
99,69,unidirectional
32,3,unidirectional
52,62,unidirectional
59,89,unidirectional
43,13,unidirectional
5,55,unidirectional
15,2,unidirectional
22,1,unidirectional
53,94,unidirectional
76,82,unidirectional
44,26,unidirectional
58,27,unidirectional
78,48,unidirectional
38,68,unidirectional
31,41,unidirectional
63,22,unidirectional
95,78,unidirectional
57,36,unidirectional
16,15,unidirectional
37,77,unidirectional
74,66,unidirectional
17,56,unidirectional
42,10,unidirectional
27,59,unidirectional
68,46,unidirectional
46,55,unidirectional
72,91,unidirectional
23,5,unidirectional
98,86,unidirectional
97,95,unidirectional
53,45,unidirectional
56,74,unidirectional
6,38,unidirectional
38,19,unidirectional
32,33,unidirectional
26,13,unidirectional
17,7,unidirectional
54,58,unidirectional
77,65,unidirectional
89,59,unidirectional
15,32,unidirectional
44,56,unidirectional
51,30,unidirectional
72,92,unidirectional
31,71,unidirectional
57,66,unidirectional
13,16,unidirectional
74,96,unidirectional
85,68,unidirectional
42,40,unidirectional
12,25,unidirectional
70,42,unidirectional
23,35,unidirectional
81,86,unidirectional
83,52,unidirectional
36,45,unidirectional
2,23,unidirectional
53,75,unidirectional
38,49,unidirectional
31,22,unidirectional
72,43,unidirectional
32,63,unidirectional
57,17,unidirectional
37,58,unidirectional
60,65,unidirectional
17,37,unidirectional
55,42,unidirectional
67,98,unidirectional
58,49,unidirectional
63,44,unidirectional
87,73,unidirectional
97,76,unidirectional
74,88,unidirectional
57,96,unidirectional
6,19,unidirectional
85,98,unidirectional
18,13,unidirectional
32,14,unidirectional
35,43,unidirectional
77,46,unidirectional
64,86,unidirectional
83,82,unidirectional
93,85,unidirectional
36,75,unidirectional
62,70,unidirectional
55,43,unidirectional
14,22,unidirectional
65,74,unidirectional
72,73,unidirectional
57,47,unidirectional
10,40,unidirectional
12,6,unidirectional
98,59,unidirectional
23,16,unidirectional
58,79,unidirectional
51,52,unidirectional
83,33,unidirectional
63,74,unidirectional
70,73,unidirectional
77,47,unidirectional
36,26,unidirectional
2,4,unidirectional
21,0,unidirectional
42,62,unidirectional
68,98,unidirectional
8,15,unidirectional
15,14,unidirectional
37,39,unidirectional
76,85,unidirectional
39,34,unidirectional
41,0,unidirectional
95,81,unidirectional
55,73,unidirectional
16,18,unidirectional
23,17,unidirectional
42,13,unidirectional
68,49,unidirectional
85,79,unidirectional
94,44,unidirectional
47,37,unidirectional
98,89,unidirectional
51,82,unidirectional
76,36,unidirectional
83,63,unidirectional
19,26,unidirectional
36,56,unidirectional
82,72,unidirectional
96,73,unidirectional
4,0,unidirectional
42,92,unidirectional
35,65,unidirectional
15,44,unidirectional
43,46,unidirectional
34,40,unidirectional
71,91,unidirectional
85,80,unidirectional
41,30,unidirectional
51,33,unidirectional
63,55,unidirectional
57,69,unidirectional
16,48,unidirectional
25,13,unidirectional
42,43,unidirectional
68,79,unidirectional
29,58,unidirectional
66,63,unidirectional
76,66,unidirectional
21,22,unidirectional
73,53,unidirectional
0,10,unidirectional
55,45,unidirectional
81,40,unidirectional
47,18,unidirectional
61,81,unidirectional
51,63,unidirectional
87,76,unidirectional
19,7,unidirectional
82,53,unidirectional
59,65,unidirectional
25,43,unidirectional
42,73,unidirectional
35,46,unidirectional
67,46,unidirectional
77,49,unidirectional
62,23,unidirectional
83,85,unidirectional
15,16,unidirectional
41,11,unidirectional
21,52,unidirectional
72,76,unidirectional
40,20,unidirectional
13,0,unidirectional
34,62,unidirectional
0,40,unidirectional
63,86,unidirectional
29,39,unidirectional
55,75,unidirectional
81,70,unidirectional
36,29,unidirectional
2,7,unidirectional
19,37,unidirectional
21,3,unidirectional
82,83,unidirectional
15,17,unidirectional
18,46,unidirectional
35,76,unidirectional
34,13,unidirectional
77,79,unidirectional
45,23,unidirectional
76,88,unidirectional
39,37,unidirectional
44,32,unidirectional
61,62,unidirectional
24,11,unidirectional
87,57,unidirectional
14,55,unidirectional
33,51,unidirectional
40,50,unidirectional
6,3,unidirectional
59,46,unidirectional
25,24,unidirectional
85,82,unidirectional
64,70,unidirectional
66,36,unidirectional
83,66,unidirectional
49,44,unidirectional
19,29,unidirectional
36,59,unidirectional
38,25,unidirectional
4,3,unidirectional
21,33,unidirectional
62,54,unidirectional
96,76,unidirectional
8,48,unidirectional
15,47,unidirectional
40,1,unidirectional
17,13,unidirectional
34,43,unidirectional
0,21,unidirectional
28,23,unidirectional
86,74,unidirectional
39,67,unidirectional
44,62,unidirectional
61,92,unidirectional
13,22,unidirectional
40,80,unidirectional
42,46,unidirectional
59,76,unidirectional
25,54,unidirectional
18,27,unidirectional
94,77,unidirectional
60,30,unidirectional
83,96,unidirectional
76,69,unidirectional
39,18,unidirectional
53,81,unidirectional
19,59,unidirectional
44,13,unidirectional
92,61,unidirectional
38,55,unidirectional
4,33,unidirectional
45,54,unidirectional
14,36,unidirectional
55,57,unidirectional
62,84,unidirectional
23,1,unidirectional
34,73,unidirectional
85,63,unidirectional
11,23,unidirectional
12,20,unidirectional
64,51,unidirectional
41,63,unidirectional
9,7,unidirectional
67,58,unidirectional
80,90,unidirectional
13,52,unidirectional
38,6,unidirectional
96,57,unidirectional
25,46,unidirectional
99,86,unidirectional
43,30,unidirectional
34,24,unidirectional
66,96,unidirectional
76,99,unidirectional
85,64,unidirectional
44,43,unidirectional
58,44,unidirectional
48,88,unidirectional
55,87,unidirectional
57,53,unidirectional
13,3,unidirectional
23,31,unidirectional
74,83,unidirectional
65,34,unidirectional
68,63,unidirectional
87,59,unidirectional
30,21,unidirectional
81,73,unidirectional
49,17,unidirectional
66,47,unidirectional
2,10,unidirectional
53,62,unidirectional
60,61,unidirectional
79,57,unidirectional
38,36,unidirectional
59,98,unidirectional
82,86,unidirectional
96,87,unidirectional
32,50,unidirectional
17,24,unidirectional
89,76,unidirectional
45,26,unidirectional
11,4,unidirectional
62,56,unidirectional
71,21,unidirectional
61,65,unidirectional
24,14,unidirectional
41,44,unidirectional
44,73,unidirectional
78,95,unidirectional
85,94,unidirectional
40,53,unidirectional
13,33,unidirectional
25,27,unidirectional
48,34,unidirectional
43,11,unidirectional
64,73,unidirectional
20,23,unidirectional
30,51,unidirectional
46,18,unidirectional
49,47,unidirectional
66,77,unidirectional
53,92,unidirectional
4,6,unidirectional
79,87,unidirectional
57,34,unidirectional
34,46,unidirectional
92,63,unidirectional
65,15,unidirectional
63,70,unidirectional
45,56,unidirectional
55,59,unidirectional
71,51,unidirectional
64,24,unidirectional
23,3,unidirectional
30,2,unidirectional
44,65,unidirectional
24,44,unidirectional
58,66,unidirectional
84,61,unidirectional
53,43,unidirectional
13,63,unidirectional
6,36,unidirectional
59,79,unidirectional
25,57,unidirectional
15,1,unidirectional
32,31,unidirectional
50,30,unidirectional
79,38,unidirectional
77,63,unidirectional
89,57,unidirectional
58,17,unidirectional
4,36,unidirectional
72,90,unidirectional
40,34,unidirectional
75,63,unidirectional
68,36,unidirectional
85,66,unidirectional
25,8,unidirectional
28,56,unidirectional
47,24,unidirectional
64,54,unidirectional
30,32,unidirectional
81,84,unidirectional
98,76,unidirectional
49,28,unidirectional
70,90,unidirectional
84,91,unidirectional
77,64,unidirectional
36,43,unidirectional
2,21,unidirectional
79,68,unidirectional
90,40,unidirectional
32,61,unidirectional
43,33,unidirectional
34,27,unidirectional
0,5,unidirectional
60,63,unidirectional
28,7,unidirectional
35,6,unidirectional
45,37,unidirectional
86,58,unidirectional
89,87,unidirectional
71,32,unidirectional
92,94,unidirectional
44,46,unidirectional
58,47,unidirectional
24,25,unidirectional
70,41,unidirectional
13,6,unidirectional
23,34,unidirectional
74,86,unidirectional
65,37,unidirectional
68,66,unidirectional
85,96,unidirectional
50,11,unidirectional
12,53,unidirectional
47,54,unidirectional
3,4,unidirectional
64,84,unidirectional
83,80,unidirectional
77,94,unidirectional
38,39,unidirectional
4,17,unidirectional
45,38,unidirectional
90,70,unidirectional
17,27,unidirectional
34,57,unidirectional
43,63,unidirectional
75,44,unidirectional
69,58,unidirectional
28,37,unidirectional
22,51,unidirectional
98,57,unidirectional
64,35,unidirectional
85,97,unidirectional
44,76,unidirectional
58,77,unidirectional
51,50,unidirectional
63,72,unidirectional
70,71,unidirectional
80,74,unidirectional
57,86,unidirectional
13,36,unidirectional
23,64,unidirectional
42,60,unidirectional
65,67,unidirectional
68,96,unidirectional
33,11,unidirectional
94,91,unidirectional
43,14,unidirectional
15,3,unidirectional
22,2,unidirectional
2,43,unidirectional
75,45,unidirectional
44,27,unidirectional
92,75,unidirectional
38,69,unidirectional
45,68,unidirectional
73,70,unidirectional
17,57,unidirectional
68,47,unidirectional
71,54,unidirectional
88,84,unidirectional
47,35,unidirectional
98,87,unidirectional
24,47,unidirectional
51,80,unidirectional
87,93,unidirectional
32,34,unidirectional
90,51,unidirectional
26,14,unidirectional
17,8,unidirectional
43,44,unidirectional
77,66,unidirectional
62,40,unidirectional
69,39,unidirectional
5,2,unidirectional
15,33,unidirectional
22,32,unidirectional
68,48,unidirectional
78,79,unidirectional
28,68,unidirectional
31,72,unidirectional
57,67,unidirectional
13,17,unidirectional
25,11,unidirectional
10,60,unidirectional
48,18,unidirectional
65,48,unidirectional
1,11,unidirectional
84,44,unidirectional
71,84,unidirectional
64,57,unidirectional
27,6,unidirectional
30,35,unidirectional
47,65,unidirectional
58,99,unidirectional
94,72,unidirectional
36,46,unidirectional
2,24,unidirectional
53,76,unidirectional
62,41,unidirectional
21,20,unidirectional
15,34,unidirectional
32,64,unidirectional
73,51,unidirectional
26,44,unidirectional
77,96,unidirectional
45,40,unidirectional
80,41,unidirectional
24,28,unidirectional
84,45,unidirectional
87,74,unidirectional
57,97,unidirectional
32,15,unidirectional
67,44,unidirectional
3,7,unidirectional
64,87,unidirectional
66,53,unidirectional
46,32,unidirectional
77,97,unidirectional
36,76,unidirectional
62,71,unidirectional
21,50,unidirectional
90,73,unidirectional
56,51,unidirectional
75,47,unidirectional
88,57,unidirectional
54,35,unidirectional
47,8,unidirectional
41,50,unidirectional
7,28,unidirectional
70,74,unidirectional
84,75,unidirectional
36,27,unidirectional
2,5,unidirectional
62,22,unidirectional
42,63,unidirectional
73,32,unidirectional
50,44,unidirectional
26,25,unidirectional
47,87,unidirectional
66,83,unidirectional
22,5,unidirectional
39,35,unidirectional
5,13,unidirectional
41,1,unidirectional
55,74,unidirectional
87,55,unidirectional
75,77,unidirectional
11,40,unidirectional
88,87,unidirectional
47,38,unidirectional
64,68,unidirectional
41,80,unidirectional
66,34,unidirectional
51,83,unidirectional
67,75,unidirectional
19,27,unidirectional
36,57,unidirectional
77,78,unidirectional
45,22,unidirectional
4,1,unidirectional
27,8,unidirectional
15,45,unidirectional
33,44,unidirectional
43,47,unidirectional
86,72,unidirectional
88,38,unidirectional
22,35,unidirectional
24,1,unidirectional
41,31,unidirectional
7,9,unidirectional
85,81,unidirectional
93,62,unidirectional
13,20,unidirectional
42,44,unidirectional
65,51,unidirectional
94,75,unidirectional
81,90,unidirectional
47,68,unidirectional
66,64,unidirectional
39,16,unidirectional
79,74,unidirectional
45,52,unidirectional
73,54,unidirectional
90,84,unidirectional
99,49,unidirectional
0,11,unidirectional
26,47,unidirectional
52,42,unidirectional
11,21,unidirectional
37,16,unidirectional
88,68,unidirectional
47,19,unidirectional
24,31,unidirectional
41,61,unidirectional
9,5,unidirectional
19,8,unidirectional
25,44,unidirectional
67,47,unidirectional
84,77,unidirectional
83,86,unidirectional
46,35,unidirectional
66,94,unidirectional
22,16,unidirectional
41,12,unidirectional
4,23,unidirectional
21,53,unidirectional
62,74,unidirectional
93,43,unidirectional
73,84,unidirectional
92,80,unidirectional
0,41,unidirectional
99,79,unidirectional
86,94,unidirectional
52,72,unidirectional
88,98,unidirectional
23,20,unidirectional
81,71,unidirectional
72,22,unidirectional
84,78,unidirectional
53,60,unidirectional
51,10,unidirectional
67,77,unidirectional
60,50,unidirectional
26,28,unidirectional
86,45,unidirectional
45,24,unidirectional
52,23,unidirectional
66,86,unidirectional
46,65,unidirectional
39,38,unidirectional
5,16,unidirectional
24,12,unidirectional
11,52,unidirectional
56,84,unidirectional
31,2,unidirectional
85,83,unidirectional
67,28,unidirectional
54,68,unidirectional
64,71,unidirectional
20,21,unidirectional
46,16,unidirectional
49,45,unidirectional
62,55,unidirectional
56,35,unidirectional
73,65,unidirectional
43,50,unidirectional
60,80,unidirectional
0,22,unidirectional
26,58,unidirectional
28,24,unidirectional
35,23,unidirectional
86,75,unidirectional
39,68,unidirectional
41,34,unidirectional
58,64,unidirectional
24,42,unidirectional
87,88,unidirectional
23,51,unidirectional
40,81,unidirectional
78,39,unidirectional
65,54,unidirectional
31,32,unidirectional
57,27,unidirectional
60,31,unidirectional
3,21,unidirectional
20,51,unidirectional
66,67,unidirectional
29,16,unidirectional
83,97,unidirectional
39,19,unidirectional
92,62,unidirectional
45,55,unidirectional
4,34,unidirectional
62,85,unidirectional
97,86,unidirectional
56,65,unidirectional
75,61,unidirectional
34,74,unidirectional
11,24,unidirectional
69,75,unidirectional
1,6,unidirectional
37,19,unidirectional
41,64,unidirectional
9,8,unidirectional
67,59,unidirectional
84,89,unidirectional
13,53,unidirectional
20,52,unidirectional
14,32,unidirectional
65,84,unidirectional
56,16,unidirectional
15,29,unidirectional
43,31,unidirectional
86,56,unidirectional
49,67,unidirectional
12,16,unidirectional
66,97,unidirectional
39,49,unidirectional
75,62,unidirectional
45,85,unidirectional
73,87,unidirectional
23,32,unidirectional
5,18,unidirectional
65,35,unidirectional
31,13,unidirectional
68,64,unidirectional
37,49,unidirectional
30,22,unidirectional
3,2,unidirectional
24,64,unidirectional
66,48,unidirectional
9,38,unidirectional
60,62,unidirectional
67,89,unidirectional
95,91,unidirectional
28,6,unidirectional
63,35,unidirectional
17,25,unidirectional
43,61,unidirectional
11,5,unidirectional
69,56,unidirectional
46,68,unidirectional
5,19,unidirectional
75,92,unidirectional
24,15,unidirectional
41,45,unidirectional
82,32,unidirectional
85,95,unidirectional
76,46,unidirectional
35,25,unidirectional
13,34,unidirectional
23,62,unidirectional
48,35,unidirectional
91,60,unidirectional
64,74,unidirectional
27,23,unidirectional
30,52,unidirectional
49,48,unidirectional
72,55,unidirectional
22,0,unidirectional
43,62,unidirectional
2,41,unidirectional
53,93,unidirectional
60,92,unidirectional
79,88,unidirectional
56,38,unidirectional
75,34,unidirectional
92,64,unidirectional
86,78,unidirectional
52,56,unidirectional
69,86,unidirectional
54,22,unidirectional
71,52,unidirectional
7,15,unidirectional
24,45,unidirectional
58,67,unidirectional
84,62,unidirectional
9,19,unidirectional
95,72,unidirectional
31,35,unidirectional
48,65,unidirectional
94,81,unidirectional
50,31,unidirectional
16,9,unidirectional
74,60,unidirectional
26,12,unidirectional
29,19,unidirectional
46,49,unidirectional
49,78,unidirectional
5,0,unidirectional
56,68,unidirectional
75,64,unidirectional
82,63,unidirectional
48,16,unidirectional
35,56,unidirectional
88,74,unidirectional
54,52,unidirectional
71,82,unidirectional
64,55,unidirectional
27,4,unidirectional
30,33,unidirectional
58,97,unidirectional
70,91,unidirectional
84,92,unidirectional
50,61,unidirectional
60,64,unidirectional
69,29,unidirectional
28,8,unidirectional
35,7,unidirectional
29,49,unidirectional
92,95,unidirectional
58,48,unidirectional
84,43,unidirectional
75,94,unidirectional
68,67,unidirectional
48,46,unidirectional
94,62,unidirectional
54,82,unidirectional
47,55,unidirectional
3,5,unidirectional
10,4,unidirectional
64,85,unidirectional
77,95,unidirectional
45,39,unidirectional
73,41,unidirectional
90,71,unidirectional
56,49,unidirectional
33,61,unidirectional
26,34,unidirectional
43,64,unidirectional
6,13,unidirectional
59,56,unidirectional
18,7,unidirectional
28,38,unidirectional
35,37,unidirectional
69,59,unidirectional
86,89,unidirectional
22,52,unidirectional
54,33,unidirectional
7,26,unidirectional
70,72,unidirectional
84,73,unidirectional
95,45,unidirectional
48,38,unidirectional
14,16,unidirectional
65,68,unidirectional
68,97,unidirectional
33,12,unidirectional
40,11,unidirectional
43,15,unidirectional
50,42,unidirectional
91,63,unidirectional
94,92,unidirectional
3,35,unidirectional
12,0,unidirectional
22,3,unidirectional
75,46,unidirectional
28,39,unidirectional
73,71,unidirectional
17,58,unidirectional
8,9,unidirectional
18,37,unidirectional
69,89,unidirectional
34,4,unidirectional
37,33,unidirectional
47,36,unidirectional
54,63,unidirectional
88,85,unidirectional
50,43,unidirectional
67,73,unidirectional
76,79,unidirectional
95,75,unidirectional
48,68,unidirectional
16,12,unidirectional
33,42,unidirectional
26,15,unidirectional
43,45,unidirectional
74,63,unidirectional
59,37,unidirectional
91,93,unidirectional
46,52,unidirectional
12,30,unidirectional
5,3,unidirectional
22,33,unidirectional
75,76,unidirectional
28,69,unidirectional
38,16,unidirectional
96,67,unidirectional
48,19,unidirectional
99,96,unidirectional
1,12,unidirectional
54,55,unidirectional
71,85,unidirectional
27,7,unidirectional
84,95,unidirectional
50,73,unidirectional
2,25,unidirectional
48,98,unidirectional
73,52,unidirectional
26,45,unidirectional
45,41,unidirectional
52,40,unidirectional
5,33,unidirectional
22,63,unidirectional
37,14,unidirectional
24,29,unidirectional
18,9,unidirectional
44,4,unidirectional
95,56,unidirectional
82,96,unidirectional
48,49,unidirectional
67,45,unidirectional
1,42,unidirectional
54,85,unidirectional
74,44,unidirectional
3,8,unidirectional
27,37,unidirectional
59,18,unidirectional
91,74,unidirectional
46,33,unidirectional
12,11,unidirectional
33,73,unidirectional
62,72,unidirectional
53,23,unidirectional
15,65,unidirectional
56,52,unidirectional
73,82,unidirectional
6,16,unidirectional
99,77,unidirectional
86,92,unidirectional
52,70,unidirectional
37,6,unidirectional
54,36,unidirectional
80,72,unidirectional
7,29,unidirectional
93,82,unidirectional
84,76,unidirectional
78,56,unidirectional
95,86,unidirectional
65,71,unidirectional
48,79,unidirectional
33,15,unidirectional
57,44,unidirectional
16,23,unidirectional
94,95,unidirectional
47,88,unidirectional
46,63,unidirectional
39,36,unidirectional
5,14,unidirectional
26,76,unidirectional
75,78,unidirectional
6,46,unidirectional
31,0,unidirectional
11,41,unidirectional
37,36,unidirectional
54,66,unidirectional
41,81,unidirectional
67,76,unidirectional
56,33,unidirectional
33,45,unidirectional
91,96,unidirectional
43,48,unidirectional
35,21,unidirectional
12,33,unidirectional
22,36,unidirectional
75,79,unidirectional
67,27,unidirectional
93,63,unidirectional
78,37,unidirectional
14,0,unidirectional
31,30,unidirectional
52,92,unidirectional
65,52,unidirectional
1,15,unidirectional
72,51,unidirectional
94,76,unidirectional
34,37,unidirectional
37,66,unidirectional
47,69,unidirectional
57,16,unidirectional
19,58,unidirectional
74,46,unidirectional
92,60,unidirectional
45,53,unidirectional
63,52,unidirectional
73,55,unidirectional
36,4,unidirectional
53,34,unidirectional
16,45,unidirectional
97,84,unidirectional
26,48,unidirectional
52,43,unidirectional
11,22,unidirectional
46,85,unidirectional
5,36,unidirectional
37,17,unidirectional
88,69,unidirectional
24,32,unidirectional
41,62,unidirectional
76,63,unidirectional
9,6,unidirectional
32,13,unidirectional
3,20,unidirectional
20,50,unidirectional
58,8,unidirectional
65,82,unidirectional
72,81,unidirectional
33,26,unidirectional
68,27,unidirectional
46,36,unidirectional
12,14,unidirectional
98,67,unidirectional
57,46,unidirectional
51,60,unidirectional
63,82,unidirectional
56,55,unidirectional
73,85,unidirectional
80,84,unidirectional
82,50,unidirectional
86,95,unidirectional
52,73,unidirectional
37,47,unidirectional
30,20,unidirectional
65,83,unidirectional
33,27,unidirectional
15,13,unidirectional
76,93,unidirectional
78,59,unidirectional
44,37,unidirectional
95,89,unidirectional
51,11,unidirectional
31,52,unidirectional
25,75,unidirectional
63,33,unidirectional
16,26,unidirectional
33,56,unidirectional
26,29,unidirectional
74,77,unidirectional
42,21,unidirectional
52,24,unidirectional
29,36,unidirectional
46,66,unidirectional
97,56,unidirectional
5,17,unidirectional
24,13,unidirectional
76,44,unidirectional
53,56,unidirectional
56,85,unidirectional
82,80,unidirectional
31,3,unidirectional
14,11,unidirectional
20,22,unidirectional
30,50,unidirectional
55,23,unidirectional
46,17,unidirectional
67,79,unidirectional
72,53,unidirectional
98,48,unidirectional
78,89,unidirectional
51,41,unidirectional
97,57,unidirectional
56,36,unidirectional
57,77,unidirectional
60,81,unidirectional
25,21,unidirectional
28,25,unidirectional
35,24,unidirectional
52,54,unidirectional
86,76,unidirectional
46,96,unidirectional
39,69,unidirectional
77,27,unidirectional
7,13,unidirectional
76,74,unidirectional
21,30,unidirectional
14,3,unidirectional
31,33,unidirectional
65,55,unidirectional
91,50,unidirectional
57,28,unidirectional
16,7,unidirectional
37,69,unidirectional
3,22,unidirectional
10,21,unidirectional
29,17,unidirectional
55,53,unidirectional
36,7,unidirectional
56,66,unidirectional
97,87,unidirectional
82,61,unidirectional
11,25,unidirectional
18,24,unidirectional
32,25,unidirectional
35,54,unidirectional
69,76,unidirectional
54,50,unidirectional
93,96,unidirectional
84,90,unidirectional
61,40,unidirectional
48,55,unidirectional
14,33,unidirectional
31,63,unidirectional
51,22,unidirectional
65,85,unidirectional
72,84,unidirectional
57,58,unidirectional
91,80,unidirectional
25,2,unidirectional
10,51,unidirectional
12,17,unidirectional
29,47,unidirectional
66,98,unidirectional
92,93,unidirectional
83,44,unidirectional
45,86,unidirectional
36,37,unidirectional
62,32,unidirectional
82,91,unidirectional
65,36,unidirectional
31,14,unidirectional
8,26,unidirectional
71,72,unidirectional
34,21,unidirectional
47,53,unidirectional
24,65,unidirectional
55,34,unidirectional
50,60,unidirectional
9,39,unidirectional
76,96,unidirectional
44,40,unidirectional
3,53,unidirectional
61,70,unidirectional
95,92,unidirectional
87,65,unidirectional
16,29,unidirectional
74,80,unidirectional
42,24,unidirectional
59,54,unidirectional
69,57,unidirectional
46,69,unidirectional
22,50,unidirectional
75,93,unidirectional
66,44,unidirectional
76,47,unidirectional
56,88,unidirectional
61,21,unidirectional
38,33,unidirectional
96,84,unidirectional
48,36,unidirectional
55,35,unidirectional
33,10,unidirectional
54,72,unidirectional
91,61,unidirectional
34,51,unidirectional
27,24,unidirectional
30,53,unidirectional
50,90,unidirectional
40,0,unidirectional
51,44,unidirectional
10,23,unidirectional
63,66,unidirectional
36,18,unidirectional
13,30,unidirectional
42,54,unidirectional
35,27,unidirectional
52,57,unidirectional
8,7,unidirectional
29,69,unidirectional
71,53,unidirectional
34,2,unidirectional
24,46,unidirectional
76,77,unidirectional
