{
  "retrieval": {
    "bm25": {
      "recall": {
        "1": 0.0007137758743754461,
        "5": 0.0014275517487508922,
        "10": 0.006423982869379015,
        "20": 0.012134189864382583,
        "50": 0.03069236259814418
      },
      "ndcg": {
        "1": 0.0021413276231263384,
        "5": 0.0016388878736373054,
        "10": 0.003916720869778916,
        "20": 0.005953783823892857,
        "50": 0.011048737507210858
      },
      "mrr": 0.005600589004543536
    },
    "tfidf": {
      "recall": {
        "1": 0.0007137758743754461,
        "5": 0.0014275517487508922,
        "10": 0.005710206995003569,
        "20": 0.012134189864382583,
        "50": 0.020699500356887935
      },
      "mrr": 0.004766383281403194
    },
    "dense": {
      "recall": {
        "1": 0.0007137758743754461,
        "5": 0.0028551034975017845,
        "10": 0.005710206995003569,
        "20": 0.009992862241256244,
        "50": 0.027837259100642397
      },
      "mrr": 0.004771383728446861,
      "ndcg": {
        "1": 0.0021413276231263384,
        "5": 0.0024163687838615142,
        "10": 0.0037117236006820797,
        "20": 0.005238460698387074,
        "50": 0.010086061570438058
      }
    },
    "colbert": {
      "recall": {
        "1": 0.0007137758743754461,
        "5": 0.0021413276231263384,
        "10": 0.0028551034975017845,
        "20": 0.009992862241256244,
        "50": 0.022840827980014276
      },
      "mrr": 0.004319063125264162
    },
    "cross_encoder": {}
  },
  "downstream": {
    "bm25": {
      "answerability": {
        "accuracy": 0.5960276338514681,
        "precision": 0.759090909090909,
        "recall": 0.6079229122055674,
        "f1_score": 0.6751486325802616
      },
      "generation": {
        "rouge1": 0.0,
        "rouge2": 0.0,
        "rougeL": 0.0,
        "alignscore": 0.2633076184993284,
        "prometheus_score": 0.528
      }
    },
    "tfidf": {
      "answerability": {
        "accuracy": 0.6107081174438688,
        "precision": 0.7723118279569892,
        "recall": 0.615203426124197,
        "f1_score": 0.6848629320619786
      },
      "generation": {
        "rouge1": 0.0,
        "rouge2": 0.0,
        "rougeL": 0.0,
        "alignscore": 0.26077451544809055,
        "prometheus_score": 0.528
      }
    },
    "dense": {
      "answerability": {
        "accuracy": 0.597495682210708,
        "precision": 0.7558047493403693,
        "recall": 0.6133832976445396,
        "f1_score": 0.6771867612293144
      },
      "generation": {
        "rouge1": 0.0,
        "rouge2": 0.0,
        "rougeL": 0.0,
        "alignscore": 0.2635440414507772,
        "prometheus_score": 0.528
      }
    },
    "colbert": {
      "answerability": {
        "accuracy": 0.6092400690846286,
        "precision": 0.7739837398373983,
        "recall": 0.6115631691648822,
        "f1_score": 0.6832535885167463
      },
      "generation": {
        "rouge1": 0.0,
        "rouge2": 0.0,
        "rougeL": 0.0,
        "alignscore": 0.2630036461331798,
        "prometheus_score": 0.528
      }
    },
    "cross_encoder": {
      "answerability": {
        "accuracy": 0.63713298791019,
        "precision": 0.7928763440860215,
        "recall": 0.6315845824411135,
        "f1_score": 0.703098927294398
      },
      "generation": {
        "rouge1": 0.0,
        "rouge2": 0.0,
        "rougeL": 0.0,
        "alignscore": 0.2633076184993284,
        "prometheus_score": 0.528
      }
    }
  }
}