{
  "retrieval": {
    "bm25": {
      "recall": {
        "1": 0.0007137758743754461,
        "5": 0.0021413276231263384,
        "10": 0.005710206995003569,
        "20": 0.012847965738758028,
        "50": 0.024982155603140613
      },
      "ndcg": {
        "1": 0.0021413276231263384,
        "5": 0.0020276283287494097,
        "10": 0.0036680026206781413,
        "20": 0.006216129394139292,
        "50": 0.009520152991865745
      },
      "mrr": 0.005274791013482025
    },
    "tfidf": {
      "recall": {
        "1": 0.0007137758743754461,
        "5": 0.0014275517487508922,
        "10": 0.006423982869379014,
        "20": 0.012134189864382583,
        "50": 0.021413276231263382
      },
      "mrr": 0.0049149054575117835
    },
    "dense": {
      "recall": {
        "1": 0.0007137758743754461,
        "5": 0.0028551034975017845,
        "10": 0.005710206995003569,
        "20": 0.009992862241256244,
        "50": 0.027837259100642397
      },
      "mrr": 0.004771383728446861,
      "ndcg": {
        "1": 0.0021413276231263384,
        "5": 0.0024163687838615142,
        "10": 0.0037117236006820797,
        "20": 0.005238460698387074,
        "50": 0.010086061570438058
      }
    },
    "colbert": {
      "recall": {
        "1": 0.0007137758743754461,
        "5": 0.0021413276231263384,
        "10": 0.0028551034975017845,
        "20": 0.011420413990007138,
        "50": 0.024268379728765166
      },
      "mrr": 0.004574268310351339
    },
    "cross_encoder": {}
  },
  "downstream": {
    "bm25": {
      "answerability": {
        "accuracy": 0.6195164075993091,
        "precision": 0.766321243523316,
        "recall": 0.6334047109207709,
        "f1_score": 0.6935521688159437
      },
      "generation": {
        "rouge1": 0.0,
        "rouge2": 0.0,
        "rougeL": 0.0,
        "alignscore": 0.26384801381692574,
        "prometheus_score": 0.528
      }
    },
    "tfidf": {
      "answerability": {
        "accuracy": 0.6459412780656304,
        "precision": 0.7937830687830687,
        "recall": 0.6425053533190578,
        "f1_score": 0.7101775147928994
      },
      "generation": {
        "rouge1": 0.0,
        "rouge2": 0.0,
        "rougeL": 0.0,
        "alignscore": 0.2616864325465362,
        "prometheus_score": 0.528
      }
    },
    "dense": {
      "answerability": {
        "accuracy": 0.6283246977547495,
        "precision": 0.7765706806282723,
        "recall": 0.6352248394004283,
        "f1_score": 0.6988221436984687
      },
      "generation": {
        "rouge1": 0.0,
        "rouge2": 0.0,
        "rougeL": 0.0,
        "alignscore": 0.2646586067933218,
        "prometheus_score": 0.528
      }
    },
    "colbert": {
      "answerability": {
        "accuracy": 0.6459412780656304,
        "precision": 0.7861398963730569,
        "recall": 0.6497858672376874,
        "f1_score": 0.7114888628370457
      },
      "generation": {
        "rouge1": 0.0,
        "rouge2": 0.0,
        "rougeL": 0.0,
        "alignscore": 0.2640168873536749,
        "prometheus_score": 0.528
      }
    },
    "cross_encoder": {
      "answerability": {
        "accuracy": 0.6459412780656304,
        "precision": 0.7788071065989848,
        "recall": 0.6570663811563169,
        "f1_score": 0.7127758420441347
      },
      "generation": {
        "rouge1": 0.0,
        "rouge2": 0.0,
        "rougeL": 0.0,
        "alignscore": 0.26384801381692574,
        "prometheus_score": 0.528
      }
    }
  }
}