{
  "retrieval": {
    "bm25": {
      "recall": {
        "1": 0.0021413276231263384,
        "5": 0.005710206995003569,
        "10": 0.008565310492505352,
        "20": 0.020699500356887935,
        "50": 0.057815845824411134
      },
      "ndcg": {
        "1": 0.006423982869379015,
        "5": 0.005475044869581994,
        "10": 0.006693454209479874,
        "20": 0.011013391696329986,
        "50": 0.02119042621704018
      },
      "mrr": 0.013459724179749888
    },
    "tfidf": {
      "recall": {
        "1": 0.0014275517487508922,
        "5": 0.0021413276231263384,
        "10": 0.00356887937187723,
        "20": 0.010706638115631691,
        "50": 0.034975017844396855
      },
      "mrr": 0.007304085449761311
    },
    "dense": {
      "recall": {
        "1": 0.0007137758743754461,
        "5": 0.0028551034975017845,
        "10": 0.005710206995003569,
        "20": 0.009992862241256244,
        "50": 0.027837259100642397
      },
      "mrr": 0.004771383728446861,
      "ndcg": {
        "1": 0.0021413276231263384,
        "5": 0.0024163687838615142,
        "10": 0.0037117236006820797,
        "20": 0.005238460698387074,
        "50": 0.010086061570438058
      }
    },
    "colbert": {
      "recall": {
        "1": 0.0028551034975017845,
        "5": 0.005710206995003569,
        "10": 0.008565310492505354,
        "20": 0.017130620985010708,
        "50": 0.05139186295503212
      },
      "mrr": 0.01373766681773955
    },
    "cross_encoder": {}
  },
  "downstream": {
    "bm25": {
      "answerability": {
        "accuracy": 0.6224525043177893,
        "precision": 0.7739473684210526,
        "recall": 0.6297644539614561,
        "f1_score": 0.6944510035419126
      },
      "generation": {
        "rouge1": 0.0,
        "rouge2": 0.0,
        "rougeL": 0.0,
        "alignscore": 0.265874496257916,
        "prometheus_score": 0.528
      }
    },
    "tfidf": {
      "answerability": {
        "accuracy": 0.6018998272884283,
        "precision": 0.756544502617801,
        "recall": 0.6188436830835117,
        "f1_score": 0.6808009422850412
      },
      "generation": {
        "rouge1": 0.0,
        "rouge2": 0.0,
        "rougeL": 0.0,
        "alignscore": 0.265874496257916,
        "prometheus_score": 0.528
      }
    },
    "dense": {
      "answerability": {
        "accuracy": 0.6092400690846286,
        "precision": 0.7684,
        "recall": 0.6170235546038544,
        "f1_score": 0.6844418052256532
      },
      "generation": {
        "rouge1": 0.0,
        "rouge2": 0.0,
        "rougeL": 0.0,
        "alignscore": 0.2643546344271733,
        "prometheus_score": 0.528
      }
    },
    "colbert": {
      "answerability": {
        "accuracy": 0.6253886010362694,
        "precision": 0.7689432989690721,
        "recall": 0.638865096359743,
        "f1_score": 0.6978947368421052
      },
      "generation": {
        "rouge1": 0.0,
        "rouge2": 0.0,
        "rougeL": 0.0,
        "alignscore": 0.265874496257916,
        "prometheus_score": 0.528
      }
    },
    "cross_encoder": {
      "answerability": {
        "accuracy": 0.6283246977547495,
        "precision": 0.7711340206185566,
        "recall": 0.6406852248394004,
        "f1_score": 0.6998830409356726
      },
      "generation": {
        "rouge1": 0.0,
        "rouge2": 0.0,
        "rougeL": 0.0,
        "alignscore": 0.265874496257916,
        "prometheus_score": 0.528
      }
    }
  }
}