{
  "retrieval": {
    "bm25": {
      "recall": {
        "1": 0.0007137758743754461,
        "5": 0.0014275517487508922,
        "10": 0.005710206995003569,
        "20": 0.012134189864382583,
        "50": 0.02855103497501784
      },
      "ndcg": {
        "1": 0.0021413276231263384,
        "5": 0.0016388878736373054,
        "10": 0.003626245551936415,
        "20": 0.005967675517472508,
        "50": 0.010473144911763141
      },
      "mrr": 0.005465518375667532
    },
    "tfidf": {
      "recall": {
        "1": 0.0007137758743754461,
        "5": 0.0014275517487508922,
        "10": 0.005710206995003569,
        "20": 0.012134189864382583,
        "50": 0.021413276231263382
      },
      "mrr": 0.004818072704154703
    },
    "dense": {
      "recall": {
        "1": 0.0007137758743754461,
        "5": 0.0028551034975017845,
        "10": 0.005710206995003569,
        "20": 0.009992862241256244,
        "50": 0.027837259100642397
      },
      "mrr": 0.004771383728446861,
      "ndcg": {
        "1": 0.0021413276231263384,
        "5": 0.0024163687838615142,
        "10": 0.0037117236006820797,
        "20": 0.005238460698387074,
        "50": 0.010086061570438058
      }
    },
    "colbert": {
      "recall": {
        "1": 0.0007137758743754461,
        "5": 0.0021413276231263384,
        "10": 0.0028551034975017845,
        "20": 0.009992862241256244,
        "50": 0.022840827980014276
      },
      "mrr": 0.004310577283165848
    },
    "cross_encoder": {}
  },
  "downstream": {
    "bm25": {
      "answerability": {
        "accuracy": 0.6209844559585492,
        "precision": 0.7793565683646112,
        "recall": 0.6224839400428265,
        "f1_score": 0.6921428571428572
      },
      "generation": {
        "rouge1": 0.0,
        "rouge2": 0.0,
        "rougeL": 0.0,
        "alignscore": 0.2628347725964306,
        "prometheus_score": 0.528
      }
    },
    "tfidf": {
      "answerability": {
        "accuracy": 0.6180483592400691,
        "precision": 0.773342175066313,
        "recall": 0.6243040685224839,
        "f1_score": 0.6908767772511848
      },
      "generation": {
        "rouge1": 0.0,
        "rouge2": 0.0,
        "rougeL": 0.0,
        "alignscore": 0.26047054308194206,
        "prometheus_score": 0.528
      }
    },
    "dense": {
      "answerability": {
        "accuracy": 0.616580310880829,
        "precision": 0.7768817204301075,
        "recall": 0.6188436830835117,
        "f1_score": 0.6889153754469607
      },
      "generation": {
        "rouge1": 0.0,
        "rouge2": 0.0,
        "rougeL": 0.0,
        "alignscore": 0.26324006908462866,
        "prometheus_score": 0.528
      }
    },
    "colbert": {
      "answerability": {
        "accuracy": 0.6121761658031089,
        "precision": 0.7688328912466844,
        "recall": 0.6206638115631691,
        "f1_score": 0.6868483412322275
      },
      "generation": {
        "rouge1": 0.0,
        "rouge2": 0.0,
        "rougeL": 0.0,
        "alignscore": 0.26269967376703124,
        "prometheus_score": 0.528
      }
    },
    "cross_encoder": {
      "answerability": {
        "accuracy": 0.6136442141623488,
        "precision": 0.7745967741935483,
        "recall": 0.6170235546038544,
        "f1_score": 0.6868891537544696
      },
      "generation": {
        "rouge1": 0.0,
        "rouge2": 0.0,
        "rougeL": 0.0,
        "alignscore": 0.2628347725964306,
        "prometheus_score": 0.528
      }
    }
  }
}