{
  "retrieval": {
    "bm25": {
      "recall": {
        "1": 0.0007137758743754461,
        "5": 0.0021413276231263384,
        "10": 0.006423982869379015,
        "20": 0.012847965738758028,
        "50": 0.02569593147751606
      },
      "ndcg": {
        "1": 0.0021413276231263384,
        "5": 0.0020276283287494097,
        "10": 0.0039705014918983315,
        "20": 0.00622561295945963,
        "50": 0.00970257148355755
      },
      "mrr": 0.0053248705188533255
    },
    "tfidf": {
      "recall": {
        "1": 0.0007137758743754461,
        "5": 0.0014275517487508922,
        "10": 0.006423982869379014,
        "20": 0.012134189864382583,
        "50": 0.021413276231263382
      },
      "mrr": 0.004912632936831846
    },
    "dense": {
      "recall": {
        "1": 0.0007137758743754461,
        "5": 0.0028551034975017845,
        "10": 0.005710206995003569,
        "20": 0.009992862241256244,
        "50": 0.027837259100642397
      },
      "mrr": 0.004771383728446861,
      "ndcg": {
        "1": 0.0021413276231263384,
        "5": 0.0024163687838615142,
        "10": 0.0037117236006820797,
        "20": 0.005238460698387074,
        "50": 0.010086061570438058
      }
    },
    "colbert": {
      "recall": {
        "1": 0.0007137758743754461,
        "5": 0.0021413276231263384,
        "10": 0.0028551034975017845,
        "20": 0.011420413990007138,
        "50": 0.024982155603140613
      },
      "mrr": 0.004606753294993399
    },
    "cross_encoder": {}
  },
  "downstream": {
    "bm25": {
      "answerability": {
        "accuracy": 0.6297927461139896,
        "precision": 0.7713367609254498,
        "recall": 0.6425053533190578,
        "f1_score": 0.7010514018691588
      },
      "generation": {
        "rouge1": 0.0,
        "rouge2": 0.0,
        "rougeL": 0.0,
        "alignscore": 0.2649625791594704,
        "prometheus_score": 0.528
      }
    },
    "tfidf": {
      "answerability": {
        "accuracy": 0.6004317789291883,
        "precision": 0.7528571428571428,
        "recall": 0.6206638115631691,
        "f1_score": 0.6803990610328638
      },
      "generation": {
        "rouge1": 0.0,
        "rouge2": 0.0,
        "rougeL": 0.0,
        "alignscore": 0.2628009978890808,
        "prometheus_score": 0.528
      }
    },
    "dense": {
      "answerability": {
        "accuracy": 0.6312607944732297,
        "precision": 0.7697704081632654,
        "recall": 0.6461456102783726,
        "f1_score": 0.7025611175785798
      },
      "generation": {
        "rouge1": 0.0,
        "rouge2": 0.0,
        "rougeL": 0.0,
        "alignscore": 0.2657731721358665,
        "prometheus_score": 0.528
      }
    },
    "colbert": {
      "answerability": {
        "accuracy": 0.63713298791019,
        "precision": 0.7777061855670102,
        "recall": 0.6461456102783726,
        "f1_score": 0.7058479532163742
      },
      "generation": {
        "rouge1": 0.0,
        "rouge2": 0.0,
        "rougeL": 0.0,
        "alignscore": 0.2651314526962195,
        "prometheus_score": 0.528
      }
    },
    "cross_encoder": {
      "answerability": {
        "accuracy": 0.6253886010362694,
        "precision": 0.7689432989690721,
        "recall": 0.638865096359743,
        "f1_score": 0.6978947368421052
      },
      "generation": {
        "rouge1": 0.0,
        "rouge2": 0.0,
        "rougeL": 0.0,
        "alignscore": 0.2649625791594704,
        "prometheus_score": 0.528
      }
    }
  }
}