{
  "retrieval": {
    "bm25": {
      "recall": {
        "1": 0.0007137758743754461,
        "5": 0.0028551034975017845,
        "10": 0.006423982869379015,
        "20": 0.012134189864382583,
        "50": 0.024982155603140613
      },
      "ndcg": {
        "1": 0.0021413276231263384,
        "5": 0.0024163687838615142,
        "10": 0.004015801963406371,
        "20": 0.006039516874226726,
        "50": 0.00956116014076168
      },
      "mrr": 0.005366499859966123
    },
    "tfidf": {
      "recall": {
        "1": 0.0007137758743754461,
        "5": 0.0014275517487508922,
        "10": 0.006423982869379014,
        "20": 0.012134189864382583,
        "50": 0.022127052105638825
      },
      "mrr": 0.004999103331930309
    },
    "dense": {
      "recall": {
        "1": 0.0007137758743754461,
        "5": 0.0028551034975017845,
        "10": 0.005710206995003569,
        "20": 0.009992862241256244,
        "50": 0.027837259100642397
      },
      "mrr": 0.004771383728446861,
      "ndcg": {
        "1": 0.0021413276231263384,
        "5": 0.0024163687838615142,
        "10": 0.0037117236006820797,
        "20": 0.005238460698387074,
        "50": 0.010086061570438058
      }
    },
    "colbert": {
      "recall": {
        "1": 0.0007137758743754461,
        "5": 0.0021413276231263384,
        "10": 0.0028551034975017845,
        "20": 0.011420413990007138,
        "50": 0.02569593147751606
      },
      "mrr": 0.0046440265187951205
    },
    "cross_encoder": {}
  },
  "downstream": {
    "bm25": {
      "answerability": {
        "accuracy": 0.6297927461139896,
        "precision": 0.7767624020887728,
        "recall": 0.6370449678800857,
        "f1_score": 0.7
      },
      "generation": {
        "rouge1": 0.0,
        "rouge2": 0.0,
        "rougeL": 0.0,
        "alignscore": 0.2647599309153713,
        "prometheus_score": 0.528
      }
    },
    "tfidf": {
      "answerability": {
        "accuracy": 0.6356649395509498,
        "precision": 0.7830708661417323,
        "recall": 0.638865096359743,
        "f1_score": 0.7036556603773585
      },
      "generation": {
        "rouge1": 0.0,
        "rouge2": 0.0,
        "rougeL": 0.0,
        "alignscore": 0.26259834964498174,
        "prometheus_score": 0.528
      }
    },
    "dense": {
      "answerability": {
        "accuracy": 0.6136442141623488,
        "precision": 0.7619170984455959,
        "recall": 0.6297644539614561,
        "f1_score": 0.6895662368112544
      },
      "generation": {
        "rouge1": 0.0,
        "rouge2": 0.0,
        "rougeL": 0.0,
        "alignscore": 0.2655705238917674,
        "prometheus_score": 0.528
      }
    },
    "colbert": {
      "answerability": {
        "accuracy": 0.6297927461139896,
        "precision": 0.7731266149870801,
        "recall": 0.6406852248394004,
        "f1_score": 0.7007025761124122
      },
      "generation": {
        "rouge1": 0.0,
        "rouge2": 0.0,
        "rougeL": 0.0,
        "alignscore": 0.2649288044521205,
        "prometheus_score": 0.528
      }
    },
    "cross_encoder": {
      "answerability": {
        "accuracy": 0.6356649395509498,
        "precision": 0.7775193798449612,
        "recall": 0.6443254817987152,
        "f1_score": 0.7046838407494145
      },
      "generation": {
        "rouge1": 0.0,
        "rouge2": 0.0,
        "rougeL": 0.0,
        "alignscore": 0.2647599309153713,
        "prometheus_score": 0.528
      }
    }
  }
}