{
  "retrieval": {
    "bm25": {
      "recall": {
        "1": 0.0021413276231263384,
        "5": 0.00713775874375446,
        "10": 0.010706638115631691,
        "20": 0.024268379728765166,
        "50": 0.0713775874375446
      },
      "ndcg": {
        "1": 0.006423982869379015,
        "5": 0.006314432699385767,
        "10": 0.007905292655106573,
        "20": 0.012726583532088626,
        "50": 0.025614132528271317
      },
      "mrr": 0.015347738954281752
    },
    "tfidf": {
      "recall": {
        "1": 0.0021413276231263384,
        "5": 0.004282655246252677,
        "10": 0.009279086366880799,
        "20": 0.020699500356887935,
        "50": 0.05710206995003568
      },
      "mrr": 0.013065488848789674
    },
    "dense": {
      "recall": {
        "1": 0.0007137758743754461,
        "5": 0.0028551034975017845,
        "10": 0.005710206995003569,
        "20": 0.009992862241256244,
        "50": 0.027837259100642397
      },
      "mrr": 0.004771383728446861,
      "ndcg": {
        "1": 0.0021413276231263384,
        "5": 0.0024163687838615142,
        "10": 0.0037117236006820797,
        "20": 0.005238460698387074,
        "50": 0.010086061570438058
      }
    },
    "colbert": {
      "recall": {
        "1": 0.004282655246252677,
        "5": 0.01641684511063526,
        "10": 0.024268379728765166,
        "20": 0.04068522483940043,
        "50": 0.09350463954318342
      },
      "mrr": 0.029234632765638632
    },
    "cross_encoder": {}
  },
  "downstream": {
    "bm25": {
      "answerability": {
        "accuracy": 0.6033678756476684,
        "precision": 0.7620689655172413,
        "recall": 0.615203426124197,
        "f1_score": 0.6808056872037915
      },
      "generation": {
        "rouge1": 0.0,
        "rouge2": 0.0,
        "rougeL": 0.0,
        "alignscore": 0.26617846862406447,
        "prometheus_score": 0.528
      }
    },
    "tfidf": {
      "answerability": {
        "accuracy": 0.6239205526770293,
        "precision": 0.7723237597911227,
        "recall": 0.6334047109207709,
        "f1_score": 0.696
      },
      "generation": {
        "rouge1": 0.0,
        "rouge2": 0.0,
        "rougeL": 0.0,
        "alignscore": 0.26617846862406447,
        "prometheus_score": 0.528
      }
    },
    "dense": {
      "answerability": {
        "accuracy": 0.5930915371329879,
        "precision": 0.7735955056179775,
        "recall": 0.5897216274089936,
        "f1_score": 0.6692588092345079
      },
      "generation": {
        "rouge1": 0.0,
        "rouge2": 0.0,
        "rougeL": 0.0,
        "alignscore": 0.26617846862406447,
        "prometheus_score": 0.528
      }
    },
    "colbert": {
      "answerability": {
        "accuracy": 0.6209844559585492,
        "precision": 0.7774666666666666,
        "recall": 0.6243040685224839,
        "f1_score": 0.6925178147268409
      },
      "generation": {
        "rouge1": 0.0,
        "rouge2": 0.0,
        "rougeL": 0.0,
        "alignscore": 0.26617846862406447,
        "prometheus_score": 0.528
      }
    },
    "cross_encoder": {
      "answerability": {
        "accuracy": 0.6077720207253886,
        "precision": 0.7663563829787233,
        "recall": 0.6170235546038544,
        "f1_score": 0.6836298932384341
      },
      "generation": {
        "rouge1": 0.0,
        "rouge2": 0.0,
        "rougeL": 0.0,
        "alignscore": 0.26617846862406447,
        "prometheus_score": 0.528
      }
    }
  }
}