{
  "retrieval": {
    "bm25": {
      "recall": {
        "1": 0.0021413276231263384,
        "5": 0.005710206995003569,
        "10": 0.009279086366880799,
        "20": 0.021413276231263382,
        "50": 0.05710206995003568
      },
      "ndcg": {
        "1": 0.006423982869379015,
        "5": 0.005475044869581994,
        "10": 0.006983929527322375,
        "20": 0.01125363053503445,
        "50": 0.020986483299336143
      },
      "mrr": 0.013404737382265773
    },
    "tfidf": {
      "recall": {
        "1": 0.0014275517487508922,
        "5": 0.0014275517487508922,
        "10": 0.00356887937187723,
        "20": 0.010706638115631691,
        "50": 0.03640256959314775
      },
      "mrr": 0.007031671199318376
    },
    "dense": {
      "recall": {
        "1": 0.0007137758743754461,
        "5": 0.0028551034975017845,
        "10": 0.005710206995003569,
        "20": 0.009992862241256244,
        "50": 0.027837259100642397
      },
      "mrr": 0.004771383728446861,
      "ndcg": {
        "1": 0.0021413276231263384,
        "5": 0.0024163687838615142,
        "10": 0.0037117236006820797,
        "20": 0.005238460698387074,
        "50": 0.010086061570438058
      }
    },
    "colbert": {
      "recall": {
        "1": 0.0028551034975017845,
        "5": 0.005710206995003569,
        "10": 0.008565310492505354,
        "20": 0.017130620985010708,
        "50": 0.0542469664525339
      },
      "mrr": 0.013994471316446924
    },
    "cross_encoder": {}
  },
  "downstream": {
    "bm25": {
      "answerability": {
        "accuracy": 0.63860103626943,
        "precision": 0.7815584415584416,
        "recall": 0.6443254817987152,
        "f1_score": 0.706338028169014
      },
      "generation": {
        "rouge1": 0.0,
        "rouge2": 0.0,
        "rougeL": 0.0,
        "alignscore": 0.26719170984455964,
        "prometheus_score": 0.528
      }
    },
    "tfidf": {
      "answerability": {
        "accuracy": 0.6018998272884283,
        "precision": 0.7636363636363637,
        "recall": 0.6115631691648822,
        "f1_score": 0.679191438763377
      },
      "generation": {
        "rouge1": 0.0,
        "rouge2": 0.0,
        "rougeL": 0.0,
        "alignscore": 0.26719170984455964,
        "prometheus_score": 0.528
      }
    },
    "dense": {
      "answerability": {
        "accuracy": 0.6283246977547495,
        "precision": 0.7802910052910053,
        "recall": 0.6315845824411135,
        "f1_score": 0.6981065088757397
      },
      "generation": {
        "rouge1": 0.0,
        "rouge2": 0.0,
        "rougeL": 0.0,
        "alignscore": 0.26567184801381694,
        "prometheus_score": 0.528
      }
    },
    "colbert": {
      "answerability": {
        "accuracy": 0.6253886010362694,
        "precision": 0.7818181818181819,
        "recall": 0.6261241970021413,
        "f1_score": 0.6953626634958383
      },
      "generation": {
        "rouge1": 0.0,
        "rouge2": 0.0,
        "rougeL": 0.0,
        "alignscore": 0.26719170984455964,
        "prometheus_score": 0.528
      }
    },
    "cross_encoder": {
      "answerability": {
        "accuracy": 0.6239205526770293,
        "precision": 0.7705194805194805,
        "recall": 0.6352248394004283,
        "f1_score": 0.6963615023474178
      },
      "generation": {
        "rouge1": 0.0,
        "rouge2": 0.0,
        "rougeL": 0.0,
        "alignscore": 0.26719170984455964,
        "prometheus_score": 0.528
      }
    }
  }
}