{
  "retrieval": {
    "bm25": {
      "recall": {
        "1": 0.0007137758743754461,
        "5": 0.004282655246252677,
        "10": 0.00713775874375446,
        "20": 0.019271948608137045,
        "50": 0.052105638829407566
      },
      "ndcg": {
        "1": 0.0021413276231263384,
        "5": 0.0034652858716258637,
        "10": 0.004706680678244551,
        "20": 0.00899717964058584,
        "50": 0.017943625656352703
      },
      "mrr": 0.009644932359745728
    },
    "tfidf": {
      "recall": {
        "1": 0.0007137758743754461,
        "5": 0.0007137758743754461,
        "10": 0.0021413276231263384,
        "20": 0.008565310492505352,
        "50": 0.03140613847251962
      },
      "mrr": 0.004729177709772247
    },
    "dense": {
      "recall": {
        "1": 0.0007137758743754461,
        "5": 0.0028551034975017845,
        "10": 0.005710206995003569,
        "20": 0.009992862241256244,
        "50": 0.027837259100642397
      },
      "mrr": 0.004771383728446861,
      "ndcg": {
        "1": 0.0021413276231263384,
        "5": 0.0024163687838615142,
        "10": 0.0037117236006820797,
        "20": 0.005238460698387074,
        "50": 0.010086061570438058
      }
    },
    "colbert": {
      "recall": {
        "1": 0.0007137758743754461,
        "5": 0.0021413276231263384,
        "10": 0.004996431120628122,
        "20": 0.01427551748750892,
        "50": 0.050678087080656666
      },
      "mrr": 0.007494660819695713
    },
    "cross_encoder": {}
  },
  "downstream": {
    "bm25": {
      "answerability": {
        "accuracy": 0.6444732297063903,
        "precision": 0.7841085271317829,
        "recall": 0.6497858672376874,
        "f1_score": 0.7106557377049181
      },
      "generation": {
        "rouge1": 0.0,
        "rouge2": 0.0,
        "rougeL": 0.0,
        "alignscore": 0.26810362694300516,
        "prometheus_score": 0.528
      }
    },
    "tfidf": {
      "answerability": {
        "accuracy": 0.6444732297063903,
        "precision": 0.7750629722921915,
        "recall": 0.6588865096359743,
        "f1_score": 0.7122685185185185
      },
      "generation": {
        "rouge1": 0.0,
        "rouge2": 0.0,
        "rougeL": 0.0,
        "alignscore": 0.26810362694300516,
        "prometheus_score": 0.528
      }
    },
    "dense": {
      "answerability": {
        "accuracy": 0.6532815198618307,
        "precision": 0.7796992481203007,
        "recall": 0.6661670235546039,
        "f1_score": 0.7184757505773671
      },
      "generation": {
        "rouge1": 0.0,
        "rouge2": 0.0,
        "rougeL": 0.0,
        "alignscore": 0.26658376511226256,
        "prometheus_score": 0.528
      }
    },
    "colbert": {
      "answerability": {
        "accuracy": 0.6444732297063903,
        "precision": 0.7804347826086957,
        "recall": 0.6534261241970022,
        "f1_score": 0.7113053613053613
      },
      "generation": {
        "rouge1": 0.0,
        "rouge2": 0.0,
        "rougeL": 0.0,
        "alignscore": 0.26810362694300516,
        "prometheus_score": 0.528
      }
    },
    "cross_encoder": {
      "answerability": {
        "accuracy": 0.63713298791019,
        "precision": 0.7909090909090909,
        "recall": 0.6334047109207709,
        "f1_score": 0.7034482758620689
      },
      "generation": {
        "rouge1": 0.0,
        "rouge2": 0.0,
        "rougeL": 0.0,
        "alignscore": 0.26810362694300516,
        "prometheus_score": 0.528
      }
    }
  }
}