{
  "retrieval": {
    "bm25": {
      "recall": {
        "1": 0.0021413276231263384,
        "5": 0.004996431120628122,
        "10": 0.009992862241256244,
        "20": 0.024268379728765166,
        "50": 0.06709493219129192
      },
      "ndcg": {
        "1": 0.006423982869379015,
        "5": 0.005042266825683605,
        "10": 0.007372002847552208,
        "20": 0.012372183707906765,
        "50": 0.024023605316355785
      },
      "mrr": 0.014400245923453594
    },
    "tfidf": {
      "recall": {
        "1": 0.0014275517487508922,
        "5": 0.004282655246252677,
        "10": 0.008565310492505352,
        "20": 0.020699500356887935,
        "50": 0.05424696645253389
      },
      "mrr": 0.011669971860958249
    },
    "dense": {
      "recall": {
        "1": 0.0007137758743754461,
        "5": 0.0028551034975017845,
        "10": 0.005710206995003569,
        "20": 0.009992862241256244,
        "50": 0.027837259100642397
      },
      "mrr": 0.004771383728446861,
      "ndcg": {
        "1": 0.0021413276231263384,
        "5": 0.0024163687838615142,
        "10": 0.0037117236006820797,
        "20": 0.005238460698387074,
        "50": 0.010086061570438058
      }
    },
    "colbert": {
      "recall": {
        "1": 0.004282655246252677,
        "5": 0.014989293361884369,
        "10": 0.02498215560314061,
        "20": 0.04068522483940043,
        "50": 0.09350463954318342
      },
      "mrr": 0.02858504027301757
    },
    "cross_encoder": {}
  },
  "downstream": {
    "bm25": {
      "answerability": {
        "accuracy": 0.616580310880829,
        "precision": 0.7694736842105263,
        "recall": 0.6261241970021413,
        "f1_score": 0.6904368358913814
      },
      "generation": {
        "rouge1": 0.0,
        "rouge2": 0.0,
        "rougeL": 0.0,
        "alignscore": 0.26830627518710426,
        "prometheus_score": 0.528
      }
    },
    "tfidf": {
      "answerability": {
        "accuracy": 0.6415371329879103,
        "precision": 0.7729219143576826,
        "recall": 0.6570663811563169,
        "f1_score": 0.7103009259259259
      },
      "generation": {
        "rouge1": 0.0,
        "rouge2": 0.0,
        "rougeL": 0.0,
        "alignscore": 0.26830627518710426,
        "prometheus_score": 0.528
      }
    },
    "dense": {
      "answerability": {
        "accuracy": 0.6341968911917099,
        "precision": 0.7791666666666666,
        "recall": 0.6406852248394004,
        "f1_score": 0.7031727379553466
      },
      "generation": {
        "rouge1": 0.0,
        "rouge2": 0.0,
        "rougeL": 0.0,
        "alignscore": 0.26830627518710426,
        "prometheus_score": 0.528
      }
    },
    "colbert": {
      "answerability": {
        "accuracy": 0.6341968911917099,
        "precision": 0.7684343434343435,
        "recall": 0.6516059957173448,
        "f1_score": 0.7052143684820394
      },
      "generation": {
        "rouge1": 0.0,
        "rouge2": 0.0,
        "rougeL": 0.0,
        "alignscore": 0.26830627518710426,
        "prometheus_score": 0.528
      }
    },
    "cross_encoder": {
      "answerability": {
        "accuracy": 0.6253886010362694,
        "precision": 0.778042328042328,
        "recall": 0.6297644539614561,
        "f1_score": 0.696094674556213
      },
      "generation": {
        "rouge1": 0.0,
        "rouge2": 0.0,
        "rougeL": 0.0,
        "alignscore": 0.26830627518710426,
        "prometheus_score": 0.528
      }
    }
  }
}