[
  {
    "Agent": "executor response formatter",
    "Cost ($)": 0.0046046,
    "Prompt Tokens": 3782.0,
    "Completion Tokens": 101.0,
    "Total Tokens": 3883.0
  },
  {
    "Agent": "engineer response formatter",
    "Cost ($)": 0.0146432,
    "Prompt Tokens": 2952.0,
    "Completion Tokens": 2590.0,
    "Total Tokens": 5542.0
  },
  {
    "Agent": "terminator",
    "Cost ($)": 0.013952,
    "Prompt Tokens": 6972.0,
    "Completion Tokens": 1.0,
    "Total Tokens": 6973.0
  },
  {
    "Agent": "control",
    "Cost ($)": 0.039682,
    "Prompt Tokens": 17813.0,
    "Completion Tokens": 507.0,
    "Total Tokens": 18320.0
  },
  {
    "Agent": "engineer",
    "Cost ($)": 0.034495,
    "Prompt Tokens": 7220.0,
    "Completion Tokens": 2547.0,
    "Total Tokens": 9767.0
  },
  {
    "Agent": "Total",
    "Cost ($)": 0.1073768,
    "Prompt Tokens": 38739.0,
    "Completion Tokens": 5746.0,
    "Total Tokens": 44485.0
  }
]