[
  {
    "Agent": "executor response formatter",
    "Cost ($)": 0.015114,
    "Prompt Tokens": 13336.0,
    "Completion Tokens": 101.0,
    "Total Tokens": 13437.0
  },
  {
    "Agent": "engineer response formatter",
    "Cost ($)": 0.0243672,
    "Prompt Tokens": 4492.0,
    "Completion Tokens": 4415.0,
    "Total Tokens": 8907.0
  },
  {
    "Agent": "terminator",
    "Cost ($)": 0.035668,
    "Prompt Tokens": 17830.0,
    "Completion Tokens": 1.0,
    "Total Tokens": 17831.0
  },
  {
    "Agent": "control starter",
    "Cost ($)": 0.003056,
    "Prompt Tokens": 1524.0,
    "Completion Tokens": 1.0,
    "Total Tokens": 1525.0
  },
  {
    "Agent": "control",
    "Cost ($)": 0.091224,
    "Prompt Tokens": 44404.0,
    "Completion Tokens": 302.0,
    "Total Tokens": 44706.0
  },
  {
    "Agent": "engineer",
    "Cost ($)": 0.05752,
    "Prompt Tokens": 11536.0,
    "Completion Tokens": 4310.0,
    "Total Tokens": 15846.0
  },
  {
    "Agent": "Total",
    "Cost ($)": 0.22694920000000002,
    "Prompt Tokens": 93122.0,
    "Completion Tokens": 9130.0,
    "Total Tokens": 102252.0
  }
]