[
  {
    "Agent": "executor response formatter",
    "Cost ($)": 0.004862,
    "Prompt Tokens": 4016.0,
    "Completion Tokens": 101.0,
    "Total Tokens": 4117.0
  },
  {
    "Agent": "engineer response formatter",
    "Cost ($)": 0.0224961,
    "Prompt Tokens": 4071.0,
    "Completion Tokens": 4095.0,
    "Total Tokens": 8166.0
  },
  {
    "Agent": "terminator",
    "Cost ($)": 0.016142,
    "Prompt Tokens": 8067.0,
    "Completion Tokens": 1.0,
    "Total Tokens": 8068.0
  },
  {
    "Agent": "control starter",
    "Cost ($)": 0.003018,
    "Prompt Tokens": 1505.0,
    "Completion Tokens": 1.0,
    "Total Tokens": 1506.0
  },
  {
    "Agent": "control",
    "Cost ($)": 0.103308,
    "Prompt Tokens": 50450.0,
    "Completion Tokens": 301.0,
    "Total Tokens": 50751.0
  },
  {
    "Agent": "engineer",
    "Cost ($)": 0.07582875,
    "Prompt Tokens": 30343.0,
    "Completion Tokens": 3790.0,
    "Total Tokens": 34133.0
  },
  {
    "Agent": "Total",
    "Cost ($)": 0.22565485,
    "Prompt Tokens": 98452.0,
    "Completion Tokens": 8289.0,
    "Total Tokens": 106741.0
  }
]