[
  {
    "Agent": "researcher response formatter",
    "Cost ($)": 0.020548,
    "Prompt Tokens": 3708.0,
    "Completion Tokens": 3743.0,
    "Total Tokens": 7451.0
  },
  {
    "Agent": "terminator",
    "Cost ($)": 0.01595,
    "Prompt Tokens": 7971.0,
    "Completion Tokens": 1.0,
    "Total Tokens": 7972.0
  },
  {
    "Agent": "control starter",
    "Cost ($)": 0.003048,
    "Prompt Tokens": 1520.0,
    "Completion Tokens": 1.0,
    "Total Tokens": 1521.0
  },
  {
    "Agent": "researcher",
    "Cost ($)": 0.09262875,
    "Prompt Tokens": 43687.0,
    "Completion Tokens": 3802.0,
    "Total Tokens": 47489.0
  },
  {
    "Agent": "control",
    "Cost ($)": 0.075272,
    "Prompt Tokens": 37008.0,
    "Completion Tokens": 157.0,
    "Total Tokens": 37165.0
  },
  {
    "Agent": "Total",
    "Cost ($)": 0.20744675,
    "Prompt Tokens": 93894.0,
    "Completion Tokens": 7704.0,
    "Total Tokens": 101598.0
  }
]