[
  {
    "Agent": "executor response formatter",
    "Cost ($)": 0.0051183,
    "Prompt Tokens": 4241.0,
    "Completion Tokens": 103.0,
    "Total Tokens": 4344.0
  },
  {
    "Agent": "engineer response formatter",
    "Cost ($)": 0.0248985,
    "Prompt Tokens": 4711.0,
    "Completion Tokens": 4481.0,
    "Total Tokens": 9192.0
  },
  {
    "Agent": "terminator",
    "Cost ($)": 0.017778,
    "Prompt Tokens": 8885.0,
    "Completion Tokens": 1.0,
    "Total Tokens": 8886.0
  },
  {
    "Agent": "control starter",
    "Cost ($)": 0.00299,
    "Prompt Tokens": 1491.0,
    "Completion Tokens": 1.0,
    "Total Tokens": 1492.0
  },
  {
    "Agent": "control",
    "Cost ($)": 0.138324,
    "Prompt Tokens": 68026.0,
    "Completion Tokens": 284.0,
    "Total Tokens": 68310.0
  },
  {
    "Agent": "engineer",
    "Cost ($)": 0.0966575,
    "Prompt Tokens": 40318.0,
    "Completion Tokens": 4626.0,
    "Total Tokens": 44944.0
  },
  {
    "Agent": "Total",
    "Cost ($)": 0.2857663,
    "Prompt Tokens": 127672.0,
    "Completion Tokens": 9496.0,
    "Total Tokens": 137168.0
  }
]