[
  {
    "Agent": "executor response formatter",
    "Cost ($)": 0.0059191,
    "Prompt Tokens": 4977.0,
    "Completion Tokens": 101.0,
    "Total Tokens": 5078.0
  },
  {
    "Agent": "engineer response formatter",
    "Cost ($)": 0.0247159,
    "Prompt Tokens": 4665.0,
    "Completion Tokens": 4451.0,
    "Total Tokens": 9116.0
  },
  {
    "Agent": "terminator",
    "Cost ($)": 0.01923,
    "Prompt Tokens": 9611.0,
    "Completion Tokens": 1.0,
    "Total Tokens": 9612.0
  },
  {
    "Agent": "control starter",
    "Cost ($)": 0.003054,
    "Prompt Tokens": 1523.0,
    "Completion Tokens": 1.0,
    "Total Tokens": 1524.0
  },
  {
    "Agent": "control",
    "Cost ($)": 0.123638,
    "Prompt Tokens": 60671.0,
    "Completion Tokens": 287.0,
    "Total Tokens": 60958.0
  },
  {
    "Agent": "engineer",
    "Cost ($)": 0.08893625,
    "Prompt Tokens": 34581.0,
    "Completion Tokens": 4571.0,
    "Total Tokens": 39152.0
  },
  {
    "Agent": "Total",
    "Cost ($)": 0.26549325,
    "Prompt Tokens": 116028.0,
    "Completion Tokens": 9412.0,
    "Total Tokens": 125440.0
  }
]