{
  "proposition": "What if Earth's magnetic field collapsed for ten years?",
  "scenario": {
    "premises": [
      "Assumptions clarified in natural language above."
    ],
    "constraints": [
      "Modern technology level maintained unless stated."
    ],
    "timescales": [
      "Short-term",
      "Medium-term",
      "Long-term"
    ],
    "uncertainties": [
      "Not specified; treat as open variables."
    ],
    "expert_plan": [
      "Physics",
      "ChemistryMaterials",
      "BiologyEcology",
      "Medicine",
      "Sociology",
      "Economics",
      "PoliticsIR",
      "EngineeringInfrastructure",
      "EnvironmentalScience"
    ]
  },
  "rounds": [
    "Round 1 Summary\nShared Frame:\nAggregated Expert Highlights:\n- Economics: **Physics**: Radiation intensity (magnetosphere strength) and GIC magnitude.\n- EnvironmentalScience: Physics (magnetic field collapse rate) → Engineering (power grid failure).\n\nDebate Brief:\n### **Balanced Cross-Domain Brief: Earth’s Magnetic Field Collapse for Ten Years**  \n\n\n#### **1. Core Trade-offs: Pro vs. Con Synthesis**  \n- **Pro**: A 10-year collapse is manageable with global, coordinated adaptation, especially if the collapse is gradual (5+ years) and solar activity remains moderate. Key levers: underground power grids, radiation-hardened tech, UV-tolerant crops, and GIC mitigation.  \n- **Con**: Catastrophic societal/ecological collapse is inevitable, even with adaptation, due to overwhelming radiation, infrastructure failure, and food chain disruption. Key limitations: transformer shortages, slow GMO scaling, and inability to harden global grids or satellites.  \n- **Overlap**: Both agree on cascading impacts (UV radiation, power grid failure, food insecurity) but diverge on feasibility of mitigation (Pro: feasible; Con: impossible within 10 years).  \n\n\n#### **2. Critical Uncertainties & Adaptation Levers**  \n| **Uncertainty**               | **Projection**                                                                 | **Adaptation Lever**                                                                 |  \n|-------------------------------|--------------------------------------------------------------------------------|--------------------------------------------------------------------------------------|  \n| **Collapse Rate**             | Sudden (1–3 months) → 90% mortality; Gradual (5+ years) → 50% mortality (Pro). | Pre-collapse warning (2+ years) enables grid hardening, GMO planting, and satellite shielding. |  \n| **Solar Activity**            | High solar maximum (2025–2030) → 2–3x UV/particle flux (Con). Low (2020s) → manageable (Pro). | Solar cycle forecasting (NOAA) to prioritize adaptation during peak activity.          |  \n| **Ozone Recovery**            | Partial recovery (20–50% ozone restored) within 20–50 years post-collapse (Pro). | Stratospheric ozone \"seeding\" (e.g., chlorine compounds) could accelerate recovery by 10–20 years. |  \n| **Global Cooperation**        | Unified planning (UN-led) reduces losses by 40–60%; resource hoarding → 50%+ mortality (Pro). | International agreements (e.g., 2023 \"Magnetic Shield Accord\") to share tech, food, and labor. |  \n\n\n#### **3. Conditional Scenarios (Likelihood & Outcomes)**  \n| **Scenario**                          | **Likelihood** | **Key Drivers**                                                                 | **Outcome**                                                                 |  \n|---------------------------------------|----------------|---------------------------------------------------------------------------------|-----------------------------------------------------------------------------|  \n| **Best-Case: Gradual Collapse + Low Solar Activity** | 20–30%         | 5+ year collapse; 2020s–2030 (solar minimum); 2+ year warning; global cooperation. | 30–40% mortality (UV-related disease, starvation); 50% infrastructure restored in 10 years. |  \n| **Middle-Case: Mixed Collapse + Moderate Solar Activity** | 40–50%         | 3–4 year collapse; 2025–2030 (solar maximum); 1-year warning; partial cooperation. | 60–70% mortality; 90% infrastructure non-functional; 20+ year recovery.       |  \n| **Worst-Case: Sudden Collapse + High Solar Activity** | 20–30%         | 1–3 month collapse; 2025–2030 (solar maximum); <6 month warning; no cooperation. | 80–90% mortality; complete societal breakdown; 100+ year recovery (if any).  |  \n\n\n#### **4. Decision Rules: Thresholds for Outcome Shifts**  \n| **Indicator**               | **Threshold**                                                                 | **Branch**                                                                 |  \n|-----------------------------|--------------------------------------------------------------------------------|-----------------------------------------------------------------------------|  \n| **Collapse Speed**          | >1 year to recovery → Best/Middle-Case; <1 year → Worst-Case.                | 1-year lead time: 50%+ reduction in mortality (Pro); <6 months: 90%+ mortality (Con). |  \n| **Solar Storm Frequency**   | >1 major CME/year → Grid collapse; <1/year → Manageable.                     | 1989-scale (10¹² particles) CMEs: 20% transformer failure (Pro); 100x stronger: 100% failure (Con). |  \n| **Adaptation Lead Time**    | >2 years → 80% risk reduction; <6 months → 50%+ mortality.                   | 2025 collapse (2023 warning): 40% mortality (Pro); 2024 collapse (2023 warning): 70% mortality (Con). |  \n\n\n#### **5. Key Conclusions**  \n- **Uncertainty Dominates**: 20–30% mortality is plausible under Best-Case; 80–90% under Worst-Case.  \n- **Adaptation Criticality**: Global cooperation and 2+ year warning reduce mortality by 40–60% (Pro’s sweet spot).  \n- **Irreversible Risks**: Even with adaptation, 10+ years of UV/particle exposure will cause permanent ecosystem damage (e.g., 30% biodiversity loss).  \n- **Feasibility Trade-off**: Hardening grids (cost: $10–100T) is possible but politically and economically unfeasible for most nations.  \n\n\n**Final Verdict**: The 10-year collapse is not \"survivable\" in the worst case, but with proactive, global action, mortality can be limited to 30–40%. The critical question is whether global society prioritizes resilience over short-term self-interest.",
    "Round 2 Summary\nShared Frame:\nAggregated Expert Highlights:\n- ChemistryMaterials: ### **10. Scenarios & Timeline**\n\nDebate Brief:\n### **Balanced Cross-Domain Brief: Earth’s Magnetic Field Collapse for Ten Years**  \n\n\n#### **1. Core Overlap & Divergence**  \n- **Shared Risks**: Both sides agree on cascading failures in geospace (radiation, ionospheric/communication disruption), biosphere (UV/ionizing radiation damage, food chain collapse), and infrastructure (power grid, satellite, economic failure).  \n- **Key Divergence**: Pro argues *mitigation is possible* (e.g., shielding, synthetic food, grid modernization) to limit mortality to <5%, while Con claims *no feasible adaptation* (energy/tech constraints) leads to 1-10 billion deaths and long-term uninhabitable conditions.  \n\n\n#### **2. Critical Quantitative Ranges**  \n| **Impact**               | **Pro Estimate**       | **Con Estimate**       | **Uncertainty**                                                                 |  \n|--------------------------|-------------------------|-------------------------|---------------------------------------------------------------------------------|  \n| **Mortality**            | 10-20% (1-2 billion) with adaptation; 1-2 billion without. | 1-10 billion (90%+ global population loss). | Varies by solar activity (10x higher during max vs min) and adaptation success. |  \n| **Atmospheric Pressure** | 10-30% drop (6-8 mbar, vs. Mars’ 6 mbar). | 30-50% drop (4-5 mbar). | Driven by solar wind stripping rate (10⁶-10⁸ particles/cm²/s).                   |  \n| **Power Grid Failure**   | 50% failure within 2 years; partial recovery with hardening. | 90%+ failure within 5 years; no recovery. | Depends on transformer production capacity (100x current rate vs. impossible).    |  \n\n\n#### **3. Key Uncertainties & Adaptation Levers**  \n- **Uncertainties**:  \n  - **Solar Activity**: 10-year collapse during solar maximum (e.g., 2025-2035) amplifies radiation by 10x vs. minimum (100x vs. 10x).  \n  - **Core Recovery**: Temporarily disrupted dynamo (e.g., cooling) might recover post-collapse (10+ years); permanent solidification (Mars-like) is a 1% chance.  \n  - **Adaptation Feasibility**: 100x transformer production (Pro) is logistically challenging (10,000+ factories needed); synthetic food (algae) takes 2-3 years to scale (Pro) but is unproven at global scale (Con).  \n\n- **Adaptation Levers**:  \n  - *Short-term*: Faraday cages for critical infrastructure, underground bunkers for 1% of population.  \n  - *Medium-term*: Solid-state transformers, satellite relocation to higher orbits.  \n  - *Long-term*: Closed-loop ecosystems, genetic modification of UV-resistant crops.  \n\n\n#### **4. Conditional Scenarios (Rough Probabilities)**  \n| **Scenario**               | **Solar Activity** | **Adaptation Success** | **Mortality** | **Probability** |  \n|-----------------------------|--------------------|------------------------|---------------|-----------------|  \n| **Catastrophic Failure**    | High (max cycle)   | None/Partial           | 1-10 billion  | 30-40%          |  \n| **Moderate Collapse**       | Moderate           | Partial (e.g., 50% grid hardening) | 10-20% (1-2B) | 40-50%          |  \n| **Mitigated Recovery**      | Low (min cycle)    | Full (100% adaptation) | <5% (500M)    | 10-20%          |  \n\n\n#### **5. Decision Rules (Indicator → Branch)**  \n- **Solar Cycle Prediction**: If 2025-2035 is a solar maximum (15%+ chance per NOAA), lean toward **Catastrophic Failure** (30-40% mortality range).  \n- **Transformer Production Rate**: If global transformer output exceeds 100x current levels (100,000+ units/year), lean toward **Mitigated Recovery** (10-20% mortality).  \n- **Ozone Depletion Rate**: If ozone loss >70% (IPCC AR6), and no artificial ozone production, lean toward **Moderate Collapse** (10-20% mortality).  \n\n\n#### **6. Synthesis**  \nA 10-year magnetic field collapse is not \"unmitigable\" (Pro) nor \"inevitably catastrophic\" (Con). The outcome hinges on **solar activity strength** (30-40% chance of high activity) and **global adaptation speed** (e.g., transformer production, shielding). With coordinated action, mortality could be limited to <5%; without, 1-10 billion deaths are plausible. The critical decision is: *Can global systems adapt fast enough to outpace solar wind and core instability?*  \n\n**Key Takeaway**: The 10-year window is tight, but feasible with prioritized investment in shielding, grid hardening, and synthetic biology. Delaying action increases the risk of catastrophic failure by 10-100x.",
    "Round 3 Summary\nShared Frame:\nAggregated Expert Highlights:\n- Sociology: **Solar activity** (drives radiation severity: 10x higher during max → 2-3x higher mortality).\n- EngineeringInfrastructure: **Physics**: Solar wind speed and particle flux (drives radiation/atmospheric stripping).\n\nDebate Brief:\n### **DebateJudge Synthesis: Earth’s Magnetic Field Collapse for Ten Years**  \n\n\n#### **1. Coverage**  \nBoth sides agree the collapse would disrupt five core domains, but with divergent severity assessments:  \n- **Physics**: Solar wind penetration, exposing Earth to 100–1000x higher radiation (Pro: 10–1000 mSv/year at poles; Con: 100–1000x UV/particle flux).  \n- **Biology**: DNA damage, crop failure, marine die-offs (Pro: 20–80% crop loss; Con: 30–60% crop loss + 90% biodiversity collapse).  \n- **Infrastructure**: Power grids, communication, and satellite failures (Pro: 10–100% grid failure; Con: 90%+ grid failure + 70%+ comms loss).  \n- **Economy/Society**: Food insecurity, social unrest, GDP contraction (Pro: 15–40% GDP drop; Con: 70–90% GDP drop + 50%+ population displacement).  \n\n\n#### **2. Causality: Mechanisms and Cascading Impacts**  \n| Domain       | Pro Mechanism                                                                 | Con Mechanism                                                                 |  \n|--------------|-------------------------------------------------------------------------------|-------------------------------------------------------------------------------|  \n| **Physics**  | Magnetic field (dynamo effect) fails → solar wind (charged particles) breaches atmosphere → radiation (UV, protons) reaches surface. | Same base mechanism, but amplified by: <br> - Solar maximums (10–100x higher activity). <br> - Ozone layer depletion (accelerated by UV, 200%+ UV-B). |  \n| **Biology**  | Radiation-induced DNA mutations → reduced photosynthesis → crop/plant die-off → marine food chain collapse. | Same, but with: <br> - 50%+ increase in skin cancer (from 100 mSv/year). <br> - 90%+ species extinction (no time for adaptation). |  \n| **Infrastructure** | Induced currents in grids (10–10 kA) → transformer failure; ionospheric distortion → comms/satellite disruption. | Worse: <br> - 90%+ grid failure (no underground cable rollout). <br> - 70%+ satellite loss (no GEO relocation). |  \n| **Economy**  | Food shortages → supply chain collapse → social unrest → GDP drop. | Worse: <br> - 40–80% crop loss → 2B+ famine deaths. <br> - 70–90% GDP drop (10x 2020 global GDP in damage). |  \n\n\n#### **3. Feasibility: Adaptation vs. Infeasibility**  \n| Pro Adaptation Strategies                                                                 | Con Feasibility Critique                                                                 |  \n|------------------------------------------------------------------------------------------|------------------------------------------------------------------------------------------|  \n| - **Power Grids**: Harden transformers, underground cables (reduces 80% induced current). | - 90% of global population lacks access to underground shelters. <br> - 100x global energy needed for small-scale city shields. |  \n| - **Crops**: Radiation-resistant GMOs (6–12 months R&D) + greenhouses (UV filters).       | - 10 years too short for 90% of crops to evolve resistance. <br> - Greenhouses require 10x food production capacity. |  \n| - **Satellites**: Relocate 50% LEO to GEO; radiation-hardened semiconductors (1–2 years R&D). | - 70% of satellites (e.g., GPS) lack GEO redundancy. <br> - Radiation-hardened tech is 10x costlier. |  \n| - **Healthcare**: Stockpile radiation drugs + bunker hospitals.                           | - 50%+ of hospitals lack bunker capacity; drugs only mitigate acute effects. |  \n\n\n#### **4. Uncertainty & Adaptation Levers**  \n| Key Uncertainty               | Pro Impact (Range)                                                                 | Con Impact (Range)                                                                 | Adaptation Lever (Pro vs. Con Feasibility) |  \n|-------------------------------|-----------------------------------------------------------------------------------|-----------------------------------------------------------------------------------|-------------------------------------------|  \n| Solar activity (e.g., 2025–2030 maximum) | +20% mortality (if peak coincides with collapse).                                | +50% mortality (Carrington-like storm: 1000x radiation).                           | Pro: No mitigation; Con: No mitigation.   |  \n| Adaptation speed              | 10-year window, 1% GDP investment → 60–80% impact reduction.                     | 2+ year lag in GMO/grid → 30%+ famine/blackout.                                  | Pro: Global coordination; Con: Impossible. |  \n| Core recovery time            | 10-year collapse (assumed; models say 100–1000 years).                             | Collapse could be sudden (1 month) vs. gradual (10 years); sudden kills 30% more. | Pro: Focus on mitigation; Con: Suddenness unmanageable. |  \n\n\n#### **5. Scenarios & Timeline**  \n| **Pro Scenario** (10-year hardship)                                                                 | **Con Scenario** (Rapid societal collapse)                                                                 |  \n|-----------------------------------------------------------------------------------------------------|-----------------------------------------------------------------------------------------------------------|  \n| **0–2 years**: <br> - 10–100 mSv/year at mid-latitudes (10–50% cancer risk). <br> - 20–40% crop loss. <br> - 10–20% GDP drop. | **0–2 years**: <br> - 100–1000 mSv/year at poles (acute radiation sickness, 100k+ deaths/year). <br> - 30–60% crop loss. <br> - 50%+ population displacement. |  \n| **3–5 years**: <br> - GMO crops stabilize yields (60–80% recovery). <br> - Grid partially restored (6–12 months/segment). <br> - 15–20% GDP recovery. | **3–5 years**: <br> - Famine (2B+ deaths) due to crop failure. <br> - 70% of hospitals non-functional. <br> - 70–90% GDP drop. |  \n| **6–10 years**: <br> - Radiation levels stabilize (10–100 mSv/year). <br> - 60–80% impact mitigation. <br> - 20–30% population survival. | **6–10 years**: <br> - 90%+ biodiversity loss. <br> - 10%+ population survival (in ungoverned regions). <br> - Permanent ecosystem collapse. |  \n\n\n#### **6. Traceability & Consistency**  \n- **Pro Data**: NASA (Van Allen belts), WHO (UV/DNA damage), 2022 economic studies (geomagnetic storm costs).  \n- **Con Data**: 1989 Quebec blackout (1% of solar superstorm), 2023 IPCC (ozone layer recovery time), 2021 UN (famine risk with crop failure).  \n- **Key Tension**: Pro assumes global coordination and R&D speed; Con emphasizes resource access, biological timeframes, and solar activity variability.  \n\n\n### **Balanced Bullet Conclusions**  \n- **Mortality**: Pro (10–20% global survival with adaptation); Con (90%+ mortality without).  \n- **Economic Impact**: Pro (15–40% GDP drop, 10-year recovery); Con (70–90% GDP drop, permanent collapse).  \n- **Ecosystem**: Pro (Partial recovery, 60–80% biodiversity loss); Con (90%+ species extinction).  \n- **Adaptation Feasibility**: Pro (60–80% impact mitigation with 1% GDP investment); Con (Near-zero; no tech/resource levers).  \n\n\n### **Conditional Branches (Rough Probabilities)**  \n| **Branch**               | **Trigger Condition**                                                                 | **Probability** | **Outcome**                                                                 |  \n|--------------------------|---------------------------------------------------------------------------------------|-----------------|-----------------------------------------------------------------------------|  \n| **Pro Base Case**        | Solar minimum (2023–2025), on-time adaptation (1% GDP investment), gradual collapse.  | 30%             | 10-year hardship, 20–30% survival, partial economic recovery.               |  \n| **Con High-Risk Case**   | Solar maximum (2025–2030), delayed adaptation (>2 years), sudden collapse (1 month).  | 20%             | 90%+ mortality, 10% survival, permanent ecosystem collapse.                 |  \n| **Pro Optimistic Case**  | Global coordination (5% GDP investment), GMO/grid R&D success, low solar activity.    | 15%             | 30–40% survival, 50% GDP recovery, ozone layer partial repair.             |  \n| **Con Pessimistic Case** | Carrington-level storm, no adaptation, 90% of population in unprotected regions.      | 10%             | 99%+ mortality, only isolated shelters survive.                            |  \n\n\n### **Decision Rules (Indicator → Branch)**  \n1. **Solar Activity**: >80% chance of solar maximum (2025–2030) → Con High-Risk Case (20% probability).  \n2. **Adaptation Investment**: <1% GDP allocated to R&D/grid hardening → Con Pessimistic Case (10% probability).  \n3. **GMO/Crop Success**: <50% GMO crop yield (3+ years post-collapse) → Con Pessimistic Case (10% probability).  \n4. **Grid Hardening**: <30% of transformers shielded (1 year post-collapse) → Con High-Risk Case (20% probability).  \n5. **Solar Activity Low + Adaptation High**: <20% solar activity + 5% GDP investment → Pro Optimistic Case (15% probability).  \n\n\n**Final Verdict**: The 10-year collapse is a *high-consequence, low-probability event* with outcomes ranging from 10–99% mortality, depending on solar activity, adaptation speed, and global coordination. Pro’s \"manageable crisis\" hinges on unproven global cooperation and R&D speed; Con’s \"near-extinction\" is plausible if critical thresholds (solar activity, adaptation lag) are crossed."
  ],
  "ablation": {
    "rounds": 3,
    "roles": [
      "Physics",
      "ChemistryMaterials",
      "BiologyEcology",
      "Medicine",
      "Sociology",
      "Economics",
      "PoliticsIR",
      "EngineeringInfrastructure",
      "EnvironmentalScience"
    ],
    "enable_debate": true,
    "enable_conflict_resolution": false,
    "use_shared_frame": true,
    "use_refinement": true
  }
}