{
    "seed": 30,
    "validation": {
        "accuracy": 0.805,
        "precision": 0.8275462962962963,
        "recall": 0.8183775289038447,
        "f1_score": 0.822511775452952,
        "mae_vhs": 0.3909428119659424
    },
    "test": {
        "accuracy": 0.8425,
        "precision": 0.8584967320261437,
        "recall": 0.8517725443630847,
        "f1_score": 0.8548746893721947,
        "mae_vhs": 0.3941400647163391
    },
    "history": {
        "train_loss": [
            0.2668885764327239
        ],
        "train_accuracy": [
            0.9071428571428571
        ],
        "val_loss": [
            0.3959514647722244
        ],
        "val_accuracy": [
            0.805
        ]
    }
}