{
    "seed": 50,
    "validation": {
        "accuracy": 0.805,
        "precision": 0.840125507567368,
        "recall": 0.8227152963995069,
        "f1_score": 0.8293004115226337,
        "mae_vhs": 0.41870826482772827
    },
    "test": {
        "accuracy": 0.8025,
        "precision": 0.813067035694773,
        "recall": 0.8179308849999529,
        "f1_score": 0.81241364266464,
        "mae_vhs": 0.42578184604644775
    },
    "history": {
        "train_loss": [
            0.2967564831064506,
            0.15699232183396816
        ],
        "train_accuracy": [
            0.9107142857142857,
            0.9364285714285714
        ],
        "val_loss": [
            0.5966857304939857,
            0.4513881905720784
        ],
        "val_accuracy": [
            0.775,
            0.805
        ]
    }
}