{"meta": {"name_exp": "diner_dilemma", "player_num": 10, "cheap_cost": 10, "cheap_utility": 15, "exp_cost": 20, "exp_utility": 20, "version": "v1", "lang_agent": "<3P26cpI>", "round": 20, "run": 3}, "round_records": [{"responses": [{"player_id": 0, "response": "cheap", "utility": 3.0}, {"player_id": 1, "response": "cheap", "utility": 3.0}, {"player_id": 2, "response": "cheap", "utility": 3.0}, {"player_id": 3, "response": "cheap", "utility": 3.0}, {"player_id": 4, "response": "costly", "utility": 8.0}, {"player_id": 5, "response": "cheap", "utility": 3.0}, {"player_id": 6, "response": "costly", "utility": 8.0}, {"player_id": 7, "response": "cheap", "utility": 3.0}, {"player_id": 8, "response": "cheap", "utility": 3.0}, {"player_id": 9, "response": "cheap", "utility": 3.0}], "cheap_player": 8, "total_cost": 120, "cost_msg": "2 * 20 + 8 * 10 = 120", "avg_cost": 12.0}, {"responses": [{"player_id": 0, "response": "cheap", "utility": 4.0}, {"player_id": 1, "response": "cheap", "utility": 4.0}, {"player_id": 2, "response": "costly", "utility": 9.0}, {"player_id": 3, "response": "cheap", "utility": 4.0}, {"player_id": 4, "response": "cheap", "utility": 4.0}, {"player_id": 5, "response": "cheap", "utility": 4.0}, {"player_id": 6, "response": "cheap", "utility": 4.0}, {"player_id": 7, "response": "cheap", "utility": 4.0}, {"player_id": 8, "response": "cheap", "utility": 4.0}, {"player_id": 9, "response": "cheap", "utility": 4.0}], "cheap_player": 9, "total_cost": 110, "cost_msg": "1 * 20 + 9 * 10 = 110", "avg_cost": 11.0}, {"responses": [{"player_id": 0, "response": "cheap", "utility": 4.0}, {"player_id": 1, "response": "cheap", "utility": 4.0}, {"player_id": 2, "response": "costly", "utility": 9.0}, {"player_id": 3, "response": "cheap", "utility": 4.0}, {"player_id": 4, "response": "cheap", "utility": 4.0}, {"player_id": 5, "response": "cheap", "utility": 4.0}, {"player_id": 6, "response": "cheap", "utility": 4.0}, {"player_id": 7, "response": "cheap", "utility": 4.0}, {"player_id": 8, "response": "cheap", "utility": 4.0}, {"player_id": 9, "response": "cheap", "utility": 4.0}], "cheap_player": 9, "total_cost": 110, "cost_msg": "1 * 20 + 9 * 10 = 110", "avg_cost": 11.0}, {"responses": [{"player_id": 0, "response": "cheap", "utility": 5.0}, {"player_id": 1, "response": "cheap", "utility": 5.0}, {"player_id": 2, "response": "cheap", "utility": 5.0}, {"player_id": 3, "response": "cheap", "utility": 5.0}, {"player_id": 4, "response": "cheap", "utility": 5.0}, {"player_id": 5, "response": "cheap", "utility": 5.0}, {"player_id": 6, "response": "cheap", "utility": 5.0}, {"player_id": 7, "response": "cheap", "utility": 5.0}, {"player_id": 8, "response": "cheap", "utility": 5.0}, {"player_id": 9, "response": "cheap", "utility": 5.0}], "cheap_player": 10, "total_cost": 100, "cost_msg": "0 * 20 + 10 * 10 = 100", "avg_cost": 10.0}, {"responses": [{"player_id": 0, "response": "cheap", "utility": 4.0}, {"player_id": 1, "response": "cheap", "utility": 4.0}, {"player_id": 2, "response": "cheap", "utility": 4.0}, {"player_id": 3, "response": "cheap", "utility": 4.0}, {"player_id": 4, "response": "cheap", "utility": 4.0}, {"player_id": 5, "response": "cheap", "utility": 4.0}, {"player_id": 6, "response": "costly", "utility": 9.0}, {"player_id": 7, "response": "cheap", "utility": 4.0}, {"player_id": 8, "response": "cheap", "utility": 4.0}, {"player_id": 9, "response": "cheap", "utility": 4.0}], "cheap_player": 9, "total_cost": 110, "cost_msg": "1 * 20 + 9 * 10 = 110", "avg_cost": 11.0}, {"responses": [{"player_id": 0, "response": "cheap", "utility": 5.0}, {"player_id": 1, "response": "cheap", "utility": 5.0}, {"player_id": 2, "response": "cheap", "utility": 5.0}, {"player_id": 3, "response": "cheap", "utility": 5.0}, {"player_id": 4, "response": "cheap", "utility": 5.0}, {"player_id": 5, "response": "cheap", "utility": 5.0}, {"player_id": 6, "response": "cheap", "utility": 5.0}, {"player_id": 7, "response": "cheap", "utility": 5.0}, {"player_id": 8, "response": "cheap", "utility": 5.0}, {"player_id": 9, "response": "cheap", "utility": 5.0}], "cheap_player": 10, "total_cost": 100, "cost_msg": "0 * 20 + 10 * 10 = 100", "avg_cost": 10.0}, {"responses": [{"player_id": 0, "response": "cheap", "utility": 3.0}, {"player_id": 1, "response": "cheap", "utility": 3.0}, {"player_id": 2, "response": "costly", "utility": 8.0}, {"player_id": 3, "response": "cheap", "utility": 3.0}, {"player_id": 4, "response": "cheap", "utility": 3.0}, {"player_id": 5, "response": "cheap", "utility": 3.0}, {"player_id": 6, "response": "costly", "utility": 8.0}, {"player_id": 7, "response": "cheap", "utility": 3.0}, {"player_id": 8, "response": "cheap", "utility": 3.0}, {"player_id": 9, "response": "cheap", "utility": 3.0}], "cheap_player": 8, "total_cost": 120, "cost_msg": "2 * 20 + 8 * 10 = 120", "avg_cost": 12.0}, {"responses": [{"player_id": 0, "response": "cheap", "utility": 5.0}, {"player_id": 1, "response": "cheap", "utility": 5.0}, {"player_id": 2, "response": "cheap", "utility": 5.0}, {"player_id": 3, "response": "cheap", "utility": 5.0}, {"player_id": 4, "response": "cheap", "utility": 5.0}, {"player_id": 5, "response": "cheap", "utility": 5.0}, {"player_id": 6, "response": "cheap", "utility": 5.0}, {"player_id": 7, "response": "cheap", "utility": 5.0}, {"player_id": 8, "response": "cheap", "utility": 5.0}, {"player_id": 9, "response": "cheap", "utility": 5.0}], "cheap_player": 10, "total_cost": 100, "cost_msg": "0 * 20 + 10 * 10 = 100", "avg_cost": 10.0}, {"responses": [{"player_id": 0, "response": "cheap", "utility": 5.0}, {"player_id": 1, "response": "cheap", "utility": 5.0}, {"player_id": 2, "response": "cheap", "utility": 5.0}, {"player_id": 3, "response": "cheap", "utility": 5.0}, {"player_id": 4, "response": "cheap", "utility": 5.0}, {"player_id": 5, "response": "cheap", "utility": 5.0}, {"player_id": 6, "response": "cheap", "utility": 5.0}, {"player_id": 7, "response": "cheap", "utility": 5.0}, {"player_id": 8, "response": "cheap", "utility": 5.0}, {"player_id": 9, "response": "cheap", "utility": 5.0}], "cheap_player": 10, "total_cost": 100, "cost_msg": "0 * 20 + 10 * 10 = 100", "avg_cost": 10.0}, {"responses": [{"player_id": 0, "response": "cheap", "utility": 5.0}, {"player_id": 1, "response": "cheap", "utility": 5.0}, {"player_id": 2, "response": "cheap", "utility": 5.0}, {"player_id": 3, "response": "cheap", "utility": 5.0}, {"player_id": 4, "response": "cheap", "utility": 5.0}, {"player_id": 5, "response": "cheap", "utility": 5.0}, {"player_id": 6, "response": "cheap", "utility": 5.0}, {"player_id": 7, "response": "cheap", "utility": 5.0}, {"player_id": 8, "response": "cheap", "utility": 5.0}, {"player_id": 9, "response": "cheap", "utility": 5.0}], "cheap_player": 10, "total_cost": 100, "cost_msg": "0 * 20 + 10 * 10 = 100", "avg_cost": 10.0}, {"responses": [{"player_id": 0, "response": "cheap", "utility": 5.0}, {"player_id": 1, "response": "cheap", "utility": 5.0}, {"player_id": 2, "response": "cheap", "utility": 5.0}, {"player_id": 3, "response": "cheap", "utility": 5.0}, {"player_id": 4, "response": "cheap", "utility": 5.0}, {"player_id": 5, "response": "cheap", "utility": 5.0}, {"player_id": 6, "response": "cheap", "utility": 5.0}, {"player_id": 7, "response": "cheap", "utility": 5.0}, {"player_id": 8, "response": "cheap", "utility": 5.0}, {"player_id": 9, "response": "cheap", "utility": 5.0}], "cheap_player": 10, "total_cost": 100, "cost_msg": "0 * 20 + 10 * 10 = 100", "avg_cost": 10.0}, {"responses": [{"player_id": 0, "response": "cheap", "utility": 5.0}, {"player_id": 1, "response": "cheap", "utility": 5.0}, {"player_id": 2, "response": "cheap", "utility": 5.0}, {"player_id": 3, "response": "cheap", "utility": 5.0}, {"player_id": 4, "response": "cheap", "utility": 5.0}, {"player_id": 5, "response": "cheap", "utility": 5.0}, {"player_id": 6, "response": "cheap", "utility": 5.0}, {"player_id": 7, "response": "cheap", "utility": 5.0}, {"player_id": 8, "response": "cheap", "utility": 5.0}, {"player_id": 9, "response": "cheap", "utility": 5.0}], "cheap_player": 10, "total_cost": 100, "cost_msg": "0 * 20 + 10 * 10 = 100", "avg_cost": 10.0}, {"responses": [{"player_id": 0, "response": "cheap", "utility": 5.0}, {"player_id": 1, "response": "cheap", "utility": 5.0}, {"player_id": 2, "response": "cheap", "utility": 5.0}, {"player_id": 3, "response": "cheap", "utility": 5.0}, {"player_id": 4, "response": "cheap", "utility": 5.0}, {"player_id": 5, "response": "cheap", "utility": 5.0}, {"player_id": 6, "response": "cheap", "utility": 5.0}, {"player_id": 7, "response": "cheap", "utility": 5.0}, {"player_id": 8, "response": "cheap", "utility": 5.0}, {"player_id": 9, "response": "cheap", "utility": 5.0}], "cheap_player": 10, "total_cost": 100, "cost_msg": "0 * 20 + 10 * 10 = 100", "avg_cost": 10.0}, {"responses": [{"player_id": 0, "response": "cheap", "utility": 5.0}, {"player_id": 1, "response": "cheap", "utility": 5.0}, {"player_id": 2, "response": "cheap", "utility": 5.0}, {"player_id": 3, "response": "cheap", "utility": 5.0}, {"player_id": 4, "response": "cheap", "utility": 5.0}, {"player_id": 5, "response": "cheap", "utility": 5.0}, {"player_id": 6, "response": "cheap", "utility": 5.0}, {"player_id": 7, "response": "cheap", "utility": 5.0}, {"player_id": 8, "response": "cheap", "utility": 5.0}, {"player_id": 9, "response": "cheap", "utility": 5.0}], "cheap_player": 10, "total_cost": 100, "cost_msg": "0 * 20 + 10 * 10 = 100", "avg_cost": 10.0}, {"responses": [{"player_id": 0, "response": "cheap", "utility": 5.0}, {"player_id": 1, "response": "cheap", "utility": 5.0}, {"player_id": 2, "response": "cheap", "utility": 5.0}, {"player_id": 3, "response": "cheap", "utility": 5.0}, {"player_id": 4, "response": "cheap", "utility": 5.0}, {"player_id": 5, "response": "cheap", "utility": 5.0}, {"player_id": 6, "response": "cheap", "utility": 5.0}, {"player_id": 7, "response": "cheap", "utility": 5.0}, {"player_id": 8, "response": "cheap", "utility": 5.0}, {"player_id": 9, "response": "cheap", "utility": 5.0}], "cheap_player": 10, "total_cost": 100, "cost_msg": "0 * 20 + 10 * 10 = 100", "avg_cost": 10.0}, {"responses": [{"player_id": 0, "response": "cheap", "utility": 5.0}, {"player_id": 1, "response": "cheap", "utility": 5.0}, {"player_id": 2, "response": "cheap", "utility": 5.0}, {"player_id": 3, "response": "cheap", "utility": 5.0}, {"player_id": 4, "response": "cheap", "utility": 5.0}, {"player_id": 5, "response": "cheap", "utility": 5.0}, {"player_id": 6, "response": "cheap", "utility": 5.0}, {"player_id": 7, "response": "cheap", "utility": 5.0}, {"player_id": 8, "response": "cheap", "utility": 5.0}, {"player_id": 9, "response": "cheap", "utility": 5.0}], "cheap_player": 10, "total_cost": 100, "cost_msg": "0 * 20 + 10 * 10 = 100", "avg_cost": 10.0}, {"responses": [{"player_id": 0, "response": "cheap", "utility": 5.0}, {"player_id": 1, "response": "cheap", "utility": 5.0}, {"player_id": 2, "response": "cheap", "utility": 5.0}, {"player_id": 3, "response": "cheap", "utility": 5.0}, {"player_id": 4, "response": "cheap", "utility": 5.0}, {"player_id": 5, "response": "cheap", "utility": 5.0}, {"player_id": 6, "response": "cheap", "utility": 5.0}, {"player_id": 7, "response": "cheap", "utility": 5.0}, {"player_id": 8, "response": "cheap", "utility": 5.0}, {"player_id": 9, "response": "cheap", "utility": 5.0}], "cheap_player": 10, "total_cost": 100, "cost_msg": "0 * 20 + 10 * 10 = 100", "avg_cost": 10.0}, {"responses": [{"player_id": 0, "response": "cheap", "utility": 5.0}, {"player_id": 1, "response": "cheap", "utility": 5.0}, {"player_id": 2, "response": "cheap", "utility": 5.0}, {"player_id": 3, "response": "cheap", "utility": 5.0}, {"player_id": 4, "response": "cheap", "utility": 5.0}, {"player_id": 5, "response": "cheap", "utility": 5.0}, {"player_id": 6, "response": "cheap", "utility": 5.0}, {"player_id": 7, "response": "cheap", "utility": 5.0}, {"player_id": 8, "response": "cheap", "utility": 5.0}, {"player_id": 9, "response": "cheap", "utility": 5.0}], "cheap_player": 10, "total_cost": 100, "cost_msg": "0 * 20 + 10 * 10 = 100", "avg_cost": 10.0}, {"responses": [{"player_id": 0, "response": "cheap", "utility": 5.0}, {"player_id": 1, "response": "cheap", "utility": 5.0}, {"player_id": 2, "response": "cheap", "utility": 5.0}, {"player_id": 3, "response": "cheap", "utility": 5.0}, {"player_id": 4, "response": "cheap", "utility": 5.0}, {"player_id": 5, "response": "cheap", "utility": 5.0}, {"player_id": 6, "response": "cheap", "utility": 5.0}, {"player_id": 7, "response": "cheap", "utility": 5.0}, {"player_id": 8, "response": "cheap", "utility": 5.0}, {"player_id": 9, "response": "cheap", "utility": 5.0}], "cheap_player": 10, "total_cost": 100, "cost_msg": "0 * 20 + 10 * 10 = 100", "avg_cost": 10.0}, {"responses": [{"player_id": 0, "response": "cheap", "utility": 5.0}, {"player_id": 1, "response": "cheap", "utility": 5.0}, {"player_id": 2, "response": "cheap", "utility": 5.0}, {"player_id": 3, "response": "cheap", "utility": 5.0}, {"player_id": 4, "response": "cheap", "utility": 5.0}, {"player_id": 5, "response": "cheap", "utility": 5.0}, {"player_id": 6, "response": "cheap", "utility": 5.0}, {"player_id": 7, "response": "cheap", "utility": 5.0}, {"player_id": 8, "response": "cheap", "utility": 5.0}, {"player_id": 9, "response": "cheap", "utility": 5.0}], "cheap_player": 10, "total_cost": 100, "cost_msg": "0 * 20 + 10 * 10 = 100", "avg_cost": 10.0}]}