{"meta": {"name_exp": "diner_dilemma", "player_num": 10, "cheap_cost": 10, "cheap_utility": 15, "exp_cost": 20, "exp_utility": 20, "version": "v1", "lang_agent": "<3P26cpI>", "round": 20, "run": 1}, "round_records": [{"responses": [{"player_id": 0, "response": "costly", "utility": 8.0}, {"player_id": 1, "response": "cheap", "utility": 3.0}, {"player_id": 2, "response": "cheap", "utility": 3.0}, {"player_id": 3, "response": "cheap", "utility": 3.0}, {"player_id": 4, "response": "costly", "utility": 8.0}, {"player_id": 5, "response": "cheap", "utility": 3.0}, {"player_id": 6, "response": "cheap", "utility": 3.0}, {"player_id": 7, "response": "cheap", "utility": 3.0}, {"player_id": 8, "response": "cheap", "utility": 3.0}, {"player_id": 9, "response": "cheap", "utility": 3.0}], "cheap_player": 8, "total_cost": 120, "cost_msg": "2 * 20 + 8 * 10 = 120", "avg_cost": 12.0}, {"responses": [{"player_id": 0, "response": "cheap", "utility": 3.0}, {"player_id": 1, "response": "cheap", "utility": 3.0}, {"player_id": 2, "response": "cheap", "utility": 3.0}, {"player_id": 3, "response": "costly", "utility": 8.0}, {"player_id": 4, "response": "cheap", "utility": 3.0}, {"player_id": 5, "response": "costly", "utility": 8.0}, {"player_id": 6, "response": "cheap", "utility": 3.0}, {"player_id": 7, "response": "cheap", "utility": 3.0}, {"player_id": 8, "response": "cheap", "utility": 3.0}, {"player_id": 9, "response": "cheap", "utility": 3.0}], "cheap_player": 8, "total_cost": 120, "cost_msg": "2 * 20 + 8 * 10 = 120", "avg_cost": 12.0}, {"responses": [{"player_id": 0, "response": "cheap", "utility": 4.0}, {"player_id": 1, "response": "cheap", "utility": 4.0}, {"player_id": 2, "response": "cheap", "utility": 4.0}, {"player_id": 3, "response": "costly", "utility": 9.0}, {"player_id": 4, "response": "cheap", "utility": 4.0}, {"player_id": 5, "response": "cheap", "utility": 4.0}, {"player_id": 6, "response": "cheap", "utility": 4.0}, {"player_id": 7, "response": "cheap", "utility": 4.0}, {"player_id": 8, "response": "cheap", "utility": 4.0}, {"player_id": 9, "response": "cheap", "utility": 4.0}], "cheap_player": 9, "total_cost": 110, "cost_msg": "1 * 20 + 9 * 10 = 110", "avg_cost": 11.0}, {"responses": [{"player_id": 0, "response": "cheap", "utility": 4.0}, {"player_id": 1, "response": "cheap", "utility": 4.0}, {"player_id": 2, "response": "cheap", "utility": 4.0}, {"player_id": 3, "response": "costly", "utility": 9.0}, {"player_id": 4, "response": "cheap", "utility": 4.0}, {"player_id": 5, "response": "cheap", "utility": 4.0}, {"player_id": 6, "response": "cheap", "utility": 4.0}, {"player_id": 7, "response": "cheap", "utility": 4.0}, {"player_id": 8, "response": "cheap", "utility": 4.0}, {"player_id": 9, "response": "cheap", "utility": 4.0}], "cheap_player": 9, "total_cost": 110, "cost_msg": "1 * 20 + 9 * 10 = 110", "avg_cost": 11.0}, {"responses": [{"player_id": 0, "response": "cheap", "utility": 4.0}, {"player_id": 1, "response": "cheap", "utility": 4.0}, {"player_id": 2, "response": "cheap", "utility": 4.0}, {"player_id": 3, "response": "costly", "utility": 9.0}, {"player_id": 4, "response": "cheap", "utility": 4.0}, {"player_id": 5, "response": "cheap", "utility": 4.0}, {"player_id": 6, "response": "cheap", "utility": 4.0}, {"player_id": 7, "response": "cheap", "utility": 4.0}, {"player_id": 8, "response": "cheap", "utility": 4.0}, {"player_id": 9, "response": "cheap", "utility": 4.0}], "cheap_player": 9, "total_cost": 110, "cost_msg": "1 * 20 + 9 * 10 = 110", "avg_cost": 11.0}, {"responses": [{"player_id": 0, "response": "cheap", "utility": 4.0}, {"player_id": 1, "response": "cheap", "utility": 4.0}, {"player_id": 2, "response": "cheap", "utility": 4.0}, {"player_id": 3, "response": "costly", "utility": 9.0}, {"player_id": 4, "response": "cheap", "utility": 4.0}, {"player_id": 5, "response": "cheap", "utility": 4.0}, {"player_id": 6, "response": "cheap", "utility": 4.0}, {"player_id": 7, "response": "cheap", "utility": 4.0}, {"player_id": 8, "response": "cheap", "utility": 4.0}, {"player_id": 9, "response": "cheap", "utility": 4.0}], "cheap_player": 9, "total_cost": 110, "cost_msg": "1 * 20 + 9 * 10 = 110", "avg_cost": 11.0}, {"responses": [{"player_id": 0, "response": "cheap", "utility": 3.0}, {"player_id": 1, "response": "cheap", "utility": 3.0}, {"player_id": 2, "response": "cheap", "utility": 3.0}, {"player_id": 3, "response": "costly", "utility": 8.0}, {"player_id": 4, "response": "costly", "utility": 8.0}, {"player_id": 5, "response": "cheap", "utility": 3.0}, {"player_id": 6, "response": "cheap", "utility": 3.0}, {"player_id": 7, "response": "cheap", "utility": 3.0}, {"player_id": 8, "response": "cheap", "utility": 3.0}, {"player_id": 9, "response": "cheap", "utility": 3.0}], "cheap_player": 8, "total_cost": 120, "cost_msg": "2 * 20 + 8 * 10 = 120", "avg_cost": 12.0}, {"responses": [{"player_id": 0, "response": "cheap", "utility": 3.0}, {"player_id": 1, "response": "cheap", "utility": 3.0}, {"player_id": 2, "response": "cheap", "utility": 3.0}, {"player_id": 3, "response": "costly", "utility": 8.0}, {"player_id": 4, "response": "costly", "utility": 8.0}, {"player_id": 5, "response": "cheap", "utility": 3.0}, {"player_id": 6, "response": "cheap", "utility": 3.0}, {"player_id": 7, "response": "cheap", "utility": 3.0}, {"player_id": 8, "response": "cheap", "utility": 3.0}, {"player_id": 9, "response": "cheap", "utility": 3.0}], "cheap_player": 8, "total_cost": 120, "cost_msg": "2 * 20 + 8 * 10 = 120", "avg_cost": 12.0}, {"responses": [{"player_id": 0, "response": "cheap", "utility": 3.0}, {"player_id": 1, "response": "cheap", "utility": 3.0}, {"player_id": 2, "response": "cheap", "utility": 3.0}, {"player_id": 3, "response": "costly", "utility": 8.0}, {"player_id": 4, "response": "costly", "utility": 8.0}, {"player_id": 5, "response": "cheap", "utility": 3.0}, {"player_id": 6, "response": "cheap", "utility": 3.0}, {"player_id": 7, "response": "cheap", "utility": 3.0}, {"player_id": 8, "response": "cheap", "utility": 3.0}, {"player_id": 9, "response": "cheap", "utility": 3.0}], "cheap_player": 8, "total_cost": 120, "cost_msg": "2 * 20 + 8 * 10 = 120", "avg_cost": 12.0}, {"responses": [{"player_id": 0, "response": "cheap", "utility": 3.0}, {"player_id": 1, "response": "cheap", "utility": 3.0}, {"player_id": 2, "response": "cheap", "utility": 3.0}, {"player_id": 3, "response": "costly", "utility": 8.0}, {"player_id": 4, "response": "costly", "utility": 8.0}, {"player_id": 5, "response": "cheap", "utility": 3.0}, {"player_id": 6, "response": "cheap", "utility": 3.0}, {"player_id": 7, "response": "cheap", "utility": 3.0}, {"player_id": 8, "response": "cheap", "utility": 3.0}, {"player_id": 9, "response": "cheap", "utility": 3.0}], "cheap_player": 8, "total_cost": 120, "cost_msg": "2 * 20 + 8 * 10 = 120", "avg_cost": 12.0}, {"responses": [{"player_id": 0, "response": "costly", "utility": 8.0}, {"player_id": 1, "response": "cheap", "utility": 3.0}, {"player_id": 2, "response": "cheap", "utility": 3.0}, {"player_id": 3, "response": "cheap", "utility": 3.0}, {"player_id": 4, "response": "costly", "utility": 8.0}, {"player_id": 5, "response": "cheap", "utility": 3.0}, {"player_id": 6, "response": "cheap", "utility": 3.0}, {"player_id": 7, "response": "cheap", "utility": 3.0}, {"player_id": 8, "response": "cheap", "utility": 3.0}, {"player_id": 9, "response": "cheap", "utility": 3.0}], "cheap_player": 8, "total_cost": 120, "cost_msg": "2 * 20 + 8 * 10 = 120", "avg_cost": 12.0}, {"responses": [{"player_id": 0, "response": "costly", "utility": 7.0}, {"player_id": 1, "response": "cheap", "utility": 2.0}, {"player_id": 2, "response": "cheap", "utility": 2.0}, {"player_id": 3, "response": "costly", "utility": 7.0}, {"player_id": 4, "response": "costly", "utility": 7.0}, {"player_id": 5, "response": "cheap", "utility": 2.0}, {"player_id": 6, "response": "cheap", "utility": 2.0}, {"player_id": 7, "response": "cheap", "utility": 2.0}, {"player_id": 8, "response": "cheap", "utility": 2.0}, {"player_id": 9, "response": "cheap", "utility": 2.0}], "cheap_player": 7, "total_cost": 130, "cost_msg": "3 * 20 + 7 * 10 = 130", "avg_cost": 13.0}, {"responses": [{"player_id": 0, "response": "costly", "utility": 7.0}, {"player_id": 1, "response": "cheap", "utility": 2.0}, {"player_id": 2, "response": "cheap", "utility": 2.0}, {"player_id": 3, "response": "costly", "utility": 7.0}, {"player_id": 4, "response": "cheap", "utility": 2.0}, {"player_id": 5, "response": "costly", "utility": 7.0}, {"player_id": 6, "response": "cheap", "utility": 2.0}, {"player_id": 7, "response": "cheap", "utility": 2.0}, {"player_id": 8, "response": "cheap", "utility": 2.0}, {"player_id": 9, "response": "cheap", "utility": 2.0}], "cheap_player": 7, "total_cost": 130, "cost_msg": "3 * 20 + 7 * 10 = 130", "avg_cost": 13.0}, {"responses": [{"player_id": 0, "response": "costly", "utility": 6.0}, {"player_id": 1, "response": "cheap", "utility": 1.0}, {"player_id": 2, "response": "cheap", "utility": 1.0}, {"player_id": 3, "response": "costly", "utility": 6.0}, {"player_id": 4, "response": "costly", "utility": 6.0}, {"player_id": 5, "response": "costly", "utility": 6.0}, {"player_id": 6, "response": "cheap", "utility": 1.0}, {"player_id": 7, "response": "cheap", "utility": 1.0}, {"player_id": 8, "response": "cheap", "utility": 1.0}, {"player_id": 9, "response": "cheap", "utility": 1.0}], "cheap_player": 6, "total_cost": 140, "cost_msg": "4 * 20 + 6 * 10 = 140", "avg_cost": 14.0}, {"responses": [{"player_id": 0, "response": "costly", "utility": 7.0}, {"player_id": 1, "response": "cheap", "utility": 2.0}, {"player_id": 2, "response": "cheap", "utility": 2.0}, {"player_id": 3, "response": "cheap", "utility": 2.0}, {"player_id": 4, "response": "costly", "utility": 7.0}, {"player_id": 5, "response": "costly", "utility": 7.0}, {"player_id": 6, "response": "cheap", "utility": 2.0}, {"player_id": 7, "response": "cheap", "utility": 2.0}, {"player_id": 8, "response": "cheap", "utility": 2.0}, {"player_id": 9, "response": "cheap", "utility": 2.0}], "cheap_player": 7, "total_cost": 130, "cost_msg": "3 * 20 + 7 * 10 = 130", "avg_cost": 13.0}, {"responses": [{"player_id": 0, "response": "costly", "utility": 6.0}, {"player_id": 1, "response": "cheap", "utility": 1.0}, {"player_id": 2, "response": "cheap", "utility": 1.0}, {"player_id": 3, "response": "costly", "utility": 6.0}, {"player_id": 4, "response": "costly", "utility": 6.0}, {"player_id": 5, "response": "costly", "utility": 6.0}, {"player_id": 6, "response": "cheap", "utility": 1.0}, {"player_id": 7, "response": "cheap", "utility": 1.0}, {"player_id": 8, "response": "cheap", "utility": 1.0}, {"player_id": 9, "response": "cheap", "utility": 1.0}], "cheap_player": 6, "total_cost": 140, "cost_msg": "4 * 20 + 6 * 10 = 140", "avg_cost": 14.0}, {"responses": [{"player_id": 0, "response": "costly", "utility": 6.0}, {"player_id": 1, "response": "cheap", "utility": 1.0}, {"player_id": 2, "response": "cheap", "utility": 1.0}, {"player_id": 3, "response": "costly", "utility": 6.0}, {"player_id": 4, "response": "costly", "utility": 6.0}, {"player_id": 5, "response": "costly", "utility": 6.0}, {"player_id": 6, "response": "cheap", "utility": 1.0}, {"player_id": 7, "response": "cheap", "utility": 1.0}, {"player_id": 8, "response": "cheap", "utility": 1.0}, {"player_id": 9, "response": "cheap", "utility": 1.0}], "cheap_player": 6, "total_cost": 140, "cost_msg": "4 * 20 + 6 * 10 = 140", "avg_cost": 14.0}, {"responses": [{"player_id": 0, "response": "cheap", "utility": 3.0}, {"player_id": 1, "response": "cheap", "utility": 3.0}, {"player_id": 2, "response": "cheap", "utility": 3.0}, {"player_id": 3, "response": "cheap", "utility": 3.0}, {"player_id": 4, "response": "costly", "utility": 8.0}, {"player_id": 5, "response": "costly", "utility": 8.0}, {"player_id": 6, "response": "cheap", "utility": 3.0}, {"player_id": 7, "response": "cheap", "utility": 3.0}, {"player_id": 8, "response": "cheap", "utility": 3.0}, {"player_id": 9, "response": "cheap", "utility": 3.0}], "cheap_player": 8, "total_cost": 120, "cost_msg": "2 * 20 + 8 * 10 = 120", "avg_cost": 12.0}, {"responses": [{"player_id": 0, "response": "costly", "utility": 6.0}, {"player_id": 1, "response": "cheap", "utility": 1.0}, {"player_id": 2, "response": "cheap", "utility": 1.0}, {"player_id": 3, "response": "costly", "utility": 6.0}, {"player_id": 4, "response": "costly", "utility": 6.0}, {"player_id": 5, "response": "costly", "utility": 6.0}, {"player_id": 6, "response": "cheap", "utility": 1.0}, {"player_id": 7, "response": "cheap", "utility": 1.0}, {"player_id": 8, "response": "cheap", "utility": 1.0}, {"player_id": 9, "response": "cheap", "utility": 1.0}], "cheap_player": 6, "total_cost": 140, "cost_msg": "4 * 20 + 6 * 10 = 140", "avg_cost": 14.0}, {"responses": [{"player_id": 0, "response": "costly", "utility": 8.0}, {"player_id": 1, "response": "cheap", "utility": 3.0}, {"player_id": 2, "response": "cheap", "utility": 3.0}, {"player_id": 3, "response": "costly", "utility": 8.0}, {"player_id": 4, "response": "cheap", "utility": 3.0}, {"player_id": 5, "response": "cheap", "utility": 3.0}, {"player_id": 6, "response": "cheap", "utility": 3.0}, {"player_id": 7, "response": "cheap", "utility": 3.0}, {"player_id": 8, "response": "cheap", "utility": 3.0}, {"player_id": 9, "response": "cheap", "utility": 3.0}], "cheap_player": 8, "total_cost": 120, "cost_msg": "2 * 20 + 8 * 10 = 120", "avg_cost": 12.0}]}