{"meta": {"name_exp": "diner_dilemma", "player_num": 10, "cheap_cost": 10, "cheap_utility": 15, "exp_cost": 20, "exp_utility": 20, "version": "v1", "lang_agent": "<gvHK3Q2>", "round": 20, "run": 2}, "round_records": [{"responses": [{"player_id": 0, "response": "costly", "utility": 6.0}, {"player_id": 1, "response": "cheap", "utility": 1.0}, {"player_id": 2, "response": "cheap", "utility": 1.0}, {"player_id": 3, "response": "cheap", "utility": 1.0}, {"player_id": 4, "response": "costly", "utility": 6.0}, {"player_id": 5, "response": "cheap", "utility": 1.0}, {"player_id": 6, "response": "costly", "utility": 6.0}, {"player_id": 7, "response": "costly", "utility": 6.0}, {"player_id": 8, "response": "cheap", "utility": 1.0}, {"player_id": 9, "response": "cheap", "utility": 1.0}], "cheap_player": 6, "total_cost": 140, "cost_msg": "4 * 20 + 6 * 10 = 140", "avg_cost": 14.0}, {"responses": [{"player_id": 0, "response": "cheap", "utility": -1.0}, {"player_id": 1, "response": "cheap", "utility": -1.0}, {"player_id": 2, "response": "cheap", "utility": -1.0}, {"player_id": 3, "response": "costly", "utility": 4.0}, {"player_id": 4, "response": "cheap", "utility": -1.0}, {"player_id": 5, "response": "costly", "utility": 4.0}, {"player_id": 6, "response": "costly", "utility": 4.0}, {"player_id": 7, "response": "costly", "utility": 4.0}, {"player_id": 8, "response": "costly", "utility": 4.0}, {"player_id": 9, "response": "costly", "utility": 4.0}], "cheap_player": 4, "total_cost": 160, "cost_msg": "6 * 20 + 4 * 10 = 160", "avg_cost": 16.0}, {"responses": [{"player_id": 0, "response": "costly", "utility": 5.0}, {"player_id": 1, "response": "costly", "utility": 5.0}, {"player_id": 2, "response": "costly", "utility": 5.0}, {"player_id": 3, "response": "cheap", "utility": 0.0}, {"player_id": 4, "response": "costly", "utility": 5.0}, {"player_id": 5, "response": "cheap", "utility": 0.0}, {"player_id": 6, "response": "cheap", "utility": 0.0}, {"player_id": 7, "response": "cheap", "utility": 0.0}, {"player_id": 8, "response": "cheap", "utility": 0.0}, {"player_id": 9, "response": "costly", "utility": 5.0}], "cheap_player": 5, "total_cost": 150, "cost_msg": "5 * 20 + 5 * 10 = 150", "avg_cost": 15.0}, {"responses": [{"player_id": 0, "response": "costly", "utility": 2.0}, {"player_id": 1, "response": "costly", "utility": 2.0}, {"player_id": 2, "response": "cheap", "utility": -3.0}, {"player_id": 3, "response": "costly", "utility": 2.0}, {"player_id": 4, "response": "cheap", "utility": -3.0}, {"player_id": 5, "response": "costly", "utility": 2.0}, {"player_id": 6, "response": "costly", "utility": 2.0}, {"player_id": 7, "response": "costly", "utility": 2.0}, {"player_id": 8, "response": "costly", "utility": 2.0}, {"player_id": 9, "response": "costly", "utility": 2.0}], "cheap_player": 2, "total_cost": 180, "cost_msg": "8 * 20 + 2 * 10 = 180", "avg_cost": 18.0}, {"responses": [{"player_id": 0, "response": "cheap", "utility": -2.0}, {"player_id": 1, "response": "cheap", "utility": -2.0}, {"player_id": 2, "response": "costly", "utility": 3.0}, {"player_id": 3, "response": "costly", "utility": 3.0}, {"player_id": 4, "response": "costly", "utility": 3.0}, {"player_id": 5, "response": "costly", "utility": 3.0}, {"player_id": 6, "response": "cheap", "utility": -2.0}, {"player_id": 7, "response": "costly", "utility": 3.0}, {"player_id": 8, "response": "costly", "utility": 3.0}, {"player_id": 9, "response": "costly", "utility": 3.0}], "cheap_player": 3, "total_cost": 170, "cost_msg": "7 * 20 + 3 * 10 = 170", "avg_cost": 17.0}, {"responses": [{"player_id": 0, "response": "costly", "utility": 5.0}, {"player_id": 1, "response": "cheap", "utility": 0.0}, {"player_id": 2, "response": "cheap", "utility": 0.0}, {"player_id": 3, "response": "cheap", "utility": 0.0}, {"player_id": 4, "response": "costly", "utility": 5.0}, {"player_id": 5, "response": "costly", "utility": 5.0}, {"player_id": 6, "response": "cheap", "utility": 0.0}, {"player_id": 7, "response": "costly", "utility": 5.0}, {"player_id": 8, "response": "costly", "utility": 5.0}, {"player_id": 9, "response": "cheap", "utility": 0.0}], "cheap_player": 5, "total_cost": 150, "cost_msg": "5 * 20 + 5 * 10 = 150", "avg_cost": 15.0}, {"responses": [{"player_id": 0, "response": "costly", "utility": 5.0}, {"player_id": 1, "response": "cheap", "utility": 0.0}, {"player_id": 2, "response": "cheap", "utility": 0.0}, {"player_id": 3, "response": "costly", "utility": 5.0}, {"player_id": 4, "response": "costly", "utility": 5.0}, {"player_id": 5, "response": "cheap", "utility": 0.0}, {"player_id": 6, "response": "costly", "utility": 5.0}, {"player_id": 7, "response": "cheap", "utility": 0.0}, {"player_id": 8, "response": "cheap", "utility": 0.0}, {"player_id": 9, "response": "costly", "utility": 5.0}], "cheap_player": 5, "total_cost": 150, "cost_msg": "5 * 20 + 5 * 10 = 150", "avg_cost": 15.0}, {"responses": [{"player_id": 0, "response": "costly", "utility": 2.0}, {"player_id": 1, "response": "cheap", "utility": -3.0}, {"player_id": 2, "response": "costly", "utility": 2.0}, {"player_id": 3, "response": "costly", "utility": 2.0}, {"player_id": 4, "response": "cheap", "utility": -3.0}, {"player_id": 5, "response": "costly", "utility": 2.0}, {"player_id": 6, "response": "costly", "utility": 2.0}, {"player_id": 7, "response": "costly", "utility": 2.0}, {"player_id": 8, "response": "costly", "utility": 2.0}, {"player_id": 9, "response": "costly", "utility": 2.0}], "cheap_player": 2, "total_cost": 180, "cost_msg": "8 * 20 + 2 * 10 = 180", "avg_cost": 18.0}, {"responses": [{"player_id": 0, "response": "costly", "utility": 4.0}, {"player_id": 1, "response": "cheap", "utility": -1.0}, {"player_id": 2, "response": "cheap", "utility": -1.0}, {"player_id": 3, "response": "costly", "utility": 4.0}, {"player_id": 4, "response": "costly", "utility": 4.0}, {"player_id": 5, "response": "costly", "utility": 4.0}, {"player_id": 6, "response": "costly", "utility": 4.0}, {"player_id": 7, "response": "cheap", "utility": -1.0}, {"player_id": 8, "response": "costly", "utility": 4.0}, {"player_id": 9, "response": "cheap", "utility": -1.0}], "cheap_player": 4, "total_cost": 160, "cost_msg": "6 * 20 + 4 * 10 = 160", "avg_cost": 16.0}, {"responses": [{"player_id": 0, "response": "cheap", "utility": -4.0}, {"player_id": 1, "response": "costly", "utility": 1.0}, {"player_id": 2, "response": "costly", "utility": 1.0}, {"player_id": 3, "response": "costly", "utility": 1.0}, {"player_id": 4, "response": "costly", "utility": 1.0}, {"player_id": 5, "response": "costly", "utility": 1.0}, {"player_id": 6, "response": "costly", "utility": 1.0}, {"player_id": 7, "response": "costly", "utility": 1.0}, {"player_id": 8, "response": "costly", "utility": 1.0}, {"player_id": 9, "response": "costly", "utility": 1.0}], "cheap_player": 1, "total_cost": 190, "cost_msg": "9 * 20 + 1 * 10 = 190", "avg_cost": 19.0}, {"responses": [{"player_id": 0, "response": "costly", "utility": 4.0}, {"player_id": 1, "response": "costly", "utility": 4.0}, {"player_id": 2, "response": "cheap", "utility": -1.0}, {"player_id": 3, "response": "cheap", "utility": -1.0}, {"player_id": 4, "response": "cheap", "utility": -1.0}, {"player_id": 5, "response": "costly", "utility": 4.0}, {"player_id": 6, "response": "costly", "utility": 4.0}, {"player_id": 7, "response": "cheap", "utility": -1.0}, {"player_id": 8, "response": "costly", "utility": 4.0}, {"player_id": 9, "response": "costly", "utility": 4.0}], "cheap_player": 4, "total_cost": 160, "cost_msg": "6 * 20 + 4 * 10 = 160", "avg_cost": 16.0}, {"responses": [{"player_id": 0, "response": "costly", "utility": 1.0}, {"player_id": 1, "response": "costly", "utility": 1.0}, {"player_id": 2, "response": "costly", "utility": 1.0}, {"player_id": 3, "response": "costly", "utility": 1.0}, {"player_id": 4, "response": "costly", "utility": 1.0}, {"player_id": 5, "response": "costly", "utility": 1.0}, {"player_id": 6, "response": "cheap", "utility": -4.0}, {"player_id": 7, "response": "costly", "utility": 1.0}, {"player_id": 8, "response": "costly", "utility": 1.0}, {"player_id": 9, "response": "costly", "utility": 1.0}], "cheap_player": 1, "total_cost": 190, "cost_msg": "9 * 20 + 1 * 10 = 190", "avg_cost": 19.0}, {"responses": [{"player_id": 0, "response": "cheap", "utility": -3.0}, {"player_id": 1, "response": "costly", "utility": 2.0}, {"player_id": 2, "response": "costly", "utility": 2.0}, {"player_id": 3, "response": "costly", "utility": 2.0}, {"player_id": 4, "response": "cheap", "utility": -3.0}, {"player_id": 5, "response": "costly", "utility": 2.0}, {"player_id": 6, "response": "costly", "utility": 2.0}, {"player_id": 7, "response": "costly", "utility": 2.0}, {"player_id": 8, "response": "costly", "utility": 2.0}, {"player_id": 9, "response": "costly", "utility": 2.0}], "cheap_player": 2, "total_cost": 180, "cost_msg": "8 * 20 + 2 * 10 = 180", "avg_cost": 18.0}, {"responses": [{"player_id": 0, "response": "costly", "utility": 2.0}, {"player_id": 1, "response": "costly", "utility": 2.0}, {"player_id": 2, "response": "costly", "utility": 2.0}, {"player_id": 3, "response": "costly", "utility": 2.0}, {"player_id": 4, "response": "costly", "utility": 2.0}, {"player_id": 5, "response": "costly", "utility": 2.0}, {"player_id": 6, "response": "cheap", "utility": -3.0}, {"player_id": 7, "response": "costly", "utility": 2.0}, {"player_id": 8, "response": "costly", "utility": 2.0}, {"player_id": 9, "response": "cheap", "utility": -3.0}], "cheap_player": 2, "total_cost": 180, "cost_msg": "8 * 20 + 2 * 10 = 180", "avg_cost": 18.0}, {"responses": [{"player_id": 0, "response": "costly", "utility": 2.0}, {"player_id": 1, "response": "costly", "utility": 2.0}, {"player_id": 2, "response": "costly", "utility": 2.0}, {"player_id": 3, "response": "costly", "utility": 2.0}, {"player_id": 4, "response": "costly", "utility": 2.0}, {"player_id": 5, "response": "cheap", "utility": -3.0}, {"player_id": 6, "response": "costly", "utility": 2.0}, {"player_id": 7, "response": "costly", "utility": 2.0}, {"player_id": 8, "response": "cheap", "utility": -3.0}, {"player_id": 9, "response": "costly", "utility": 2.0}], "cheap_player": 2, "total_cost": 180, "cost_msg": "8 * 20 + 2 * 10 = 180", "avg_cost": 18.0}, {"responses": [{"player_id": 0, "response": "costly", "utility": 2.0}, {"player_id": 1, "response": "cheap", "utility": -3.0}, {"player_id": 2, "response": "costly", "utility": 2.0}, {"player_id": 3, "response": "costly", "utility": 2.0}, {"player_id": 4, "response": "costly", "utility": 2.0}, {"player_id": 5, "response": "costly", "utility": 2.0}, {"player_id": 6, "response": "costly", "utility": 2.0}, {"player_id": 7, "response": "cheap", "utility": -3.0}, {"player_id": 8, "response": "costly", "utility": 2.0}, {"player_id": 9, "response": "costly", "utility": 2.0}], "cheap_player": 2, "total_cost": 180, "cost_msg": "8 * 20 + 2 * 10 = 180", "avg_cost": 18.0}, {"responses": [{"player_id": 0, "response": "cheap", "utility": -1.0}, {"player_id": 1, "response": "cheap", "utility": -1.0}, {"player_id": 2, "response": "costly", "utility": 4.0}, {"player_id": 3, "response": "costly", "utility": 4.0}, {"player_id": 4, "response": "costly", "utility": 4.0}, {"player_id": 5, "response": "costly", "utility": 4.0}, {"player_id": 6, "response": "cheap", "utility": -1.0}, {"player_id": 7, "response": "costly", "utility": 4.0}, {"player_id": 8, "response": "cheap", "utility": -1.0}, {"player_id": 9, "response": "costly", "utility": 4.0}], "cheap_player": 4, "total_cost": 160, "cost_msg": "6 * 20 + 4 * 10 = 160", "avg_cost": 16.0}, {"responses": [{"player_id": 0, "response": "costly", "utility": 2.0}, {"player_id": 1, "response": "costly", "utility": 2.0}, {"player_id": 2, "response": "cheap", "utility": -3.0}, {"player_id": 3, "response": "costly", "utility": 2.0}, {"player_id": 4, "response": "costly", "utility": 2.0}, {"player_id": 5, "response": "costly", "utility": 2.0}, {"player_id": 6, "response": "cheap", "utility": -3.0}, {"player_id": 7, "response": "costly", "utility": 2.0}, {"player_id": 8, "response": "costly", "utility": 2.0}, {"player_id": 9, "response": "costly", "utility": 2.0}], "cheap_player": 2, "total_cost": 180, "cost_msg": "8 * 20 + 2 * 10 = 180", "avg_cost": 18.0}, {"responses": [{"player_id": 0, "response": "costly", "utility": 3.0}, {"player_id": 1, "response": "cheap", "utility": -2.0}, {"player_id": 2, "response": "costly", "utility": 3.0}, {"player_id": 3, "response": "costly", "utility": 3.0}, {"player_id": 4, "response": "cheap", "utility": -2.0}, {"player_id": 5, "response": "costly", "utility": 3.0}, {"player_id": 6, "response": "costly", "utility": 3.0}, {"player_id": 7, "response": "cheap", "utility": -2.0}, {"player_id": 8, "response": "costly", "utility": 3.0}, {"player_id": 9, "response": "costly", "utility": 3.0}], "cheap_player": 3, "total_cost": 170, "cost_msg": "7 * 20 + 3 * 10 = 170", "avg_cost": 17.0}, {"responses": [{"player_id": 0, "response": "costly", "utility": 2.0}, {"player_id": 1, "response": "cheap", "utility": -3.0}, {"player_id": 2, "response": "costly", "utility": 2.0}, {"player_id": 3, "response": "costly", "utility": 2.0}, {"player_id": 4, "response": "costly", "utility": 2.0}, {"player_id": 5, "response": "cheap", "utility": -3.0}, {"player_id": 6, "response": "costly", "utility": 2.0}, {"player_id": 7, "response": "costly", "utility": 2.0}, {"player_id": 8, "response": "costly", "utility": 2.0}, {"player_id": 9, "response": "costly", "utility": 2.0}], "cheap_player": 2, "total_cost": 180, "cost_msg": "8 * 20 + 2 * 10 = 180", "avg_cost": 18.0}]}