{
  "topic": "What if all insects disappeared?",
  "paths": {
    "agents4sci_v2": "/home/dian/Code/agents4sci/experiments/0824/what_if_all_insects_disappeared/agents4sci_v2",
    "baseline_single": "/home/dian/Code/agents4sci/experiments/0824/what_if_all_insects_disappeared/baseline_single",
    "baseline_tree": "/home/dian/Code/agents4sci/experiments/0824/what_if_all_insects_disappeared/baseline_tree",
    "baseline_debate": "/home/dian/Code/agents4sci/experiments/0824/what_if_all_insects_disappeared/baseline_debate"
  }
}