{
  "stage": "1_initial_implementation_1_preliminary",
  "total_nodes": 5,
  "buggy_nodes": 2,
  "good_nodes": 2,
  "best_metric": "Metrics(train accuracy\u2191[mnist_claims:(final=0.7029, best=0.7029)]; validation accuracy\u2191[mnist_claims:(final=0.7183, best=0.7183)]; train loss\u2193[mnist_claims:(final=0.5329, best=0.5329)]; validation loss\u2193[mnist_claims:(final=0.4997, best=0.4997)])",
  "current_findings": "### Summary of Experimental Progress\n\n#### 1. Key Patterns of Success Across Working Experiments\n\n- **End-to-End Pipeline Implementation**: Successful experiments demonstrated the effective implementation of an end-to-end pipeline for the scientific claim verification task using the MNIST dataset. The integration of a CNN for vision input and a pre-trained BERT encoder for text processing proved to be a functional design choice.\n\n- **Consistent Training and Validation Metrics**: Both successful experiments showed a steady decrease in training and validation loss over epochs, with validation accuracy reaching approximately 71.83%. This consistency indicates that the model architecture and training process are well-suited for the task.\n\n- **Proper Resource Management**: The experiments effectively utilized available resources, such as transferring tensors and models to the GPU, which contributed to the smooth execution and training of the model.\n\n- **Data Management and Analysis**: Successful experiments included saving metrics, predictions, and accuracy curves, facilitating further analysis and understanding of the model's performance.\n\n#### 2. Common Failure Patterns and Pitfalls to Avoid\n\n- **Library and Driver Compatibility Issues**: Failed experiments encountered runtime errors related to the Triton library and its interaction with DeepSpeed. These issues were primarily due to incompatibilities or improper configurations of the libraries and drivers.\n\n- **Hardware and Software Configuration**: Failures often stemmed from incorrect hardware setups, such as missing or improperly installed GPU drivers, which led to initialization errors.\n\n- **Dependency Management**: Ensuring that all libraries and dependencies are correctly installed and compatible with each other is crucial. Incompatibilities between Transformers, DeepSpeed, and Triton were a recurring issue.\n\n#### 3. Specific Recommendations for Future Experiments\n\n- **Library and Environment Setup**: Before running experiments, verify that all libraries (e.g., Triton, DeepSpeed, Transformers) are correctly installed and compatible with the hardware and software environment. Regularly update to the latest stable versions to avoid known issues.\n\n- **Hardware Configuration**: Ensure that the system's hardware, particularly GPUs, is properly set up and accessible. If GPUs are unavailable, configure the environment to run on CPU and disable any GPU-specific optimizations.\n\n- **Modular Testing**: Test individual components of the pipeline (e.g., Triton setup) independently to isolate and resolve issues before integrating them into the main script.\n\n- **Alternative Solutions**: If certain libraries or optimizations (like Triton) are not essential, consider disabling them or using simpler alternatives to avoid unnecessary complexity and potential errors.\n\n- **Data and Metric Analysis**: Continue saving and analyzing experiment data, metrics, and accuracy curves to gain insights into model performance and identify areas for improvement.\n\nBy addressing these areas, future experiments can build on the successes and avoid the pitfalls encountered in previous attempts, leading to more robust and efficient research progress."
}