{
  "model": "mlp",
  "dataset": "cisco",
  "config": {
    "model": {
      "name": "mlp_ids",
      "hidden": 128,
      "layers": 2,
      "dropout": 0.3,
      "num_classes": 2
    },
    "training": {
      "epochs": 1,
      "batch_size": 1,
      "learning_rate": 0.001,
      "weight_decay": "1e-4",
      "patience": 10
    },
    "dataset": {
      "val_split": 0.15,
      "attack_ratio": 0.2
    },
    "evaluation": {
      "metrics": [
        "accuracy",
        "precision",
        "recall",
        "f1",
        "auc"
      ]
    },
    "logging": {
      "level": "INFO",
      "save_model": true
    },
    "system": {
      "device": "auto",
      "seed": 42
    }
  },
  "train_results": {
    "training_history": {
      "train_loss": [
        0.792990505695343
      ],
      "train_accuracy": [
        0.5145038167938931
      ],
      "val_accuracy": [
        0.576036866359447
      ],
      "val_f1": [
        0.6611670433531949
      ]
    },
    "best_val_f1": 0.6611670433531949,
    "total_epochs": 1
  },
  "test_metrics": {
    "accuracy": 0.5555555555555556,
    "precision": 0.6957070707070707,
    "recall": 0.5555555555555556,
    "f1": 0.6038011695906433,
    "auc": 0.4954545454545454
  },
  "total_time": 0.039608001708984375,
  "args": {
    "config": "configs/mlp_cisco.yaml",
    "model": "mlp",
    "dataset": "cisco",
    "nsl_kdd_path": "data/nsl_kdd",
    "cisco_data_path": "data/cisco_small",
    "output_dir": "outputs/mlp_cisco",
    "epochs": 1,
    "attack_ratio": 0.1
  }
}