{
  "bert-base-uncased": {
    "statistics": {
      "char_swap_0.05": {
        "mean": 0.7357003251711528,
        "std": 0.07231274903490974,
        "ci_95": [
          0.694249330207,
          0.7771513201353056
        ],
        "p_value": 1.7178679019621464e-09,
        "significant_degradation": "True",
        "median": 0.7472797632217407,
        "min": 0.5357786417007446,
        "max": 0.8289116024971008
      },
      "char_swap_0.1": {
        "mean": 0.5856936037540436,
        "std": 0.09553835840507006,
        "ci_95": [
          0.5309292632195662,
          0.6404579442885209
        ],
        "p_value": 1.7923592513166633e-10,
        "significant_degradation": "True",
        "median": 0.5954197645187378,
        "min": 0.3852859139442444,
        "max": 0.7153645753860474
      },
      "char_swap_0.2": {
        "mean": 0.41011569698651634,
        "std": 0.08196085420117687,
        "ci_95": [
          0.363134231061185,
          0.4570971629118477
        ],
        "p_value": 1.846636552349607e-13,
        "significant_degradation": "True",
        "median": 0.3852215111255646,
        "min": 0.2633010745048523,
        "max": 0.5429692268371582
      },
      "word_sub_0.05": {
        "mean": 0.9693166414896647,
        "std": 0.04215423699095776,
        "ci_95": [
          0.9451530591539088,
          0.9934802238254206
        ],
        "p_value": 0.01648035078537785,
        "significant_degradation": "True",
        "median": 0.9892099499702454,
        "min": 0.8656865358352661,
        "max": 1.0000001192092896
      },
      "word_sub_0.1": {
        "mean": 0.9705541491508484,
        "std": 0.053096041178310946,
        "ci_95": [
          0.9401185238306697,
          1.000989774471027
        ],
        "p_value": 0.05689657670515835,
        "significant_degradation": "False",
        "median": 0.9999999403953552,
        "min": 0.803072452545166,
        "max": 1.0000001192092896
      },
      "word_sub_0.2": {
        "mean": 0.957118014494578,
        "std": 0.057305741466563344,
        "ci_95": [
          0.9242693117049658,
          0.9899667172841902
        ],
        "p_value": 0.014183429150965116,
        "significant_degradation": "True",
        "median": 0.9999998807907104,
        "min": 0.8205020427703857,
        "max": 1.0000001192092896
      },
      "grammar_0.05": {
        "mean": 0.9962785482406616,
        "std": 0.006507710328010768,
        "ci_95": [
          0.9925482092391072,
          1.0000088872422161
        ],
        "p_value": 0.05047764797339032,
        "significant_degradation": "False",
        "median": 0.9999999403953552,
        "min": 0.9797905087471008,
        "max": 1.0000001192092896
      },
      "grammar_0.1": {
        "mean": 0.9962785482406616,
        "std": 0.006507710328010768,
        "ci_95": [
          0.9925482092391072,
          1.0000088872422161
        ],
        "p_value": 0.05047764797339032,
        "significant_degradation": "False",
        "median": 0.9999999403953552,
        "min": 0.9797905087471008,
        "max": 1.0000001192092896
      },
      "grammar_0.2": {
        "mean": 0.9962785482406616,
        "std": 0.006507710328010768,
        "ci_95": [
          0.9925482092391072,
          1.0000088872422161
        ],
        "p_value": 0.05047764797339032,
        "significant_degradation": "False",
        "median": 0.9999999403953552,
        "min": 0.9797905087471008,
        "max": 1.0000001192092896
      }
    },
    "circuits": {
      "top_correction_layers": [
        [
          12,
          75
        ],
        [
          11,
          72
        ],
        [
          9,
          62
        ],
        [
          8,
          60
        ],
        [
          3,
          52
        ]
      ],
      "total_corrections": 442
    }
  },
  "roberta-base": {
    "statistics": {
      "char_swap_0.05": {
        "mean": 0.9815815289815267,
        "std": 0.005146272728324661,
        "ci_95": [
          0.9786315909997337,
          0.9845314669633197
        ],
        "p_value": 2.2603560237071723e-09,
        "significant_degradation": "True",
        "median": 0.9803766012191772,
        "min": 0.9688284993171692,
        "max": 0.9900491833686829
      },
      "char_swap_0.1": {
        "mean": 0.9652161876360575,
        "std": 0.009670119394122977,
        "ci_95": [
          0.9596730977154262,
          0.9707592775566889
        ],
        "p_value": 2.116706697673023e-09,
        "significant_degradation": "True",
        "median": 0.9657925963401794,
        "min": 0.9451087117195129,
        "max": 0.9825801253318787
      },
      "char_swap_0.2": {
        "mean": 0.9367424964904785,
        "std": 0.008994382202838522,
        "ci_95": [
          0.9315867515302704,
          0.9418982414506866
        ],
        "p_value": 2.535760782066036e-13,
        "significant_degradation": "True",
        "median": 0.9371625781059265,
        "min": 0.915640115737915,
        "max": 0.9519193768501282
      },
      "word_sub_0.05": {
        "mean": 0.9981772502263387,
        "std": 0.002857346892029421,
        "ci_95": [
          0.9965393665445115,
          0.999815133908166
        ],
        "p_value": 0.03165477418049048,
        "significant_degradation": "True",
        "median": 0.9987680912017822,
        "min": 0.9885607361793518,
        "max": 1.0000001192092896
      },
      "word_sub_0.1": {
        "mean": 0.998090906937917,
        "std": 0.0032635717605084096,
        "ci_95": [
          0.9962201677056873,
          0.9999616461701467
        ],
        "p_value": 0.04605997859743372,
        "significant_degradation": "True",
        "median": 1.0,
        "min": 0.988308846950531,
        "max": 1.000000238418579
      },
      "word_sub_0.2": {
        "mean": 0.9971970359484355,
        "std": 0.0034798705038171468,
        "ci_95": [
          0.9952023103066265,
          0.9991917615902444
        ],
        "p_value": 0.009293234077096068,
        "significant_degradation": "True",
        "median": 0.9999998211860657,
        "min": 0.9900501370429993,
        "max": 1.000000238418579
      },
      "grammar_0.05": {
        "mean": 0.9992582519849141,
        "std": 0.0013802361606812163,
        "ci_95": [
          0.9984670752849644,
          1.000049428684864
        ],
        "p_value": 0.06401509396127902,
        "significant_degradation": "False",
        "median": 0.9999998807907104,
        "min": 0.994757890701294,
        "max": 1.0000001192092896
      },
      "grammar_0.1": {
        "mean": 0.9992582519849141,
        "std": 0.0013802361606812163,
        "ci_95": [
          0.9984670752849644,
          1.000049428684864
        ],
        "p_value": 0.06401509396127902,
        "significant_degradation": "False",
        "median": 0.9999998807907104,
        "min": 0.994757890701294,
        "max": 1.0000001192092896
      },
      "grammar_0.2": {
        "mean": 0.9992582519849141,
        "std": 0.0013802361606812163,
        "ci_95": [
          0.9984670752849644,
          1.000049428684864
        ],
        "p_value": 0.06401509396127902,
        "significant_degradation": "False",
        "median": 0.9999998807907104,
        "min": 0.994757890701294,
        "max": 1.0000001192092896
      }
    },
    "circuits": {
      "top_correction_layers": [
        [
          11,
          80
        ],
        [
          12,
          80
        ],
        [
          3,
          66
        ],
        [
          10,
          60
        ],
        [
          6,
          54
        ]
      ],
      "total_corrections": 454
    }
  }
}