{
  "bert-base-uncased": {
    "detection_heads": {
      "1": 2,
      "10": 2,
      "0": 10,
      "11": 1
    },
    "correction_layers": [
      3,
      4,
      5,
      6,
      7,
      8,
      9,
      10,
      11,
      12
    ],
    "robustness_summary": {
      "char_swap_0.05": {
        "mean": 0.7991393268108368,
        "std": 0.13092872146046253
      },
      "char_swap_0.1": {
        "mean": 0.6179730027914048,
        "std": 0.11662019347363996
      },
      "char_swap_0.2": {
        "mean": 0.47397958636283877,
        "std": 0.10408888600746895
      },
      "word_sub_0.05": {
        "mean": 0.9648116409778595,
        "std": 0.05848148939735397
      },
      "word_sub_0.1": {
        "mean": 0.9583501875400543,
        "std": 0.056276606457538035
      },
      "word_sub_0.2": {
        "mean": 0.9653830409049988,
        "std": 0.04129660702684639
      },
      "grammar_0.05": {
        "mean": 0.996888029575348,
        "std": 0.005635082067528685
      },
      "grammar_0.1": {
        "mean": 0.996888029575348,
        "std": 0.005635082067528685
      },
      "grammar_0.2": {
        "mean": 0.996888029575348,
        "std": 0.005635082067528685
      }
    }
  },
  "roberta-base": {
    "detection_heads": {
      "5": 1,
      "7": 1,
      "11": 1
    },
    "correction_layers": [
      2,
      3,
      4,
      5,
      6,
      7,
      8,
      9,
      10,
      11,
      12
    ],
    "robustness_summary": {
      "char_swap_0.05": {
        "mean": 0.9848615288734436,
        "std": 0.006939386172390262
      },
      "char_swap_0.1": {
        "mean": 0.964894700050354,
        "std": 0.010062559947840404
      },
      "char_swap_0.2": {
        "mean": 0.948699414730072,
        "std": 0.012160469669771254
      },
      "word_sub_0.05": {
        "mean": 0.9985165417194366,
        "std": 0.002709876490273056
      },
      "word_sub_0.1": {
        "mean": 0.9977509915828705,
        "std": 0.002581880972166225
      },
      "word_sub_0.2": {
        "mean": 0.9983818292617798,
        "std": 0.0020604796911107945
      },
      "grammar_0.05": {
        "mean": 0.9995721280574799,
        "std": 0.0007029557576822069
      },
      "grammar_0.1": {
        "mean": 0.9995721280574799,
        "std": 0.0007029557576822069
      },
      "grammar_0.2": {
        "mean": 0.9995721280574799,
        "std": 0.0007029557576822069
      }
    }
  }
}