{
  "experiment_metadata": {
    "total_sentences": 1500,
    "cross_validation_folds": 5,
    "statistical_tests": 60,
    "multiple_comparison_corrections": [
      "bonferroni",
      "fdr_bh"
    ],
    "effect_size_measure": "cohens_d",
    "power_analysis": "included"
  },
  "models": {
    "bert-base-uncased": {
      "char_swap_0.05": {
        "avg_cohens_d": 4.595585821853541,
        "avg_power": 1.0,
        "combined_p_value": 0.0,
        "cross_validation_folds": 5
      },
      "char_swap_0.1": {
        "avg_cohens_d": 5.03197634852881,
        "avg_power": 1.0,
        "combined_p_value": 0.0,
        "cross_validation_folds": 5
      },
      "char_swap_0.2": {
        "avg_cohens_d": 7.306795144765371,
        "avg_power": 1.0,
        "combined_p_value": 0.0,
        "cross_validation_folds": 5
      },
      "semantic_0.05": {
        "avg_cohens_d": 3.176160124573981,
        "avg_power": 0.9999999999944063,
        "combined_p_value": 1.4973543054828184e-57,
        "cross_validation_folds": 5
      },
      "semantic_0.1": {
        "avg_cohens_d": 3.176160124573981,
        "avg_power": 0.9999999999944063,
        "combined_p_value": 1.4973543054828184e-57,
        "cross_validation_folds": 5
      },
      "semantic_0.2": {
        "avg_cohens_d": 3.176160124573981,
        "avg_power": 0.9999999999944063,
        "combined_p_value": 1.4973543054828184e-57,
        "cross_validation_folds": 5
      }
    },
    "roberta-base": {
      "char_swap_0.05": {
        "avg_cohens_d": 4.605561842244312,
        "avg_power": 1.0,
        "combined_p_value": 0.0,
        "cross_validation_folds": 5
      },
      "char_swap_0.1": {
        "avg_cohens_d": 4.060718831289511,
        "avg_power": 1.0,
        "combined_p_value": 0.0,
        "cross_validation_folds": 5
      },
      "char_swap_0.2": {
        "avg_cohens_d": 5.562806026474279,
        "avg_power": 1.0,
        "combined_p_value": 0.0,
        "cross_validation_folds": 5
      },
      "semantic_0.05": {
        "avg_cohens_d": 4.1112495927649535,
        "avg_power": 1.0,
        "combined_p_value": 9.598883261810805e-72,
        "cross_validation_folds": 5
      },
      "semantic_0.1": {
        "avg_cohens_d": 4.1112495927649535,
        "avg_power": 1.0,
        "combined_p_value": 9.598883261810805e-72,
        "cross_validation_folds": 5
      },
      "semantic_0.2": {
        "avg_cohens_d": 4.1112495927649535,
        "avg_power": 1.0,
        "combined_p_value": 9.598883261810805e-72,
        "cross_validation_folds": 5
      }
    }
  },
  "statistical_summary": {
    "total_tests": 60,
    "significant_raw": 60,
    "significant_bonferroni": 60,
    "significant_fdr": 60,
    "average_power": 0.9999999999986017,
    "effect_sizes": {
      "small": 0,
      "medium": 0,
      "large": 60
    }
  }
}