{
  "model": "mlp",
  "dataset": "nsl_kdd",
  "config": {
    "model": {
      "name": "mlp_ids",
      "hidden": 128,
      "layers": 2,
      "dropout": 0.3,
      "num_classes": 2
    },
    "training": {
      "epochs": 1,
      "batch_size": 1,
      "learning_rate": 0.001,
      "weight_decay": "1e-4",
      "patience": 10
    },
    "dataset": {
      "val_split": 0.15,
      "attack_types": [
        "normal",
        "dos",
        "probe",
        "r2l",
        "u2r"
      ]
    },
    "evaluation": {
      "metrics": [
        "accuracy",
        "precision",
        "recall",
        "f1",
        "auc"
      ]
    },
    "logging": {
      "level": "INFO",
      "save_model": true
    },
    "system": {
      "device": "auto",
      "seed": 42
    }
  },
  "train_results": {
    "training_history": {
      "train_loss": [
        0.44626363689236553
      ],
      "train_accuracy": [
        0.8907009345794392
      ],
      "val_accuracy": [
        0.9386702127659574
      ],
      "val_f1": [
        0.9457219547559116
      ]
    },
    "best_val_f1": 0.9457219547559116,
    "total_epochs": 1
  },
  "test_metrics": {
    "accuracy": 0.7528125,
    "precision": 0.8100331695251208,
    "recall": 0.7528125,
    "f1": 0.7522277979204963,
    "auc": 0.7528125,
    "class_accuracies": {
      "normal": 0.9180837826627956,
      "dos": 0.6348600508905853,
      "probe": 0.9718181818181818,
      "r2l": 0.4264168190127971,
      "u2r": 0.5277777777777778
    },
    "class_precision": {
      "normal": 0.723247835321026,
      "dos": 0.9593079141300865,
      "probe": 0.40569259962049337,
      "r2l": 0.759771986970684,
      "u2r": 0.3584905660377358
    },
    "class_recall": {
      "normal": 0.9180837826627956,
      "dos": 0.6348600508905853,
      "probe": 0.9718181818181818,
      "r2l": 0.4264168190127971,
      "u2r": 0.5277777777777778
    },
    "class_f1": {
      "normal": 0.8091017088549758,
      "dos": 0.7640678831185402,
      "probe": 0.5724230254350736,
      "r2l": 0.5462529274004684,
      "u2r": 0.42696629213483145
    }
  },
  "total_time": 0.5541541576385498,
  "args": {
    "config": "configs/mlp_nsl_kdd.yaml",
    "model": "mlp",
    "dataset": "nsl_kdd",
    "nsl_kdd_path": "data/nsl_kdd",
    "cisco_data_path": "data/cisco_small",
    "output_dir": "outputs/mlp_nsl_kdd",
    "epochs": 1,
    "attack_ratio": 0.1
  }
}