{
  "robustness_quick": [
    {
      "sparsity": 3,
      "noise": 0.0,
      "AUPRC": 0.6164300770700217,
      "AUROC": 0.7136587428493665,
      "Hit@10": 1.0
    },
    {
      "sparsity": 3,
      "noise": 0.1,
      "AUPRC": 0.5327304322129714,
      "AUROC": 0.657103805820667,
      "Hit@10": 0.9
    },
    {
      "sparsity": 3,
      "noise": 0.2,
      "AUPRC": 0.5060667034306882,
      "AUROC": 0.6138151124891772,
      "Hit@10": 0.9
    },
    {
      "sparsity": 5,
      "noise": 0.0,
      "AUPRC": 0.8687137526652451,
      "AUROC": 0.922231850117096,
      "Hit@10": 1.0
    },
    {
      "sparsity": 5,
      "noise": 0.1,
      "AUPRC": 0.7448754851435958,
      "AUROC": 0.8347986535800248,
      "Hit@10": 0.9
    },
    {
      "sparsity": 5,
      "noise": 0.2,
      "AUPRC": 0.6583505518728846,
      "AUROC": 0.7588102785098654,
      "Hit@10": 0.7
    }
  ]
}