{
  "llm_llm_bid0.5_refltrue_cool2-7_relstrict_jobrandom": {
    "n_runs": 3,
    "metrics_mean": {
      "fill_rate": 0.7999941521592682,
      "total_jobs": 670.6666666666666,
      "total_bids": 3508.6666666666665,
      "bid_efficiency": 0.15329774697441312,
      "avg_bids_per_job": 5.227394812379381,
      "participation_rate": 0.15556666666666666,
      "rejection_rate": 0.9966691403834261,
      "freelancer_success_rate": 0.8066666666666666,
      "gini_coefficient": 0.5307150291397914,
      "market_health_score": 0.3120249706720295
    },
    "metrics_std": {
      "fill_rate": 0.01703353865300207,
      "total_jobs": 13.650396819628847,
      "total_bids": 280.5821329545652,
      "bid_efficiency": 0.0064642393811414015,
      "avg_bids_per_job": 0.317383141838238,
      "participation_rate": 0.012878405698429154,
      "rejection_rate": 0.0002785733489284484,
      "freelancer_success_rate": 0.032532035493238534,
      "gini_coefficient": 0.01277421951630058,
      "market_health_score": 0.007775024599518003
    },
    "metrics_ci_lower": {
      "fill_rate": 0.7576804964273132,
      "total_jobs": 636.7572011470901,
      "total_bids": 2811.6620089595235,
      "bid_efficiency": 0.13723968615013715,
      "avg_bids_per_job": 4.43897138067498,
      "participation_rate": 0.1235749334043749,
      "rejection_rate": 0.9959771258218729,
      "freelancer_success_rate": 0.725852610458914,
      "gini_coefficient": 0.49898210870156534,
      "market_health_score": 0.2927107388548197
    },
    "metrics_ci_upper": {
      "fill_rate": 0.8423078078912232,
      "total_jobs": 704.5761321862432,
      "total_bids": 4205.6713243738095,
      "bid_efficiency": 0.16935580779868908,
      "avg_bids_per_job": 6.015818244083782,
      "participation_rate": 0.1875583999289584,
      "rejection_rate": 0.9973611549449793,
      "freelancer_success_rate": 0.8874807228744193,
      "gini_coefficient": 0.5624479495780175,
      "market_health_score": 0.3313392024892393
    }
  },
  "random_random_bid0.5_reflfalse_cool2-7_relstrict_jobrandom": {
    "n_runs": 5,
    "metrics_mean": {
      "fill_rate": 0.9748608834422455,
      "total_jobs": 675.6,
      "total_bids": 49316.4,
      "bid_efficiency": 0.013354859954322465,
      "avg_bids_per_job": 73.00811768400833,
      "participation_rate": 0.9670399999999999,
      "rejection_rate": 0.9934652380908318,
      "freelancer_success_rate": 0.9559999999999998,
      "gini_coefficient": 0.3061049709474576,
      "market_health_score": 0.3794733320705094
    },
    "metrics_std": {
      "fill_rate": 0.006961856893591982,
      "total_jobs": 9.09945053286186,
      "total_bids": 190.125747861777,
      "bid_efficiency": 0.00019286036203418225,
      "avg_bids_per_job": 1.1182470342874073,
      "participation_rate": 0.0011098423311444363,
      "rejection_rate": 0.00010097636317759484,
      "freelancer_success_rate": 0.007416198487095669,
      "gini_coefficient": 0.005893846367248595,
      "market_health_score": 0.0377450175522996
    },
    "metrics_ci_lower": {
      "fill_rate": 0.9662165963768257,
      "total_jobs": 664.3015398699093,
      "total_bids": 49080.327703748466,
      "bid_efficiency": 0.013115392186104077,
      "avg_bids_per_job": 71.61963060043551,
      "participation_rate": 0.9656619487337353,
      "rejection_rate": 0.9933398593760046,
      "freelancer_success_rate": 0.9467915733350399,
      "gini_coefficient": 0.29878679410230097,
      "market_health_score": 0.3326067026642497
    },
    "metrics_ci_upper": {
      "fill_rate": 0.9835051705076654,
      "total_jobs": 686.8984601300907,
      "total_bids": 49552.47229625154,
      "bid_efficiency": 0.013594327722540853,
      "avg_bids_per_job": 74.39660476758114,
      "participation_rate": 0.9684180512662645,
      "rejection_rate": 0.993590616805659,
      "freelancer_success_rate": 0.9652084266649598,
      "gini_coefficient": 0.3134231477926142,
      "market_health_score": 0.42633996147676906
    }
  },
  "random_llm_bid0.05_reflfalse_cool2-7_relstrict_jobrandom": {
    "n_runs": 5,
    "metrics_mean": {
      "fill_rate": 0.30448828562881014,
      "total_jobs": 683.6,
      "total_bids": 4953.8,
      "bid_efficiency": 0.04205068163696436,
      "avg_bids_per_job": 7.248339599138204,
      "participation_rate": 0.22488999999999998,
      "rejection_rate": 0.9992215801754213,
      "freelancer_success_rate": 0.614,
      "gini_coefficient": 0.5563100780441276,
      "market_health_score": 0.3209728817743664
    },
    "metrics_std": {
      "fill_rate": 0.015419793548604772,
      "total_jobs": 9.6850400102426,
      "total_bids": 66.01666456282081,
      "bid_efficiency": 0.0028252430432290734,
      "avg_bids_per_job": 0.17184412683577718,
      "participation_rate": 0.0025931158863421403,
      "rejection_rate": 0.00017341103624667097,
      "freelancer_success_rate": 0.028809720581775892,
      "gini_coefficient": 0.018029964082274492,
      "market_health_score": 0.01213506199675989
    },
    "metrics_ci_lower": {
      "fill_rate": 0.2853420831197729,
      "total_jobs": 671.5744344981188,
      "total_bids": 4871.829484330851,
      "bid_efficiency": 0.038542679064011175,
      "avg_bids_per_job": 7.0349669335434575,
      "participation_rate": 0.2216702213607587,
      "rejection_rate": 0.9990062619348226,
      "freelancer_success_rate": 0.5782280071552988,
      "gini_coefficient": 0.5339229207542603,
      "market_health_score": 0.30590521217701894
    },
    "metrics_ci_upper": {
      "fill_rate": 0.3236344881378474,
      "total_jobs": 695.6255655018813,
      "total_bids": 5035.770515669149,
      "bid_efficiency": 0.04555868420991755,
      "avg_bids_per_job": 7.46171226473295,
      "participation_rate": 0.22810977863924126,
      "rejection_rate": 0.99943689841602,
      "freelancer_success_rate": 0.6497719928447012,
      "gini_coefficient": 0.5786972353339949,
      "market_health_score": 0.33604055137171385
    }
  },
  "random_llm_bid0.5_reflfalse_cool2-7_relstrict_jobrandom": {
    "n_runs": 2,
    "metrics_mean": {
      "fill_rate": 0.9963050237277041,
      "total_jobs": 677.0,
      "total_bids": 46944.0,
      "bid_efficiency": 0.014368623543557571,
      "avg_bids_per_job": 69.34024109529264,
      "participation_rate": 0.9508749999999999,
      "rejection_rate": 0.9995469746669088,
      "freelancer_success_rate": 0.735,
      "gini_coefficient": 0.6504149851410285,
      "market_health_score": 0.2971666666666667
    },
    "metrics_std": {
      "fill_rate": 0.0010599080536195294,
      "total_jobs": 2.8284271247461903,
      "total_bids": 510.5310960166873,
      "bid_efficiency": 8.094954030357178e-05,
      "avg_bids_per_job": 0.4644125218114036,
      "participation_rate": 3.5355339059166475e-05,
      "rejection_rate": 1.3297019380659971e-05,
      "freelancer_success_rate": 0.007071067811865481,
      "gini_coefficient": 0.009951833496411709,
      "market_health_score": 0.00777817459305203
    },
    "metrics_ci_lower": {
      "fill_rate": 0.9867821276889445,
      "total_jobs": 651.5875905271358,
      "total_bids": 42357.060090148014,
      "bid_efficiency": 0.013641320779828388,
      "avg_bids_per_job": 65.16766013489193,
      "participation_rate": 0.9505573448815906,
      "rejection_rate": 0.9994275056877318,
      "freelancer_success_rate": 0.6714689763178394,
      "gini_coefficient": 0.5610013086832077,
      "market_health_score": 0.2272825406162901
    },
    "metrics_ci_upper": {
      "fill_rate": 1.005827919766464,
      "total_jobs": 702.4124094728642,
      "total_bids": 51530.939909851986,
      "bid_efficiency": 0.015095926307286754,
      "avg_bids_per_job": 73.51282205569335,
      "participation_rate": 0.9511926551184092,
      "rejection_rate": 0.9996664436460858,
      "freelancer_success_rate": 0.7985310236821606,
      "gini_coefficient": 0.7398286615988492,
      "market_health_score": 0.3670507927170433
    }
  }
}