{
  "simulation_overview": {
    "total_rounds": 25,
    "total_jobs": 116,
    "total_bids": 780,
    "total_freelancers": 200
  },
  "market_efficiency": {
    "avg_job_fill_rate": 0.2413793103448276,
    "fill_rate_trend": "decreasing",
    "avg_competition": 6.724137931034483
  },
  "persona_analysis": {
    "total_bids": 780.0,
    "total_completed": 25.0,
    "avg_bids_per_freelancer": 3.9,
    "avg_completed_per_freelancer": 0.125,
    "success_rate": 0.03205128205128205
  },
  "skill_analysis": {
    "category_coverage": {
      "Customer Service": {
        "total_jobs": 6,
        "total_freelancers": 20,
        "avg_bids_per_job": 15.333333333333334,
        "fill_rate": 0.16666666666666666,
        "avg_job_rate": 31.941666666666666,
        "success_rate": 0.16666666666666666
      },
      "Legal": {
        "total_jobs": 9,
        "total_freelancers": 17,
        "avg_bids_per_job": 5.777777777777778,
        "fill_rate": 0.4444444444444444,
        "avg_job_rate": 87.36111111111111,
        "success_rate": 0.3333333333333333
      },
      "Translation": {
        "total_jobs": 8,
        "total_freelancers": 14,
        "avg_bids_per_job": 7.875,
        "fill_rate": 0.125,
        "avg_job_rate": 41.8359375,
        "success_rate": 0.125
      },
      "Engineering & Architecture": {
        "total_jobs": 13,
        "total_freelancers": 13,
        "avg_bids_per_job": 3.0,
        "fill_rate": 0.23076923076923078,
        "avg_job_rate": 73.35192307692309,
        "success_rate": 0.15384615384615385
      },
      "Web, Mobile & Software Dev": {
        "total_jobs": 11,
        "total_freelancers": 18,
        "avg_bids_per_job": 3.727272727272727,
        "fill_rate": 0.2727272727272727,
        "avg_job_rate": 61.15,
        "success_rate": 0.18181818181818182
      },
      "Accounting & Consulting": {
        "total_jobs": 9,
        "total_freelancers": 12,
        "avg_bids_per_job": 4.444444444444445,
        "fill_rate": 0.1111111111111111,
        "avg_job_rate": 54.80437499999999,
        "success_rate": 0.0
      },
      "IT & Networking": {
        "total_jobs": 9,
        "total_freelancers": 17,
        "avg_bids_per_job": 0.8888888888888888,
        "fill_rate": 0.1111111111111111,
        "avg_job_rate": 57.517361111111114,
        "success_rate": 0.0
      },
      "Writing": {
        "total_jobs": 14,
        "total_freelancers": 13,
        "avg_bids_per_job": 7.5,
        "fill_rate": 0.35714285714285715,
        "avg_job_rate": 44.48571428571428,
        "success_rate": 0.42857142857142855
      },
      "Design & Creative": {
        "total_jobs": 12,
        "total_freelancers": 20,
        "avg_bids_per_job": 9.25,
        "fill_rate": 0.25,
        "avg_job_rate": 53.77828125,
        "success_rate": 0.16666666666666666
      },
      "Sales & Marketing": {
        "total_jobs": 6,
        "total_freelancers": 20,
        "avg_bids_per_job": 7.666666666666667,
        "fill_rate": 0.3333333333333333,
        "avg_job_rate": 49.668749999999996,
        "success_rate": 0.3333333333333333
      },
      "Data Science & Analytics": {
        "total_jobs": 11,
        "total_freelancers": 20,
        "avg_bids_per_job": 5.454545454545454,
        "fill_rate": 0.18181818181818182,
        "avg_job_rate": 76.50795454545454,
        "success_rate": 0.2727272727272727
      },
      "Admin Support": {
        "total_jobs": 8,
        "total_freelancers": 16,
        "avg_bids_per_job": 15.375,
        "fill_rate": 0.25,
        "avg_job_rate": 23.29375,
        "success_rate": 0.375
      }
    },
    "category_competition": {
      "Accounting & Consulting": 4.444444444444445,
      "Admin Support": 15.375,
      "Customer Service": 15.333333333333334,
      "Data Science & Analytics": 5.454545454545454,
      "Design & Creative": 9.25,
      "Engineering & Architecture": 3.0,
      "IT & Networking": 0.8888888888888888,
      "Legal": 5.777777777777778,
      "Sales & Marketing": 7.666666666666667,
      "Translation": 7.875,
      "Web, Mobile & Software Dev": 3.727272727272727,
      "Writing": 7.5
    },
    "category_rates": {
      "Customer Service": {
        "avg_bid_rate": 26.019021739130434,
        "min_bid_rate": 25.0,
        "max_bid_rate": 28.749999999999996
      },
      "Legal": {
        "avg_bid_rate": 87.04326923076923,
        "min_bid_rate": 85.0,
        "max_bid_rate": 106.25
      },
      "Translation": {
        "avg_bid_rate": 37.25,
        "min_bid_rate": 35.0,
        "max_bid_rate": 40.25
      },
      "Engineering & Architecture": {
        "avg_bid_rate": 80.40576923076921,
        "min_bid_rate": 70.0,
        "max_bid_rate": 92.57499999999999
      },
      "Web, Mobile & Software Dev": {
        "avg_bid_rate": 60.75487804878048,
        "min_bid_rate": 55.0,
        "max_bid_rate": 75.89999999999999
      },
      "Accounting & Consulting": {
        "avg_bid_rate": 53.495718749999995,
        "min_bid_rate": 45.0,
        "max_bid_rate": 68.43937499999998
      },
      "IT & Networking": {
        "avg_bid_rate": 54.6875,
        "min_bid_rate": 50.0,
        "max_bid_rate": 57.49999999999999
      },
      "Writing": {
        "avg_bid_rate": 45.01428571428571,
        "min_bid_rate": 40.0,
        "max_bid_rate": 52.89999999999999
      },
      "Design & Creative": {
        "avg_bid_rate": 48.58783783783784,
        "min_bid_rate": 45.0,
        "max_bid_rate": 51.74999999999999
      },
      "Sales & Marketing": {
        "avg_bid_rate": 48.4703804347826,
        "min_bid_rate": 45.0,
        "max_bid_rate": 59.51249999999999
      },
      "Data Science & Analytics": {
        "avg_bid_rate": 75.725,
        "min_bid_rate": 65.0,
        "max_bid_rate": 85.96249999999999
      },
      "Admin Support": {
        "avg_bid_rate": 21.742682926829264,
        "min_bid_rate": 20.0,
        "max_bid_rate": 26.449999999999996
      }
    },
    "category_success": {
      "Customer Service": {
        "avg_completed_jobs": 0.125,
        "total_completed_jobs": 25.0,
        "avg_success_rate": 0.02829635642135642
      },
      "Legal": {
        "avg_completed_jobs": 0.125,
        "total_completed_jobs": 25.0,
        "avg_success_rate": 0.02829635642135642
      },
      "Translation": {
        "avg_completed_jobs": 0.125,
        "total_completed_jobs": 25.0,
        "avg_success_rate": 0.02829635642135642
      },
      "Engineering & Architecture": {
        "avg_completed_jobs": 0.125,
        "total_completed_jobs": 25.0,
        "avg_success_rate": 0.02829635642135642
      },
      "Web, Mobile & Software Dev": {
        "avg_completed_jobs": 0.125,
        "total_completed_jobs": 25.0,
        "avg_success_rate": 0.02829635642135642
      },
      "Accounting & Consulting": {
        "avg_completed_jobs": 0.125,
        "total_completed_jobs": 25.0,
        "avg_success_rate": 0.02829635642135642
      },
      "IT & Networking": {
        "avg_completed_jobs": 0.125,
        "total_completed_jobs": 25.0,
        "avg_success_rate": 0.02829635642135642
      },
      "Writing": {
        "avg_completed_jobs": 0.125,
        "total_completed_jobs": 25.0,
        "avg_success_rate": 0.02829635642135642
      },
      "Design & Creative": {
        "avg_completed_jobs": 0.125,
        "total_completed_jobs": 25.0,
        "avg_success_rate": 0.02829635642135642
      },
      "Sales & Marketing": {
        "avg_completed_jobs": 0.125,
        "total_completed_jobs": 25.0,
        "avg_success_rate": 0.02829635642135642
      },
      "Data Science & Analytics": {
        "avg_completed_jobs": 0.125,
        "total_completed_jobs": 25.0,
        "avg_success_rate": 0.02829635642135642
      },
      "Admin Support": {
        "avg_completed_jobs": 0.125,
        "total_completed_jobs": 25.0,
        "avg_success_rate": 0.02829635642135642
      }
    },
    "category_specialization": {
      "Customer Service": {
        "in_category_bid_rate": 0.5324675324675324,
        "out_category_bid_rate": 0.4675324675324675,
        "in_category_success_rate": 0.06097560975609756,
        "out_category_success_rate": 0.041666666666666664
      },
      "Legal": {
        "in_category_bid_rate": 1.0,
        "out_category_bid_rate": 0.0,
        "in_category_success_rate": 0.17647058823529413,
        "out_category_success_rate": 0.0
      },
      "Translation": {
        "in_category_bid_rate": 0.9264705882352942,
        "out_category_bid_rate": 0.07352941176470588,
        "in_category_success_rate": 0.12698412698412698,
        "out_category_success_rate": 0.2
      },
      "Engineering & Architecture": {
        "in_category_bid_rate": 1.0,
        "out_category_bid_rate": 0.0,
        "in_category_success_rate": 0.2631578947368421,
        "out_category_success_rate": 0.0
      },
      "Web, Mobile & Software Dev": {
        "in_category_bid_rate": 1.0,
        "out_category_bid_rate": 0.0,
        "in_category_success_rate": 0.21951219512195122,
        "out_category_success_rate": 0.0
      },
      "Accounting & Consulting": {
        "in_category_bid_rate": 1.0,
        "out_category_bid_rate": 0.0,
        "in_category_success_rate": 0.2,
        "out_category_success_rate": 0.0
      },
      "IT & Networking": {
        "in_category_bid_rate": 1.0,
        "out_category_bid_rate": 0.0,
        "in_category_success_rate": 0.625,
        "out_category_success_rate": 0.0
      },
      "Writing": {
        "in_category_bid_rate": 0.9701492537313433,
        "out_category_bid_rate": 0.029850746268656716,
        "in_category_success_rate": 0.16923076923076924,
        "out_category_success_rate": 0.5
      },
      "Design & Creative": {
        "in_category_bid_rate": 1.0,
        "out_category_bid_rate": 0.0,
        "in_category_success_rate": 0.10810810810810811,
        "out_category_success_rate": 0.0
      },
      "Sales & Marketing": {
        "in_category_bid_rate": 0.5357142857142857,
        "out_category_bid_rate": 0.4642857142857143,
        "in_category_success_rate": 0.13333333333333333,
        "out_category_success_rate": 0.07692307692307693
      },
      "Data Science & Analytics": {
        "in_category_bid_rate": 1.0,
        "out_category_bid_rate": 0.0,
        "in_category_success_rate": 0.18333333333333332,
        "out_category_success_rate": 0.0
      },
      "Admin Support": {
        "in_category_bid_rate": 0.8620689655172413,
        "out_category_bid_rate": 0.13793103448275862,
        "in_category_success_rate": 0.1,
        "out_category_success_rate": 0.0
      }
    },
    "category_cross_bidding": {
      "Customer Service": {
        "Admin Support": 72
      },
      "Translation": {
        "Customer Service": 2,
        "Writing": 1,
        "Legal": 1,
        "Admin Support": 1
      },
      "Writing": {
        "Sales & Marketing": 1,
        "Engineering & Architecture": 1
      },
      "Sales & Marketing": {
        "Writing": 39
      },
      "Admin Support": {
        "Customer Service": 8
      }
    }
  },
  "duration_analysis": {
    "duration_fill_rates": {
      "Very Short": 0.0,
      "Short": 0.4,
      "Medium": 0.0,
      "Long": 0.0,
      "Very Long": 0.23423423423423423
    },
    "duration_bid_counts": {
      "Very Short": 0.0,
      "Short": 3.0,
      "Medium": 0.0,
      "Long": 0.0,
      "Very Long": 6.891891891891892
    },
    "duration_rate_impact": {
      "Very Short": {
        "mean_rate": 0.0,
        "rate_std": 0.0
      },
      "Short": {
        "mean_rate": 45.166666666666664,
        "rate_std": 10.265087618209783
      },
      "Medium": {
        "mean_rate": 0.0,
        "rate_std": 0.0
      },
      "Long": {
        "mean_rate": 0.0,
        "rate_std": 0.0
      },
      "Very Long": {
        "mean_rate": 47.530184640522876,
        "rate_std": 20.78913193555945
      }
    },
    "duration_success_rates": {
      "Very Short": 0.0,
      "Short": 0.4,
      "Medium": 0.0,
      "Long": 0.0,
      "Very Long": 0.23423423423423423
    }
  },
  "complexity_analysis": {
    "category_complexity": {
      "Legal": {
        "avg_complexity": 0.49294871794871803,
        "avg_budget_factor": 0.5,
        "avg_skill_factor": 0.5,
        "avg_competition_factor": 0.47649572649572647,
        "fill_rate_by_complexity": {
          "Low": 0.4444444444444444,
          "High": 0.0
        }
      },
      "Sales & Marketing": {
        "avg_complexity": 0.491304347826087,
        "avg_budget_factor": 0.5,
        "avg_skill_factor": 0.5,
        "avg_competition_factor": 0.4710144927536232,
        "fill_rate_by_complexity": {
          "Low": 0.3333333333333333,
          "High": 0.0
        }
      },
      "Engineering & Architecture": {
        "avg_complexity": 0.46923076923076923,
        "avg_budget_factor": 0.49999999999999994,
        "avg_skill_factor": 0.5,
        "avg_competition_factor": 0.3974358974358974,
        "fill_rate_by_complexity": {
          "Low": 0.23076923076923078,
          "High": 0.0
        }
      },
      "Writing": {
        "avg_complexity": 0.4885714285714286,
        "avg_budget_factor": 0.5000000000000001,
        "avg_skill_factor": 0.49999999999999994,
        "avg_competition_factor": 0.46190476190476176,
        "fill_rate_by_complexity": {
          "Low": 0.35714285714285715,
          "High": 0.0
        }
      },
      "IT & Networking": {
        "avg_complexity": 0.4583333333333333,
        "avg_budget_factor": 0.4999999999999999,
        "avg_skill_factor": 0.5,
        "avg_competition_factor": 0.3611111111111111,
        "fill_rate_by_complexity": {
          "Low": 0.1111111111111111,
          "High": 0.0
        }
      },
      "Customer Service": {
        "avg_complexity": 0.5,
        "avg_budget_factor": 0.5,
        "avg_skill_factor": 0.5,
        "avg_competition_factor": 0.5,
        "fill_rate_by_complexity": {
          "Low": 0.16666666666666666,
          "High": 0.0
        }
      },
      "Admin Support": {
        "avg_complexity": 0.5,
        "avg_budget_factor": 0.5,
        "avg_skill_factor": 0.5,
        "avg_competition_factor": 0.49999999999999994,
        "fill_rate_by_complexity": {
          "Low": 0.25,
          "High": 0.0
        }
      },
      "Design & Creative": {
        "avg_complexity": 0.49999999999999994,
        "avg_budget_factor": 0.5000000000000001,
        "avg_skill_factor": 0.5,
        "avg_competition_factor": 0.5,
        "fill_rate_by_complexity": {
          "Low": 0.25,
          "High": 0.0
        }
      },
      "Data Science & Analytics": {
        "avg_complexity": 0.4772727272727273,
        "avg_budget_factor": 0.5000000000000001,
        "avg_skill_factor": 0.5,
        "avg_competition_factor": 0.42424242424242425,
        "fill_rate_by_complexity": {
          "Low": 0.18181818181818182,
          "High": 0.0
        }
      },
      "Web, Mobile & Software Dev": {
        "avg_complexity": 0.4980044345898005,
        "avg_budget_factor": 0.5,
        "avg_skill_factor": 0.5,
        "avg_competition_factor": 0.49334811529933487,
        "fill_rate_by_complexity": {
          "Low": 0.2727272727272727,
          "High": 0.0
        }
      },
      "Translation": {
        "avg_complexity": 0.5,
        "avg_budget_factor": 0.5,
        "avg_skill_factor": 0.49999999999999994,
        "avg_competition_factor": 0.49999999999999994,
        "fill_rate_by_complexity": {
          "Low": 0.125,
          "High": 0.0
        }
      },
      "Accounting & Consulting": {
        "avg_complexity": 0.49541666666666667,
        "avg_budget_factor": 0.5,
        "avg_skill_factor": 0.5,
        "avg_competition_factor": 0.4847222222222221,
        "fill_rate_by_complexity": {
          "Low": 0.1111111111111111,
          "High": 0.0
        }
      }
    },
    "budget_impact": {
      "Legal": {
        "filled": {
          "Above Average": 1.0,
          "Below Average": 0.375
        },
        "num_bids": {
          "Above Average": 5.0,
          "Below Average": 5.875
        },
        "complexity_score": {
          "Above Average": NaN,
          "Below Average": NaN
        }
      },
      "Sales & Marketing": {
        "filled": {
          "Above Average": 0.0,
          "Below Average": 0.5
        },
        "num_bids": {
          "Above Average": 7.0,
          "Below Average": 8.0
        },
        "complexity_score": {
          "Above Average": NaN,
          "Below Average": NaN
        }
      },
      "Engineering & Architecture": {
        "filled": {
          "Above Average": 0.0,
          "Below Average": 0.3
        },
        "num_bids": {
          "Above Average": 8.666666666666666,
          "Below Average": 1.3
        },
        "complexity_score": {
          "Above Average": NaN,
          "Below Average": NaN
        }
      },
      "Writing": {
        "filled": {
          "Above Average": 0.2,
          "Below Average": 0.4444444444444444
        },
        "num_bids": {
          "Above Average": 12.4,
          "Below Average": 4.777777777777778
        },
        "complexity_score": {
          "Above Average": NaN,
          "Below Average": NaN
        }
      },
      "IT & Networking": {
        "filled": {
          "Above Average": 0.0,
          "Below Average": 0.14285714285714285
        },
        "num_bids": {
          "Above Average": 0.0,
          "Below Average": 1.1428571428571428
        },
        "complexity_score": {
          "Above Average": NaN,
          "Below Average": NaN
        }
      },
      "Customer Service": {
        "filled": {
          "Above Average": 0.0,
          "Below Average": 0.2
        },
        "num_bids": {
          "Above Average": 20.0,
          "Below Average": 14.4
        },
        "complexity_score": {
          "Above Average": NaN,
          "Below Average": NaN
        }
      },
      "Admin Support": {
        "filled": {
          "Above Average": 0.0,
          "Below Average": 0.4
        },
        "num_bids": {
          "Above Average": 20.333333333333332,
          "Below Average": 12.4
        },
        "complexity_score": {
          "Above Average": NaN,
          "Below Average": NaN
        }
      },
      "Design & Creative": {
        "filled": {
          "Above Average": 0.3333333333333333,
          "Below Average": 0.2222222222222222
        },
        "num_bids": {
          "Above Average": 9.333333333333334,
          "Below Average": 9.222222222222221
        },
        "complexity_score": {
          "Above Average": NaN,
          "Below Average": NaN
        }
      },
      "Data Science & Analytics": {
        "filled": {
          "Above Average": 0.0,
          "Below Average": 0.3333333333333333
        },
        "num_bids": {
          "Above Average": 8.0,
          "Below Average": 3.3333333333333335
        },
        "complexity_score": {
          "Above Average": NaN,
          "Below Average": NaN
        }
      },
      "Web, Mobile & Software Dev": {
        "filled": {
          "Above Average": 0.0,
          "Below Average": 0.5
        },
        "num_bids": {
          "Above Average": 4.8,
          "Below Average": 2.8333333333333335
        },
        "complexity_score": {
          "Above Average": NaN,
          "Below Average": NaN
        }
      },
      "Translation": {
        "filled": {
          "Above Average": 0.0,
          "Below Average": 0.16666666666666666
        },
        "num_bids": {
          "Above Average": 4.0,
          "Below Average": 9.166666666666666
        },
        "complexity_score": {
          "Above Average": NaN,
          "Below Average": NaN
        }
      },
      "Accounting & Consulting": {
        "filled": {
          "Above Average": 0.2,
          "Below Average": 0.0
        },
        "num_bids": {
          "Above Average": 6.0,
          "Below Average": 2.5
        },
        "complexity_score": {
          "Above Average": NaN,
          "Below Average": NaN
        }
      }
    },
    "skill_impact": {
      "Legal": {
        "filled": {
          "Above Average": 0.0,
          "Below Average": 0.5
        },
        "num_bids": {
          "Above Average": 14.0,
          "Below Average": 4.75
        },
        "complexity_score": {
          "Above Average": NaN,
          "Below Average": NaN
        }
      },
      "Sales & Marketing": {
        "filled": {
          "Below Average": 0.3333333333333333
        },
        "num_bids": {
          "Below Average": 7.666666666666667
        },
        "complexity_score": {
          "Below Average": NaN
        }
      },
      "Engineering & Architecture": {
        "filled": {
          "Above Average": 0.0,
          "Below Average": 0.3
        },
        "num_bids": {
          "Above Average": 4.333333333333333,
          "Below Average": 2.6
        },
        "complexity_score": {
          "Above Average": NaN,
          "Below Average": NaN
        }
      },
      "Writing": {
        "filled": {
          "Above Average": 0.25,
          "Below Average": 0.5
        },
        "num_bids": {
          "Above Average": 8.0,
          "Below Average": 6.833333333333333
        },
        "complexity_score": {
          "Above Average": NaN,
          "Below Average": NaN
        }
      },
      "IT & Networking": {
        "filled": {
          "Above Average": 0.0,
          "Below Average": 0.16666666666666666
        },
        "num_bids": {
          "Above Average": 0.0,
          "Below Average": 1.3333333333333333
        },
        "complexity_score": {
          "Above Average": NaN,
          "Below Average": NaN
        }
      },
      "Customer Service": {
        "filled": {
          "Below Average": 0.16666666666666666
        },
        "num_bids": {
          "Below Average": 15.333333333333334
        },
        "complexity_score": {
          "Below Average": NaN
        }
      },
      "Admin Support": {
        "filled": {
          "Above Average": 0.0,
          "Below Average": 0.2857142857142857
        },
        "num_bids": {
          "Above Average": 16.0,
          "Below Average": 15.285714285714286
        },
        "complexity_score": {
          "Above Average": NaN,
          "Below Average": NaN
        }
      },
      "Design & Creative": {
        "filled": {
          "Above Average": 0.2,
          "Below Average": 0.2857142857142857
        },
        "num_bids": {
          "Above Average": 11.2,
          "Below Average": 7.857142857142857
        },
        "complexity_score": {
          "Above Average": NaN,
          "Below Average": NaN
        }
      },
      "Data Science & Analytics": {
        "filled": {
          "Above Average": 0.2,
          "Below Average": 0.16666666666666666
        },
        "num_bids": {
          "Above Average": 4.8,
          "Below Average": 6.0
        },
        "complexity_score": {
          "Above Average": NaN,
          "Below Average": NaN
        }
      },
      "Web, Mobile & Software Dev": {
        "filled": {
          "Above Average": 0.25,
          "Below Average": 0.3333333333333333
        },
        "num_bids": {
          "Above Average": 4.25,
          "Below Average": 2.3333333333333335
        },
        "complexity_score": {
          "Above Average": NaN,
          "Below Average": NaN
        }
      },
      "Translation": {
        "filled": {
          "Above Average": 0.5,
          "Below Average": 0.0
        },
        "num_bids": {
          "Above Average": 6.5,
          "Below Average": 8.333333333333334
        },
        "complexity_score": {
          "Above Average": NaN,
          "Below Average": NaN
        }
      },
      "Accounting & Consulting": {
        "filled": {
          "Above Average": 0.0,
          "Below Average": 0.14285714285714285
        },
        "num_bids": {
          "Above Average": 1.5,
          "Below Average": 5.285714285714286
        },
        "complexity_score": {
          "Above Average": NaN,
          "Below Average": NaN
        }
      }
    },
    "complexity_patterns": {
      "Legal": {
        "complexity_fill_rate": {
          "correlation": NaN,
          "p_value": NaN,
          "significance": "not_significant"
        },
        "complexity_bids": {
          "correlation": NaN,
          "p_value": NaN,
          "significance": "not_significant"
        },
        "budget_bids": {
          "correlation": -0.0679131709993041,
          "p_value": 0.8621790752196418,
          "significance": "not_significant"
        },
        "sample_size": 9
      },
      "Sales & Marketing": {
        "complexity_fill_rate": {
          "correlation": NaN,
          "p_value": NaN,
          "significance": "not_significant"
        },
        "complexity_bids": {
          "correlation": NaN,
          "p_value": NaN,
          "significance": "not_significant"
        },
        "budget_bids": {
          "correlation": -0.0646385099704258,
          "p_value": 0.9031772693184965,
          "significance": "not_significant"
        },
        "sample_size": 6
      },
      "Engineering & Architecture": {
        "complexity_fill_rate": {
          "correlation": NaN,
          "p_value": NaN,
          "significance": "not_significant"
        },
        "complexity_bids": {
          "correlation": NaN,
          "p_value": NaN,
          "significance": "not_significant"
        },
        "budget_bids": {
          "correlation": 0.9420663646090053,
          "p_value": 1.4952906238774618e-06,
          "significance": "strong"
        },
        "sample_size": 13
      },
      "Writing": {
        "complexity_fill_rate": {
          "correlation": NaN,
          "p_value": NaN,
          "significance": "not_significant"
        },
        "complexity_bids": {
          "correlation": NaN,
          "p_value": NaN,
          "significance": "not_significant"
        },
        "budget_bids": {
          "correlation": 0.20656583671833195,
          "p_value": 0.47861119597257357,
          "significance": "not_significant"
        },
        "sample_size": 14
      },
      "IT & Networking": {
        "complexity_fill_rate": {
          "correlation": NaN,
          "p_value": NaN,
          "significance": "not_significant"
        },
        "complexity_bids": {
          "correlation": NaN,
          "p_value": NaN,
          "significance": "not_significant"
        },
        "budget_bids": {
          "correlation": -0.19274701745212147,
          "p_value": 0.6192932593678782,
          "significance": "not_significant"
        },
        "sample_size": 9
      },
      "Customer Service": {
        "complexity_fill_rate": {
          "correlation": NaN,
          "p_value": NaN,
          "significance": "not_significant"
        },
        "complexity_bids": {
          "correlation": NaN,
          "p_value": NaN,
          "significance": "not_significant"
        },
        "budget_bids": {
          "correlation": 0.25608811849434066,
          "p_value": 0.6242650956410085,
          "significance": "not_significant"
        },
        "sample_size": 6
      },
      "Admin Support": {
        "complexity_fill_rate": {
          "correlation": NaN,
          "p_value": NaN,
          "significance": "not_significant"
        },
        "complexity_bids": {
          "correlation": NaN,
          "p_value": NaN,
          "significance": "not_significant"
        },
        "budget_bids": {
          "correlation": 0.4732613091848288,
          "p_value": 0.23623117391219697,
          "significance": "not_significant"
        },
        "sample_size": 8
      },
      "Design & Creative": {
        "complexity_fill_rate": {
          "correlation": NaN,
          "p_value": NaN,
          "significance": "not_significant"
        },
        "complexity_bids": {
          "correlation": NaN,
          "p_value": NaN,
          "significance": "not_significant"
        },
        "budget_bids": {
          "correlation": 0.15647679892897357,
          "p_value": 0.6272181194914618,
          "significance": "not_significant"
        },
        "sample_size": 12
      },
      "Data Science & Analytics": {
        "complexity_fill_rate": {
          "correlation": NaN,
          "p_value": NaN,
          "significance": "not_significant"
        },
        "complexity_bids": {
          "correlation": NaN,
          "p_value": NaN,
          "significance": "not_significant"
        },
        "budget_bids": {
          "correlation": 0.49080692504267687,
          "p_value": 0.1252950411225776,
          "significance": "not_significant"
        },
        "sample_size": 11
      },
      "Web, Mobile & Software Dev": {
        "complexity_fill_rate": {
          "correlation": NaN,
          "p_value": NaN,
          "significance": "not_significant"
        },
        "complexity_bids": {
          "correlation": NaN,
          "p_value": NaN,
          "significance": "not_significant"
        },
        "budget_bids": {
          "correlation": 0.1004111892464688,
          "p_value": 0.7689508897054587,
          "significance": "not_significant"
        },
        "sample_size": 11
      },
      "Translation": {
        "complexity_fill_rate": {
          "correlation": NaN,
          "p_value": NaN,
          "significance": "not_significant"
        },
        "complexity_bids": {
          "correlation": NaN,
          "p_value": NaN,
          "significance": "not_significant"
        },
        "budget_bids": {
          "correlation": -0.4206267296415105,
          "p_value": 0.29941248593801606,
          "significance": "not_significant"
        },
        "sample_size": 8
      },
      "Accounting & Consulting": {
        "complexity_fill_rate": {
          "correlation": NaN,
          "p_value": NaN,
          "significance": "not_significant"
        },
        "complexity_bids": {
          "correlation": NaN,
          "p_value": NaN,
          "significance": "not_significant"
        },
        "budget_bids": {
          "correlation": 0.47052740184842506,
          "p_value": 0.20115463624249943,
          "significance": "not_significant"
        },
        "sample_size": 9
      }
    }
  },
  "statistical_tests": {
    "success_rate_stats": {
      "mean": 0.02829635642135642,
      "std": 0.09167809428929863,
      "min": 0.0,
      "max": 0.5
    }
  }
}