{
  "random_random": {
    "n_runs": 20,
    "metrics_mean": {
      "fill_rate": 0.8772587106811015,
      "total_jobs": 681.65,
      "total_bids": 3772.1,
      "bid_efficiency": 0.1618505576366131,
      "avg_bids_per_job": 5.537205353798089,
      "participation_rate": 0.1708775,
      "rejection_rate": 0.9058024313355919,
      "freelancer_hiring_rate": 0.9882500000000001,
      "gini_coefficient": 0.11056185455890302,
      "market_health_score": 0.37514013075124303
    },
    "metrics_std": {
      "fill_rate": 0.04571904132502753,
      "total_jobs": 6.158220864058574,
      "total_bids": 706.8293846094463,
      "bid_efficiency": 0.018916813959733457,
      "avg_bids_per_job": 1.0584712655591166,
      "participation_rate": 0.03179651369088657,
      "rejection_rate": 0.015580632210656729,
      "freelancer_hiring_rate": 0.017492479587104388,
      "gini_coefficient": 0.11856210736273329,
      "market_health_score": 0.09127283525289608
    },
    "metrics_ci_lower": {
      "fill_rate": 0.8558615406932815,
      "total_jobs": 678.7678639177049,
      "total_bids": 3441.29366512186,
      "bid_efficiency": 0.1529972161798926,
      "avg_bids_per_job": 5.041825552734909,
      "participation_rate": 0.15599627351873718,
      "rejection_rate": 0.8985104709998745,
      "freelancer_hiring_rate": 0.980063267549229,
      "gini_coefficient": 0.05507308025763983,
      "market_health_score": 0.33242312893809667
    },
    "metrics_ci_upper": {
      "fill_rate": 0.8986558806689215,
      "total_jobs": 684.5321360822951,
      "total_bids": 4102.90633487814,
      "bid_efficiency": 0.1707038990933336,
      "avg_bids_per_job": 6.032585154861269,
      "participation_rate": 0.1857587264812628,
      "rejection_rate": 0.9130943916713093,
      "freelancer_hiring_rate": 0.9964367324507711,
      "gini_coefficient": 0.16605062886016622,
      "market_health_score": 0.4178571325643894
    }
  },
  "llm_random": {
    "n_runs": 21,
    "metrics_mean": {
      "fill_rate": 0.6425470290817454,
      "total_jobs": 681.8095238095239,
      "total_bids": 2141.9523809523807,
      "bid_efficiency": 0.2048785383010728,
      "avg_bids_per_job": 3.1433428205990865,
      "participation_rate": 0.09671190476190478,
      "rejection_rate": 0.9051917777529923,
      "freelancer_hiring_rate": 0.8583333333333334,
      "gini_coefficient": 0.2626149530780517,
      "market_health_score": 0.3175269245745437
    },
    "metrics_std": {
      "fill_rate": 0.057496851716012175,
      "total_jobs": 9.378800816837128,
      "total_bids": 212.6472375062691,
      "bid_efficiency": 0.008315725366405761,
      "avg_bids_per_job": 0.32399492314269074,
      "participation_rate": 0.009488333688824197,
      "rejection_rate": 0.01570162142520738,
      "freelancer_hiring_rate": 0.07108680140035371,
      "gini_coefficient": 0.06401270682201707,
      "market_health_score": 0.04627724908995925
    },
    "metrics_ci_lower": {
      "fill_rate": 0.6163747759655596,
      "total_jobs": 677.5403448618322,
      "total_bids": 2045.1565189465687,
      "bid_efficiency": 0.20109326549675946,
      "avg_bids_per_job": 2.9958620997635808,
      "participation_rate": 0.09239286704865234,
      "rejection_rate": 0.8980444853707102,
      "freelancer_hiring_rate": 0.8259750092870106,
      "gini_coefficient": 0.2334767182774242,
      "market_health_score": 0.29646177334356083
    },
    "metrics_ci_upper": {
      "fill_rate": 0.6687192821979313,
      "total_jobs": 686.0787027572155,
      "total_bids": 2238.748242958193,
      "bid_efficiency": 0.20866381110538615,
      "avg_bids_per_job": 3.2908235414345923,
      "participation_rate": 0.10103094247515722,
      "rejection_rate": 0.9123390701352744,
      "freelancer_hiring_rate": 0.8906916573796562,
      "gini_coefficient": 0.2917531878786792,
      "market_health_score": 0.3385920758055265
    }
  },
  "random_llm": {
    "n_runs": 20,
    "metrics_mean": {
      "fill_rate": 0.3864547775808599,
      "total_jobs": 679.05,
      "total_bids": 4753.85,
      "bid_efficiency": 0.055477501819605,
      "avg_bids_per_job": 7.001869200653273,
      "participation_rate": 0.21553499999999998,
      "rejection_rate": 0.9910747836356594,
      "freelancer_hiring_rate": 0.7265,
      "gini_coefficient": 0.4501529859114058,
      "market_health_score": 0.3161660321871611
    },
    "metrics_std": {
      "fill_rate": 0.07100935763198041,
      "total_jobs": 8.964696842263224,
      "total_bids": 149.2642570110227,
      "bid_efficiency": 0.01131443921179966,
      "avg_bids_per_job": 0.23761366036753312,
      "participation_rate": 0.006704890202798176,
      "rejection_rate": 0.005231694573224413,
      "freelancer_hiring_rate": 0.09942069042312332,
      "gini_coefficient": 0.08260638143855842,
      "market_health_score": 0.016272212927424385
    },
    "metrics_ci_lower": {
      "fill_rate": 0.3532213752184695,
      "total_jobs": 674.8543927286337,
      "total_bids": 4683.992177355278,
      "bid_efficiency": 0.050182181267920435,
      "avg_bids_per_job": 6.8906625844391,
      "participation_rate": 0.21239701479162673,
      "rejection_rate": 0.9886262752054015,
      "freelancer_hiring_rate": 0.6799696845857643,
      "gini_coefficient": 0.41149200933594227,
      "market_health_score": 0.3085504021127942
    },
    "metrics_ci_upper": {
      "fill_rate": 0.41968817994325025,
      "total_jobs": 683.2456072713662,
      "total_bids": 4823.707822644723,
      "bid_efficiency": 0.060772822371289566,
      "avg_bids_per_job": 7.113075816867446,
      "participation_rate": 0.21867298520837322,
      "rejection_rate": 0.9935232920659173,
      "freelancer_hiring_rate": 0.7730303154142357,
      "gini_coefficient": 0.4888139624868693,
      "market_health_score": 0.323781662261528
    }
  },
  "llm_llm_reflections_true": {
    "n_runs": 20,
    "metrics_mean": {
      "fill_rate": 0.6926247141369591,
      "total_jobs": 676.1,
      "total_bids": 1972.95,
      "bid_efficiency": 0.25122885675832496,
      "avg_bids_per_job": 2.92133667008855,
      "participation_rate": 0.08919750000000001,
      "rejection_rate": 0.7632837739302822,
      "freelancer_hiring_rate": 0.8462500000000001,
      "gini_coefficient": 0.2899547509936969,
      "market_health_score": 0.3302344574815163
    },
    "metrics_std": {
      "fill_rate": 0.047972517883317134,
      "total_jobs": 13.56815156320511,
      "total_bids": 672.4606406012881,
      "bid_efficiency": 0.04398436436802809,
      "avg_bids_per_job": 1.0058499102075762,
      "participation_rate": 0.029103420286427182,
      "rejection_rate": 0.10208114783136762,
      "freelancer_hiring_rate": 0.030082124435058036,
      "gini_coefficient": 0.10634600891352713,
      "market_health_score": 0.05025545872628651
    },
    "metrics_ci_lower": {
      "fill_rate": 0.67017288465533,
      "total_jobs": 669.7499095999312,
      "total_bids": 1658.2287324482363,
      "bid_efficiency": 0.23064354057686529,
      "avg_bids_per_job": 2.450584421415232,
      "participation_rate": 0.07557668002985865,
      "rejection_rate": 0.7155083261213216,
      "freelancer_hiring_rate": 0.8321711323886766,
      "gini_coefficient": 0.2401832867569061,
      "market_health_score": 0.3067141787963731
    },
    "metrics_ci_upper": {
      "fill_rate": 0.7150765436185883,
      "total_jobs": 682.4500904000688,
      "total_bids": 2287.671267551764,
      "bid_efficiency": 0.27181417293978466,
      "avg_bids_per_job": 3.392088918761868,
      "participation_rate": 0.10281831997014138,
      "rejection_rate": 0.8110592217392428,
      "freelancer_hiring_rate": 0.8603288676113235,
      "gini_coefficient": 0.3397262152304877,
      "market_health_score": 0.35375473616665953
    }
  },
  "llm_llm_reflections_false": {
    "n_runs": 21,
    "metrics_mean": {
      "fill_rate": 0.4353604998467353,
      "total_jobs": 679.6190476190476,
      "total_bids": 914.6666666666666,
      "bid_efficiency": 0.3218596822243573,
      "avg_bids_per_job": 1.3453098175124243,
      "participation_rate": 0.04096666666666666,
      "rejection_rate": 0.6704653376939669,
      "freelancer_hiring_rate": 0.635,
      "gini_coefficient": 0.49573168230203185,
      "market_health_score": 0.33804761904761904
    },
    "metrics_std": {
      "fill_rate": 0.06472631218760701,
      "total_jobs": 8.674538549549425,
      "total_bids": 86.98352334398358,
      "bid_efficiency": 0.03734705614504729,
      "avg_bids_per_job": 0.12323781949749282,
      "participation_rate": 0.004308895836909189,
      "rejection_rate": 0.11635696881622207,
      "freelancer_hiring_rate": 0.07702272391963298,
      "gini_coefficient": 0.06528370954395944,
      "market_health_score": 0.04994622505080237
    },
    "metrics_ci_lower": {
      "fill_rate": 0.4058974357781413,
      "total_jobs": 675.6704450119645,
      "total_bids": 875.072241546823,
      "bid_efficiency": 0.3048595060860111,
      "avg_bids_per_job": 1.2892126346387234,
      "participation_rate": 0.039005280797195466,
      "rejection_rate": 0.6175002804986315,
      "freelancer_hiring_rate": 0.5999396764177726,
      "gini_coefficient": 0.4660148939987823,
      "market_health_score": 0.31531236998243345
    },
    "metrics_ci_upper": {
      "fill_rate": 0.4648235639153293,
      "total_jobs": 683.5676502261307,
      "total_bids": 954.2610917865103,
      "bid_efficiency": 0.3388598583627035,
      "avg_bids_per_job": 1.4014070003861252,
      "participation_rate": 0.04292805253613785,
      "rejection_rate": 0.7234303948893023,
      "freelancer_hiring_rate": 0.6700603235822274,
      "gini_coefficient": 0.5254484706052813,
      "market_health_score": 0.36078286811280463
    }
  }
}