{
  "results": [
    {
      "setting": "Full Model",
      "precision": "58.5",
      "recall": "58.2",
      "macro_f1": "53.7",
      "accuracy": "53.8"
    },
    {
      "setting": "No Numeric Verification",
      "precision": "47.0",
      "recall": "46.8",
      "macro_f1": "46.4",
      "accuracy": "47.8"
    },
    {
      "setting": "No Percentage Conversion",
      "precision": "58.5",
      "recall": "58.2",
      "macro_f1": "53.7",
      "accuracy": "53.8"
    },
    {
      "setting": "No Approximate Match",
      "precision": "57.7",
      "recall": "57.6",
      "macro_f1": "53.6",
      "accuracy": "53.6"
    },
    {
      "setting": "No Superlative Reasoning",
      "precision": "58.5",
      "recall": "58.0",
      "macro_f1": "53.0",
      "accuracy": "53.1"
    },
    {
      "setting": "No Comparison Reasoning",
      "precision": "58.8",
      "recall": "58.0",
      "macro_f1": "52.3",
      "accuracy": "52.5"
    },
    {
      "setting": "No Entity Heuristic",
      "precision": "58.6",
      "recall": "58.4",
      "macro_f1": "54.1",
      "accuracy": "54.2"
    }
  ]
}