{
  "topic": "What if gravity became ten times stronger?",
  "paths": {
    "agents4sci_v2": "/home/dian/Code/agents4sci/experiments/0824/what_if_gravity_became_ten_times/agents4sci_v2",
    "baseline_single": "/home/dian/Code/agents4sci/experiments/0824/what_if_gravity_became_ten_times/baseline_single",
    "baseline_tree": "/home/dian/Code/agents4sci/experiments/0824/what_if_gravity_became_ten_times/baseline_tree",
    "baseline_debate": "/home/dian/Code/agents4sci/experiments/0824/what_if_gravity_became_ten_times/baseline_debate"
  }
}