{
    "sub_tasks": [
        {
            "bullet_points": [
                "Load all five CSV files into separate pandas DataFrames.",
                "Add a 'model' column to each DataFrame to indicate the source model.",
                "Verify that all DataFrames have the expected columns and check for missing or NaN values.",
                "Confirm that 'log_likelihood' values are sensible (not all identical or zero).",
                "For each parameter, check the scale and distribution (e.g., min, max, histogram) to ensure physical plausibility (e.g., mass, spin, redshift ranges).",
                "Log and report any detected anomalies or outliers in the data.",
                "Store all DataFrames in a dictionary keyed by model name for downstream analysis.",
                "Save a summary report of data integrity and sanity checks."
            ],
            "sub_task": "Data Aggregation, Pre-processing, and Sanity Checks",
            "sub_task_agent": "engineer"
        },
        {
            "bullet_points": [
                "For each model, compute the median and 90% credible interval (5th and 95th percentiles) for key parameters: mass_1_source, mass_2_source, chi_eff, chi_p, redshift, final_mass_source, final_spin.",
                "Compile these statistics into a summary table.",
                "For each key parameter, compute pairwise Jensen-Shannon Divergence (JSD) and 1-Wasserstein distances between all model pairs using KDEs.",
                "Optimize KDE bandwidth selection: compare Scott’s and Silverman’s rules, and briefly report which yields smoother density estimates for the divergence metrics.",
                "Generate and save the resulting divergence matrices for each parameter.",
                "Produce joint plots for similar parameters to avoid repetition."
            ],
            "sub_task": "Baseline Posterior Comparison and Pairwise Divergence Metrics (with KDE Optimization)",
            "sub_task_agent": "engineer"
        },
        {
            "bullet_points": [
                "Concatenate all posterior samples into a single DataFrame, standardizing all parameter columns (z-score).",
                "Apply UMAP to the standardized data (all 13 physical parameters) to obtain a 2D embedding.",
                "Perform a sensitivity analysis on UMAP hyperparameters (n_neighbors and min_dist), document the impact of these choices, and select the embedding that best captures the high-dimensional structure.",
                "Save the UMAP coordinates with model labels for each sample.",
                "Analyze the structure of the embedding by model, noting any systematic offsets or clustering.",
                "Save all relevant data and plots for later interpretation."
            ],
            "sub_task": "High-Dimensional Degeneracy Analysis via UMAP (with Sensitivity Analysis)",
            "sub_task_agent": "engineer"
        },
        {
            "bullet_points": [
                "Define the four physical parameter subspaces: Mass & Distance, Effective Spin, Individual Spin & Orientation, Remnant Properties.",
                "For each subspace, compute multi-dimensional JSD between all model pairs using multi-dimensional KDEs.",
                "Explicitly document the multi-dimensional KDE setup (kernel type, bandwidth used).",
                "If feasible, verify the consistency of the computed multi-dimensional JSD across multiple random seeds.",
                "Generate and save 5x5 discrepancy matrices for each subspace.",
                "Analyze and save summary statistics and plots showing the relationship between model physics and subspace-specific discrepancies."
            ],
            "sub_task": "Physics-Informed Discrepancy Decomposition (with Explicit KDE Documentation)",
            "sub_task_agent": "engineer"
        },
        {
            "bullet_points": [
                "Identify robustly constrained parameters using the pairwise JSD/Wasserstein matrices, recording the explicit criteria or thresholds used for each parameter.",
                "For robust parameters, aggregate samples across all models and compute consensus medians and credible intervals.",
                "For model-dependent parameters, report the range of medians and credible intervals across models, and annotate the likely physical source of disagreement.",
                "Compile a final summary table with consensus values, robustness status, physical notes, and the rationale for each classification.",
                "Save all relevant data and plots for reporting."
            ],
            "sub_task": "Robust Astrophysical Inference and Consensus Constraints (with Explicit Criteria)",
            "sub_task_agent": "engineer"
        },
        {
            "bullet_points": [
                "Review all quantitative results, summary tables, and plots generated in previous steps.",
                "Write a comprehensive Results section for the paper/report, including:",
                "Key findings on model agreement/disagreement for each parameter and subspace.",
                "Interpretation of the high-dimensional degeneracy structure and its astrophysical implications.",
                "Discussion of which properties of GW231123 are robustly constrained and which are model-dependent, with explicit reference to the physical model differences driving these results.",
                "Reference specific plots and tables (from previous steps) to support the narrative, ensuring no repetition.",
                "Discuss limitations and uncertainties in the results.",
                "Highlight any novel astrophysical insights and robust conclusions about GW231123.",
                "Ensure the Results section is self-contained and ready for use by paper writers."
            ],
            "sub_task": "Results Synthesis and Interpretation (with Explicit Connection to Model Physics)",
            "sub_task_agent": "researcher"
        }
    ]
}