{
  "experiment_info": {
    "timestamp": "20250915_153017",
    "dataset_size": 1000,
    "bias_strength": 0.3,
    "bias_difference": 0.145
  },
  "best_baseline_model": {
    "name": "RandomForest",
    "accuracy": 0.8515842563101478,
    "demographic_parity": 0.17302304187458725,
    "equal_opportunity": 0.1612210245626019
  },
  "best_fairness_model": {
    "name": "AdversarialNet_lambda_0.01",
    "accuracy": 0.8084231946313992,
    "demographic_parity": 0.005138865750125312,
    "equal_opportunity": 0.0691650457859197
  },
  "all_models_summary": {
    "num_models_evaluated": 8,
    "avg_accuracy": 0.801215761728872,
    "avg_demographic_parity": 0.07100255523980852,
    "avg_equal_opportunity": 0.06928834113846974
  }
}