{
  "stage": "1_initial_implementation_1_preliminary",
  "total_nodes": 12,
  "buggy_nodes": 7,
  "good_nodes": 4,
  "best_metric": "Metrics(train loss\u2193[synthetic_dynamic_network:(final=0.5756, best=0.5756)]; validation F1 score\u2191[synthetic_dynamic_network:(final=0.6990, best=0.6990)])",
  "current_findings": "### 1. Key Patterns of Success Across Working Experiments\n\n- **Synthetic Dataset Creation**: Successful experiments consistently utilized synthetic dynamic network datasets with temporal motifs and anomalies. This approach allowed for controlled testing environments where model capabilities could be effectively evaluated.\n\n- **Graph Neural Network (GNN) Architecture**: The use of GNNs was a common factor in successful experiments. These models are well-suited for capturing structural information in network data, which is crucial for anomaly detection.\n\n- **Contrastive Learning Approach**: Implementing contrastive learning techniques helped in distinguishing between normal and anomalous patterns, contributing to higher F1-scores.\n\n- **Device Compatibility**: Ensuring that all computations were device-compatible, particularly with GPU requirements, was a key factor in the success of the experiments.\n\n- **Metric Tracking and Visualization**: Successful experiments tracked and saved metrics, losses, and predictions, and visualized results to evaluate model performance, particularly using the F1-score as a primary evaluation metric.\n\n### 2. Common Failure Patterns and Pitfalls to Avoid\n\n- **Data Handling Issues**: Several failed experiments encountered issues with data handling, such as improper collation in the DataLoader or missing node features in the Data object. Ensuring correct data preprocessing and feature initialization is crucial.\n\n- **Model Architecture and Learning Rate**: Failures often stemmed from simple model architectures or inappropriate learning rates, leading to non-convergence or fluctuating F1-scores without improvement.\n\n- **Batch Size Mismatches**: Errors related to mismatched batch sizes during loss calculation were common. Proper aggregation and reshaping of model outputs to match target sizes are necessary.\n\n- **Dimension Mismatches**: Several experiments failed due to dimension mismatches between model outputs and target tensors, particularly in loss functions like CrossEntropyLoss.\n\n### 3. Specific Recommendations for Future Experiments\n\n- **Robust Data Handling**: Ensure that the DataLoader and dataset handling are robust, with proper collation and initialization of node features. Consider returning a single batched Data object rather than lists of Data objects.\n\n- **Model Complexity and Learning Rate**: Experiment with more complex GNN architectures and adjust learning rates to find optimal settings that promote convergence and stable learning.\n\n- **Output and Target Alignment**: Pay close attention to the alignment of model outputs and target tensors, particularly in loss functions. Ensure that outputs are properly aggregated or reshaped to match target dimensions.\n\n- **Enhanced Metric Tracking**: Continue to track and visualize metrics, losses, and predictions. Consider implementing additional evaluation metrics to gain deeper insights into model performance.\n\n- **Iterative Debugging**: Implement a systematic debugging process to identify and resolve errors, such as dimension mismatches or data handling issues, early in the experimental pipeline.\n\nBy addressing these areas, future experiments can build on the successes and learn from the failures to enhance the anomaly detection framework's effectiveness and reliability."
}