"Sample_ID","CXCL13_expression"
"TCGA-2F-A9KP-01",19.1427
"TCGA-2F-A9KQ-01",1.3908
"TCGA-2F-A9KR-01",71.7044
"TCGA-2F-A9KT-01",11.3058
"TCGA-2F-A9KW-01",1.5708
"TCGA-4Z-AA7M-01",6.5359
"TCGA-4Z-AA7R-01",6.6756
"TCGA-4Z-AA7S-01",43.9301
"TCGA-4Z-AA7Y-01",5.966
"TCGA-4Z-AA80-01",100.726
"TCGA-4Z-AA81-01",177.961
"TCGA-4Z-AA82-01",59.9214
"TCGA-4Z-AA83-01",36.9637
"TCGA-4Z-AA84-01",40.6303
"TCGA-4Z-AA87-01",114.079
"TCGA-4Z-AA89-01",58.4946
"TCGA-5N-A9KI-01",78.6102
"TCGA-5N-A9KM-01",88.835
"TCGA-BL-A0C8-01",0
"TCGA-BL-A13I-01",99.11
"TCGA-BL-A13J-01",54.1385
"TCGA-BL-A3JM-01",220.656
"TCGA-BL-A5ZZ-01",5.5003
"TCGA-BT-A0S7-01",84.6037
"TCGA-BT-A0YX-01",320.714
"TCGA-BT-A20N-01",23.8353
"TCGA-BT-A20P-01",4.1288
"TCGA-BT-A20Q-01",281.75
"TCGA-BT-A20R-01",17.3385
"TCGA-BT-A20T-01",171.473
"TCGA-BT-A20U-01",51.5732
"TCGA-BT-A20V-01",46.9426
"TCGA-BT-A20X-01",59.7189
"TCGA-BT-A2LA-01",1.1754
"TCGA-BT-A2LD-01",253.24
"TCGA-BT-A3PH-01",2.7952
"TCGA-BT-A3PJ-01",178.571
NA,NA
"TCGA-BT-A42C-01",16.8407
"TCGA-C4-A0EZ-01",9.5457
"TCGA-C4-A0F0-01",86.934
"TCGA-C4-A0F1-01",277.636
"TCGA-C4-A0F6-01",21.3274
"TCGA-CF-A1HR-01",28.6035
"TCGA-CF-A1HS-01",93.2457
"TCGA-CF-A27C-01",3.1026
"TCGA-CF-A3MF-01",3.1788
"TCGA-CF-A3MG-01",0.9479
"TCGA-CF-A3MH-01",2.8124
"TCGA-CF-A3MI-01",14.0672
"TCGA-CF-A47S-01",6.6259
"TCGA-CF-A47T-01",3.6254
"TCGA-CF-A47V-01",10.6809
"TCGA-CF-A47W-01",0.9434
"TCGA-CF-A47X-01",26.1059
"TCGA-CF-A47Y-01",1.1474
"TCGA-CF-A5U8-01",3.6998
"TCGA-CF-A5UA-01",0.994
"TCGA-CF-A7I0-01",4.0299
"TCGA-CF-A8HX-01",4.2735
"TCGA-CF-A8HY-01",0.6817
"TCGA-CF-A9FH-01",17.8542
"TCGA-CF-A9FL-01",160.337
"TCGA-CF-A9FM-01",5.1041
"TCGA-CU-A0YN-01",212
"TCGA-CU-A0YO-01",38.1963
"TCGA-CU-A0YR-01",160.616
"TCGA-CU-A3KJ-01",53.8607
"TCGA-CU-A3QU-01",0.3178
"TCGA-CU-A3YL-01",62.7907
"TCGA-CU-A5W6-01",31.0627
"TCGA-CU-A72E-01",20.9618
"TCGA-DK-A1A3-01",244.238
"TCGA-DK-A1A5-01",102.034
"TCGA-DK-A1AA-01",1.5868
"TCGA-DK-A1AB-01",139.973
"TCGA-DK-A1AD-01",287.649
"TCGA-DK-A1AF-01",185.281
"TCGA-DK-A1AG-01",3.6782
"TCGA-DK-A2HX-01",39.8936
"TCGA-DK-A2I2-01",170.155
"TCGA-DK-A2I6-01",33.1599
"TCGA-DK-A3IK-01",208.767
"TCGA-DK-A3IM-01",93.4611
"TCGA-DK-A3IN-01",166.355
"TCGA-DK-A3IQ-01",9.2308
"TCGA-DK-A3IS-01",54.0127
"TCGA-DK-A3WX-01",119.719
"TCGA-DK-A3X1-01",70.717
"TCGA-DK-A3X2-01",9.7314
"TCGA-DK-A6B0-01",0
"TCGA-DK-A6B1-01",1.9816
"TCGA-DK-A6B2-01",143.635
"TCGA-DK-A6B5-01",295.157
"TCGA-DK-A6B6-01",261.251
"TCGA-DK-AA6L-01",27.6186
"TCGA-DK-AA6M-01",95.7751
"TCGA-DK-AA6P-01",3.9442
"TCGA-DK-AA6R-01",211.756
"TCGA-DK-AA6T-01",171.875
"TCGA-DK-AA6U-01",29.4264
"TCGA-DK-AA6W-01",61.4355
"TCGA-DK-AA6X-01",333.595
"TCGA-DK-AA71-01",62.7329
"TCGA-DK-AA75-01",6.3927
"TCGA-DK-AA76-01",1.0534
"TCGA-E5-A2PC-01",160.176
"TCGA-E5-A4TZ-01",63.0395
"TCGA-E5-A4U1-01",0
"TCGA-E7-A3Y1-01",25.1168
"TCGA-E7-A4IJ-01",173.246
"TCGA-E7-A4XJ-01",0
"TCGA-E7-A519-01",2.0121
"TCGA-E7-A541-01",267.224
"TCGA-E7-A5KE-01",0.4219
"TCGA-E7-A5KF-01",1.9608
"TCGA-E7-A677-01",29.221
"TCGA-E7-A678-01",5.2185
"TCGA-E7-A6ME-01",82.423
"TCGA-E7-A6MF-01",25.6025
"TCGA-E7-A7DU-01",4.4131
"TCGA-E7-A7DV-01",50.9454
"TCGA-E7-A7PW-01",51.4762
"TCGA-E7-A8O7-01",69.8462
"TCGA-E7-A97Q-01",33.2208
"TCGA-FD-A3B5-01",11.0619
"TCGA-FD-A3N5-01",124.741
"TCGA-FD-A3N6-01",216.103
"TCGA-FD-A3NA-01",95.2223
"TCGA-FD-A3SJ-01",298.928
"TCGA-FD-A3SL-01",194.833
"TCGA-FD-A3SM-01",26.5458
"TCGA-FD-A3SN-01",24.4336
"TCGA-FD-A3SO-01",293.988
"TCGA-FD-A3SP-01",256.896
"TCGA-FD-A3SQ-01",328.093
"TCGA-FD-A3SR-01",84.2914
"TCGA-FD-A3SS-01",15.8076
"TCGA-FD-A43N-01",43.8596
"TCGA-FD-A43X-01",1.9616
"TCGA-FD-A43Y-01",133.503
"TCGA-FD-A5BV-01",0
"TCGA-FD-A5BX-01",198.684
"TCGA-FD-A5BZ-01",128.806
"TCGA-FD-A5C0-01",31.4643
"TCGA-FD-A62O-01",0
"TCGA-FD-A6TC-01",15.4355
"TCGA-FD-A6TD-01",285.281
"TCGA-FD-A6TE-01",268.139
"TCGA-FD-A6TG-01",259.604
"TCGA-FD-A6TH-01",103.23
"TCGA-FJ-A3Z7-01",78.4314
"TCGA-FJ-A3Z9-01",3.7313
"TCGA-FJ-A3ZE-01",5.9477
"TCGA-FJ-A3ZF-01",3.6254
"TCGA-FJ-A871-01",1.2965
"TCGA-FT-A3EE-01",22.0607
"TCGA-G2-A2EC-01",29.4991
"TCGA-G2-A2EF-01",130.239
"TCGA-G2-A2EJ-01",71.3296
"TCGA-G2-A2EL-01",59.5966
"TCGA-G2-A2ES-01",272.086
"TCGA-G2-A3IB-01",4.9168
"TCGA-G2-A3IE-01",30.4099
"TCGA-G2-A3VY-01",2.5543
"TCGA-G2-AA3B-01",185.309
"TCGA-G2-AA3C-01",1.2541
"TCGA-G2-AA3D-01",163.666
"TCGA-G2-AA3F-01",0.3975
"TCGA-GC-A3BM-01",130.406
"TCGA-GC-A3I6-01",84.0062
"TCGA-GC-A3OO-01",209.416
"TCGA-GC-A3RB-01",36.5239
"TCGA-GC-A3RC-01",202.905
"TCGA-GC-A3RD-01",3.8911
"TCGA-GC-A3YS-01",21.5356
"TCGA-GC-A4ZW-01",32.5493
"TCGA-GD-A2C5-01",11.5965
"TCGA-GD-A3OP-01",94.0027
"TCGA-GD-A3OQ-01",190.748
"TCGA-GD-A6C6-01",4.7851
"TCGA-GU-A42P-01",1.8999
"TCGA-GU-A42Q-01",20.6101
"TCGA-GU-A42R-01",6.04
"TCGA-GU-A767-01",8.3726
"TCGA-GU-AATO-01",132.972
"TCGA-GU-AATP-01",117.862
"TCGA-GU-AATQ-01",79.0656
"TCGA-GV-A3JV-01",301.592
"TCGA-GV-A3JW-01",1.0274
"TCGA-GV-A3JX-01",174.179
"TCGA-GV-A3JZ-01",38.4766
"TCGA-GV-A3QF-01",0.4767
"TCGA-GV-A3QH-01",4.3743
"TCGA-GV-A3QI-01",3.4538
"TCGA-GV-A3QK-01",300.188
"TCGA-GV-A40E-01",194.924
"TCGA-GV-A40G-01",2.2883
"TCGA-GV-A6ZA-01",206.427
"TCGA-H4-A2HO-01",5.0102
"TCGA-H4-A2HQ-01",18.6959
"TCGA-HQ-A2OE-01",31.647
"TCGA-HQ-A2OF-01",3.6765
"TCGA-HQ-A5ND-01",9.8876
"TCGA-HQ-A5NE-01",41.7743
"TCGA-K4-A4AB-01",282.021
"TCGA-K4-A4AC-01",106.953
"TCGA-K4-A5RI-01",7.2568
"TCGA-K4-A6FZ-01",146.303
"TCGA-K4-A6MB-01",7.1994
"TCGA-KQ-A41N-01",24.4845
"TCGA-KQ-A41O-01",1.2589
"TCGA-KQ-A41P-01",58.1493
"TCGA-KQ-A41Q-01",26.5245
"TCGA-KQ-A41R-01",4.4131
"TCGA-KQ-A41S-01",78.8288
"TCGA-LT-A5Z6-01",263.896
"TCGA-LT-A8JT-01",189.407
"TCGA-MV-A51V-01",32.5953
"TCGA-PQ-A6FI-01",153.399
"TCGA-S5-AA26-01",7.9191
"TCGA-UY-A78L-01",34.6845
"TCGA-UY-A78M-01",8.5755
"TCGA-UY-A78N-01",7.3844
"TCGA-UY-A78O-01",212.278
"TCGA-UY-A8OB-01",269.106
"TCGA-UY-A9PA-01",172.414
"TCGA-UY-A9PD-01",123.215
"TCGA-UY-A9PE-01",105.691
"TCGA-UY-A9PF-01",214.546
"TCGA-XF-A8HB-01",0.6869
"TCGA-XF-A8HC-01",1.1846
"TCGA-XF-A8HF-01",56.7215
"TCGA-XF-A8HG-01",0
"TCGA-XF-A8HH-01",44.6224
"TCGA-XF-A8HI-01",65.2386
NA,NA
"TCGA-XF-A9SH-01",11.0396
"TCGA-XF-A9SJ-01",316.116
"TCGA-XF-A9SP-01",169.927
"TCGA-XF-A9ST-01",6.4421
"TCGA-XF-A9SU-01",163.612
"TCGA-XF-A9SV-01",14.245
"TCGA-XF-A9SZ-01",31.8363
"TCGA-XF-A9T2-01",21.6777
"TCGA-XF-A9T3-01",301.166
"TCGA-XF-A9T4-01",280.989
"TCGA-XF-A9T6-01",59.0527
NA,NA
"TCGA-XF-AAMG-01",86.174
"TCGA-XF-AAMH-01",2.0921
"TCGA-XF-AAMJ-01",162.925
"TCGA-XF-AAML-01",271.985
"TCGA-XF-AAMR-01",12.8581
"TCGA-XF-AAMT-01",79.0248
"TCGA-XF-AAMX-01",30.1587
"TCGA-XF-AAMY-01",17.4421
"TCGA-XF-AAN0-01",239.044
"TCGA-XF-AAN1-01",4.1551
"TCGA-XF-AAN3-01",79.6987
"TCGA-XF-AAN7-01",31.2764
"TCGA-XF-AAN8-01",271.605
"TCGA-YC-A89H-01",35.4449
"TCGA-YC-A8S6-01",49.4405
"TCGA-YC-A9TC-01",8.3082
"TCGA-YF-AA3L-01",1.0373
"TCGA-YF-AA3M-01",2.886
"TCGA-ZF-A9R0-01",216.315
"TCGA-ZF-A9R2-01",4.6446
"TCGA-ZF-A9R3-01",9.7534
"TCGA-ZF-A9R4-01",105.838
"TCGA-ZF-A9R5-01",12.9032
"TCGA-ZF-A9R9-01",105.171
"TCGA-ZF-A9RC-01",19.3353
"TCGA-ZF-A9RE-01",1.5983
"TCGA-ZF-A9RF-01",226.268
NA,NA
"TCGA-ZF-A9RL-01",5.0588
"TCGA-ZF-A9RM-01",1.5516
"TCGA-ZF-AA4N-01",265.414
"TCGA-ZF-AA4R-01",50.6108
"TCGA-ZF-AA4T-01",13.6054
"TCGA-ZF-AA4U-01",11.0935
"TCGA-ZF-AA4V-01",299.698
"TCGA-ZF-AA4W-01",24.1118
"TCGA-ZF-AA4X-01",3.2016
"TCGA-ZF-AA52-01",7.0671
"TCGA-ZF-AA54-01",86.0324
"TCGA-ZF-AA5N-01",6.135
