{
  "circuit_specialization": {
    "L4_H8": {
      "mean_activations": {
        "exact_repetition": 0.08012821152806282,
        "semantic_repetition": 0.049564472710092865,
        "structured": 0.006016187276691199,
        "unique": 0
      },
      "std_activations": {
        "exact_repetition": 0.0032051317393779755,
        "semantic_repetition": 0.02086373287704272,
        "structured": 0.0006018512371896176,
        "unique": 0
      },
      "specialization_score": 0.0
    },
    "L5_H0": {
      "mean_activations": {
        "exact_repetition": 0.08012820780277252,
        "semantic_repetition": 0.049564470847447716,
        "structured": 0.006016187183558941,
        "unique": 0
      },
      "std_activations": {
        "exact_repetition": 0.003205128014087677,
        "semantic_repetition": 0.020863733813511642,
        "structured": 0.0006018513036664241,
        "unique": 0
      },
      "specialization_score": 0.0
    },
    "L6_H10": {
      "mean_activations": {
        "exact_repetition": 0.08012820407748222,
        "semantic_repetition": 0.049564472089211144,
        "structured": 0.006016187183558941,
        "unique": 0
      },
      "std_activations": {
        "exact_repetition": 0.0032051242887973785,
        "semantic_repetition": 0.020863733568897876,
        "structured": 0.0006018511602583226,
        "unique": 0
      },
      "specialization_score": 0.0
    }
  },
  "activation_patterns": {},
  "compression_efficiency": {}
}