[
  {
    "layer": 4,
    "head": 8,
    "importance_score": 1.2614604234695435,
    "is_compression_related": true
  },
  {
    "layer": 5,
    "head": 0,
    "importance_score": 1.0244693756103516,
    "is_compression_related": true
  },
  {
    "layer": 6,
    "head": 10,
    "importance_score": 1.0046714544296265,
    "is_compression_related": true
  },
  {
    "layer": 8,
    "head": 11,
    "importance_score": 0.9609990119934082,
    "is_compression_related": true
  },
  {
    "layer": 9,
    "head": 11,
    "importance_score": 0.9323378801345825,
    "is_compression_related": true
  },
  {
    "layer": 8,
    "head": 6,
    "importance_score": 0.9219294786453247,
    "is_compression_related": true
  },
  {
    "layer": 7,
    "head": 11,
    "importance_score": 0.8435811996459961,
    "is_compression_related": true
  },
  {
    "layer": 10,
    "head": 11,
    "importance_score": 0.7583650350570679,
    "is_compression_related": true
  },
  {
    "layer": 7,
    "head": 9,
    "importance_score": 0.7512212991714478,
    "is_compression_related": true
  },
  {
    "layer": 7,
    "head": 3,
    "importance_score": 0.7377931475639343,
    "is_compression_related": true
  },
  {
    "layer": 7,
    "head": 7,
    "importance_score": 0.7290382385253906,
    "is_compression_related": true
  },
  {
    "layer": 8,
    "head": 2,
    "importance_score": 0.7058284282684326,
    "is_compression_related": true
  },
  {
    "layer": 0,
    "head": 5,
    "importance_score": 0.6779822111129761,
    "is_compression_related": true
  },
  {
    "layer": 11,
    "head": 2,
    "importance_score": 0.6530478000640869,
    "is_compression_related": true
  },
  {
    "layer": 8,
    "head": 5,
    "importance_score": 0.6426272392272949,
    "is_compression_related": true
  },
  {
    "layer": 1,
    "head": 8,
    "importance_score": 0.6379227638244629,
    "is_compression_related": true
  },
  {
    "layer": 11,
    "head": 4,
    "importance_score": 0.5808478593826294,
    "is_compression_related": true
  },
  {
    "layer": 0,
    "head": 4,
    "importance_score": 0.5712565779685974,
    "is_compression_related": true
  },
  {
    "layer": 0,
    "head": 1,
    "importance_score": 0.5630422830581665,
    "is_compression_related": true
  },
  {
    "layer": 0,
    "head": 6,
    "importance_score": 0.5617010593414307,
    "is_compression_related": true
  },
  {
    "layer": 1,
    "head": 7,
    "importance_score": 0.558213472366333,
    "is_compression_related": true
  },
  {
    "layer": 11,
    "head": 1,
    "importance_score": 0.5477845668792725,
    "is_compression_related": true
  },
  {
    "layer": 6,
    "head": 11,
    "importance_score": 0.5447998642921448,
    "is_compression_related": true
  },
  {
    "layer": 11,
    "head": 8,
    "importance_score": 0.5417790412902832,
    "is_compression_related": true
  },
  {
    "layer": 1,
    "head": 9,
    "importance_score": 0.5343365669250488,
    "is_compression_related": true
  },
  {
    "layer": 9,
    "head": 1,
    "importance_score": 0.5273712873458862,
    "is_compression_related": true
  },
  {
    "layer": 2,
    "head": 6,
    "importance_score": 0.5193438529968262,
    "is_compression_related": true
  },
  {
    "layer": 4,
    "head": 0,
    "importance_score": 0.5085433721542358,
    "is_compression_related": true
  },
  {
    "layer": 1,
    "head": 10,
    "importance_score": 0.5051428079605103,
    "is_compression_related": true
  },
  {
    "layer": 0,
    "head": 11,
    "importance_score": 0.5010708570480347,
    "is_compression_related": true
  },
  {
    "layer": 0,
    "head": 0,
    "importance_score": 0.5002274513244629,
    "is_compression_related": true
  }
]