{
  "results": [
    {
      "algorithm": "MD5",
      "digest_bits": 128,
      "by_config": [
        {
          "input_size": 1024,
          "input_type": "random",
          "throughput_MBps": 694.3210095982936,
          "ms_per_hash": 0.0014065,
          "avalanche_mean": 0.5053125,
          "avalanche_median": 0.5078125
        },
        {
          "input_size": 1024,
          "input_type": "structured",
          "throughput_MBps": 752.9348315507691,
          "ms_per_hash": 0.001297008,
          "avalanche_mean": 0.4946875,
          "avalanche_median": 0.5
        },
        {
          "input_size": 1024,
          "input_type": "edge",
          "throughput_MBps": 753.5181218576486,
          "ms_per_hash": 0.0012960040000000001,
          "avalanche_mean": 0.495625,
          "avalanche_median": 0.4921875
        },
        {
          "input_size": 16384,
          "input_type": "random",
          "throughput_MBps": 907.0502505258279,
          "ms_per_hash": 0.017226168,
          "avalanche_mean": 0.50328125,
          "avalanche_median": 0.5
        },
        {
          "input_size": 16384,
          "input_type": "structured",
          "throughput_MBps": 884.96006267273,
          "ms_per_hash": 0.017656164000000002,
          "avalanche_mean": 0.49828125,
          "avalanche_median": 0.49609375
        },
        {
          "input_size": 16384,
          "input_type": "edge",
          "throughput_MBps": 908.6592992279915,
          "ms_per_hash": 0.017195664,
          "avalanche_mean": 0.508125,
          "avalanche_median": 0.5
        },
        {
          "input_size": 262144,
          "input_type": "random",
          "throughput_MBps": 922.0573013321324,
          "ms_per_hash": 0.27113282399999994,
          "avalanche_mean": 0.49375,
          "avalanche_median": 0.484375
        },
        {
          "input_size": 262144,
          "input_type": "structured",
          "throughput_MBps": 922.7492761031929,
          "ms_per_hash": 0.2709295,
          "avalanche_mean": 0.50625,
          "avalanche_median": 0.515625
        },
        {
          "input_size": 262144,
          "input_type": "edge",
          "throughput_MBps": 922.9866169303391,
          "ms_per_hash": 0.270859832,
          "avalanche_mean": 0.496875,
          "avalanche_median": 0.5
        },
        {
          "input_size": 1048576,
          "input_type": "random",
          "throughput_MBps": 921.2097041365164,
          "ms_per_hash": 1.085529164,
          "avalanche_mean": 0.49609375,
          "avalanche_median": 0.4921875
        },
        {
          "input_size": 1048576,
          "input_type": "structured",
          "throughput_MBps": 921.4545982032977,
          "ms_per_hash": 1.085240664,
          "avalanche_mean": 0.4934375,
          "avalanche_median": 0.4921875
        },
        {
          "input_size": 1048576,
          "input_type": "edge",
          "throughput_MBps": 920.4719862230234,
          "ms_per_hash": 1.086399168,
          "avalanche_mean": 0.4984375,
          "avalanche_median": 0.49609375
        }
      ],
      "collision_rate": 0.0,
      "bit_entropy": 0.9990470244889638,
      "throughput_avg_MBps": 869.3644215301468
    },
    {
      "algorithm": "SHA-256",
      "digest_bits": 256,
      "by_config": [
        {
          "input_size": 1024,
          "input_type": "random",
          "throughput_MBps": 1752.737973020511,
          "ms_per_hash": 0.000557164,
          "avalanche_mean": 0.496484375,
          "avalanche_median": 0.49609375
        },
        {
          "input_size": 1024,
          "input_type": "structured",
          "throughput_MBps": 1901.7622063314013,
          "ms_per_hash": 0.000513504,
          "avalanche_mean": 0.49890625,
          "avalanche_median": 0.5
        },
        {
          "input_size": 1024,
          "input_type": "edge",
          "throughput_MBps": 1886.450300576427,
          "ms_per_hash": 0.0005176719999999999,
          "avalanche_mean": 0.49296875,
          "avalanche_median": 0.49609375
        },
        {
          "input_size": 16384,
          "input_type": "random",
          "throughput_MBps": 3064.424900114457,
          "ms_per_hash": 0.005098836000000001,
          "avalanche_mean": 0.5040625,
          "avalanche_median": 0.50390625
        },
        {
          "input_size": 16384,
          "input_type": "structured",
          "throughput_MBps": 3120.007987220447,
          "ms_per_hash": 0.005008,
          "avalanche_mean": 0.50234375,
          "avalanche_median": 0.5
        },
        {
          "input_size": 16384,
          "input_type": "edge",
          "throughput_MBps": 2756.1402394711035,
          "ms_per_hash": 0.0056691599999999995,
          "avalanche_mean": 0.505234375,
          "avalanche_median": 0.5078125
        },
        {
          "input_size": 262144,
          "input_type": "random",
          "throughput_MBps": 3204.340923212148,
          "ms_per_hash": 0.07801916399999999,
          "avalanche_mean": 0.50265625,
          "avalanche_median": 0.501953125
        },
        {
          "input_size": 262144,
          "input_type": "structured",
          "throughput_MBps": 3179.030160807045,
          "ms_per_hash": 0.07864033599999999,
          "avalanche_mean": 0.504296875,
          "avalanche_median": 0.49609375
        },
        {
          "input_size": 262144,
          "input_type": "edge",
          "throughput_MBps": 3156.951027809809,
          "ms_per_hash": 0.07919033199999999,
          "avalanche_mean": 0.508125,
          "avalanche_median": 0.51171875
        },
        {
          "input_size": 1048576,
          "input_type": "random",
          "throughput_MBps": 3189.7841573857872,
          "ms_per_hash": 0.313500836,
          "avalanche_mean": 0.49953125,
          "avalanche_median": 0.4921875
        },
        {
          "input_size": 1048576,
          "input_type": "structured",
          "throughput_MBps": 3189.2196008977426,
          "ms_per_hash": 0.313556332,
          "avalanche_mean": 0.500859375,
          "avalanche_median": 0.498046875
        },
        {
          "input_size": 1048576,
          "input_type": "edge",
          "throughput_MBps": 3195.6198431323905,
          "ms_per_hash": 0.312928336,
          "avalanche_mean": 0.505546875,
          "avalanche_median": 0.51171875
        }
      ],
      "collision_rate": 0.0,
      "bit_entropy": 0.9986731017590833,
      "throughput_avg_MBps": 2799.705776664939
    },
    {
      "algorithm": "SHA3-256",
      "digest_bits": 256,
      "by_config": [
        {
          "input_size": 1024,
          "input_type": "random",
          "throughput_MBps": 760.0701881646784,
          "ms_per_hash": 0.001284832,
          "avalanche_mean": 0.5046875,
          "avalanche_median": 0.5078125
        },
        {
          "input_size": 1024,
          "input_type": "structured",
          "throughput_MBps": 825.6110737245061,
          "ms_per_hash": 0.001182836,
          "avalanche_mean": 0.503828125,
          "avalanche_median": 0.505859375
        },
        {
          "input_size": 1024,
          "input_type": "edge",
          "throughput_MBps": 825.2678040239055,
          "ms_per_hash": 0.0011833280000000002,
          "avalanche_mean": 0.499765625,
          "avalanche_median": 0.5
        },
        {
          "input_size": 16384,
          "input_type": "random",
          "throughput_MBps": 1041.5277962938276,
          "ms_per_hash": 0.015002,
          "avalanche_mean": 0.502109375,
          "avalanche_median": 0.5
        },
        {
          "input_size": 16384,
          "input_type": "structured",
          "throughput_MBps": 1081.1900743914127,
          "ms_per_hash": 0.014451668,
          "avalanche_mean": 0.5009375,
          "avalanche_median": 0.505859375
        },
        {
          "input_size": 16384,
          "input_type": "edge",
          "throughput_MBps": 1082.5012103229533,
          "ms_per_hash": 0.014434163999999998,
          "avalanche_mean": 0.50125,
          "avalanche_median": 0.49609375
        },
        {
          "input_size": 262144,
          "input_type": "random",
          "throughput_MBps": 1080.9330738817239,
          "ms_per_hash": 0.23128166399999997,
          "avalanche_mean": 0.500390625,
          "avalanche_median": 0.5
        },
        {
          "input_size": 262144,
          "input_type": "structured",
          "throughput_MBps": 1071.4783186362224,
          "ms_per_hash": 0.2333225,
          "avalanche_mean": 0.495,
          "avalanche_median": 0.48828125
        },
        {
          "input_size": 262144,
          "input_type": "edge",
          "throughput_MBps": 1068.0314502281283,
          "ms_per_hash": 0.234075504,
          "avalanche_mean": 0.4946875,
          "avalanche_median": 0.4921875
        },
        {
          "input_size": 1048576,
          "input_type": "random",
          "throughput_MBps": 1057.6766967910617,
          "ms_per_hash": 0.9454685,
          "avalanche_mean": 0.500078125,
          "avalanche_median": 0.5
        },
        {
          "input_size": 1048576,
          "input_type": "structured",
          "throughput_MBps": 1057.779441866993,
          "ms_per_hash": 0.9453766640000001,
          "avalanche_mean": 0.501796875,
          "avalanche_median": 0.50390625
        },
        {
          "input_size": 1048576,
          "input_type": "edge",
          "throughput_MBps": 1064.8738938212452,
          "ms_per_hash": 0.9390783319999999,
          "avalanche_mean": 0.4975,
          "avalanche_median": 0.49609375
        }
      ],
      "collision_rate": 0.0,
      "bit_entropy": 0.9987129468854357,
      "throughput_avg_MBps": 1001.4117518455548
    },
    {
      "algorithm": "BLAKE2b-256",
      "digest_bits": 256,
      "by_config": [
        {
          "input_size": 1024,
          "input_type": "random",
          "throughput_MBps": 1156.8343031244965,
          "ms_per_hash": 0.000844168,
          "avalanche_mean": 0.502109375,
          "avalanche_median": 0.50390625
        },
        {
          "input_size": 1024,
          "input_type": "structured",
          "throughput_MBps": 1163.505208929048,
          "ms_per_hash": 0.000839328,
          "avalanche_mean": 0.49640625,
          "avalanche_median": 0.49609375
        },
        {
          "input_size": 1024,
          "input_type": "edge",
          "throughput_MBps": 1140.8387110340607,
          "ms_per_hash": 0.0008560039999999999,
          "avalanche_mean": 0.50546875,
          "avalanche_median": 0.50390625
        },
        {
          "input_size": 16384,
          "input_type": "random",
          "throughput_MBps": 1312.4186300449371,
          "ms_per_hash": 0.011905500000000001,
          "avalanche_mean": 0.501875,
          "avalanche_median": 0.50390625
        },
        {
          "input_size": 16384,
          "input_type": "structured",
          "throughput_MBps": 1363.0022652443408,
          "ms_per_hash": 0.011463664,
          "avalanche_mean": 0.5028125,
          "avalanche_median": 0.505859375
        },
        {
          "input_size": 16384,
          "input_type": "edge",
          "throughput_MBps": 1347.2536030519238,
          "ms_per_hash": 0.011597668,
          "avalanche_mean": 0.49203125,
          "avalanche_median": 0.4921875
        },
        {
          "input_size": 262144,
          "input_type": "random",
          "throughput_MBps": 1393.767073646652,
          "ms_per_hash": 0.17937,
          "avalanche_mean": 0.490390625,
          "avalanche_median": 0.4921875
        },
        {
          "input_size": 262144,
          "input_type": "structured",
          "throughput_MBps": 1386.243505005581,
          "ms_per_hash": 0.18034349600000002,
          "avalanche_mean": 0.50140625,
          "avalanche_median": 0.5
        },
        {
          "input_size": 262144,
          "input_type": "edge",
          "throughput_MBps": 1393.8175827300427,
          "ms_per_hash": 0.17936349999999998,
          "avalanche_mean": 0.501875,
          "avalanche_median": 0.5
        },
        {
          "input_size": 1048576,
          "input_type": "random",
          "throughput_MBps": 1386.491414151918,
          "ms_per_hash": 0.7212449999999999,
          "avalanche_mean": 0.496796875,
          "avalanche_median": 0.5
        },
        {
          "input_size": 1048576,
          "input_type": "structured",
          "throughput_MBps": 1393.1651318630798,
          "ms_per_hash": 0.7177899999999999,
          "avalanche_mean": 0.501875,
          "avalanche_median": 0.49609375
        },
        {
          "input_size": 1048576,
          "input_type": "edge",
          "throughput_MBps": 1387.0237965181498,
          "ms_per_hash": 0.720968164,
          "avalanche_mean": 0.496953125,
          "avalanche_median": 0.5
        }
      ],
      "collision_rate": 0.0,
      "bit_entropy": 0.9987935649885726,
      "throughput_avg_MBps": 1318.696768778686
    }
  ]
}