[
  {
    "Agent": "reviewer response formatter",
    "Cost ($)": 0.003376,
    "Prompt Tokens": 444.0,
    "Completion Tokens": 311.0,
    "Total Tokens": 755.0
  },
  {
    "Agent": "plan reviewer",
    "Cost ($)": 0.0107459,
    "Prompt Tokens": 7317.0,
    "Completion Tokens": 613.0,
    "Total Tokens": 7930.0
  },
  {
    "Agent": "planner response formatter",
    "Cost ($)": 0.022032,
    "Prompt Tokens": 3100.0,
    "Completion Tokens": 1979.0,
    "Total Tokens": 5079.0
  },
  {
    "Agent": "planner",
    "Cost ($)": 0.050644,
    "Prompt Tokens": 16030.0,
    "Completion Tokens": 2323.0,
    "Total Tokens": 18353.0
  },
  {
    "Agent": "terminator",
    "Cost ($)": 0.013018,
    "Prompt Tokens": 6505.0,
    "Completion Tokens": 1.0,
    "Total Tokens": 6506.0
  },
  {
    "Agent": "review recorder",
    "Cost ($)": 0.003126,
    "Prompt Tokens": 395.0,
    "Completion Tokens": 292.0,
    "Total Tokens": 687.0
  },
  {
    "Agent": "plan recorder",
    "Cost ($)": 0.027234,
    "Prompt Tokens": 3301.0,
    "Completion Tokens": 2579.0,
    "Total Tokens": 5880.0
  },
  {
    "Agent": "plan setter",
    "Cost ($)": 0.007974,
    "Prompt Tokens": 3943.0,
    "Completion Tokens": 11.0,
    "Total Tokens": 3954.0
  },
  {
    "Agent": "Total",
    "Cost ($)": 0.13814990000000002,
    "Prompt Tokens": 41035.0,
    "Completion Tokens": 8109.0,
    "Total Tokens": 49144.0
  }
]