{
  "_description": "Default research configuration for OneSim Multi-Paradigm Research Workflow",
  "_paradigms": {
    "auto_agent": "AI agent-led autonomous exploration research",
    "theory_validation": "Validate existing theory predictions through simulation",
    "mechanism_discovery": "Discover underlying mechanisms from observed phenomena",
    "boundary_exploration": "Explore boundary conditions of theories and phenomena",
    "attribution_analysis": "Analyze relative influence weights of different factors"
  },
  
  "project_name": "default_research_project",
  "scenario_description": "General social dynamics simulation environment where agents interact and influence each other through various mechanisms",
  "research_question": "What are the key factors that drive collective behavior patterns in social systems?",
  "research_paradigm": "auto_agent",
  
  "model_config": {
    "model_name": "vllm-qwen",
    "model_config_path": "config/model_config.json"
  },
  
  "experimental_config": {
    "save_intermediate": true,
    "max_iterations": 3,
    "enable_logging": true,
    "log_level": "INFO"
  },
  
  "phase_config": {
    "env_design": {
      "enabled": true,
      "auto_generate_agents": true,
      "complexity_level": "medium"
    },
    "scenario_creation": {
      "enabled": true,
      "validate_completeness": true
    },
    "experiment_execution": {
      "enabled": true,
      "parallel_runs": false,
      "max_steps": 100
    },
    "analysis": {
      "enabled": true,
      "statistical_tests": true,
      "visualization": true
    },
    "report_generation": {
      "enabled": true,
      "format": "markdown",
      "include_charts": true,
      "language": "en"
    }
  },
  
  "_examples": {
    "_note": "Below are example configurations for different research paradigms",
    
    "theory_validation_example": {
      "project_name": "threshold_model_validation",
      "scenario_description": "Social network information propagation with individual adoption thresholds",
      "research_question": "Does the threshold model accurately predict information spread patterns in networks?",
      "research_paradigm": "theory_validation"
    },
    
    "mechanism_discovery_example": {
      "project_name": "viral_content_mechanisms",
      "scenario_description": "Online content sharing where some posts go viral while others remain obscure",
      "research_question": "What mechanisms determine why certain content becomes viral?",
      "research_paradigm": "mechanism_discovery"
    },
    
    "boundary_exploration_example": {
      "project_name": "group_consensus_boundaries",
      "scenario_description": "Group decision-making processes under varying social pressure conditions",
      "research_question": "What are the critical conditions for achieving group consensus vs. maintaining diversity?",
      "research_paradigm": "boundary_exploration"
    },
    
    "attribution_analysis_example": {
      "project_name": "influence_factor_analysis",
      "scenario_description": "Opinion formation in social networks with multiple influence sources",
      "research_question": "Which factors (peer influence, media, personal experience) have the strongest impact on opinion change?",
      "research_paradigm": "attribution_analysis"
    }
  },
  
  "_usage_instructions": {
    "config_file_usage": "python src/researcher.py --config config/research_config.json",
    "override_project": "python src/researcher.py --config config/research_config.json --project_name my_custom_project",
    "override_paradigm": "python src/researcher.py --config config/research_config.json --paradigm theory_validation",
    "phase_execution": "python src/researcher.py --config config/research_config.json --phase design",
    "command_line_only": "python src/researcher.py --project_name test --scenario 'Agent interactions' --question 'How do agents cooperate?' --paradigm auto_agent"
  }
}