[
    {
        "seed": "Self-consistent diffusion models that satisfy counterfactual causal constraints."
    },
    {
        "seed": "Open-world continual evaluation via synthetic task evolution for multimodal LLMs."
    },
    {
        "seed": "Mechanistic interpretability of Mixture-of-Experts routing as a cooperative game."
    },
    {
        "seed": "Certified robustness for retrieval-augmented generation under adversarial knowledge bases."
    },
    {
        "seed": "Neural field memory: spatially grounded long-horizon memory for vision-language agents."
    },
    {
        "seed": "Program-of-Thought VLMs with verifiable tool-use and executable intermediate graphs."
    },
    {
        "seed": "On-device nano-LLMs co-designed with NPU schedulers for sub-1W edge inference."
    },
    {
        "seed": "Causal video generation: 4D text-to-video with physics-invariant latent constraints."
    },
    {
        "seed": "Self-curating agents: autonomous dataset construction with legal/ethical compliance proofs."
    },
    {
        "seed": "Safety proofs for multi-agent LLM protocols under Byzantine participants."
    },
    {
        "seed": "Open-vocabulary 3D segmentation with Gaussian splats and generative object priors."
    },
    {
        "seed": "Unlearning at scale: certified removal of concepts from multimodal foundation models."
    },
    {
        "seed": "Temporal reasoning benchmarks for VLMs built from parametric CAD + differentiable physics."
    },
    {
        "seed": "Federated reinforcement learning with privacy-preserving credit assignment."
    },
    {
        "seed": "Energetically aligned training: minimizing carbon under fixed accuracy via differentiable scheduling."
    },
    {
        "seed": "Watermarking as cryptographic dialogue: interactive proofs to verify AI-generated media."
    },
    {
        "seed": "Neurosymbolic chart-to-code: parsing scientific plots into executable analysis programs."
    },
    {
        "seed": "Robust long-form instruction following via adversarial curriculum from self-play reviewers."
    },
    {
        "seed": "World-model rewrites: editing factual and procedural knowledge in LLMs with locality guarantees."
    },
    {
        "seed": "Haptic-vision-language models for household manipulation with uncertainty-aware plans."
    },
    {
        "seed": "Compositional diffusion: plug-and-play constraints for safety, style, and identity preservation."
    },
    {
        "seed": "Reasoning-first pretraining: supervising latent chains over captions, code, and proofs."
    },
    {
        "seed": "Open-set alignment: detecting and mitigating unseen harms in generative agents at test time."
    },
    {
        "seed": "Graph-grounded RAG: joint learning of knowledge graphs and retrievers for verifiable answers."
    },
    {
        "seed": "RouteBench: measuring strategic routing, tool selection, and delegation in multi-agent LLM systems."
    }
]