{"meta": {"name_exp": "battle_royale", "player_num": 10, "base_hit_rate": 35, "interval": 5, "version": "v1", "lang_agent": "<gvHK3Q2>", "round": 18, "run": 1}, "round_records": [{"responses": ["null"], "player_shooting": "0", "initial_players": [{"player_id": 0, "hit_rate": 0.35}, {"player_id": 1, "hit_rate": 0.4}, {"player_id": 2, "hit_rate": 0.45}, {"player_id": 3, "hit_rate": 0.5}, {"player_id": 4, "hit_rate": 0.55}, {"player_id": 5, "hit_rate": 0.6}, {"player_id": 6, "hit_rate": 0.65}, {"player_id": 7, "hit_rate": 0.7}, {"player_id": 8, "hit_rate": 0.75}, {"player_id": 9, "hit_rate": 0.8}], "shot_player": "null", "removed_player_info": [], "action": "miss", "out": false}, {"responses": ["2"], "player_shooting": "1", "initial_players": [{"player_id": 0, "hit_rate": 0.35}, {"player_id": 1, "hit_rate": 0.4}, {"player_id": 2, "hit_rate": 0.45}, {"player_id": 3, "hit_rate": 0.5}, {"player_id": 4, "hit_rate": 0.55}, {"player_id": 5, "hit_rate": 0.6}, {"player_id": 6, "hit_rate": 0.65}, {"player_id": 7, "hit_rate": 0.7}, {"player_id": 8, "hit_rate": 0.75}, {"player_id": 9, "hit_rate": 0.8}], "shot_player": "2", "removed_player_info": ["player_2"], "action": "shoot", "out": true}, {"responses": ["5"], "player_shooting": "3", "initial_players": [{"player_id": 0, "hit_rate": 0.35}, {"player_id": 1, "hit_rate": 0.4}, {"player_id": 3, "hit_rate": 0.5}, {"player_id": 4, "hit_rate": 0.55}, {"player_id": 5, "hit_rate": 0.6}, {"player_id": 6, "hit_rate": 0.65}, {"player_id": 7, "hit_rate": 0.7}, {"player_id": 8, "hit_rate": 0.75}, {"player_id": 9, "hit_rate": 0.8}], "shot_player": "5", "removed_player_info": [], "action": "shoot", "out": false}, {"responses": ["6"], "player_shooting": "4", "initial_players": [{"player_id": 0, "hit_rate": 0.35}, {"player_id": 1, "hit_rate": 0.4}, {"player_id": 3, "hit_rate": 0.5}, {"player_id": 4, "hit_rate": 0.55}, {"player_id": 5, "hit_rate": 0.6}, {"player_id": 6, "hit_rate": 0.65}, {"player_id": 7, "hit_rate": 0.7}, {"player_id": 8, "hit_rate": 0.75}, {"player_id": 9, "hit_rate": 0.8}], "shot_player": "6", "removed_player_info": [], "action": "shoot", "out": false}, {"responses": ["3"], "player_shooting": "5", "initial_players": [{"player_id": 0, "hit_rate": 0.35}, {"player_id": 1, "hit_rate": 0.4}, {"player_id": 3, "hit_rate": 0.5}, {"player_id": 4, "hit_rate": 0.55}, {"player_id": 5, "hit_rate": 0.6}, {"player_id": 6, "hit_rate": 0.65}, {"player_id": 7, "hit_rate": 0.7}, {"player_id": 8, "hit_rate": 0.75}, {"player_id": 9, "hit_rate": 0.8}], "shot_player": "3", "removed_player_info": [], "action": "shoot", "out": false}, {"responses": ["8"], "player_shooting": "6", "initial_players": [{"player_id": 0, "hit_rate": 0.35}, {"player_id": 1, "hit_rate": 0.4}, {"player_id": 3, "hit_rate": 0.5}, {"player_id": 4, "hit_rate": 0.55}, {"player_id": 5, "hit_rate": 0.6}, {"player_id": 6, "hit_rate": 0.65}, {"player_id": 7, "hit_rate": 0.7}, {"player_id": 8, "hit_rate": 0.75}, {"player_id": 9, "hit_rate": 0.8}], "shot_player": "8", "removed_player_info": ["player_8"], "action": "shoot", "out": true}, {"responses": ["9"], "player_shooting": "7", "initial_players": [{"player_id": 0, "hit_rate": 0.35}, {"player_id": 1, "hit_rate": 0.4}, {"player_id": 3, "hit_rate": 0.5}, {"player_id": 4, "hit_rate": 0.55}, {"player_id": 5, "hit_rate": 0.6}, {"player_id": 6, "hit_rate": 0.65}, {"player_id": 7, "hit_rate": 0.7}, {"player_id": 9, "hit_rate": 0.8}], "shot_player": "9", "removed_player_info": ["player_9"], "action": "shoot", "out": true}, {"responses": ["1"], "player_shooting": "0", "initial_players": [{"player_id": 0, "hit_rate": 0.35}, {"player_id": 1, "hit_rate": 0.4}, {"player_id": 3, "hit_rate": 0.5}, {"player_id": 4, "hit_rate": 0.55}, {"player_id": 5, "hit_rate": 0.6}, {"player_id": 6, "hit_rate": 0.65}, {"player_id": 7, "hit_rate": 0.7}], "shot_player": "1", "removed_player_info": [], "action": "shoot", "out": false}, {"responses": ["3"], "player_shooting": "1", "initial_players": [{"player_id": 0, "hit_rate": 0.35}, {"player_id": 1, "hit_rate": 0.4}, {"player_id": 3, "hit_rate": 0.5}, {"player_id": 4, "hit_rate": 0.55}, {"player_id": 5, "hit_rate": 0.6}, {"player_id": 6, "hit_rate": 0.65}, {"player_id": 7, "hit_rate": 0.7}], "shot_player": "3", "removed_player_info": [], "action": "shoot", "out": false}, {"responses": ["5"], "player_shooting": "3", "initial_players": [{"player_id": 0, "hit_rate": 0.35}, {"player_id": 1, "hit_rate": 0.4}, {"player_id": 3, "hit_rate": 0.5}, {"player_id": 4, "hit_rate": 0.55}, {"player_id": 5, "hit_rate": 0.6}, {"player_id": 6, "hit_rate": 0.65}, {"player_id": 7, "hit_rate": 0.7}], "shot_player": "5", "removed_player_info": ["player_5"], "action": "shoot", "out": true}, {"responses": ["6"], "player_shooting": "4", "initial_players": [{"player_id": 0, "hit_rate": 0.35}, {"player_id": 1, "hit_rate": 0.4}, {"player_id": 3, "hit_rate": 0.5}, {"player_id": 4, "hit_rate": 0.55}, {"player_id": 6, "hit_rate": 0.65}, {"player_id": 7, "hit_rate": 0.7}], "shot_player": "6", "removed_player_info": [], "action": "shoot", "out": false}, {"responses": ["7"], "player_shooting": "6", "initial_players": [{"player_id": 0, "hit_rate": 0.35}, {"player_id": 1, "hit_rate": 0.4}, {"player_id": 3, "hit_rate": 0.5}, {"player_id": 4, "hit_rate": 0.55}, {"player_id": 6, "hit_rate": 0.65}, {"player_id": 7, "hit_rate": 0.7}], "shot_player": "7", "removed_player_info": ["player_7"], "action": "shoot", "out": true}, {"responses": ["1"], "player_shooting": "0", "initial_players": [{"player_id": 0, "hit_rate": 0.35}, {"player_id": 1, "hit_rate": 0.4}, {"player_id": 3, "hit_rate": 0.5}, {"player_id": 4, "hit_rate": 0.55}, {"player_id": 6, "hit_rate": 0.65}], "shot_player": "1", "removed_player_info": [], "action": "shoot", "out": false}, {"responses": ["3"], "player_shooting": "1", "initial_players": [{"player_id": 0, "hit_rate": 0.35}, {"player_id": 1, "hit_rate": 0.4}, {"player_id": 3, "hit_rate": 0.5}, {"player_id": 4, "hit_rate": 0.55}, {"player_id": 6, "hit_rate": 0.65}], "shot_player": "3", "removed_player_info": ["player_3"], "action": "shoot", "out": true}, {"responses": ["0"], "player_shooting": "4", "initial_players": [{"player_id": 0, "hit_rate": 0.35}, {"player_id": 1, "hit_rate": 0.4}, {"player_id": 4, "hit_rate": 0.55}, {"player_id": 6, "hit_rate": 0.65}], "shot_player": "0", "removed_player_info": ["player_0"], "action": "shoot", "out": true}, {"responses": ["4"], "player_shooting": "6", "initial_players": [{"player_id": 1, "hit_rate": 0.4}, {"player_id": 4, "hit_rate": 0.55}, {"player_id": 6, "hit_rate": 0.65}], "shot_player": "4", "removed_player_info": [], "action": "shoot", "out": false}, {"responses": ["4"], "player_shooting": "1", "initial_players": [{"player_id": 1, "hit_rate": 0.4}, {"player_id": 4, "hit_rate": 0.55}, {"player_id": 6, "hit_rate": 0.65}], "shot_player": "4", "removed_player_info": ["player_4"], "action": "shoot", "out": true}, {"responses": ["1"], "player_shooting": "6", "initial_players": [{"player_id": 1, "hit_rate": 0.4}, {"player_id": 6, "hit_rate": 0.65}], "shot_player": "1", "removed_player_info": ["player_1"], "action": "shoot", "out": true}]}