{"meta": {"name_exp": "battle_royale", "player_num": 10, "base_hit_rate": 35, "interval": 5, "version": "v1", "lang_agent": "<HzpuDbC>", "round": 20, "run": 1}, "round_records": [{"responses": ["null"], "player_shooting": "0", "initial_players": [{"player_id": 0, "hit_rate": 0.35}, {"player_id": 1, "hit_rate": 0.4}, {"player_id": 2, "hit_rate": 0.45}, {"player_id": 3, "hit_rate": 0.5}, {"player_id": 4, "hit_rate": 0.55}, {"player_id": 5, "hit_rate": 0.6}, {"player_id": 6, "hit_rate": 0.65}, {"player_id": 7, "hit_rate": 0.7}, {"player_id": 8, "hit_rate": 0.75}, {"player_id": 9, "hit_rate": 0.8}], "shot_player": "null", "action": "miss", "out": false, "removed_player_info": []}, {"responses": ["null"], "player_shooting": "1", "initial_players": [{"player_id": 0, "hit_rate": 0.35}, {"player_id": 1, "hit_rate": 0.4}, {"player_id": 2, "hit_rate": 0.45}, {"player_id": 3, "hit_rate": 0.5}, {"player_id": 4, "hit_rate": 0.55}, {"player_id": 5, "hit_rate": 0.6}, {"player_id": 6, "hit_rate": 0.65}, {"player_id": 7, "hit_rate": 0.7}, {"player_id": 8, "hit_rate": 0.75}, {"player_id": 9, "hit_rate": 0.8}], "shot_player": "null", "action": "miss", "out": false, "removed_player_info": []}, {"responses": ["9"], "player_shooting": "2", "initial_players": [{"player_id": 0, "hit_rate": 0.35}, {"player_id": 1, "hit_rate": 0.4}, {"player_id": 2, "hit_rate": 0.45}, {"player_id": 3, "hit_rate": 0.5}, {"player_id": 4, "hit_rate": 0.55}, {"player_id": 5, "hit_rate": 0.6}, {"player_id": 6, "hit_rate": 0.65}, {"player_id": 7, "hit_rate": 0.7}, {"player_id": 8, "hit_rate": 0.75}, {"player_id": 9, "hit_rate": 0.8}], "shot_player": "9", "action": "shoot", "out": true, "removed_player_info": ["player_9"]}, {"responses": ["2"], "player_shooting": "3", "initial_players": [{"player_id": 0, "hit_rate": 0.35}, {"player_id": 1, "hit_rate": 0.4}, {"player_id": 2, "hit_rate": 0.45}, {"player_id": 3, "hit_rate": 0.5}, {"player_id": 4, "hit_rate": 0.55}, {"player_id": 5, "hit_rate": 0.6}, {"player_id": 6, "hit_rate": 0.65}, {"player_id": 7, "hit_rate": 0.7}, {"player_id": 8, "hit_rate": 0.75}], "shot_player": "2", "action": "shoot", "out": false, "removed_player_info": []}, {"responses": ["8"], "player_shooting": "4", "initial_players": [{"player_id": 0, "hit_rate": 0.35}, {"player_id": 1, "hit_rate": 0.4}, {"player_id": 2, "hit_rate": 0.45}, {"player_id": 3, "hit_rate": 0.5}, {"player_id": 4, "hit_rate": 0.55}, {"player_id": 5, "hit_rate": 0.6}, {"player_id": 6, "hit_rate": 0.65}, {"player_id": 7, "hit_rate": 0.7}, {"player_id": 8, "hit_rate": 0.75}], "shot_player": "8", "action": "shoot", "out": true, "removed_player_info": ["player_8"]}, {"responses": ["4"], "player_shooting": "5", "initial_players": [{"player_id": 0, "hit_rate": 0.35}, {"player_id": 1, "hit_rate": 0.4}, {"player_id": 2, "hit_rate": 0.45}, {"player_id": 3, "hit_rate": 0.5}, {"player_id": 4, "hit_rate": 0.55}, {"player_id": 5, "hit_rate": 0.6}, {"player_id": 6, "hit_rate": 0.65}, {"player_id": 7, "hit_rate": 0.7}], "shot_player": "4", "action": "shoot", "out": false, "removed_player_info": []}, {"responses": ["5"], "player_shooting": "6", "initial_players": [{"player_id": 0, "hit_rate": 0.35}, {"player_id": 1, "hit_rate": 0.4}, {"player_id": 2, "hit_rate": 0.45}, {"player_id": 3, "hit_rate": 0.5}, {"player_id": 4, "hit_rate": 0.55}, {"player_id": 5, "hit_rate": 0.6}, {"player_id": 6, "hit_rate": 0.65}, {"player_id": 7, "hit_rate": 0.7}], "shot_player": "5", "action": "shoot", "out": false, "removed_player_info": []}, {"responses": ["6"], "player_shooting": "7", "initial_players": [{"player_id": 0, "hit_rate": 0.35}, {"player_id": 1, "hit_rate": 0.4}, {"player_id": 2, "hit_rate": 0.45}, {"player_id": 3, "hit_rate": 0.5}, {"player_id": 4, "hit_rate": 0.55}, {"player_id": 5, "hit_rate": 0.6}, {"player_id": 6, "hit_rate": 0.65}, {"player_id": 7, "hit_rate": 0.7}], "shot_player": "6", "action": "shoot", "out": false, "removed_player_info": []}, {"responses": ["7"], "player_shooting": "0", "initial_players": [{"player_id": 0, "hit_rate": 0.35}, {"player_id": 1, "hit_rate": 0.4}, {"player_id": 2, "hit_rate": 0.45}, {"player_id": 3, "hit_rate": 0.5}, {"player_id": 4, "hit_rate": 0.55}, {"player_id": 5, "hit_rate": 0.6}, {"player_id": 6, "hit_rate": 0.65}, {"player_id": 7, "hit_rate": 0.7}], "shot_player": "7", "action": "shoot", "out": false, "removed_player_info": []}, {"responses": ["7"], "player_shooting": "1", "initial_players": [{"player_id": 0, "hit_rate": 0.35}, {"player_id": 1, "hit_rate": 0.4}, {"player_id": 2, "hit_rate": 0.45}, {"player_id": 3, "hit_rate": 0.5}, {"player_id": 4, "hit_rate": 0.55}, {"player_id": 5, "hit_rate": 0.6}, {"player_id": 6, "hit_rate": 0.65}, {"player_id": 7, "hit_rate": 0.7}], "shot_player": "7", "action": "shoot", "out": false, "removed_player_info": []}, {"responses": ["7"], "player_shooting": "2", "initial_players": [{"player_id": 0, "hit_rate": 0.35}, {"player_id": 1, "hit_rate": 0.4}, {"player_id": 2, "hit_rate": 0.45}, {"player_id": 3, "hit_rate": 0.5}, {"player_id": 4, "hit_rate": 0.55}, {"player_id": 5, "hit_rate": 0.6}, {"player_id": 6, "hit_rate": 0.65}, {"player_id": 7, "hit_rate": 0.7}], "shot_player": "7", "action": "shoot", "out": false, "removed_player_info": []}, {"responses": ["7"], "player_shooting": "3", "initial_players": [{"player_id": 0, "hit_rate": 0.35}, {"player_id": 1, "hit_rate": 0.4}, {"player_id": 2, "hit_rate": 0.45}, {"player_id": 3, "hit_rate": 0.5}, {"player_id": 4, "hit_rate": 0.55}, {"player_id": 5, "hit_rate": 0.6}, {"player_id": 6, "hit_rate": 0.65}, {"player_id": 7, "hit_rate": 0.7}], "shot_player": "7", "action": "shoot", "out": false, "removed_player_info": []}, {"responses": ["7"], "player_shooting": "4", "initial_players": [{"player_id": 0, "hit_rate": 0.35}, {"player_id": 1, "hit_rate": 0.4}, {"player_id": 2, "hit_rate": 0.45}, {"player_id": 3, "hit_rate": 0.5}, {"player_id": 4, "hit_rate": 0.55}, {"player_id": 5, "hit_rate": 0.6}, {"player_id": 6, "hit_rate": 0.65}, {"player_id": 7, "hit_rate": 0.7}], "shot_player": "7", "action": "shoot", "out": true, "removed_player_info": ["player_7"]}, {"responses": ["4"], "player_shooting": "5", "initial_players": [{"player_id": 0, "hit_rate": 0.35}, {"player_id": 1, "hit_rate": 0.4}, {"player_id": 2, "hit_rate": 0.45}, {"player_id": 3, "hit_rate": 0.5}, {"player_id": 4, "hit_rate": 0.55}, {"player_id": 5, "hit_rate": 0.6}, {"player_id": 6, "hit_rate": 0.65}], "shot_player": "4", "action": "shoot", "out": true, "removed_player_info": ["player_4"]}, {"responses": ["5"], "player_shooting": "6", "initial_players": [{"player_id": 0, "hit_rate": 0.35}, {"player_id": 1, "hit_rate": 0.4}, {"player_id": 2, "hit_rate": 0.45}, {"player_id": 3, "hit_rate": 0.5}, {"player_id": 5, "hit_rate": 0.6}, {"player_id": 6, "hit_rate": 0.65}], "shot_player": "5", "action": "shoot", "out": true, "removed_player_info": ["player_5"]}, {"responses": ["6"], "player_shooting": "0", "initial_players": [{"player_id": 0, "hit_rate": 0.35}, {"player_id": 1, "hit_rate": 0.4}, {"player_id": 2, "hit_rate": 0.45}, {"player_id": 3, "hit_rate": 0.5}, {"player_id": 6, "hit_rate": 0.65}], "shot_player": "6", "action": "shoot", "out": true, "removed_player_info": ["player_6"]}, {"responses": ["3"], "player_shooting": "1", "initial_players": [{"player_id": 0, "hit_rate": 0.35}, {"player_id": 1, "hit_rate": 0.4}, {"player_id": 2, "hit_rate": 0.45}, {"player_id": 3, "hit_rate": 0.5}], "shot_player": "3", "action": "shoot", "out": false, "removed_player_info": []}, {"responses": ["3"], "player_shooting": "2", "initial_players": [{"player_id": 0, "hit_rate": 0.35}, {"player_id": 1, "hit_rate": 0.4}, {"player_id": 2, "hit_rate": 0.45}, {"player_id": 3, "hit_rate": 0.5}], "shot_player": "3", "action": "shoot", "out": true, "removed_player_info": ["player_3"]}, {"responses": ["2"], "player_shooting": "0", "initial_players": [{"player_id": 0, "hit_rate": 0.35}, {"player_id": 1, "hit_rate": 0.4}, {"player_id": 2, "hit_rate": 0.45}], "shot_player": "2", "action": "shoot", "out": true, "removed_player_info": ["player_2"]}, {"responses": ["0"], "player_shooting": "1", "initial_players": [{"player_id": 0, "hit_rate": 0.35}, {"player_id": 1, "hit_rate": 0.4}], "shot_player": "0", "action": "shoot", "out": false, "removed_player_info": []}]}