{
  "retrieval": {
    "bm25_oracle": {
      "recall": {
        "1": 0.3536759457530335,
        "5": 0.9343326195574589,
        "10": 1.0,
        "20": 1.0,
        "50": 1.0
      },
      "ndcg": {
        "1": 0.7259100642398287,
        "5": 0.8537715808245182,
        "10": 0.8859058346696209,
        "20": 0.8859058346696209,
        "50": 0.8859058346696209
      },
      "mrr": 0.6785549798503167
    }
  },
  "downstream": {
    "bm25_oracle": {
      "answerability": {
        "accuracy": 0.6092400690846286,
        "precision": 0.7739837398373983,
        "recall": 0.6115631691648822,
        "f1_score": 0.6832535885167463
      },
      "generation": {
        "rouge1": 0.0,
        "rouge2": 0.0,
        "rougeL": 0.0,
        "alignscore": 0.26617846862406447,
        "prometheus_score": 0.528
      }
    }
  }
}