{
  "retrieval": {
    "bm25_oracle": {
      "recall": {
        "1": 0.18950749464668093,
        "5": 0.6045681655960028,
        "10": 0.7751605995717344,
        "20": 0.9129193433261955,
        "50": 0.9914346895074947
      },
      "ndcg": {
        "1": 0.44325481798715205,
        "5": 0.5357797776773997,
        "10": 0.6138503661064846,
        "20": 0.6636139189181492,
        "50": 0.6857297765223893
      },
      "mrr": 0.4730491000356348
    }
  },
  "downstream": {
    "bm25_oracle": {
      "answerability": {
        "accuracy": 0.5666666666666667,
        "precision": 0.753954802259887,
        "recall": 0.5715203426124197,
        "f1_score": 0.6501827040194884
      },
      "generation": {
        "rouge1": 0.0,
        "rouge2": 0.0,
        "rougeL": 0.0,
        "alignscore": 0.22260909614277494,
        "prometheus_score": 0.528
      }
    }
  }
}