{
  "retrieval": {
    "bm25_oracle": {
      "recall": {
        "1": 0.19093504639543185,
        "5": 0.6024268379728765,
        "10": 0.7701641684511062,
        "20": 0.9093504639543183,
        "50": 0.9914346895074947
      },
      "ndcg": {
        "1": 0.4475374732334047,
        "5": 0.5347046660796725,
        "10": 0.6115238000600232,
        "20": 0.6621136110582544,
        "50": 0.685228047860115
      },
      "mrr": 0.47359846711136605
    }
  },
  "downstream": {
    "bm25_oracle": {
      "answerability": {
        "accuracy": 0.5813471502590674,
        "precision": 0.7602777777777778,
        "recall": 0.5860813704496788,
        "f1_score": 0.6619105199516324
      },
      "generation": {
        "rouge1": 0.0,
        "rouge2": 0.0,
        "rougeL": 0.0,
        "alignscore": 0.22382498560736902,
        "prometheus_score": 0.528
      }
    }
  }
}