{
  "retrieval": {
    "bm25_oracle": {
      "recall": {
        "1": 0.2198429693076374,
        "5": 0.807994289793005,
        "10": 0.9935760171306209,
        "20": 1.0,
        "50": 1.0
      },
      "ndcg": {
        "1": 0.5203426124197003,
        "5": 0.7003211524157424,
        "10": 0.7868271079974386,
        "20": 0.7893498444246629,
        "50": 0.7893498444246629
      },
      "mrr": 0.5666769471173616
    }
  },
  "downstream": {
    "bm25_oracle": {
      "answerability": {
        "accuracy": 0.5916234887737478,
        "precision": 0.7619891008174386,
        "recall": 0.5988222698072805,
        "f1_score": 0.6706235011990407
      },
      "generation": {
        "rouge1": 0.0,
        "rouge2": 0.0,
        "rougeL": 0.0,
        "alignscore": 0.24763615428900404,
        "prometheus_score": 0.528
      }
    }
  }
}