{
  "retrieval": {
    "bm25_oracle": {
      "recall": {
        "1": 0.19022127052105642,
        "5": 0.6017130620985011,
        "10": 0.7687366167023555,
        "20": 0.9100642398286938,
        "50": 0.9914346895074947
      },
      "ndcg": {
        "1": 0.44539614561027835,
        "5": 0.5337694482862849,
        "10": 0.6103032961386579,
        "20": 0.661703998915305,
        "50": 0.6846286163127033
      },
      "mrr": 0.4724643787124836
    }
  },
  "downstream": {
    "bm25_oracle": {
      "answerability": {
        "accuracy": 0.6004317789291883,
        "precision": 0.7805633802816901,
        "recall": 0.5933618843683084,
        "f1_score": 0.6742092457420925
      },
      "generation": {
        "rouge1": 0.0,
        "rouge2": 0.0,
        "rougeL": 0.0,
        "alignscore": 0.22392630972941857,
        "prometheus_score": 0.528
      }
    }
  }
}