{
  "retrieval": {
    "bm25_oracle": {
      "recall": {
        "1": 0.20092790863668808,
        "5": 0.787294789436117,
        "10": 0.9935760171306209,
        "20": 1.0,
        "50": 1.0
      },
      "ndcg": {
        "1": 0.48822269807280516,
        "5": 0.6736751670472173,
        "10": 0.769111861067067,
        "20": 0.7716345974942914,
        "50": 0.7716345974942914
      },
      "mrr": 0.5454971625956082
    }
  },
  "downstream": {
    "bm25_oracle": {
      "answerability": {
        "accuracy": 0.6253886010362694,
        "precision": 0.7761842105263157,
        "recall": 0.6315845824411135,
        "f1_score": 0.6964580873671783
      },
      "generation": {
        "rouge1": 0.0,
        "rouge2": 0.0,
        "rougeL": 0.0,
        "alignscore": 0.24763615428900404,
        "prometheus_score": 0.528
      }
    }
  }
}