{
  "retrieval": {
    "bm25_oracle": {
      "recall": {
        "1": 0.18807994289793004,
        "5": 0.6059957173447538,
        "10": 0.774446823697359,
        "20": 0.9129193433261956,
        "50": 0.9914346895074947
      },
      "ndcg": {
        "1": 0.43897216274089934,
        "5": 0.5371662139170696,
        "10": 0.6145358028694383,
        "20": 0.6645897027117286,
        "50": 0.6866818669804264
      },
      "mrr": 0.4740048316538126
    }
  },
  "downstream": {
    "bm25_oracle": {
      "answerability": {
        "accuracy": 0.5798791018998273,
        "precision": 0.7696275071633237,
        "recall": 0.5751605995717345,
        "f1_score": 0.6583333333333333
      },
      "generation": {
        "rouge1": 0.0,
        "rouge2": 0.0,
        "rougeL": 0.0,
        "alignscore": 0.22098791018998268,
        "prometheus_score": 0.528
      }
    }
  }
}