{
  "retrieval": {
    "bm25_oracle": {
      "recall": {
        "1": 0.3551034975017844,
        "5": 0.9343326195574589,
        "10": 1.0,
        "20": 1.0,
        "50": 1.0
      },
      "ndcg": {
        "1": 0.7301927194860813,
        "5": 0.8542501858228154,
        "10": 0.8863614542011973,
        "20": 0.8863614542011973,
        "50": 0.8863614542011973
      },
      "mrr": 0.6799942429476108
    }
  },
  "downstream": {
    "bm25_oracle": {
      "answerability": {
        "accuracy": 0.6474093264248705,
        "precision": 0.7844473007712082,
        "recall": 0.6534261241970022,
        "f1_score": 0.7129672897196261
      },
      "generation": {
        "rouge1": 0.0,
        "rouge2": 0.0,
        "rougeL": 0.0,
        "alignscore": 0.26830627518710426,
        "prometheus_score": 0.528
      }
    }
  }
}