{
  "retrieval": {
    "bm25_oracle": {
      "recall": {
        "1": 0.19093504639543182,
        "5": 0.5995717344753747,
        "10": 0.7708779443254818,
        "20": 0.9093504639543183,
        "50": 0.9914346895074947
      },
      "ndcg": {
        "1": 0.4475374732334047,
        "5": 0.5328782680816839,
        "10": 0.6115026955167461,
        "20": 0.6618242007348423,
        "50": 0.6849540617473677
      },
      "mrr": 0.47313998365589327
    }
  },
  "downstream": {
    "bm25_oracle": {
      "answerability": {
        "accuracy": 0.5798791018998273,
        "precision": 0.7600278551532034,
        "recall": 0.5842612419700214,
        "f1_score": 0.6606537530266343
      },
      "generation": {
        "rouge1": 0.0,
        "rouge2": 0.0,
        "rougeL": 0.0,
        "alignscore": 0.223419689119171,
        "prometheus_score": 0.528
      }
    }
  }
}