{
  "retrieval": {
    "bm25_oracle": {
      "recall": {
        "1": 0.2073518915060671,
        "5": 0.793718772305496,
        "10": 0.9935760171306209,
        "20": 1.0,
        "50": 1.0
      },
      "ndcg": {
        "1": 0.5010706638115632,
        "5": 0.6819481111893829,
        "10": 0.7745283171937124,
        "20": 0.7770510536209368,
        "50": 0.7770510536209368
      },
      "mrr": 0.5526934780820791
    }
  },
  "downstream": {
    "bm25_oracle": {
      "answerability": {
        "accuracy": 0.6107081174438688,
        "precision": 0.7741891891891892,
        "recall": 0.6133832976445396,
        "f1_score": 0.684468339307049
      },
      "generation": {
        "rouge1": 0.0,
        "rouge2": 0.0,
        "rougeL": 0.0,
        "alignscore": 0.24915601611974666,
        "prometheus_score": 0.528
      }
    }
  }
}