{"meta": {"name_exp": "divide_dollar", "player_num": 10, "golds": 100, "version": "v1", "lang_agent": "<gvHK3Q2>", "round": 20, "run": 5}, "round_records": [{"responses": [{"player_id": 0, "response": 10, "award": 0}, {"player_id": 1, "response": 10, "award": 0}, {"player_id": 2, "response": 10, "award": 0}, {"player_id": 3, "response": 10, "award": 0}, {"player_id": 4, "response": 10, "award": 0}, {"player_id": 5, "response": 20, "award": 0}, {"player_id": 6, "response": 20, "award": 0}, {"player_id": 7, "response": 15, "award": 0}, {"player_id": 8, "response": 10, "award": 0}, {"player_id": 9, "response": 10, "award": 0}], "total_proposal": 125}, {"responses": [{"player_id": 0, "response": 20, "award": 0}, {"player_id": 1, "response": 20, "award": 0}, {"player_id": 2, "response": 20, "award": 0}, {"player_id": 3, "response": 20, "award": 0}, {"player_id": 4, "response": 20, "award": 0}, {"player_id": 5, "response": 10, "award": 0}, {"player_id": 6, "response": 10, "award": 0}, {"player_id": 7, "response": 10, "award": 0}, {"player_id": 8, "response": 30, "award": 0}, {"player_id": 9, "response": 20, "award": 0}], "total_proposal": 180}, {"responses": [{"player_id": 0, "response": 10, "award": 0}, {"player_id": 1, "response": 15, "award": 0}, {"player_id": 2, "response": 15, "award": 0}, {"player_id": 3, "response": 10, "award": 0}, {"player_id": 4, "response": 5, "award": 0}, {"player_id": 5, "response": 15, "award": 0}, {"player_id": 6, "response": 15, "award": 0}, {"player_id": 7, "response": 8, "award": 0}, {"player_id": 8, "response": 20, "award": 0}, {"player_id": 9, "response": 7, "award": 0}], "total_proposal": 120}, {"responses": [{"player_id": 0, "response": 25, "award": 25}, {"player_id": 1, "response": 5, "award": 5}, {"player_id": 2, "response": 10, "award": 10}, {"player_id": 3, "response": 5, "award": 5}, {"player_id": 4, "response": 10, "award": 10}, {"player_id": 5, "response": 10, "award": 10}, {"player_id": 6, "response": 10, "award": 10}, {"player_id": 7, "response": 5, "award": 5}, {"player_id": 8, "response": 15, "award": 15}, {"player_id": 9, "response": 5, "award": 5}], "total_proposal": 100}, {"responses": [{"player_id": 0, "response": 40, "award": 0}, {"player_id": 1, "response": 25, "award": 0}, {"player_id": 2, "response": 25, "award": 0}, {"player_id": 3, "response": 30, "award": 0}, {"player_id": 4, "response": 15, "award": 0}, {"player_id": 5, "response": 30, "award": 0}, {"player_id": 6, "response": 30, "award": 0}, {"player_id": 7, "response": 20, "award": 0}, {"player_id": 8, "response": 25, "award": 0}, {"player_id": 9, "response": 15, "award": 0}], "total_proposal": 255}, {"responses": [{"player_id": 0, "response": 15, "award": 0}, {"player_id": 1, "response": 10, "award": 0}, {"player_id": 2, "response": 5, "award": 0}, {"player_id": 3, "response": 10, "award": 0}, {"player_id": 4, "response": 10, "award": 0}, {"player_id": 5, "response": 50, "award": 0}, {"player_id": 6, "response": 50, "award": 0}, {"player_id": 7, "response": 10, "award": 0}, {"player_id": 8, "response": 10, "award": 0}, {"player_id": 9, "response": 10, "award": 0}], "total_proposal": 180}, {"responses": [{"player_id": 0, "response": 10, "award": 0}, {"player_id": 1, "response": 10, "award": 0}, {"player_id": 2, "response": 10, "award": 0}, {"player_id": 3, "response": 15, "award": 0}, {"player_id": 4, "response": 10, "award": 0}, {"player_id": 5, "response": 10, "award": 0}, {"player_id": 6, "response": 5, "award": 0}, {"player_id": 7, "response": 10, "award": 0}, {"player_id": 8, "response": 15, "award": 0}, {"player_id": 9, "response": 8, "award": 0}], "total_proposal": 103}, {"responses": [{"player_id": 0, "response": 5, "award": 0}, {"player_id": 1, "response": 5, "award": 0}, {"player_id": 2, "response": 20, "award": 0}, {"player_id": 3, "response": 5, "award": 0}, {"player_id": 4, "response": 20, "award": 0}, {"player_id": 5, "response": 8, "award": 0}, {"player_id": 6, "response": 20, "award": 0}, {"player_id": 7, "response": 7, "award": 0}, {"player_id": 8, "response": 20, "award": 0}, {"player_id": 9, "response": 5, "award": 0}], "total_proposal": 115}, {"responses": [{"player_id": 0, "response": 15, "award": 0}, {"player_id": 1, "response": 10, "award": 0}, {"player_id": 2, "response": 10, "award": 0}, {"player_id": 3, "response": 10, "award": 0}, {"player_id": 4, "response": 10, "award": 0}, {"player_id": 5, "response": 15, "award": 0}, {"player_id": 6, "response": 10, "award": 0}, {"player_id": 7, "response": 10, "award": 0}, {"player_id": 8, "response": 5, "award": 0}, {"player_id": 9, "response": 10, "award": 0}], "total_proposal": 105}, {"responses": [{"player_id": 0, "response": 10, "award": 10}, {"player_id": 1, "response": 10, "award": 10}, {"player_id": 2, "response": 10, "award": 10}, {"player_id": 3, "response": 20, "award": 20}, {"player_id": 4, "response": 5, "award": 5}, {"player_id": 5, "response": 5, "award": 5}, {"player_id": 6, "response": 10, "award": 10}, {"player_id": 7, "response": 10, "award": 10}, {"player_id": 8, "response": 10, "award": 10}, {"player_id": 9, "response": 10, "award": 10}], "total_proposal": 100}, {"responses": [{"player_id": 0, "response": 15, "award": 0}, {"player_id": 1, "response": 20, "award": 0}, {"player_id": 2, "response": 30, "award": 0}, {"player_id": 3, "response": 30, "award": 0}, {"player_id": 4, "response": 15, "award": 0}, {"player_id": 5, "response": 10, "award": 0}, {"player_id": 6, "response": 30, "award": 0}, {"player_id": 7, "response": 20, "award": 0}, {"player_id": 8, "response": 40, "award": 0}, {"player_id": 9, "response": 20, "award": 0}], "total_proposal": 230}, {"responses": [{"player_id": 0, "response": 10, "award": 10}, {"player_id": 1, "response": 5, "award": 5}, {"player_id": 2, "response": 10, "award": 10}, {"player_id": 3, "response": 10, "award": 10}, {"player_id": 4, "response": 10, "award": 10}, {"player_id": 5, "response": 20, "award": 20}, {"player_id": 6, "response": 10, "award": 10}, {"player_id": 7, "response": 5, "award": 5}, {"player_id": 8, "response": 10, "award": 10}, {"player_id": 9, "response": 7, "award": 7}], "total_proposal": 97}, {"responses": [{"player_id": 0, "response": 10, "award": 0}, {"player_id": 1, "response": 40, "award": 0}, {"player_id": 2, "response": 10, "award": 0}, {"player_id": 3, "response": 20, "award": 0}, {"player_id": 4, "response": 5, "award": 0}, {"player_id": 5, "response": 20, "award": 0}, {"player_id": 6, "response": 30, "award": 0}, {"player_id": 7, "response": 20, "award": 0}, {"player_id": 8, "response": 30, "award": 0}, {"player_id": 9, "response": 5, "award": 0}], "total_proposal": 190}, {"responses": [{"player_id": 0, "response": 5, "award": 5}, {"player_id": 1, "response": 10, "award": 10}, {"player_id": 2, "response": 10, "award": 10}, {"player_id": 3, "response": 10, "award": 10}, {"player_id": 4, "response": 20, "award": 20}, {"player_id": 5, "response": 10, "award": 10}, {"player_id": 6, "response": 10, "award": 10}, {"player_id": 7, "response": 10, "award": 10}, {"player_id": 8, "response": 5, "award": 5}, {"player_id": 9, "response": 10, "award": 10}], "total_proposal": 100}, {"responses": [{"player_id": 0, "response": 20, "award": 0}, {"player_id": 1, "response": 30, "award": 0}, {"player_id": 2, "response": 70, "award": 0}, {"player_id": 3, "response": 30, "award": 0}, {"player_id": 4, "response": 15, "award": 0}, {"player_id": 5, "response": 5, "award": 0}, {"player_id": 6, "response": 25, "award": 0}, {"player_id": 7, "response": 20, "award": 0}, {"player_id": 8, "response": 25, "award": 0}, {"player_id": 9, "response": 5, "award": 0}], "total_proposal": 245}, {"responses": [{"player_id": 0, "response": 10, "award": 10}, {"player_id": 1, "response": 10, "award": 10}, {"player_id": 2, "response": 5, "award": 5}, {"player_id": 3, "response": 5, "award": 5}, {"player_id": 4, "response": 5, "award": 5}, {"player_id": 5, "response": 5, "award": 5}, {"player_id": 6, "response": 10, "award": 10}, {"player_id": 7, "response": 5, "award": 5}, {"player_id": 8, "response": 0, "award": 0}, {"player_id": 9, "response": 3, "award": 3}], "total_proposal": 58}, {"responses": [{"player_id": 0, "response": 10, "award": 0}, {"player_id": 1, "response": 10, "award": 0}, {"player_id": 2, "response": 15, "award": 0}, {"player_id": 3, "response": 10, "award": 0}, {"player_id": 4, "response": 30, "award": 0}, {"player_id": 5, "response": 20, "award": 0}, {"player_id": 6, "response": 30, "award": 0}, {"player_id": 7, "response": 15, "award": 0}, {"player_id": 8, "response": 30, "award": 0}, {"player_id": 9, "response": 20, "award": 0}], "total_proposal": 190}, {"responses": [{"player_id": 0, "response": 30, "award": 0}, {"player_id": 1, "response": 5, "award": 0}, {"player_id": 2, "response": 10, "award": 0}, {"player_id": 3, "response": 10, "award": 0}, {"player_id": 4, "response": 5, "award": 0}, {"player_id": 5, "response": 10, "award": 0}, {"player_id": 6, "response": 10, "award": 0}, {"player_id": 7, "response": 25, "award": 0}, {"player_id": 8, "response": 10, "award": 0}, {"player_id": 9, "response": 15, "award": 0}], "total_proposal": 130}, {"responses": [{"player_id": 0, "response": 5, "award": 0}, {"player_id": 1, "response": 20, "award": 0}, {"player_id": 2, "response": 30, "award": 0}, {"player_id": 3, "response": 30, "award": 0}, {"player_id": 4, "response": 35, "award": 0}, {"player_id": 5, "response": 15, "award": 0}, {"player_id": 6, "response": 5, "award": 0}, {"player_id": 7, "response": 10, "award": 0}, {"player_id": 8, "response": 25, "award": 0}, {"player_id": 9, "response": 5, "award": 0}], "total_proposal": 180}, {"responses": [{"player_id": 0, "response": 10, "award": 10}, {"player_id": 1, "response": 10, "award": 10}, {"player_id": 2, "response": 5, "award": 5}, {"player_id": 3, "response": 10, "award": 10}, {"player_id": 4, "response": 10, "award": 10}, {"player_id": 5, "response": 20, "award": 20}, {"player_id": 6, "response": 10, "award": 10}, {"player_id": 7, "response": 10, "award": 10}, {"player_id": 8, "response": 10, "award": 10}, {"player_id": 9, "response": 5, "award": 5}], "total_proposal": 100}]}