{"meta": {"name_exp": "divide_dollar", "player_num": 10, "golds": 100, "version": "v1", "lang_agent": "<HzpuDbC>", "round": 20, "run": 1}, "round_records": [{"responses": [{"player_id": 0, "response": 5, "award": 5}, {"player_id": 1, "response": 10, "award": 10}, {"player_id": 2, "response": 5, "award": 5}, {"player_id": 3, "response": 10, "award": 10}, {"player_id": 4, "response": 9, "award": 9}, {"player_id": 5, "response": 8, "award": 8}, {"player_id": 6, "response": 11, "award": 11}, {"player_id": 7, "response": 9, "award": 9}, {"player_id": 8, "response": 10, "award": 10}, {"player_id": 9, "response": 10, "award": 10}], "total_proposal": 87}, {"responses": [{"player_id": 0, "response": 8, "award": 0}, {"player_id": 1, "response": 12, "award": 0}, {"player_id": 2, "response": 10, "award": 0}, {"player_id": 3, "response": 12, "award": 0}, {"player_id": 4, "response": 10, "award": 0}, {"player_id": 5, "response": 10, "award": 0}, {"player_id": 6, "response": 12, "award": 0}, {"player_id": 7, "response": 10, "award": 0}, {"player_id": 8, "response": 12, "award": 0}, {"player_id": 9, "response": 12, "award": 0}], "total_proposal": 108}, {"responses": [{"player_id": 0, "response": 6, "award": 6}, {"player_id": 1, "response": 8, "award": 8}, {"player_id": 2, "response": 8, "award": 8}, {"player_id": 3, "response": 9, "award": 9}, {"player_id": 4, "response": 8, "award": 8}, {"player_id": 5, "response": 9, "award": 9}, {"player_id": 6, "response": 8, "award": 8}, {"player_id": 7, "response": 8, "award": 8}, {"player_id": 8, "response": 9, "award": 9}, {"player_id": 9, "response": 8, "award": 8}], "total_proposal": 81}, {"responses": [{"player_id": 0, "response": 7, "award": 0}, {"player_id": 1, "response": 11, "award": 0}, {"player_id": 2, "response": 12, "award": 0}, {"player_id": 3, "response": 11, "award": 0}, {"player_id": 4, "response": 9, "award": 0}, {"player_id": 5, "response": 12, "award": 0}, {"player_id": 6, "response": 10, "award": 0}, {"player_id": 7, "response": 12, "award": 0}, {"player_id": 8, "response": 11, "award": 0}, {"player_id": 9, "response": 9, "award": 0}], "total_proposal": 104}, {"responses": [{"player_id": 0, "response": 9, "award": 9}, {"player_id": 1, "response": 9, "award": 9}, {"player_id": 2, "response": 7, "award": 7}, {"player_id": 3, "response": 8, "award": 8}, {"player_id": 4, "response": 7, "award": 7}, {"player_id": 5, "response": 10, "award": 10}, {"player_id": 6, "response": 9, "award": 9}, {"player_id": 7, "response": 9, "award": 9}, {"player_id": 8, "response": 8, "award": 8}, {"player_id": 9, "response": 7, "award": 7}], "total_proposal": 83}, {"responses": [{"player_id": 0, "response": 10, "award": 10}, {"player_id": 1, "response": 10, "award": 10}, {"player_id": 2, "response": 9, "award": 9}, {"player_id": 3, "response": 10, "award": 10}, {"player_id": 4, "response": 8, "award": 8}, {"player_id": 5, "response": 11, "award": 11}, {"player_id": 6, "response": 10, "award": 10}, {"player_id": 7, "response": 11, "award": 11}, {"player_id": 8, "response": 10, "award": 10}, {"player_id": 9, "response": 8, "award": 8}], "total_proposal": 97}, {"responses": [{"player_id": 0, "response": 11, "award": 0}, {"player_id": 1, "response": 11, "award": 0}, {"player_id": 2, "response": 10, "award": 0}, {"player_id": 3, "response": 11, "award": 0}, {"player_id": 4, "response": 9, "award": 0}, {"player_id": 5, "response": 12, "award": 0}, {"player_id": 6, "response": 11, "award": 0}, {"player_id": 7, "response": 10, "award": 0}, {"player_id": 8, "response": 11, "award": 0}, {"player_id": 9, "response": 9, "award": 0}], "total_proposal": 105}, {"responses": [{"player_id": 0, "response": 8, "award": 8}, {"player_id": 1, "response": 9, "award": 9}, {"player_id": 2, "response": 8, "award": 8}, {"player_id": 3, "response": 9, "award": 9}, {"player_id": 4, "response": 8, "award": 8}, {"player_id": 5, "response": 8, "award": 8}, {"player_id": 6, "response": 8, "award": 8}, {"player_id": 7, "response": 9, "award": 9}, {"player_id": 8, "response": 9, "award": 9}, {"player_id": 9, "response": 8, "award": 8}], "total_proposal": 84}, {"responses": [{"player_id": 0, "response": 9, "award": 0}, {"player_id": 1, "response": 10, "award": 0}, {"player_id": 2, "response": 11, "award": 0}, {"player_id": 3, "response": 12, "award": 0}, {"player_id": 4, "response": 9, "award": 0}, {"player_id": 5, "response": 13, "award": 0}, {"player_id": 6, "response": 10, "award": 0}, {"player_id": 7, "response": 10, "award": 0}, {"player_id": 8, "response": 11, "award": 0}, {"player_id": 9, "response": 10, "award": 0}], "total_proposal": 105}, {"responses": [{"player_id": 0, "response": 8, "award": 8}, {"player_id": 1, "response": 8, "award": 8}, {"player_id": 2, "response": 8, "award": 8}, {"player_id": 3, "response": 7, "award": 7}, {"player_id": 4, "response": 7, "award": 7}, {"player_id": 5, "response": 9, "award": 9}, {"player_id": 6, "response": 9, "award": 9}, {"player_id": 7, "response": 8, "award": 8}, {"player_id": 8, "response": 8, "award": 8}, {"player_id": 9, "response": 9, "award": 9}], "total_proposal": 81}, {"responses": [{"player_id": 0, "response": 12, "award": 0}, {"player_id": 1, "response": 12, "award": 0}, {"player_id": 2, "response": 10, "award": 0}, {"player_id": 3, "response": 10, "award": 0}, {"player_id": 4, "response": 8, "award": 0}, {"player_id": 5, "response": 12, "award": 0}, {"player_id": 6, "response": 10, "award": 0}, {"player_id": 7, "response": 9, "award": 0}, {"player_id": 8, "response": 10, "award": 0}, {"player_id": 9, "response": 10, "award": 0}], "total_proposal": 103}, {"responses": [{"player_id": 0, "response": 8, "award": 8}, {"player_id": 1, "response": 9, "award": 9}, {"player_id": 2, "response": 9, "award": 9}, {"player_id": 3, "response": 8, "award": 8}, {"player_id": 4, "response": 7, "award": 7}, {"player_id": 5, "response": 7, "award": 7}, {"player_id": 6, "response": 7, "award": 7}, {"player_id": 7, "response": 7, "award": 7}, {"player_id": 8, "response": 9, "award": 9}, {"player_id": 9, "response": 8, "award": 8}], "total_proposal": 79}, {"responses": [{"player_id": 0, "response": 10, "award": 0}, {"player_id": 1, "response": 11, "award": 0}, {"player_id": 2, "response": 10, "award": 0}, {"player_id": 3, "response": 11, "award": 0}, {"player_id": 4, "response": 9, "award": 0}, {"player_id": 5, "response": 10, "award": 0}, {"player_id": 6, "response": 11, "award": 0}, {"player_id": 7, "response": 10, "award": 0}, {"player_id": 8, "response": 11, "award": 0}, {"player_id": 9, "response": 11, "award": 0}], "total_proposal": 104}, {"responses": [{"player_id": 0, "response": 7, "award": 7}, {"player_id": 1, "response": 7, "award": 7}, {"player_id": 2, "response": 8, "award": 8}, {"player_id": 3, "response": 9, "award": 9}, {"player_id": 4, "response": 6, "award": 6}, {"player_id": 5, "response": 9, "award": 9}, {"player_id": 6, "response": 8, "award": 8}, {"player_id": 7, "response": 8, "award": 8}, {"player_id": 8, "response": 8, "award": 8}, {"player_id": 9, "response": 7, "award": 7}], "total_proposal": 77}, {"responses": [{"player_id": 0, "response": 12, "award": 0}, {"player_id": 1, "response": 10, "award": 0}, {"player_id": 2, "response": 11, "award": 0}, {"player_id": 3, "response": 13, "award": 0}, {"player_id": 4, "response": 8, "award": 0}, {"player_id": 5, "response": 12, "award": 0}, {"player_id": 6, "response": 10, "award": 0}, {"player_id": 7, "response": 12, "award": 0}, {"player_id": 8, "response": 10, "award": 0}, {"player_id": 9, "response": 10, "award": 0}], "total_proposal": 108}, {"responses": [{"player_id": 0, "response": 9, "award": 9}, {"player_id": 1, "response": 6, "award": 6}, {"player_id": 2, "response": 9, "award": 9}, {"player_id": 3, "response": 6, "award": 6}, {"player_id": 4, "response": 5, "award": 5}, {"player_id": 5, "response": 8, "award": 8}, {"player_id": 6, "response": 6, "award": 6}, {"player_id": 7, "response": 9, "award": 9}, {"player_id": 8, "response": 7, "award": 7}, {"player_id": 9, "response": 9, "award": 9}], "total_proposal": 74}, {"responses": [{"player_id": 0, "response": 10, "award": 0}, {"player_id": 1, "response": 12, "award": 0}, {"player_id": 2, "response": 12, "award": 0}, {"player_id": 3, "response": 12, "award": 0}, {"player_id": 4, "response": 9, "award": 0}, {"player_id": 5, "response": 11, "award": 0}, {"player_id": 6, "response": 12, "award": 0}, {"player_id": 7, "response": 11, "award": 0}, {"player_id": 8, "response": 12, "award": 0}, {"player_id": 9, "response": 11, "award": 0}], "total_proposal": 112}, {"responses": [{"player_id": 0, "response": 8, "award": 8}, {"player_id": 1, "response": 5, "award": 5}, {"player_id": 2, "response": 8, "award": 8}, {"player_id": 3, "response": 8, "award": 8}, {"player_id": 4, "response": 6, "award": 6}, {"player_id": 5, "response": 7, "award": 7}, {"player_id": 6, "response": 9, "award": 9}, {"player_id": 7, "response": 7, "award": 7}, {"player_id": 8, "response": 9, "award": 9}, {"player_id": 9, "response": 8, "award": 8}], "total_proposal": 75}, {"responses": [{"player_id": 0, "response": 10, "award": 10}, {"player_id": 1, "response": 10, "award": 10}, {"player_id": 2, "response": 10, "award": 10}, {"player_id": 3, "response": 9, "award": 9}, {"player_id": 4, "response": 8, "award": 8}, {"player_id": 5, "response": 10, "award": 10}, {"player_id": 6, "response": 11, "award": 11}, {"player_id": 7, "response": 10, "award": 10}, {"player_id": 8, "response": 10, "award": 10}, {"player_id": 9, "response": 9, "award": 9}], "total_proposal": 97}, {"responses": [{"player_id": 0, "response": 9, "award": 9}, {"player_id": 1, "response": 8, "award": 8}, {"player_id": 2, "response": 10, "award": 10}, {"player_id": 3, "response": 8, "award": 8}, {"player_id": 4, "response": 9, "award": 9}, {"player_id": 5, "response": 8, "award": 8}, {"player_id": 6, "response": 10, "award": 10}, {"player_id": 7, "response": 9, "award": 9}, {"player_id": 8, "response": 10, "award": 10}, {"player_id": 9, "response": 10, "award": 10}], "total_proposal": 91}]}