{"meta": {"name_exp": "divide_dollar", "player_num": 10, "golds": 100, "version": "v1", "lang_agent": "<HzpuDbC>", "round": 20, "run": 4}, "round_records": [{"responses": [{"player_id": 0, "response": 9, "award": 9}, {"player_id": 1, "response": 10, "award": 10}, {"player_id": 2, "response": 9, "award": 9}, {"player_id": 3, "response": 5, "award": 5}, {"player_id": 4, "response": 10, "award": 10}, {"player_id": 5, "response": 10, "award": 10}, {"player_id": 6, "response": 8, "award": 8}, {"player_id": 7, "response": 10, "award": 10}, {"player_id": 8, "response": 11, "award": 11}, {"player_id": 9, "response": 9, "award": 9}], "total_proposal": 91}, {"responses": [{"player_id": 0, "response": 10, "award": 0}, {"player_id": 1, "response": 11, "award": 0}, {"player_id": 2, "response": 10, "award": 0}, {"player_id": 3, "response": 6, "award": 0}, {"player_id": 4, "response": 12, "award": 0}, {"player_id": 5, "response": 15, "award": 0}, {"player_id": 6, "response": 10, "award": 0}, {"player_id": 7, "response": 12, "award": 0}, {"player_id": 8, "response": 12, "award": 0}, {"player_id": 9, "response": 10, "award": 0}], "total_proposal": 108}, {"responses": [{"player_id": 0, "response": 8, "award": 8}, {"player_id": 1, "response": 9, "award": 9}, {"player_id": 2, "response": 8, "award": 8}, {"player_id": 3, "response": 8, "award": 8}, {"player_id": 4, "response": 9, "award": 9}, {"player_id": 5, "response": 8, "award": 8}, {"player_id": 6, "response": 9, "award": 9}, {"player_id": 7, "response": 8, "award": 8}, {"player_id": 8, "response": 8, "award": 8}, {"player_id": 9, "response": 8, "award": 8}], "total_proposal": 83}, {"responses": [{"player_id": 0, "response": 11, "award": 0}, {"player_id": 1, "response": 12, "award": 0}, {"player_id": 2, "response": 11, "award": 0}, {"player_id": 3, "response": 9, "award": 0}, {"player_id": 4, "response": 11, "award": 0}, {"player_id": 5, "response": 12, "award": 0}, {"player_id": 6, "response": 11, "award": 0}, {"player_id": 7, "response": 11, "award": 0}, {"player_id": 8, "response": 10, "award": 0}, {"player_id": 9, "response": 9, "award": 0}], "total_proposal": 107}, {"responses": [{"player_id": 0, "response": 7, "award": 7}, {"player_id": 1, "response": 8, "award": 8}, {"player_id": 2, "response": 8, "award": 8}, {"player_id": 3, "response": 7, "award": 7}, {"player_id": 4, "response": 8, "award": 8}, {"player_id": 5, "response": 9, "award": 9}, {"player_id": 6, "response": 8, "award": 8}, {"player_id": 7, "response": 9, "award": 9}, {"player_id": 8, "response": 9, "award": 9}, {"player_id": 9, "response": 7, "award": 7}], "total_proposal": 80}, {"responses": [{"player_id": 0, "response": 10, "award": 0}, {"player_id": 1, "response": 10, "award": 0}, {"player_id": 2, "response": 9, "award": 0}, {"player_id": 3, "response": 10, "award": 0}, {"player_id": 4, "response": 12, "award": 0}, {"player_id": 5, "response": 11, "award": 0}, {"player_id": 6, "response": 12, "award": 0}, {"player_id": 7, "response": 12, "award": 0}, {"player_id": 8, "response": 11, "award": 0}, {"player_id": 9, "response": 8, "award": 0}], "total_proposal": 105}, {"responses": [{"player_id": 0, "response": 9, "award": 9}, {"player_id": 1, "response": 7, "award": 7}, {"player_id": 2, "response": 7, "award": 7}, {"player_id": 3, "response": 8, "award": 8}, {"player_id": 4, "response": 7, "award": 7}, {"player_id": 5, "response": 7, "award": 7}, {"player_id": 6, "response": 7, "award": 7}, {"player_id": 7, "response": 7, "award": 7}, {"player_id": 8, "response": 7, "award": 7}, {"player_id": 9, "response": 6, "award": 6}], "total_proposal": 72}, {"responses": [{"player_id": 0, "response": 12, "award": 0}, {"player_id": 1, "response": 13, "award": 0}, {"player_id": 2, "response": 10, "award": 0}, {"player_id": 3, "response": 9, "award": 0}, {"player_id": 4, "response": 13, "award": 0}, {"player_id": 5, "response": 10, "award": 0}, {"player_id": 6, "response": 10, "award": 0}, {"player_id": 7, "response": 10, "award": 0}, {"player_id": 8, "response": 12, "award": 0}, {"player_id": 9, "response": 8, "award": 0}], "total_proposal": 107}, {"responses": [{"player_id": 0, "response": 6, "award": 6}, {"player_id": 1, "response": 9, "award": 9}, {"player_id": 2, "response": 6, "award": 6}, {"player_id": 3, "response": 6, "award": 6}, {"player_id": 4, "response": 8, "award": 8}, {"player_id": 5, "response": 6, "award": 6}, {"player_id": 6, "response": 6, "award": 6}, {"player_id": 7, "response": 8, "award": 8}, {"player_id": 8, "response": 6, "award": 6}, {"player_id": 9, "response": 5, "award": 5}], "total_proposal": 66}, {"responses": [{"player_id": 0, "response": 11, "award": 0}, {"player_id": 1, "response": 10, "award": 0}, {"player_id": 2, "response": 12, "award": 0}, {"player_id": 3, "response": 12, "award": 0}, {"player_id": 4, "response": 9, "award": 0}, {"player_id": 5, "response": 8, "award": 0}, {"player_id": 6, "response": 14, "award": 0}, {"player_id": 7, "response": 11, "award": 0}, {"player_id": 8, "response": 8, "award": 0}, {"player_id": 9, "response": 9, "award": 0}], "total_proposal": 104}, {"responses": [{"player_id": 0, "response": 8, "award": 8}, {"player_id": 1, "response": 8, "award": 8}, {"player_id": 2, "response": 8, "award": 8}, {"player_id": 3, "response": 5, "award": 5}, {"player_id": 4, "response": 6, "award": 6}, {"player_id": 5, "response": 5, "award": 5}, {"player_id": 6, "response": 5, "award": 5}, {"player_id": 7, "response": 9, "award": 9}, {"player_id": 8, "response": 5, "award": 5}, {"player_id": 9, "response": 4, "award": 4}], "total_proposal": 63}, {"responses": [{"player_id": 0, "response": 10, "award": 0}, {"player_id": 1, "response": 11, "award": 0}, {"player_id": 2, "response": 9, "award": 0}, {"player_id": 3, "response": 8, "award": 0}, {"player_id": 4, "response": 10, "award": 0}, {"player_id": 5, "response": 12, "award": 0}, {"player_id": 6, "response": 13, "award": 0}, {"player_id": 7, "response": 12, "award": 0}, {"player_id": 8, "response": 10, "award": 0}, {"player_id": 9, "response": 10, "award": 0}], "total_proposal": 105}, {"responses": [{"player_id": 0, "response": 9, "award": 9}, {"player_id": 1, "response": 7, "award": 7}, {"player_id": 2, "response": 7, "award": 7}, {"player_id": 3, "response": 4, "award": 4}, {"player_id": 4, "response": 7, "award": 7}, {"player_id": 5, "response": 4, "award": 4}, {"player_id": 6, "response": 4, "award": 4}, {"player_id": 7, "response": 6, "award": 6}, {"player_id": 8, "response": 4, "award": 4}, {"player_id": 9, "response": 3, "award": 3}], "total_proposal": 55}, {"responses": [{"player_id": 0, "response": 12, "award": 0}, {"player_id": 1, "response": 15, "award": 0}, {"player_id": 2, "response": 10, "award": 0}, {"player_id": 3, "response": 10, "award": 0}, {"player_id": 4, "response": 8, "award": 0}, {"player_id": 5, "response": 14, "award": 0}, {"player_id": 6, "response": 15, "award": 0}, {"player_id": 7, "response": 13, "award": 0}, {"player_id": 8, "response": 11, "award": 0}, {"player_id": 9, "response": 15, "award": 0}], "total_proposal": 123}, {"responses": [{"player_id": 0, "response": 5, "award": 5}, {"player_id": 1, "response": 6, "award": 6}, {"player_id": 2, "response": 6, "award": 6}, {"player_id": 3, "response": 9, "award": 9}, {"player_id": 4, "response": 5, "award": 5}, {"player_id": 5, "response": 3, "award": 3}, {"player_id": 6, "response": 9, "award": 9}, {"player_id": 7, "response": 5, "award": 5}, {"player_id": 8, "response": 8, "award": 8}, {"player_id": 9, "response": 12, "award": 12}], "total_proposal": 68}, {"responses": [{"player_id": 0, "response": 8, "award": 0}, {"player_id": 1, "response": 12, "award": 0}, {"player_id": 2, "response": 8, "award": 0}, {"player_id": 3, "response": 11, "award": 0}, {"player_id": 4, "response": 9, "award": 0}, {"player_id": 5, "response": 13, "award": 0}, {"player_id": 6, "response": 8, "award": 0}, {"player_id": 7, "response": 10, "award": 0}, {"player_id": 8, "response": 9, "award": 0}, {"player_id": 9, "response": 14, "award": 0}], "total_proposal": 102}, {"responses": [{"player_id": 0, "response": 7, "award": 7}, {"player_id": 1, "response": 5, "award": 5}, {"player_id": 2, "response": 5, "award": 5}, {"player_id": 3, "response": 7, "award": 7}, {"player_id": 4, "response": 6, "award": 6}, {"player_id": 5, "response": 2, "award": 2}, {"player_id": 6, "response": 3, "award": 3}, {"player_id": 7, "response": 8, "award": 8}, {"player_id": 8, "response": 6, "award": 6}, {"player_id": 9, "response": 6, "award": 6}], "total_proposal": 55}, {"responses": [{"player_id": 0, "response": 9, "award": 0}, {"player_id": 1, "response": 9, "award": 0}, {"player_id": 2, "response": 9, "award": 0}, {"player_id": 3, "response": 8, "award": 0}, {"player_id": 4, "response": 8, "award": 0}, {"player_id": 5, "response": 18, "award": 0}, {"player_id": 6, "response": 12, "award": 0}, {"player_id": 7, "response": 15, "award": 0}, {"player_id": 8, "response": 10, "award": 0}, {"player_id": 9, "response": 8, "award": 0}], "total_proposal": 106}, {"responses": [{"player_id": 0, "response": 8, "award": 8}, {"player_id": 1, "response": 8, "award": 8}, {"player_id": 2, "response": 4, "award": 4}, {"player_id": 3, "response": 6, "award": 6}, {"player_id": 4, "response": 4, "award": 4}, {"player_id": 5, "response": 1, "award": 1}, {"player_id": 6, "response": 2, "award": 2}, {"player_id": 7, "response": 7, "award": 7}, {"player_id": 8, "response": 7, "award": 7}, {"player_id": 9, "response": 5, "award": 5}], "total_proposal": 52}, {"responses": [{"player_id": 0, "response": 10, "award": 10}, {"player_id": 1, "response": 9, "award": 9}, {"player_id": 2, "response": 8, "award": 8}, {"player_id": 3, "response": 10, "award": 10}, {"player_id": 4, "response": 9, "award": 9}, {"player_id": 5, "response": 16, "award": 16}, {"player_id": 6, "response": 10, "award": 10}, {"player_id": 7, "response": 8, "award": 8}, {"player_id": 8, "response": 8, "award": 8}, {"player_id": 9, "response": 10, "award": 10}], "total_proposal": 98}]}