{"meta": {"name_exp": "divide_dollar", "player_num": 10, "golds": 100, "version": "v1", "lang_agent": "<jHLiFlg>", "round": 20, "run": 2}, "round_records": [{"responses": [{"player_id": 0, "response": 20, "award": 0}, {"player_id": 1, "response": 10, "award": 0}, {"player_id": 2, "response": 20, "award": 0}, {"player_id": 3, "response": 10, "award": 0}, {"player_id": 4, "response": 10, "award": 0}, {"player_id": 5, "response": 10, "award": 0}, {"player_id": 6, "response": 10, "award": 0}, {"player_id": 7, "response": 10, "award": 0}, {"player_id": 8, "response": 10, "award": 0}, {"player_id": 9, "response": 10, "award": 0}], "total_proposal": 120}, {"responses": [{"player_id": 0, "response": 15, "award": 0}, {"player_id": 1, "response": 20, "award": 0}, {"player_id": 2, "response": 5, "award": 0}, {"player_id": 3, "response": 15, "award": 0}, {"player_id": 4, "response": 20, "award": 0}, {"player_id": 5, "response": 8, "award": 0}, {"player_id": 6, "response": 5, "award": 0}, {"player_id": 7, "response": 5, "award": 0}, {"player_id": 8, "response": 15, "award": 0}, {"player_id": 9, "response": 5, "award": 0}], "total_proposal": 113}, {"responses": [{"player_id": 0, "response": 10, "award": 0}, {"player_id": 1, "response": 18, "award": 0}, {"player_id": 2, "response": 40, "award": 0}, {"player_id": 3, "response": 12, "award": 0}, {"player_id": 4, "response": 15, "award": 0}, {"player_id": 5, "response": 5, "award": 0}, {"player_id": 6, "response": 20, "award": 0}, {"player_id": 7, "response": 12, "award": 0}, {"player_id": 8, "response": 20, "award": 0}, {"player_id": 9, "response": 12, "award": 0}], "total_proposal": 164}, {"responses": [{"player_id": 0, "response": 5, "award": 0}, {"player_id": 1, "response": 10, "award": 0}, {"player_id": 2, "response": 25, "award": 0}, {"player_id": 3, "response": 10, "award": 0}, {"player_id": 4, "response": 10, "award": 0}, {"player_id": 5, "response": 5, "award": 0}, {"player_id": 6, "response": 10, "award": 0}, {"player_id": 7, "response": 20, "award": 0}, {"player_id": 8, "response": 5, "award": 0}, {"player_id": 9, "response": 8, "award": 0}], "total_proposal": 108}, {"responses": [{"player_id": 0, "response": 8, "award": 0}, {"player_id": 1, "response": 12, "award": 0}, {"player_id": 2, "response": 15, "award": 0}, {"player_id": 3, "response": 20, "award": 0}, {"player_id": 4, "response": 8, "award": 0}, {"player_id": 5, "response": 12, "award": 0}, {"player_id": 6, "response": 5, "award": 0}, {"player_id": 7, "response": 15, "award": 0}, {"player_id": 8, "response": 5, "award": 0}, {"player_id": 9, "response": 25, "award": 0}], "total_proposal": 125}, {"responses": [{"player_id": 0, "response": 5, "award": 0}, {"player_id": 1, "response": 10, "award": 0}, {"player_id": 2, "response": 12, "award": 0}, {"player_id": 3, "response": 8, "award": 0}, {"player_id": 4, "response": 5, "award": 0}, {"player_id": 5, "response": 7, "award": 0}, {"player_id": 6, "response": 25, "award": 0}, {"player_id": 7, "response": 7, "award": 0}, {"player_id": 8, "response": 2, "award": 0}, {"player_id": 9, "response": 20, "award": 0}], "total_proposal": 101}, {"responses": [{"player_id": 0, "response": 7, "award": 7}, {"player_id": 1, "response": 7, "award": 7}, {"player_id": 2, "response": 8, "award": 8}, {"player_id": 3, "response": 5, "award": 5}, {"player_id": 4, "response": 6, "award": 6}, {"player_id": 5, "response": 3, "award": 3}, {"player_id": 6, "response": 10, "award": 10}, {"player_id": 7, "response": 8, "award": 8}, {"player_id": 8, "response": 5, "award": 5}, {"player_id": 9, "response": 10, "award": 10}], "total_proposal": 69}, {"responses": [{"player_id": 0, "response": 9, "award": 0}, {"player_id": 1, "response": 10, "award": 0}, {"player_id": 2, "response": 10, "award": 0}, {"player_id": 3, "response": 12, "award": 0}, {"player_id": 4, "response": 30, "award": 0}, {"player_id": 5, "response": 22, "award": 0}, {"player_id": 6, "response": 20, "award": 0}, {"player_id": 7, "response": 25, "award": 0}, {"player_id": 8, "response": 15, "award": 0}, {"player_id": 9, "response": 15, "award": 0}], "total_proposal": 168}, {"responses": [{"player_id": 0, "response": 10, "award": 0}, {"player_id": 1, "response": 20, "award": 0}, {"player_id": 2, "response": 20, "award": 0}, {"player_id": 3, "response": 7, "award": 0}, {"player_id": 4, "response": 8, "award": 0}, {"player_id": 5, "response": 9, "award": 0}, {"player_id": 6, "response": 15, "award": 0}, {"player_id": 7, "response": 10, "award": 0}, {"player_id": 8, "response": 20, "award": 0}, {"player_id": 9, "response": 8, "award": 0}], "total_proposal": 127}, {"responses": [{"player_id": 0, "response": 6, "award": 0}, {"player_id": 1, "response": 5, "award": 0}, {"player_id": 2, "response": 25, "award": 0}, {"player_id": 3, "response": 20, "award": 0}, {"player_id": 4, "response": 25, "award": 0}, {"player_id": 5, "response": 10, "award": 0}, {"player_id": 6, "response": 20, "award": 0}, {"player_id": 7, "response": 10, "award": 0}, {"player_id": 8, "response": 10, "award": 0}, {"player_id": 9, "response": 12, "award": 0}], "total_proposal": 143}, {"responses": [{"player_id": 0, "response": 3, "award": 0}, {"player_id": 1, "response": 10, "award": 0}, {"player_id": 2, "response": 9, "award": 0}, {"player_id": 3, "response": 25, "award": 0}, {"player_id": 4, "response": 15, "award": 0}, {"player_id": 5, "response": 20, "award": 0}, {"player_id": 6, "response": 5, "award": 0}, {"player_id": 7, "response": 8, "award": 0}, {"player_id": 8, "response": 30, "award": 0}, {"player_id": 9, "response": 3, "award": 0}], "total_proposal": 128}, {"responses": [{"player_id": 0, "response": 2, "award": 2}, {"player_id": 1, "response": 12, "award": 12}, {"player_id": 2, "response": 15, "award": 15}, {"player_id": 3, "response": 6, "award": 6}, {"player_id": 4, "response": 12, "award": 12}, {"player_id": 5, "response": 4, "award": 4}, {"player_id": 6, "response": 15, "award": 15}, {"player_id": 7, "response": 5, "award": 5}, {"player_id": 8, "response": 8, "award": 8}, {"player_id": 9, "response": 15, "award": 15}], "total_proposal": 94}, {"responses": [{"player_id": 0, "response": 20, "award": 0}, {"player_id": 1, "response": 21, "award": 0}, {"player_id": 2, "response": 10, "award": 0}, {"player_id": 3, "response": 10, "award": 0}, {"player_id": 4, "response": 20, "award": 0}, {"player_id": 5, "response": 9, "award": 0}, {"player_id": 6, "response": 25, "award": 0}, {"player_id": 7, "response": 8, "award": 0}, {"player_id": 8, "response": 23, "award": 0}, {"player_id": 9, "response": 15, "award": 0}], "total_proposal": 161}, {"responses": [{"player_id": 0, "response": 4, "award": 4}, {"player_id": 1, "response": 5, "award": 5}, {"player_id": 2, "response": 5, "award": 5}, {"player_id": 3, "response": 20, "award": 20}, {"player_id": 4, "response": 2, "award": 2}, {"player_id": 5, "response": 12, "award": 12}, {"player_id": 6, "response": 10, "award": 10}, {"player_id": 7, "response": 6, "award": 6}, {"player_id": 8, "response": 4, "award": 4}, {"player_id": 9, "response": 4, "award": 4}], "total_proposal": 72}, {"responses": [{"player_id": 0, "response": 8, "award": 0}, {"player_id": 1, "response": 8, "award": 0}, {"player_id": 2, "response": 18, "award": 0}, {"player_id": 3, "response": 30, "award": 0}, {"player_id": 4, "response": 20, "award": 0}, {"player_id": 5, "response": 14, "award": 0}, {"player_id": 6, "response": 20, "award": 0}, {"player_id": 7, "response": 20, "award": 0}, {"player_id": 8, "response": 30, "award": 0}, {"player_id": 9, "response": 18, "award": 0}], "total_proposal": 186}, {"responses": [{"player_id": 0, "response": 13, "award": 0}, {"player_id": 1, "response": 3, "award": 0}, {"player_id": 2, "response": 8, "award": 0}, {"player_id": 3, "response": 30, "award": 0}, {"player_id": 4, "response": 22, "award": 0}, {"player_id": 5, "response": 2, "award": 0}, {"player_id": 6, "response": 12, "award": 0}, {"player_id": 7, "response": 40, "award": 0}, {"player_id": 8, "response": 3, "award": 0}, {"player_id": 9, "response": 20, "award": 0}], "total_proposal": 153}, {"responses": [{"player_id": 0, "response": 25, "award": 0}, {"player_id": 1, "response": 5, "award": 0}, {"player_id": 2, "response": 20, "award": 0}, {"player_id": 3, "response": 40, "award": 0}, {"player_id": 4, "response": 28, "award": 0}, {"player_id": 5, "response": 4, "award": 0}, {"player_id": 6, "response": 8, "award": 0}, {"player_id": 7, "response": 20, "award": 0}, {"player_id": 8, "response": 40, "award": 0}, {"player_id": 9, "response": 8, "award": 0}], "total_proposal": 198}, {"responses": [{"player_id": 0, "response": 18, "award": 0}, {"player_id": 1, "response": 6, "award": 0}, {"player_id": 2, "response": 10, "award": 0}, {"player_id": 3, "response": 8, "award": 0}, {"player_id": 4, "response": 9, "award": 0}, {"player_id": 5, "response": 15, "award": 0}, {"player_id": 6, "response": 30, "award": 0}, {"player_id": 7, "response": 15, "award": 0}, {"player_id": 8, "response": 25, "award": 0}, {"player_id": 9, "response": 7, "award": 0}], "total_proposal": 143}, {"responses": [{"player_id": 0, "response": 12, "award": 0}, {"player_id": 1, "response": 4, "award": 0}, {"player_id": 2, "response": 4, "award": 0}, {"player_id": 3, "response": 10, "award": 0}, {"player_id": 4, "response": 22, "award": 0}, {"player_id": 5, "response": 6, "award": 0}, {"player_id": 6, "response": 10, "award": 0}, {"player_id": 7, "response": 15, "award": 0}, {"player_id": 8, "response": 20, "award": 0}, {"player_id": 9, "response": 3, "award": 0}], "total_proposal": 106}, {"responses": [{"player_id": 0, "response": 9, "award": 0}, {"player_id": 1, "response": 25, "award": 0}, {"player_id": 2, "response": 1, "award": 0}, {"player_id": 3, "response": 5, "award": 0}, {"player_id": 4, "response": 20, "award": 0}, {"player_id": 5, "response": 10, "award": 0}, {"player_id": 6, "response": 15, "award": 0}, {"player_id": 7, "response": 3, "award": 0}, {"player_id": 8, "response": 10, "award": 0}, {"player_id": 9, "response": 5, "award": 0}], "total_proposal": 103}]}