{"meta": {"name_exp": "divide_dollar", "player_num": 10, "golds": 100, "version": "v1", "lang_agent": "<jHLiFlg>", "round": 20, "run": 3}, "round_records": [{"responses": [{"player_id": 0, "response": 10, "award": 10}, {"player_id": 1, "response": 10, "award": 10}, {"player_id": 2, "response": 10, "award": 10}, {"player_id": 3, "response": 5, "award": 5}, {"player_id": 4, "response": 10, "award": 10}, {"player_id": 5, "response": 5, "award": 5}, {"player_id": 6, "response": 5, "award": 5}, {"player_id": 7, "response": 10, "award": 10}, {"player_id": 8, "response": 5, "award": 5}, {"player_id": 9, "response": 10, "award": 10}], "total_proposal": 80}, {"responses": [{"player_id": 0, "response": 15, "award": 0}, {"player_id": 1, "response": 12, "award": 0}, {"player_id": 2, "response": 15, "award": 0}, {"player_id": 3, "response": 10, "award": 0}, {"player_id": 4, "response": 15, "award": 0}, {"player_id": 5, "response": 15, "award": 0}, {"player_id": 6, "response": 15, "award": 0}, {"player_id": 7, "response": 15, "award": 0}, {"player_id": 8, "response": 15, "award": 0}, {"player_id": 9, "response": 15, "award": 0}], "total_proposal": 142}, {"responses": [{"player_id": 0, "response": 20, "award": 0}, {"player_id": 1, "response": 15, "award": 0}, {"player_id": 2, "response": 12, "award": 0}, {"player_id": 3, "response": 8, "award": 0}, {"player_id": 4, "response": 8, "award": 0}, {"player_id": 5, "response": 10, "award": 0}, {"player_id": 6, "response": 20, "award": 0}, {"player_id": 7, "response": 5, "award": 0}, {"player_id": 8, "response": 8, "award": 0}, {"player_id": 9, "response": 25, "award": 0}], "total_proposal": 131}, {"responses": [{"player_id": 0, "response": 5, "award": 0}, {"player_id": 1, "response": 20, "award": 0}, {"player_id": 2, "response": 20, "award": 0}, {"player_id": 3, "response": 12, "award": 0}, {"player_id": 4, "response": 25, "award": 0}, {"player_id": 5, "response": 12, "award": 0}, {"player_id": 6, "response": 8, "award": 0}, {"player_id": 7, "response": 20, "award": 0}, {"player_id": 8, "response": 20, "award": 0}, {"player_id": 9, "response": 20, "award": 0}], "total_proposal": 162}, {"responses": [{"player_id": 0, "response": 15, "award": 0}, {"player_id": 1, "response": 8, "award": 0}, {"player_id": 2, "response": 8, "award": 0}, {"player_id": 3, "response": 15, "award": 0}, {"player_id": 4, "response": 12, "award": 0}, {"player_id": 5, "response": 20, "award": 0}, {"player_id": 6, "response": 10, "award": 0}, {"player_id": 7, "response": 12, "award": 0}, {"player_id": 8, "response": 10, "award": 0}, {"player_id": 9, "response": 5, "award": 0}], "total_proposal": 115}, {"responses": [{"player_id": 0, "response": 20, "award": 0}, {"player_id": 1, "response": 5, "award": 0}, {"player_id": 2, "response": 8, "award": 0}, {"player_id": 3, "response": 10, "award": 0}, {"player_id": 4, "response": 20, "award": 0}, {"player_id": 5, "response": 5, "award": 0}, {"player_id": 6, "response": 12, "award": 0}, {"player_id": 7, "response": 8, "award": 0}, {"player_id": 8, "response": 25, "award": 0}, {"player_id": 9, "response": 8, "award": 0}], "total_proposal": 121}, {"responses": [{"player_id": 0, "response": 5, "award": 5}, {"player_id": 1, "response": 10, "award": 10}, {"player_id": 2, "response": 5, "award": 5}, {"player_id": 3, "response": 8, "award": 8}, {"player_id": 4, "response": 5, "award": 5}, {"player_id": 5, "response": 8, "award": 8}, {"player_id": 6, "response": 25, "award": 25}, {"player_id": 7, "response": 6, "award": 6}, {"player_id": 8, "response": 12, "award": 12}, {"player_id": 9, "response": 6, "award": 6}], "total_proposal": 90}, {"responses": [{"player_id": 0, "response": 15, "award": 0}, {"player_id": 1, "response": 20, "award": 0}, {"player_id": 2, "response": 15, "award": 0}, {"player_id": 3, "response": 10, "award": 0}, {"player_id": 4, "response": 20, "award": 0}, {"player_id": 5, "response": 12, "award": 0}, {"player_id": 6, "response": 30, "award": 0}, {"player_id": 7, "response": 14, "award": 0}, {"player_id": 8, "response": 17, "award": 0}, {"player_id": 9, "response": 12, "award": 0}], "total_proposal": 165}, {"responses": [{"player_id": 0, "response": 5, "award": 5}, {"player_id": 1, "response": 22, "award": 22}, {"player_id": 2, "response": 6, "award": 6}, {"player_id": 3, "response": 6, "award": 6}, {"player_id": 4, "response": 5, "award": 5}, {"player_id": 5, "response": 10, "award": 10}, {"player_id": 6, "response": 3, "award": 3}, {"player_id": 7, "response": 5, "award": 5}, {"player_id": 8, "response": 13, "award": 13}, {"player_id": 9, "response": 3, "award": 3}], "total_proposal": 78}, {"responses": [{"player_id": 0, "response": 15, "award": 0}, {"player_id": 1, "response": 18, "award": 0}, {"player_id": 2, "response": 15, "award": 0}, {"player_id": 3, "response": 4, "award": 0}, {"player_id": 4, "response": 15, "award": 0}, {"player_id": 5, "response": 5, "award": 0}, {"player_id": 6, "response": 40, "award": 0}, {"player_id": 7, "response": 5, "award": 0}, {"player_id": 8, "response": 30, "award": 0}, {"player_id": 9, "response": 5, "award": 0}], "total_proposal": 152}, {"responses": [{"player_id": 0, "response": 10, "award": 10}, {"player_id": 1, "response": 8, "award": 8}, {"player_id": 2, "response": 7, "award": 7}, {"player_id": 3, "response": 3, "award": 3}, {"player_id": 4, "response": 8, "award": 8}, {"player_id": 5, "response": 7, "award": 7}, {"player_id": 6, "response": 25, "award": 25}, {"player_id": 7, "response": 6, "award": 6}, {"player_id": 8, "response": 2, "award": 2}, {"player_id": 9, "response": 2, "award": 2}], "total_proposal": 78}, {"responses": [{"player_id": 0, "response": 12, "award": 0}, {"player_id": 1, "response": 4, "award": 0}, {"player_id": 2, "response": 12, "award": 0}, {"player_id": 3, "response": 5, "award": 0}, {"player_id": 4, "response": 17, "award": 0}, {"player_id": 5, "response": 8, "award": 0}, {"player_id": 6, "response": 20, "award": 0}, {"player_id": 7, "response": 20, "award": 0}, {"player_id": 8, "response": 18, "award": 0}, {"player_id": 9, "response": 12, "award": 0}], "total_proposal": 128}, {"responses": [{"player_id": 0, "response": 8, "award": 8}, {"player_id": 1, "response": 25, "award": 25}, {"player_id": 2, "response": 9, "award": 9}, {"player_id": 3, "response": 2, "award": 2}, {"player_id": 4, "response": 7, "award": 7}, {"player_id": 5, "response": 6, "award": 6}, {"player_id": 6, "response": 15, "award": 15}, {"player_id": 7, "response": 2, "award": 2}, {"player_id": 8, "response": 6, "award": 6}, {"player_id": 9, "response": 1, "award": 1}], "total_proposal": 81}, {"responses": [{"player_id": 0, "response": 18, "award": 0}, {"player_id": 1, "response": 21, "award": 0}, {"player_id": 2, "response": 10, "award": 0}, {"player_id": 3, "response": 7, "award": 0}, {"player_id": 4, "response": 30, "award": 0}, {"player_id": 5, "response": 4, "award": 0}, {"player_id": 6, "response": 20, "award": 0}, {"player_id": 7, "response": 17, "award": 0}, {"player_id": 8, "response": 90, "award": 0}, {"player_id": 9, "response": 18, "award": 0}], "total_proposal": 235}, {"responses": [{"player_id": 0, "response": 10, "award": 10}, {"player_id": 1, "response": 3, "award": 3}, {"player_id": 2, "response": 4, "award": 4}, {"player_id": 3, "response": 1, "award": 1}, {"player_id": 4, "response": 4, "award": 4}, {"player_id": 5, "response": 2, "award": 2}, {"player_id": 6, "response": 40, "award": 40}, {"player_id": 7, "response": 20, "award": 20}, {"player_id": 8, "response": 5, "award": 5}, {"player_id": 9, "response": 8, "award": 8}], "total_proposal": 97}, {"responses": [{"player_id": 0, "response": 20, "award": 0}, {"player_id": 1, "response": 7, "award": 0}, {"player_id": 2, "response": 14, "award": 0}, {"player_id": 3, "response": 4, "award": 0}, {"player_id": 4, "response": 9, "award": 0}, {"player_id": 5, "response": 13, "award": 0}, {"player_id": 6, "response": 20, "award": 0}, {"player_id": 7, "response": 20, "award": 0}, {"player_id": 8, "response": 22, "award": 0}, {"player_id": 9, "response": 20, "award": 0}], "total_proposal": 149}, {"responses": [{"player_id": 0, "response": 8, "award": 8}, {"player_id": 1, "response": 6, "award": 6}, {"player_id": 2, "response": 3, "award": 3}, {"player_id": 3, "response": 7, "award": 7}, {"player_id": 4, "response": 3, "award": 3}, {"player_id": 5, "response": 9, "award": 9}, {"player_id": 6, "response": 10, "award": 10}, {"player_id": 7, "response": 20, "award": 20}, {"player_id": 8, "response": 8, "award": 8}, {"player_id": 9, "response": 22, "award": 22}], "total_proposal": 96}, {"responses": [{"player_id": 0, "response": 18, "award": 0}, {"player_id": 1, "response": 15, "award": 0}, {"player_id": 2, "response": 18, "award": 0}, {"player_id": 3, "response": 3, "award": 0}, {"player_id": 4, "response": 20, "award": 0}, {"player_id": 5, "response": 8, "award": 0}, {"player_id": 6, "response": 5, "award": 0}, {"player_id": 7, "response": 20, "award": 0}, {"player_id": 8, "response": 25, "award": 0}, {"player_id": 9, "response": 40, "award": 0}], "total_proposal": 172}, {"responses": [{"player_id": 0, "response": 2, "award": 2}, {"player_id": 1, "response": 9, "award": 9}, {"player_id": 2, "response": 11, "award": 11}, {"player_id": 3, "response": 9, "award": 9}, {"player_id": 4, "response": 10, "award": 10}, {"player_id": 5, "response": 3, "award": 3}, {"player_id": 6, "response": 12, "award": 12}, {"player_id": 7, "response": 5, "award": 5}, {"player_id": 8, "response": 7, "award": 7}, {"player_id": 9, "response": 7, "award": 7}], "total_proposal": 75}, {"responses": [{"player_id": 0, "response": 7, "award": 0}, {"player_id": 1, "response": 5, "award": 0}, {"player_id": 2, "response": 0, "award": 0}, {"player_id": 3, "response": 15, "award": 0}, {"player_id": 4, "response": 30, "award": 0}, {"player_id": 5, "response": 5, "award": 0}, {"player_id": 6, "response": 10, "award": 0}, {"player_id": 7, "response": 20, "award": 0}, {"player_id": 8, "response": 10, "award": 0}, {"player_id": 9, "response": 25, "award": 0}], "total_proposal": 127}]}