{"meta": {"name_exp": "divide_dollar", "player_num": 10, "golds": 100, "version": "v1", "lang_agent": "<jHLiFlg>", "round": 20, "run": 1}, "round_records": [{"responses": [{"player_id": 0, "response": 20, "award": 0}, {"player_id": 1, "response": 10, "award": 0}, {"player_id": 2, "response": 5, "award": 0}, {"player_id": 3, "response": 10, "award": 0}, {"player_id": 4, "response": 10, "award": 0}, {"player_id": 5, "response": 20, "award": 0}, {"player_id": 6, "response": 10, "award": 0}, {"player_id": 7, "response": 5, "award": 0}, {"player_id": 8, "response": 5, "award": 0}, {"player_id": 9, "response": 10, "award": 0}], "total_proposal": 105}, {"responses": [{"player_id": 0, "response": 10, "award": 10}, {"player_id": 1, "response": 8, "award": 8}, {"player_id": 2, "response": 8, "award": 8}, {"player_id": 3, "response": 5, "award": 5}, {"player_id": 4, "response": 8, "award": 8}, {"player_id": 5, "response": 5, "award": 5}, {"player_id": 6, "response": 5, "award": 5}, {"player_id": 7, "response": 8, "award": 8}, {"player_id": 8, "response": 5, "award": 5}, {"player_id": 9, "response": 9, "award": 9}], "total_proposal": 71}, {"responses": [{"player_id": 0, "response": 20, "award": 0}, {"player_id": 1, "response": 12, "award": 0}, {"player_id": 2, "response": 12, "award": 0}, {"player_id": 3, "response": 20, "award": 0}, {"player_id": 4, "response": 15, "award": 0}, {"player_id": 5, "response": 20, "award": 0}, {"player_id": 6, "response": 15, "award": 0}, {"player_id": 7, "response": 15, "award": 0}, {"player_id": 8, "response": 20, "award": 0}, {"player_id": 9, "response": 20, "award": 0}], "total_proposal": 169}, {"responses": [{"player_id": 0, "response": 5, "award": 0}, {"player_id": 1, "response": 18, "award": 0}, {"player_id": 2, "response": 10, "award": 0}, {"player_id": 3, "response": 15, "award": 0}, {"player_id": 4, "response": 12, "award": 0}, {"player_id": 5, "response": 10, "award": 0}, {"player_id": 6, "response": 20, "award": 0}, {"player_id": 7, "response": 12, "award": 0}, {"player_id": 8, "response": 3, "award": 0}, {"player_id": 9, "response": 6, "award": 0}], "total_proposal": 111}, {"responses": [{"player_id": 0, "response": 8, "award": 0}, {"player_id": 1, "response": 15, "award": 0}, {"player_id": 2, "response": 20, "award": 0}, {"player_id": 3, "response": 20, "award": 0}, {"player_id": 4, "response": 7, "award": 0}, {"player_id": 5, "response": 15, "award": 0}, {"player_id": 6, "response": 20, "award": 0}, {"player_id": 7, "response": 4, "award": 0}, {"player_id": 8, "response": 7, "award": 0}, {"player_id": 9, "response": 20, "award": 0}], "total_proposal": 136}, {"responses": [{"player_id": 0, "response": 15, "award": 15}, {"player_id": 1, "response": 12, "award": 12}, {"player_id": 2, "response": 7, "award": 7}, {"player_id": 3, "response": 15, "award": 15}, {"player_id": 4, "response": 5, "award": 5}, {"player_id": 5, "response": 5, "award": 5}, {"player_id": 6, "response": 8, "award": 8}, {"player_id": 7, "response": 9, "award": 9}, {"player_id": 8, "response": 4, "award": 4}, {"player_id": 9, "response": 7, "award": 7}], "total_proposal": 87}, {"responses": [{"player_id": 0, "response": 25, "award": 0}, {"player_id": 1, "response": 15, "award": 0}, {"player_id": 2, "response": 12, "award": 0}, {"player_id": 3, "response": 10, "award": 0}, {"player_id": 4, "response": 10, "award": 0}, {"player_id": 5, "response": 25, "award": 0}, {"player_id": 6, "response": 10, "award": 0}, {"player_id": 7, "response": 20, "award": 0}, {"player_id": 8, "response": 15, "award": 0}, {"player_id": 9, "response": 8, "award": 0}], "total_proposal": 150}, {"responses": [{"player_id": 0, "response": 12, "award": 0}, {"player_id": 1, "response": 10, "award": 0}, {"player_id": 2, "response": 10, "award": 0}, {"player_id": 3, "response": 20, "award": 0}, {"player_id": 4, "response": 20, "award": 0}, {"player_id": 5, "response": 8, "award": 0}, {"player_id": 6, "response": 25, "award": 0}, {"player_id": 7, "response": 15, "award": 0}, {"player_id": 8, "response": 10, "award": 0}, {"player_id": 9, "response": 3, "award": 0}], "total_proposal": 133}, {"responses": [{"player_id": 0, "response": 3, "award": 0}, {"player_id": 1, "response": 8, "award": 0}, {"player_id": 2, "response": 3, "award": 0}, {"player_id": 3, "response": 25, "award": 0}, {"player_id": 4, "response": 9, "award": 0}, {"player_id": 5, "response": 25, "award": 0}, {"player_id": 6, "response": 20, "award": 0}, {"player_id": 7, "response": 10, "award": 0}, {"player_id": 8, "response": 12, "award": 0}, {"player_id": 9, "response": 12, "award": 0}], "total_proposal": 127}, {"responses": [{"player_id": 0, "response": 2, "award": 0}, {"player_id": 1, "response": 6, "award": 0}, {"player_id": 2, "response": 25, "award": 0}, {"player_id": 3, "response": 30, "award": 0}, {"player_id": 4, "response": 6, "award": 0}, {"player_id": 5, "response": 25, "award": 0}, {"player_id": 6, "response": 22, "award": 0}, {"player_id": 7, "response": 6, "award": 0}, {"player_id": 8, "response": 2, "award": 0}, {"player_id": 9, "response": 15, "award": 0}], "total_proposal": 139}, {"responses": [{"player_id": 0, "response": 1, "award": 1}, {"player_id": 1, "response": 5, "award": 5}, {"player_id": 2, "response": 15, "award": 15}, {"player_id": 3, "response": 15, "award": 15}, {"player_id": 4, "response": 3, "award": 3}, {"player_id": 5, "response": 3, "award": 3}, {"player_id": 6, "response": 7, "award": 7}, {"player_id": 7, "response": 5, "award": 5}, {"player_id": 8, "response": 15, "award": 15}, {"player_id": 9, "response": 12, "award": 12}], "total_proposal": 81}, {"responses": [{"player_id": 0, "response": 8, "award": 0}, {"player_id": 1, "response": 10, "award": 0}, {"player_id": 2, "response": 18, "award": 0}, {"player_id": 3, "response": 20, "award": 0}, {"player_id": 4, "response": 10, "award": 0}, {"player_id": 5, "response": 20, "award": 0}, {"player_id": 6, "response": 12, "award": 0}, {"player_id": 7, "response": 20, "award": 0}, {"player_id": 8, "response": 20, "award": 0}, {"player_id": 9, "response": 15, "award": 0}], "total_proposal": 153}, {"responses": [{"player_id": 0, "response": 7, "award": 0}, {"player_id": 1, "response": 9, "award": 0}, {"player_id": 2, "response": 20, "award": 0}, {"player_id": 3, "response": 10, "award": 0}, {"player_id": 4, "response": 15, "award": 0}, {"player_id": 5, "response": 30, "award": 0}, {"player_id": 6, "response": 15, "award": 0}, {"player_id": 7, "response": 3, "award": 0}, {"player_id": 8, "response": 10, "award": 0}, {"player_id": 9, "response": 1, "award": 0}], "total_proposal": 120}, {"responses": [{"player_id": 0, "response": 18, "award": 18}, {"player_id": 1, "response": 4, "award": 4}, {"player_id": 2, "response": 20, "award": 20}, {"player_id": 3, "response": 8, "award": 8}, {"player_id": 4, "response": 7, "award": 7}, {"player_id": 5, "response": 12, "award": 12}, {"player_id": 6, "response": 13, "award": 13}, {"player_id": 7, "response": 2, "award": 2}, {"player_id": 8, "response": 6, "award": 6}, {"player_id": 9, "response": 4, "award": 4}], "total_proposal": 94}, {"responses": [{"player_id": 0, "response": 30, "award": 0}, {"player_id": 1, "response": 16, "award": 0}, {"player_id": 2, "response": 14, "award": 0}, {"player_id": 3, "response": 6, "award": 0}, {"player_id": 4, "response": 12, "award": 0}, {"player_id": 5, "response": 10, "award": 0}, {"player_id": 6, "response": 25, "award": 0}, {"player_id": 7, "response": 6, "award": 0}, {"player_id": 8, "response": 25, "award": 0}, {"player_id": 9, "response": 5, "award": 0}], "total_proposal": 149}, {"responses": [{"player_id": 0, "response": 4, "award": 4}, {"player_id": 1, "response": 7, "award": 7}, {"player_id": 2, "response": 5, "award": 5}, {"player_id": 3, "response": 4, "award": 4}, {"player_id": 4, "response": 4, "award": 4}, {"player_id": 5, "response": 6, "award": 6}, {"player_id": 6, "response": 4, "award": 4}, {"player_id": 7, "response": 1, "award": 1}, {"player_id": 8, "response": 8, "award": 8}, {"player_id": 9, "response": 5, "award": 5}], "total_proposal": 48}, {"responses": [{"player_id": 0, "response": 25, "award": 0}, {"player_id": 1, "response": 23, "award": 0}, {"player_id": 2, "response": 35, "award": 0}, {"player_id": 3, "response": 45, "award": 0}, {"player_id": 4, "response": 20, "award": 0}, {"player_id": 5, "response": 20, "award": 0}, {"player_id": 6, "response": 25, "award": 0}, {"player_id": 7, "response": 7, "award": 0}, {"player_id": 8, "response": 23, "award": 0}, {"player_id": 9, "response": 20, "award": 0}], "total_proposal": 243}, {"responses": [{"player_id": 0, "response": 6, "award": 0}, {"player_id": 1, "response": 9, "award": 0}, {"player_id": 2, "response": 10, "award": 0}, {"player_id": 3, "response": 50, "award": 0}, {"player_id": 4, "response": 2, "award": 0}, {"player_id": 5, "response": 5, "award": 0}, {"player_id": 6, "response": 18, "award": 0}, {"player_id": 7, "response": 5, "award": 0}, {"player_id": 8, "response": 14, "award": 0}, {"player_id": 9, "response": 10, "award": 0}], "total_proposal": 129}, {"responses": [{"player_id": 0, "response": 22, "award": 22}, {"player_id": 1, "response": 3, "award": 3}, {"player_id": 2, "response": 15, "award": 15}, {"player_id": 3, "response": 20, "award": 20}, {"player_id": 4, "response": 5, "award": 5}, {"player_id": 5, "response": 15, "award": 15}, {"player_id": 6, "response": 9, "award": 9}, {"player_id": 7, "response": 1, "award": 1}, {"player_id": 8, "response": 4, "award": 4}, {"player_id": 9, "response": 6, "award": 6}], "total_proposal": 100}, {"responses": [{"player_id": 0, "response": 78, "award": 0}, {"player_id": 1, "response": 8, "award": 0}, {"player_id": 2, "response": 10, "award": 0}, {"player_id": 3, "response": 5, "award": 0}, {"player_id": 4, "response": 95, "award": 0}, {"player_id": 5, "response": 20, "award": 0}, {"player_id": 6, "response": 20, "award": 0}, {"player_id": 7, "response": 4, "award": 0}, {"player_id": 8, "response": 1, "award": 0}, {"player_id": 9, "response": 4, "award": 0}], "total_proposal": 245}]}