{"meta": {"name_exp": "divide_dollar", "player_num": 10, "golds": 100, "version": "v1", "lang_agent": "<JLI84K7>", "round": 20, "run": 5}, "round_records": [{"responses": [{"player_id": 0, "response": 4, "award": 0}, {"player_id": 1, "response": 7, "award": 0}, {"player_id": 2, "response": 33, "award": 0}, {"player_id": 3, "response": 0, "award": 0}, {"player_id": 4, "response": 20, "award": 0}, {"player_id": 5, "response": 5, "award": 0}, {"player_id": 6, "response": 10, "award": 0}, {"player_id": 7, "response": 5, "award": 0}, {"player_id": 8, "response": 9, "award": 0}, {"player_id": 9, "response": 20, "award": 0}], "total_proposal": 113}, {"responses": [{"player_id": 0, "response": 3, "award": 3}, {"player_id": 1, "response": 6, "award": 6}, {"player_id": 2, "response": 28, "award": 28}, {"player_id": 3, "response": 10, "award": 10}, {"player_id": 4, "response": 10, "award": 10}, {"player_id": 5, "response": 0, "award": 0}, {"player_id": 6, "response": 9, "award": 9}, {"player_id": 7, "response": 3, "award": 3}, {"player_id": 8, "response": 8, "award": 8}, {"player_id": 9, "response": 15, "award": 15}], "total_proposal": 92}, {"responses": [{"player_id": 0, "response": 4, "award": 0}, {"player_id": 1, "response": 7, "award": 0}, {"player_id": 2, "response": 24, "award": 0}, {"player_id": 3, "response": 20, "award": 0}, {"player_id": 4, "response": 15, "award": 0}, {"player_id": 5, "response": 10, "award": 0}, {"player_id": 6, "response": 12, "award": 0}, {"player_id": 7, "response": 6, "award": 0}, {"player_id": 8, "response": 10, "award": 0}, {"player_id": 9, "response": 13, "award": 0}], "total_proposal": 121}, {"responses": [{"player_id": 0, "response": 2, "award": 2}, {"player_id": 1, "response": 5, "award": 5}, {"player_id": 2, "response": 22, "award": 22}, {"player_id": 3, "response": 5, "award": 5}, {"player_id": 4, "response": 8, "award": 8}, {"player_id": 5, "response": 5, "award": 5}, {"player_id": 6, "response": 8, "award": 8}, {"player_id": 7, "response": 2, "award": 2}, {"player_id": 8, "response": 7, "award": 7}, {"player_id": 9, "response": 10, "award": 10}], "total_proposal": 74}, {"responses": [{"player_id": 0, "response": 4, "award": 4}, {"player_id": 1, "response": 6, "award": 6}, {"player_id": 2, "response": 19, "award": 19}, {"player_id": 3, "response": 15, "award": 15}, {"player_id": 4, "response": 12, "award": 12}, {"player_id": 5, "response": 3, "award": 3}, {"player_id": 6, "response": 11, "award": 11}, {"player_id": 7, "response": 7, "award": 7}, {"player_id": 8, "response": 11, "award": 11}, {"player_id": 9, "response": 12, "award": 12}], "total_proposal": 100}, {"responses": [{"player_id": 0, "response": 10, "award": 10}, {"player_id": 1, "response": 5, "award": 5}, {"player_id": 2, "response": 20, "award": 20}, {"player_id": 3, "response": 10, "award": 10}, {"player_id": 4, "response": 11, "award": 11}, {"player_id": 5, "response": 0, "award": 0}, {"player_id": 6, "response": 10, "award": 10}, {"player_id": 7, "response": 8, "award": 8}, {"player_id": 8, "response": 12, "award": 12}, {"player_id": 9, "response": 10, "award": 10}], "total_proposal": 96}, {"responses": [{"player_id": 0, "response": 1, "award": 1}, {"player_id": 1, "response": 7, "award": 7}, {"player_id": 2, "response": 23, "award": 23}, {"player_id": 3, "response": 10, "award": 10}, {"player_id": 4, "response": 10, "award": 10}, {"player_id": 5, "response": 7, "award": 7}, {"player_id": 6, "response": 10, "award": 10}, {"player_id": 7, "response": 5, "award": 5}, {"player_id": 8, "response": 10, "award": 10}, {"player_id": 9, "response": 9, "award": 9}], "total_proposal": 92}, {"responses": [{"player_id": 0, "response": 5, "award": 5}, {"player_id": 1, "response": 6, "award": 6}, {"player_id": 2, "response": 25, "award": 25}, {"player_id": 3, "response": 18, "award": 18}, {"player_id": 4, "response": 9, "award": 9}, {"player_id": 5, "response": 5, "award": 5}, {"player_id": 6, "response": 8, "award": 8}, {"player_id": 7, "response": 6, "award": 6}, {"player_id": 8, "response": 9, "award": 9}, {"player_id": 9, "response": 8, "award": 8}], "total_proposal": 99}, {"responses": [{"player_id": 0, "response": 2, "award": 2}, {"player_id": 1, "response": 5, "award": 5}, {"player_id": 2, "response": 25, "award": 25}, {"player_id": 3, "response": 10, "award": 10}, {"player_id": 4, "response": 8, "award": 8}, {"player_id": 5, "response": 6, "award": 6}, {"player_id": 6, "response": 9, "award": 9}, {"player_id": 7, "response": 1, "award": 1}, {"player_id": 8, "response": 10, "award": 10}, {"player_id": 9, "response": 9, "award": 9}], "total_proposal": 85}, {"responses": [{"player_id": 0, "response": 10, "award": 0}, {"player_id": 1, "response": 6, "award": 0}, {"player_id": 2, "response": 21, "award": 0}, {"player_id": 3, "response": 15, "award": 0}, {"player_id": 4, "response": 9, "award": 0}, {"player_id": 5, "response": 7, "award": 0}, {"player_id": 6, "response": 10, "award": 0}, {"player_id": 7, "response": 11, "award": 0}, {"player_id": 8, "response": 12, "award": 0}, {"player_id": 9, "response": 10, "award": 0}], "total_proposal": 111}, {"responses": [{"player_id": 0, "response": 8, "award": 8}, {"player_id": 1, "response": 5, "award": 5}, {"player_id": 2, "response": 22, "award": 22}, {"player_id": 3, "response": 0, "award": 0}, {"player_id": 4, "response": 7, "award": 7}, {"player_id": 5, "response": 0, "award": 0}, {"player_id": 6, "response": 7, "award": 7}, {"player_id": 7, "response": 3, "award": 3}, {"player_id": 8, "response": 8, "award": 8}, {"player_id": 9, "response": 8, "award": 8}], "total_proposal": 68}, {"responses": [{"player_id": 0, "response": 6, "award": 0}, {"player_id": 1, "response": 7, "award": 0}, {"player_id": 2, "response": 20, "award": 0}, {"player_id": 3, "response": 20, "award": 0}, {"player_id": 4, "response": 8, "award": 0}, {"player_id": 5, "response": 12, "award": 0}, {"player_id": 6, "response": 9, "award": 0}, {"player_id": 7, "response": 5, "award": 0}, {"player_id": 8, "response": 11, "award": 0}, {"player_id": 9, "response": 9, "award": 0}], "total_proposal": 107}, {"responses": [{"player_id": 0, "response": 4, "award": 4}, {"player_id": 1, "response": 4, "award": 4}, {"player_id": 2, "response": 21, "award": 21}, {"player_id": 3, "response": 12, "award": 12}, {"player_id": 4, "response": 6, "award": 6}, {"player_id": 5, "response": 5, "award": 5}, {"player_id": 6, "response": 6, "award": 6}, {"player_id": 7, "response": 1, "award": 1}, {"player_id": 8, "response": 5, "award": 5}, {"player_id": 9, "response": 5, "award": 5}], "total_proposal": 69}, {"responses": [{"player_id": 0, "response": 7, "award": 0}, {"player_id": 1, "response": 6, "award": 0}, {"player_id": 2, "response": 22, "award": 0}, {"player_id": 3, "response": 20, "award": 0}, {"player_id": 4, "response": 7, "award": 0}, {"player_id": 5, "response": 7, "award": 0}, {"player_id": 6, "response": 9, "award": 0}, {"player_id": 7, "response": 4, "award": 0}, {"player_id": 8, "response": 13, "award": 0}, {"player_id": 9, "response": 9, "award": 0}], "total_proposal": 104}, {"responses": [{"player_id": 0, "response": 5, "award": 5}, {"player_id": 1, "response": 5, "award": 5}, {"player_id": 2, "response": 19, "award": 19}, {"player_id": 3, "response": 10, "award": 10}, {"player_id": 4, "response": 5, "award": 5}, {"player_id": 5, "response": 0, "award": 0}, {"player_id": 6, "response": 5, "award": 5}, {"player_id": 7, "response": 2, "award": 2}, {"player_id": 8, "response": 6, "award": 6}, {"player_id": 9, "response": 7, "award": 7}], "total_proposal": 64}, {"responses": [{"player_id": 0, "response": 8, "award": 0}, {"player_id": 1, "response": 6, "award": 0}, {"player_id": 2, "response": 22, "award": 0}, {"player_id": 3, "response": 14, "award": 0}, {"player_id": 4, "response": 6, "award": 0}, {"player_id": 5, "response": 10, "award": 0}, {"player_id": 6, "response": 10, "award": 0}, {"player_id": 7, "response": 5, "award": 0}, {"player_id": 8, "response": 12, "award": 0}, {"player_id": 9, "response": 8, "award": 0}], "total_proposal": 101}, {"responses": [{"player_id": 0, "response": 7, "award": 7}, {"player_id": 1, "response": 4, "award": 4}, {"player_id": 2, "response": 19, "award": 19}, {"player_id": 3, "response": 12, "award": 12}, {"player_id": 4, "response": 4, "award": 4}, {"player_id": 5, "response": 2, "award": 2}, {"player_id": 6, "response": 6, "award": 6}, {"player_id": 7, "response": 1, "award": 1}, {"player_id": 8, "response": 8, "award": 8}, {"player_id": 9, "response": 5, "award": 5}], "total_proposal": 68}, {"responses": [{"player_id": 0, "response": 10, "award": 0}, {"player_id": 1, "response": 6, "award": 0}, {"player_id": 2, "response": 18, "award": 0}, {"player_id": 3, "response": 25, "award": 0}, {"player_id": 4, "response": 5, "award": 0}, {"player_id": 5, "response": 8, "award": 0}, {"player_id": 6, "response": 8, "award": 0}, {"player_id": 7, "response": 4, "award": 0}, {"player_id": 8, "response": 15, "award": 0}, {"player_id": 9, "response": 8, "award": 0}], "total_proposal": 107}, {"responses": [{"player_id": 0, "response": 6, "award": 6}, {"player_id": 1, "response": 4, "award": 4}, {"player_id": 2, "response": 17, "award": 17}, {"player_id": 3, "response": 0, "award": 0}, {"player_id": 4, "response": 3, "award": 3}, {"player_id": 5, "response": 0, "award": 0}, {"player_id": 6, "response": 4, "award": 4}, {"player_id": 7, "response": 0, "award": 0}, {"player_id": 8, "response": 4, "award": 4}, {"player_id": 9, "response": 4, "award": 4}], "total_proposal": 42}, {"responses": [{"player_id": 0, "response": 12, "award": 0}, {"player_id": 1, "response": 8, "award": 0}, {"player_id": 2, "response": 33, "award": 0}, {"player_id": 3, "response": 58, "award": 0}, {"player_id": 4, "response": 4, "award": 0}, {"player_id": 5, "response": 15, "award": 0}, {"player_id": 6, "response": 5, "award": 0}, {"player_id": 7, "response": 10, "award": 0}, {"player_id": 8, "response": 10, "award": 0}, {"player_id": 9, "response": 7, "award": 0}], "total_proposal": 162}]}