{"meta": {"name_exp": "divide_dollar", "player_num": 10, "golds": 100, "version": "v1", "lang_agent": "<JLI84K7>", "round": 20, "run": 4}, "round_records": [{"responses": [{"player_id": 0, "response": 10, "award": 10}, {"player_id": 1, "response": 10, "award": 10}, {"player_id": 2, "response": 10, "award": 10}, {"player_id": 3, "response": 10, "award": 10}, {"player_id": 4, "response": 9, "award": 9}, {"player_id": 5, "response": 10, "award": 10}, {"player_id": 6, "response": 10, "award": 10}, {"player_id": 7, "response": 9, "award": 9}, {"player_id": 8, "response": 5, "award": 5}, {"player_id": 9, "response": 10, "award": 10}], "total_proposal": 93}, {"responses": [{"player_id": 0, "response": 15, "award": 0}, {"player_id": 1, "response": 9, "award": 0}, {"player_id": 2, "response": 10, "award": 0}, {"player_id": 3, "response": 10, "award": 0}, {"player_id": 4, "response": 8, "award": 0}, {"player_id": 5, "response": 10, "award": 0}, {"player_id": 6, "response": 12, "award": 0}, {"player_id": 7, "response": 7, "award": 0}, {"player_id": 8, "response": 8, "award": 0}, {"player_id": 9, "response": 15, "award": 0}], "total_proposal": 104}, {"responses": [{"player_id": 0, "response": 5, "award": 5}, {"player_id": 1, "response": 8, "award": 8}, {"player_id": 2, "response": 0, "award": 0}, {"player_id": 3, "response": 4, "award": 4}, {"player_id": 4, "response": 5, "award": 5}, {"player_id": 5, "response": 5, "award": 5}, {"player_id": 6, "response": 8, "award": 8}, {"player_id": 7, "response": 8, "award": 8}, {"player_id": 8, "response": 2, "award": 2}, {"player_id": 9, "response": 8, "award": 8}], "total_proposal": 53}, {"responses": [{"player_id": 0, "response": 5, "award": 5}, {"player_id": 1, "response": 8, "award": 8}, {"player_id": 2, "response": 5, "award": 5}, {"player_id": 3, "response": 9, "award": 9}, {"player_id": 4, "response": 7, "award": 7}, {"player_id": 5, "response": 9, "award": 9}, {"player_id": 6, "response": 15, "award": 15}, {"player_id": 7, "response": 7, "award": 7}, {"player_id": 8, "response": 6, "award": 6}, {"player_id": 9, "response": 12, "award": 12}], "total_proposal": 83}, {"responses": [{"player_id": 0, "response": 10, "award": 10}, {"player_id": 1, "response": 7, "award": 7}, {"player_id": 2, "response": 5, "award": 5}, {"player_id": 3, "response": 8, "award": 8}, {"player_id": 4, "response": 6, "award": 6}, {"player_id": 5, "response": 8, "award": 8}, {"player_id": 6, "response": 14, "award": 14}, {"player_id": 7, "response": 6, "award": 6}, {"player_id": 8, "response": 10, "award": 10}, {"player_id": 9, "response": 10, "award": 10}], "total_proposal": 84}, {"responses": [{"player_id": 0, "response": 10, "award": 10}, {"player_id": 1, "response": 7, "award": 7}, {"player_id": 2, "response": 5, "award": 5}, {"player_id": 3, "response": 12, "award": 12}, {"player_id": 4, "response": 4, "award": 4}, {"player_id": 5, "response": 8, "award": 8}, {"player_id": 6, "response": 9, "award": 9}, {"player_id": 7, "response": 6, "award": 6}, {"player_id": 8, "response": 5, "award": 5}, {"player_id": 9, "response": 10, "award": 10}], "total_proposal": 76}, {"responses": [{"player_id": 0, "response": 12, "award": 12}, {"player_id": 1, "response": 6, "award": 6}, {"player_id": 2, "response": 5, "award": 5}, {"player_id": 3, "response": 14, "award": 14}, {"player_id": 4, "response": 5, "award": 5}, {"player_id": 5, "response": 9, "award": 9}, {"player_id": 6, "response": 11, "award": 11}, {"player_id": 7, "response": 6, "award": 6}, {"player_id": 8, "response": 6, "award": 6}, {"player_id": 9, "response": 12, "award": 12}], "total_proposal": 86}, {"responses": [{"player_id": 0, "response": 10, "award": 10}, {"player_id": 1, "response": 6, "award": 6}, {"player_id": 2, "response": 5, "award": 5}, {"player_id": 3, "response": 10, "award": 10}, {"player_id": 4, "response": 4, "award": 4}, {"player_id": 5, "response": 7, "award": 7}, {"player_id": 6, "response": 10, "award": 10}, {"player_id": 7, "response": 6, "award": 6}, {"player_id": 8, "response": 7, "award": 7}, {"player_id": 9, "response": 10, "award": 10}], "total_proposal": 75}, {"responses": [{"player_id": 0, "response": 12, "award": 12}, {"player_id": 1, "response": 5, "award": 5}, {"player_id": 2, "response": 5, "award": 5}, {"player_id": 3, "response": 11, "award": 11}, {"player_id": 4, "response": 5, "award": 5}, {"player_id": 5, "response": 8, "award": 8}, {"player_id": 6, "response": 13, "award": 13}, {"player_id": 7, "response": 6, "award": 6}, {"player_id": 8, "response": 8, "award": 8}, {"player_id": 9, "response": 15, "award": 15}], "total_proposal": 88}, {"responses": [{"player_id": 0, "response": 5, "award": 5}, {"player_id": 1, "response": 5, "award": 5}, {"player_id": 2, "response": 5, "award": 5}, {"player_id": 3, "response": 9, "award": 9}, {"player_id": 4, "response": 4, "award": 4}, {"player_id": 5, "response": 4, "award": 4}, {"player_id": 6, "response": 9, "award": 9}, {"player_id": 7, "response": 6, "award": 6}, {"player_id": 8, "response": 4, "award": 4}, {"player_id": 9, "response": 12, "award": 12}], "total_proposal": 63}, {"responses": [{"player_id": 0, "response": 10, "award": 0}, {"player_id": 1, "response": 4, "award": 0}, {"player_id": 2, "response": 10, "award": 0}, {"player_id": 3, "response": 23, "award": 0}, {"player_id": 4, "response": 9, "award": 0}, {"player_id": 5, "response": 7, "award": 0}, {"player_id": 6, "response": 12, "award": 0}, {"player_id": 7, "response": 7, "award": 0}, {"player_id": 8, "response": 9, "award": 0}, {"player_id": 9, "response": 18, "award": 0}], "total_proposal": 109}, {"responses": [{"player_id": 0, "response": 6, "award": 6}, {"player_id": 1, "response": 3, "award": 3}, {"player_id": 2, "response": 0, "award": 0}, {"player_id": 3, "response": 10, "award": 10}, {"player_id": 4, "response": 4, "award": 4}, {"player_id": 5, "response": 6, "award": 6}, {"player_id": 6, "response": 7, "award": 7}, {"player_id": 7, "response": 7, "award": 7}, {"player_id": 8, "response": 0, "award": 0}, {"player_id": 9, "response": 10, "award": 10}], "total_proposal": 53}, {"responses": [{"player_id": 0, "response": 8, "award": 8}, {"player_id": 1, "response": 3, "award": 3}, {"player_id": 2, "response": 10, "award": 10}, {"player_id": 3, "response": 7, "award": 7}, {"player_id": 4, "response": 8, "award": 8}, {"player_id": 5, "response": 8, "award": 8}, {"player_id": 6, "response": 11, "award": 11}, {"player_id": 7, "response": 6, "award": 6}, {"player_id": 8, "response": 5, "award": 5}, {"player_id": 9, "response": 15, "award": 15}], "total_proposal": 81}, {"responses": [{"player_id": 0, "response": 9, "award": 9}, {"player_id": 1, "response": 2, "award": 2}, {"player_id": 2, "response": 10, "award": 10}, {"player_id": 3, "response": 12, "award": 12}, {"player_id": 4, "response": 5, "award": 5}, {"player_id": 5, "response": 7, "award": 7}, {"player_id": 6, "response": 9, "award": 9}, {"player_id": 7, "response": 6, "award": 6}, {"player_id": 8, "response": 8, "award": 8}, {"player_id": 9, "response": 12, "award": 12}], "total_proposal": 80}, {"responses": [{"player_id": 0, "response": 12, "award": 12}, {"player_id": 1, "response": 2, "award": 2}, {"player_id": 2, "response": 10, "award": 10}, {"player_id": 3, "response": 8, "award": 8}, {"player_id": 4, "response": 6, "award": 6}, {"player_id": 5, "response": 6, "award": 6}, {"player_id": 6, "response": 10, "award": 10}, {"player_id": 7, "response": 6, "award": 6}, {"player_id": 8, "response": 7, "award": 7}, {"player_id": 9, "response": 10, "award": 10}], "total_proposal": 77}, {"responses": [{"player_id": 0, "response": 7, "award": 7}, {"player_id": 1, "response": 1, "award": 1}, {"player_id": 2, "response": 10, "award": 10}, {"player_id": 3, "response": 11, "award": 11}, {"player_id": 4, "response": 7, "award": 7}, {"player_id": 5, "response": 6, "award": 6}, {"player_id": 6, "response": 8, "award": 8}, {"player_id": 7, "response": 7, "award": 7}, {"player_id": 8, "response": 10, "award": 10}, {"player_id": 9, "response": 11, "award": 11}], "total_proposal": 78}, {"responses": [{"player_id": 0, "response": 11, "award": 11}, {"player_id": 1, "response": 1, "award": 1}, {"player_id": 2, "response": 10, "award": 10}, {"player_id": 3, "response": 4, "award": 4}, {"player_id": 4, "response": 6, "award": 6}, {"player_id": 5, "response": 3, "award": 3}, {"player_id": 6, "response": 9, "award": 9}, {"player_id": 7, "response": 6, "award": 6}, {"player_id": 8, "response": 5, "award": 5}, {"player_id": 9, "response": 10, "award": 10}], "total_proposal": 65}, {"responses": [{"player_id": 0, "response": 15, "award": 15}, {"player_id": 1, "response": 0, "award": 0}, {"player_id": 2, "response": 5, "award": 5}, {"player_id": 3, "response": 15, "award": 15}, {"player_id": 4, "response": 8, "award": 8}, {"player_id": 5, "response": 5, "award": 5}, {"player_id": 6, "response": 15, "award": 15}, {"player_id": 7, "response": 8, "award": 8}, {"player_id": 8, "response": 9, "award": 9}, {"player_id": 9, "response": 13, "award": 13}], "total_proposal": 93}, {"responses": [{"player_id": 0, "response": 6, "award": 6}, {"player_id": 1, "response": 0, "award": 0}, {"player_id": 2, "response": 2, "award": 2}, {"player_id": 3, "response": 7, "award": 7}, {"player_id": 4, "response": 6, "award": 6}, {"player_id": 5, "response": 2, "award": 2}, {"player_id": 6, "response": 7, "award": 7}, {"player_id": 7, "response": 7, "award": 7}, {"player_id": 8, "response": 4, "award": 4}, {"player_id": 9, "response": 5, "award": 5}], "total_proposal": 46}, {"responses": [{"player_id": 0, "response": 0, "award": 0}, {"player_id": 1, "response": 0, "award": 0}, {"player_id": 2, "response": 0, "award": 0}, {"player_id": 3, "response": 15, "award": 15}, {"player_id": 4, "response": 4, "award": 4}, {"player_id": 5, "response": 0, "award": 0}, {"player_id": 6, "response": 11, "award": 11}, {"player_id": 7, "response": 12, "award": 12}, {"player_id": 8, "response": 5, "award": 5}, {"player_id": 9, "response": 10, "award": 10}], "total_proposal": 57}]}