{"meta": {"name_exp": "divide_dollar", "player_num": 10, "golds": 100, "version": "v1", "lang_agent": "<JLI84K7>", "round": 20, "run": 3}, "round_records": [{"responses": [{"player_id": 0, "response": 6, "award": 0}, {"player_id": 1, "response": 10, "award": 0}, {"player_id": 2, "response": 5, "award": 0}, {"player_id": 3, "response": 15, "award": 0}, {"player_id": 4, "response": 9, "award": 0}, {"player_id": 5, "response": 7, "award": 0}, {"player_id": 6, "response": 10, "award": 0}, {"player_id": 7, "response": 20, "award": 0}, {"player_id": 8, "response": 10, "award": 0}, {"player_id": 9, "response": 9, "award": 0}], "total_proposal": 101}, {"responses": [{"player_id": 0, "response": 2, "award": 2}, {"player_id": 1, "response": 8, "award": 8}, {"player_id": 2, "response": 4, "award": 4}, {"player_id": 3, "response": 14, "award": 14}, {"player_id": 4, "response": 8, "award": 8}, {"player_id": 5, "response": 5, "award": 5}, {"player_id": 6, "response": 5, "award": 5}, {"player_id": 7, "response": 15, "award": 15}, {"player_id": 8, "response": 9, "award": 9}, {"player_id": 9, "response": 8, "award": 8}], "total_proposal": 78}, {"responses": [{"player_id": 0, "response": 12, "award": 0}, {"player_id": 1, "response": 10, "award": 0}, {"player_id": 2, "response": 7, "award": 0}, {"player_id": 3, "response": 15, "award": 0}, {"player_id": 4, "response": 10, "award": 0}, {"player_id": 5, "response": 7, "award": 0}, {"player_id": 6, "response": 9, "award": 0}, {"player_id": 7, "response": 14, "award": 0}, {"player_id": 8, "response": 12, "award": 0}, {"player_id": 9, "response": 11, "award": 0}], "total_proposal": 107}, {"responses": [{"player_id": 0, "response": 5, "award": 5}, {"player_id": 1, "response": 7, "award": 7}, {"player_id": 2, "response": 3, "award": 3}, {"player_id": 3, "response": 10, "award": 10}, {"player_id": 4, "response": 7, "award": 7}, {"player_id": 5, "response": 4, "award": 4}, {"player_id": 6, "response": 4, "award": 4}, {"player_id": 7, "response": 12, "award": 12}, {"player_id": 8, "response": 8, "award": 8}, {"player_id": 9, "response": 7, "award": 7}], "total_proposal": 67}, {"responses": [{"player_id": 0, "response": 10, "award": 0}, {"player_id": 1, "response": 8, "award": 0}, {"player_id": 2, "response": 9, "award": 0}, {"player_id": 3, "response": 12, "award": 0}, {"player_id": 4, "response": 11, "award": 0}, {"player_id": 5, "response": 6, "award": 0}, {"player_id": 6, "response": 8, "award": 0}, {"player_id": 7, "response": 11, "award": 0}, {"player_id": 8, "response": 15, "award": 0}, {"player_id": 9, "response": 13, "award": 0}], "total_proposal": 103}, {"responses": [{"player_id": 0, "response": 4, "award": 4}, {"player_id": 1, "response": 5, "award": 5}, {"player_id": 2, "response": 2, "award": 2}, {"player_id": 3, "response": 10, "award": 10}, {"player_id": 4, "response": 6, "award": 6}, {"player_id": 5, "response": 5, "award": 5}, {"player_id": 6, "response": 5, "award": 5}, {"player_id": 7, "response": 10, "award": 10}, {"player_id": 8, "response": 7, "award": 7}, {"player_id": 9, "response": 9, "award": 9}], "total_proposal": 63}, {"responses": [{"player_id": 0, "response": 9, "award": 9}, {"player_id": 1, "response": 9, "award": 9}, {"player_id": 2, "response": 8, "award": 8}, {"player_id": 3, "response": 15, "award": 15}, {"player_id": 4, "response": 9, "award": 9}, {"player_id": 5, "response": 7, "award": 7}, {"player_id": 6, "response": 7, "award": 7}, {"player_id": 7, "response": 10, "award": 10}, {"player_id": 8, "response": 14, "award": 14}, {"player_id": 9, "response": 12, "award": 12}], "total_proposal": 100}, {"responses": [{"player_id": 0, "response": 7, "award": 7}, {"player_id": 1, "response": 1, "award": 1}, {"player_id": 2, "response": 9, "award": 9}, {"player_id": 3, "response": 10, "award": 10}, {"player_id": 4, "response": 10, "award": 10}, {"player_id": 5, "response": 6, "award": 6}, {"player_id": 6, "response": 6, "award": 6}, {"player_id": 7, "response": 10, "award": 10}, {"player_id": 8, "response": 8, "award": 8}, {"player_id": 9, "response": 9, "award": 9}], "total_proposal": 76}, {"responses": [{"player_id": 0, "response": 11, "award": 11}, {"player_id": 1, "response": 10, "award": 10}, {"player_id": 2, "response": 9, "award": 9}, {"player_id": 3, "response": 10, "award": 10}, {"player_id": 4, "response": 8, "award": 8}, {"player_id": 5, "response": 7, "award": 7}, {"player_id": 6, "response": 8, "award": 8}, {"player_id": 7, "response": 9, "award": 9}, {"player_id": 8, "response": 11, "award": 11}, {"player_id": 9, "response": 10, "award": 10}], "total_proposal": 93}, {"responses": [{"player_id": 0, "response": 0, "award": 0}, {"player_id": 1, "response": 7, "award": 7}, {"player_id": 2, "response": 8, "award": 8}, {"player_id": 3, "response": 7, "award": 7}, {"player_id": 4, "response": 9, "award": 9}, {"player_id": 5, "response": 5, "award": 5}, {"player_id": 6, "response": 7, "award": 7}, {"player_id": 7, "response": 9, "award": 9}, {"player_id": 8, "response": 7, "award": 7}, {"player_id": 9, "response": 7, "award": 7}], "total_proposal": 66}, {"responses": [{"player_id": 0, "response": 8, "award": 8}, {"player_id": 1, "response": 9, "award": 9}, {"player_id": 2, "response": 9, "award": 9}, {"player_id": 3, "response": 12, "award": 12}, {"player_id": 4, "response": 7, "award": 7}, {"player_id": 5, "response": 6, "award": 6}, {"player_id": 6, "response": 6, "award": 6}, {"player_id": 7, "response": 9, "award": 9}, {"player_id": 8, "response": 13, "award": 13}, {"player_id": 9, "response": 9, "award": 9}], "total_proposal": 88}, {"responses": [{"player_id": 0, "response": 7, "award": 7}, {"player_id": 1, "response": 3, "award": 3}, {"player_id": 2, "response": 6, "award": 6}, {"player_id": 3, "response": 10, "award": 10}, {"player_id": 4, "response": 8, "award": 8}, {"player_id": 5, "response": 5, "award": 5}, {"player_id": 6, "response": 7, "award": 7}, {"player_id": 7, "response": 8, "award": 8}, {"player_id": 8, "response": 8, "award": 8}, {"player_id": 9, "response": 10, "award": 10}], "total_proposal": 72}, {"responses": [{"player_id": 0, "response": 12, "award": 12}, {"player_id": 1, "response": 8, "award": 8}, {"player_id": 2, "response": 12, "award": 12}, {"player_id": 3, "response": 14, "award": 14}, {"player_id": 4, "response": 7, "award": 7}, {"player_id": 5, "response": 7, "award": 7}, {"player_id": 6, "response": 5, "award": 5}, {"player_id": 7, "response": 7, "award": 7}, {"player_id": 8, "response": 10, "award": 10}, {"player_id": 9, "response": 8, "award": 8}], "total_proposal": 90}, {"responses": [{"player_id": 0, "response": 5, "award": 5}, {"player_id": 1, "response": 4, "award": 4}, {"player_id": 2, "response": 8, "award": 8}, {"player_id": 3, "response": 6, "award": 6}, {"player_id": 4, "response": 8, "award": 8}, {"player_id": 5, "response": 5, "award": 5}, {"player_id": 6, "response": 6, "award": 6}, {"player_id": 7, "response": 7, "award": 7}, {"player_id": 8, "response": 7, "award": 7}, {"player_id": 9, "response": 9, "award": 9}], "total_proposal": 65}, {"responses": [{"player_id": 0, "response": 9, "award": 9}, {"player_id": 1, "response": 7, "award": 7}, {"player_id": 2, "response": 11, "award": 11}, {"player_id": 3, "response": 10, "award": 10}, {"player_id": 4, "response": 9, "award": 9}, {"player_id": 5, "response": 6, "award": 6}, {"player_id": 6, "response": 7, "award": 7}, {"player_id": 7, "response": 7, "award": 7}, {"player_id": 8, "response": 12, "award": 12}, {"player_id": 9, "response": 10, "award": 10}], "total_proposal": 88}, {"responses": [{"player_id": 0, "response": 6, "award": 6}, {"player_id": 1, "response": 5, "award": 5}, {"player_id": 2, "response": 7, "award": 7}, {"player_id": 3, "response": 10, "award": 10}, {"player_id": 4, "response": 7, "award": 7}, {"player_id": 5, "response": 5, "award": 5}, {"player_id": 6, "response": 6, "award": 6}, {"player_id": 7, "response": 7, "award": 7}, {"player_id": 8, "response": 7, "award": 7}, {"player_id": 9, "response": 8, "award": 8}], "total_proposal": 68}, {"responses": [{"player_id": 0, "response": 11, "award": 11}, {"player_id": 1, "response": 6, "award": 6}, {"player_id": 2, "response": 10, "award": 10}, {"player_id": 3, "response": 15, "award": 15}, {"player_id": 4, "response": 8, "award": 8}, {"player_id": 5, "response": 7, "award": 7}, {"player_id": 6, "response": 8, "award": 8}, {"player_id": 7, "response": 6, "award": 6}, {"player_id": 8, "response": 12, "award": 12}, {"player_id": 9, "response": 9, "award": 9}], "total_proposal": 92}, {"responses": [{"player_id": 0, "response": 4, "award": 4}, {"player_id": 1, "response": 2, "award": 2}, {"player_id": 2, "response": 8, "award": 8}, {"player_id": 3, "response": 5, "award": 5}, {"player_id": 4, "response": 6, "award": 6}, {"player_id": 5, "response": 5, "award": 5}, {"player_id": 6, "response": 5, "award": 5}, {"player_id": 7, "response": 6, "award": 6}, {"player_id": 8, "response": 6, "award": 6}, {"player_id": 9, "response": 7, "award": 7}], "total_proposal": 54}, {"responses": [{"player_id": 0, "response": 10, "award": 10}, {"player_id": 1, "response": 9, "award": 9}, {"player_id": 2, "response": 16, "award": 16}, {"player_id": 3, "response": 12, "award": 12}, {"player_id": 4, "response": 10, "award": 10}, {"player_id": 5, "response": 8, "award": 8}, {"player_id": 6, "response": 9, "award": 9}, {"player_id": 7, "response": 6, "award": 6}, {"player_id": 8, "response": 7, "award": 7}, {"player_id": 9, "response": 11, "award": 11}], "total_proposal": 98}, {"responses": [{"player_id": 0, "response": 0, "award": 0}, {"player_id": 1, "response": 2, "award": 2}, {"player_id": 2, "response": 2, "award": 2}, {"player_id": 3, "response": 2, "award": 2}, {"player_id": 4, "response": 2, "award": 2}, {"player_id": 5, "response": 2, "award": 2}, {"player_id": 6, "response": 2, "award": 2}, {"player_id": 7, "response": 4, "award": 4}, {"player_id": 8, "response": 3, "award": 3}, {"player_id": 9, "response": 2, "award": 2}], "total_proposal": 21}]}