{"meta": {"name_exp": "divide_dollar", "player_num": 10, "golds": 100, "version": "v1", "lang_agent": "<pKbLE9I>", "round": 20, "run": 3}, "round_records": [{"responses": [{"player_id": 0, "response": 10, "award": 10}, {"player_id": 1, "response": 10, "award": 10}, {"player_id": 2, "response": 10, "award": 10}, {"player_id": 3, "response": 10, "award": 10}, {"player_id": 4, "response": 10, "award": 10}, {"player_id": 5, "response": 10, "award": 10}, {"player_id": 6, "response": 10, "award": 10}, {"player_id": 7, "response": 10, "award": 10}, {"player_id": 8, "response": 9, "award": 9}, {"player_id": 9, "response": 10, "award": 10}], "total_proposal": 99}, {"responses": [{"player_id": 0, "response": 10, "award": 0}, {"player_id": 1, "response": 11, "award": 0}, {"player_id": 2, "response": 12, "award": 0}, {"player_id": 3, "response": 11, "award": 0}, {"player_id": 4, "response": 11, "award": 0}, {"player_id": 5, "response": 11, "award": 0}, {"player_id": 6, "response": 11, "award": 0}, {"player_id": 7, "response": 11, "award": 0}, {"player_id": 8, "response": 10, "award": 0}, {"player_id": 9, "response": 11, "award": 0}], "total_proposal": 109}, {"responses": [{"player_id": 0, "response": 9, "award": 9}, {"player_id": 1, "response": 9, "award": 9}, {"player_id": 2, "response": 9, "award": 9}, {"player_id": 3, "response": 9, "award": 9}, {"player_id": 4, "response": 9, "award": 9}, {"player_id": 5, "response": 9, "award": 9}, {"player_id": 6, "response": 9, "award": 9}, {"player_id": 7, "response": 9, "award": 9}, {"player_id": 8, "response": 8, "award": 8}, {"player_id": 9, "response": 9, "award": 9}], "total_proposal": 89}, {"responses": [{"player_id": 0, "response": 9, "award": 0}, {"player_id": 1, "response": 12, "award": 0}, {"player_id": 2, "response": 11, "award": 0}, {"player_id": 3, "response": 12, "award": 0}, {"player_id": 4, "response": 10, "award": 0}, {"player_id": 5, "response": 10, "award": 0}, {"player_id": 6, "response": 12, "award": 0}, {"player_id": 7, "response": 12, "award": 0}, {"player_id": 8, "response": 11, "award": 0}, {"player_id": 9, "response": 12, "award": 0}], "total_proposal": 111}, {"responses": [{"player_id": 0, "response": 8, "award": 8}, {"player_id": 1, "response": 8, "award": 8}, {"player_id": 2, "response": 8, "award": 8}, {"player_id": 3, "response": 8, "award": 8}, {"player_id": 4, "response": 8, "award": 8}, {"player_id": 5, "response": 8, "award": 8}, {"player_id": 6, "response": 8, "award": 8}, {"player_id": 7, "response": 10, "award": 10}, {"player_id": 8, "response": 9, "award": 9}, {"player_id": 9, "response": 8, "award": 8}], "total_proposal": 83}, {"responses": [{"player_id": 0, "response": 8, "award": 8}, {"player_id": 1, "response": 10, "award": 10}, {"player_id": 2, "response": 10, "award": 10}, {"player_id": 3, "response": 10, "award": 10}, {"player_id": 4, "response": 9, "award": 9}, {"player_id": 5, "response": 12, "award": 12}, {"player_id": 6, "response": 10, "award": 10}, {"player_id": 7, "response": 11, "award": 11}, {"player_id": 8, "response": 10, "award": 10}, {"player_id": 9, "response": 10, "award": 10}], "total_proposal": 100}, {"responses": [{"player_id": 0, "response": 7, "award": 7}, {"player_id": 1, "response": 9, "award": 9}, {"player_id": 2, "response": 9, "award": 9}, {"player_id": 3, "response": 9, "award": 9}, {"player_id": 4, "response": 9, "award": 9}, {"player_id": 5, "response": 9, "award": 9}, {"player_id": 6, "response": 9, "award": 9}, {"player_id": 7, "response": 9, "award": 9}, {"player_id": 8, "response": 9, "award": 9}, {"player_id": 9, "response": 9, "award": 9}], "total_proposal": 88}, {"responses": [{"player_id": 0, "response": 7, "award": 0}, {"player_id": 1, "response": 11, "award": 0}, {"player_id": 2, "response": 11, "award": 0}, {"player_id": 3, "response": 12, "award": 0}, {"player_id": 4, "response": 10, "award": 0}, {"player_id": 5, "response": 11, "award": 0}, {"player_id": 6, "response": 11, "award": 0}, {"player_id": 7, "response": 10, "award": 0}, {"player_id": 8, "response": 12, "award": 0}, {"player_id": 9, "response": 11, "award": 0}], "total_proposal": 106}, {"responses": [{"player_id": 0, "response": 6, "award": 6}, {"player_id": 1, "response": 8, "award": 8}, {"player_id": 2, "response": 8, "award": 8}, {"player_id": 3, "response": 8, "award": 8}, {"player_id": 4, "response": 8, "award": 8}, {"player_id": 5, "response": 10, "award": 10}, {"player_id": 6, "response": 7, "award": 7}, {"player_id": 7, "response": 8, "award": 8}, {"player_id": 8, "response": 9, "award": 9}, {"player_id": 9, "response": 8, "award": 8}], "total_proposal": 80}, {"responses": [{"player_id": 0, "response": 6, "award": 0}, {"player_id": 1, "response": 10, "award": 0}, {"player_id": 2, "response": 10, "award": 0}, {"player_id": 3, "response": 10, "award": 0}, {"player_id": 4, "response": 9, "award": 0}, {"player_id": 5, "response": 15, "award": 0}, {"player_id": 6, "response": 10, "award": 0}, {"player_id": 7, "response": 12, "award": 0}, {"player_id": 8, "response": 10, "award": 0}, {"player_id": 9, "response": 10, "award": 0}], "total_proposal": 102}, {"responses": [{"player_id": 0, "response": 5, "award": 5}, {"player_id": 1, "response": 9, "award": 9}, {"player_id": 2, "response": 9, "award": 9}, {"player_id": 3, "response": 9, "award": 9}, {"player_id": 4, "response": 9, "award": 9}, {"player_id": 5, "response": 9, "award": 9}, {"player_id": 6, "response": 8, "award": 8}, {"player_id": 7, "response": 9, "award": 9}, {"player_id": 8, "response": 9, "award": 9}, {"player_id": 9, "response": 9, "award": 9}], "total_proposal": 85}, {"responses": [{"player_id": 0, "response": 5, "award": 5}, {"player_id": 1, "response": 11, "award": 11}, {"player_id": 2, "response": 11, "award": 11}, {"player_id": 3, "response": 11, "award": 11}, {"player_id": 4, "response": 9, "award": 9}, {"player_id": 5, "response": 10, "award": 10}, {"player_id": 6, "response": 9, "award": 9}, {"player_id": 7, "response": 10, "award": 10}, {"player_id": 8, "response": 11, "award": 11}, {"player_id": 9, "response": 10, "award": 10}], "total_proposal": 97}, {"responses": [{"player_id": 0, "response": 5, "award": 5}, {"player_id": 1, "response": 10, "award": 10}, {"player_id": 2, "response": 10, "award": 10}, {"player_id": 3, "response": 10, "award": 10}, {"player_id": 4, "response": 10, "award": 10}, {"player_id": 5, "response": 12, "award": 12}, {"player_id": 6, "response": 10, "award": 10}, {"player_id": 7, "response": 11, "award": 11}, {"player_id": 8, "response": 10, "award": 10}, {"player_id": 9, "response": 11, "award": 11}], "total_proposal": 99}, {"responses": [{"player_id": 0, "response": 5, "award": 5}, {"player_id": 1, "response": 9, "award": 9}, {"player_id": 2, "response": 9, "award": 9}, {"player_id": 3, "response": 12, "award": 12}, {"player_id": 4, "response": 10, "award": 10}, {"player_id": 5, "response": 10, "award": 10}, {"player_id": 6, "response": 9, "award": 9}, {"player_id": 7, "response": 9, "award": 9}, {"player_id": 8, "response": 9, "award": 9}, {"player_id": 9, "response": 9, "award": 9}], "total_proposal": 91}, {"responses": [{"player_id": 0, "response": 5, "award": 5}, {"player_id": 1, "response": 10, "award": 10}, {"player_id": 2, "response": 10, "award": 10}, {"player_id": 3, "response": 9, "award": 9}, {"player_id": 4, "response": 9, "award": 9}, {"player_id": 5, "response": 11, "award": 11}, {"player_id": 6, "response": 10, "award": 10}, {"player_id": 7, "response": 10, "award": 10}, {"player_id": 8, "response": 10, "award": 10}, {"player_id": 9, "response": 10, "award": 10}], "total_proposal": 94}, {"responses": [{"player_id": 0, "response": 5, "award": 5}, {"player_id": 1, "response": 9, "award": 9}, {"player_id": 2, "response": 9, "award": 9}, {"player_id": 3, "response": 10, "award": 10}, {"player_id": 4, "response": 9, "award": 9}, {"player_id": 5, "response": 8, "award": 8}, {"player_id": 6, "response": 9, "award": 9}, {"player_id": 7, "response": 11, "award": 11}, {"player_id": 8, "response": 9, "award": 9}, {"player_id": 9, "response": 9, "award": 9}], "total_proposal": 88}, {"responses": [{"player_id": 0, "response": 5, "award": 5}, {"player_id": 1, "response": 11, "award": 11}, {"player_id": 2, "response": 11, "award": 11}, {"player_id": 3, "response": 11, "award": 11}, {"player_id": 4, "response": 10, "award": 10}, {"player_id": 5, "response": 12, "award": 12}, {"player_id": 6, "response": 10, "award": 10}, {"player_id": 7, "response": 10, "award": 10}, {"player_id": 8, "response": 10, "award": 10}, {"player_id": 9, "response": 10, "award": 10}], "total_proposal": 100}, {"responses": [{"player_id": 0, "response": 5, "award": 5}, {"player_id": 1, "response": 10, "award": 10}, {"player_id": 2, "response": 10, "award": 10}, {"player_id": 3, "response": 10, "award": 10}, {"player_id": 4, "response": 9, "award": 9}, {"player_id": 5, "response": 10, "award": 10}, {"player_id": 6, "response": 9, "award": 9}, {"player_id": 7, "response": 9, "award": 9}, {"player_id": 8, "response": 9, "award": 9}, {"player_id": 9, "response": 9, "award": 9}], "total_proposal": 90}, {"responses": [{"player_id": 0, "response": 5, "award": 5}, {"player_id": 1, "response": 9, "award": 9}, {"player_id": 2, "response": 9, "award": 9}, {"player_id": 3, "response": 9, "award": 9}, {"player_id": 4, "response": 9, "award": 9}, {"player_id": 5, "response": 11, "award": 11}, {"player_id": 6, "response": 10, "award": 10}, {"player_id": 7, "response": 10, "award": 10}, {"player_id": 8, "response": 10, "award": 10}, {"player_id": 9, "response": 10, "award": 10}], "total_proposal": 92}, {"responses": [{"player_id": 0, "response": 5, "award": 5}, {"player_id": 1, "response": 10, "award": 10}, {"player_id": 2, "response": 10, "award": 10}, {"player_id": 3, "response": 10, "award": 10}, {"player_id": 4, "response": 10, "award": 10}, {"player_id": 5, "response": 9, "award": 9}, {"player_id": 6, "response": 9, "award": 9}, {"player_id": 7, "response": 11, "award": 11}, {"player_id": 8, "response": 9, "award": 9}, {"player_id": 9, "response": 9, "award": 9}], "total_proposal": 92}]}