{"meta": {"name_exp": "divide_dollar", "player_num": 10, "golds": 100, "version": "v1", "lang_agent": "<RfelEFA>", "round": 20, "run": 5}, "round_records": [{"responses": [{"player_id": 0, "response": 10, "award": 10}, {"player_id": 1, "response": 10, "award": 10}, {"player_id": 2, "response": 10, "award": 10}, {"player_id": 3, "response": 10, "award": 10}, {"player_id": 4, "response": 10, "award": 10}, {"player_id": 5, "response": 10, "award": 10}, {"player_id": 6, "response": 10, "award": 10}, {"player_id": 7, "response": 10, "award": 10}, {"player_id": 8, "response": 10, "award": 10}, {"player_id": 9, "response": 10, "award": 10}], "total_proposal": 100}, {"responses": [{"player_id": 0, "response": 10, "award": 10}, {"player_id": 1, "response": 9, "award": 9}, {"player_id": 2, "response": 10, "award": 10}, {"player_id": 3, "response": 10, "award": 10}, {"player_id": 4, "response": 7, "award": 7}, {"player_id": 5, "response": 12, "award": 12}, {"player_id": 6, "response": 10, "award": 10}, {"player_id": 7, "response": 10, "award": 10}, {"player_id": 8, "response": 10, "award": 10}, {"player_id": 9, "response": 10, "award": 10}], "total_proposal": 98}, {"responses": [{"player_id": 0, "response": 10, "award": 10}, {"player_id": 1, "response": 8, "award": 8}, {"player_id": 2, "response": 10, "award": 10}, {"player_id": 3, "response": 10, "award": 10}, {"player_id": 4, "response": 8, "award": 8}, {"player_id": 5, "response": 13, "award": 13}, {"player_id": 6, "response": 10, "award": 10}, {"player_id": 7, "response": 10, "award": 10}, {"player_id": 8, "response": 10, "award": 10}, {"player_id": 9, "response": 9, "award": 9}], "total_proposal": 98}, {"responses": [{"player_id": 0, "response": 10, "award": 10}, {"player_id": 1, "response": 7, "award": 7}, {"player_id": 2, "response": 10, "award": 10}, {"player_id": 3, "response": 10, "award": 10}, {"player_id": 4, "response": 7, "award": 7}, {"player_id": 5, "response": 13, "award": 13}, {"player_id": 6, "response": 10, "award": 10}, {"player_id": 7, "response": 10, "award": 10}, {"player_id": 8, "response": 8, "award": 8}, {"player_id": 9, "response": 8, "award": 8}], "total_proposal": 93}, {"responses": [{"player_id": 0, "response": 10, "award": 10}, {"player_id": 1, "response": 6, "award": 6}, {"player_id": 2, "response": 10, "award": 10}, {"player_id": 3, "response": 10, "award": 10}, {"player_id": 4, "response": 7, "award": 7}, {"player_id": 5, "response": 12, "award": 12}, {"player_id": 6, "response": 10, "award": 10}, {"player_id": 7, "response": 10, "award": 10}, {"player_id": 8, "response": 8, "award": 8}, {"player_id": 9, "response": 7, "award": 7}], "total_proposal": 90}, {"responses": [{"player_id": 0, "response": 10, "award": 10}, {"player_id": 1, "response": 5, "award": 5}, {"player_id": 2, "response": 10, "award": 10}, {"player_id": 3, "response": 10, "award": 10}, {"player_id": 4, "response": 7, "award": 7}, {"player_id": 5, "response": 11, "award": 11}, {"player_id": 6, "response": 10, "award": 10}, {"player_id": 7, "response": 10, "award": 10}, {"player_id": 8, "response": 8, "award": 8}, {"player_id": 9, "response": 6, "award": 6}], "total_proposal": 87}, {"responses": [{"player_id": 0, "response": 10, "award": 10}, {"player_id": 1, "response": 4, "award": 4}, {"player_id": 2, "response": 10, "award": 10}, {"player_id": 3, "response": 10, "award": 10}, {"player_id": 4, "response": 7, "award": 7}, {"player_id": 5, "response": 10, "award": 10}, {"player_id": 6, "response": 10, "award": 10}, {"player_id": 7, "response": 10, "award": 10}, {"player_id": 8, "response": 8, "award": 8}, {"player_id": 9, "response": 5, "award": 5}], "total_proposal": 84}, {"responses": [{"player_id": 0, "response": 10, "award": 10}, {"player_id": 1, "response": 3, "award": 3}, {"player_id": 2, "response": 10, "award": 10}, {"player_id": 3, "response": 10, "award": 10}, {"player_id": 4, "response": 7, "award": 7}, {"player_id": 5, "response": 9, "award": 9}, {"player_id": 6, "response": 10, "award": 10}, {"player_id": 7, "response": 10, "award": 10}, {"player_id": 8, "response": 8, "award": 8}, {"player_id": 9, "response": 5, "award": 5}], "total_proposal": 82}, {"responses": [{"player_id": 0, "response": 10, "award": 10}, {"player_id": 1, "response": 2, "award": 2}, {"player_id": 2, "response": 10, "award": 10}, {"player_id": 3, "response": 10, "award": 10}, {"player_id": 4, "response": 7, "award": 7}, {"player_id": 5, "response": 8, "award": 8}, {"player_id": 6, "response": 10, "award": 10}, {"player_id": 7, "response": 10, "award": 10}, {"player_id": 8, "response": 8, "award": 8}, {"player_id": 9, "response": 4, "award": 4}], "total_proposal": 79}, {"responses": [{"player_id": 0, "response": 10, "award": 10}, {"player_id": 1, "response": 1, "award": 1}, {"player_id": 2, "response": 10, "award": 10}, {"player_id": 3, "response": 10, "award": 10}, {"player_id": 4, "response": 7, "award": 7}, {"player_id": 5, "response": 8, "award": 8}, {"player_id": 6, "response": 10, "award": 10}, {"player_id": 7, "response": 9, "award": 9}, {"player_id": 8, "response": 8, "award": 8}, {"player_id": 9, "response": 4, "award": 4}], "total_proposal": 77}, {"responses": [{"player_id": 0, "response": 10, "award": 10}, {"player_id": 1, "response": 5, "award": 5}, {"player_id": 2, "response": 10, "award": 10}, {"player_id": 3, "response": 10, "award": 10}, {"player_id": 4, "response": 5, "award": 5}, {"player_id": 5, "response": 7, "award": 7}, {"player_id": 6, "response": 10, "award": 10}, {"player_id": 7, "response": 9, "award": 9}, {"player_id": 8, "response": 8, "award": 8}, {"player_id": 9, "response": 3, "award": 3}], "total_proposal": 77}, {"responses": [{"player_id": 0, "response": 10, "award": 10}, {"player_id": 1, "response": 5, "award": 5}, {"player_id": 2, "response": 10, "award": 10}, {"player_id": 3, "response": 10, "award": 10}, {"player_id": 4, "response": 5, "award": 5}, {"player_id": 5, "response": 6, "award": 6}, {"player_id": 6, "response": 10, "award": 10}, {"player_id": 7, "response": 9, "award": 9}, {"player_id": 8, "response": 7, "award": 7}, {"player_id": 9, "response": 3, "award": 3}], "total_proposal": 75}, {"responses": [{"player_id": 0, "response": 10, "award": 10}, {"player_id": 1, "response": 5, "award": 5}, {"player_id": 2, "response": 10, "award": 10}, {"player_id": 3, "response": 10, "award": 10}, {"player_id": 4, "response": 5, "award": 5}, {"player_id": 5, "response": 5, "award": 5}, {"player_id": 6, "response": 10, "award": 10}, {"player_id": 7, "response": 9, "award": 9}, {"player_id": 8, "response": 7, "award": 7}, {"player_id": 9, "response": 3, "award": 3}], "total_proposal": 74}, {"responses": [{"player_id": 0, "response": 10, "award": 10}, {"player_id": 1, "response": 5, "award": 5}, {"player_id": 2, "response": 10, "award": 10}, {"player_id": 3, "response": 10, "award": 10}, {"player_id": 4, "response": 5, "award": 5}, {"player_id": 5, "response": 5, "award": 5}, {"player_id": 6, "response": 10, "award": 10}, {"player_id": 7, "response": 9, "award": 9}, {"player_id": 8, "response": 7, "award": 7}, {"player_id": 9, "response": 2, "award": 2}], "total_proposal": 73}, {"responses": [{"player_id": 0, "response": 10, "award": 10}, {"player_id": 1, "response": 5, "award": 5}, {"player_id": 2, "response": 10, "award": 10}, {"player_id": 3, "response": 10, "award": 10}, {"player_id": 4, "response": 5, "award": 5}, {"player_id": 5, "response": 4, "award": 4}, {"player_id": 6, "response": 10, "award": 10}, {"player_id": 7, "response": 8, "award": 8}, {"player_id": 8, "response": 7, "award": 7}, {"player_id": 9, "response": 2, "award": 2}], "total_proposal": 71}, {"responses": [{"player_id": 0, "response": 10, "award": 10}, {"player_id": 1, "response": 4, "award": 4}, {"player_id": 2, "response": 10, "award": 10}, {"player_id": 3, "response": 10, "award": 10}, {"player_id": 4, "response": 5, "award": 5}, {"player_id": 5, "response": 4, "award": 4}, {"player_id": 6, "response": 10, "award": 10}, {"player_id": 7, "response": 8, "award": 8}, {"player_id": 8, "response": 7, "award": 7}, {"player_id": 9, "response": 2, "award": 2}], "total_proposal": 70}, {"responses": [{"player_id": 0, "response": 10, "award": 10}, {"player_id": 1, "response": 4, "award": 4}, {"player_id": 2, "response": 10, "award": 10}, {"player_id": 3, "response": 10, "award": 10}, {"player_id": 4, "response": 5, "award": 5}, {"player_id": 5, "response": 4, "award": 4}, {"player_id": 6, "response": 10, "award": 10}, {"player_id": 7, "response": 8, "award": 8}, {"player_id": 8, "response": 7, "award": 7}, {"player_id": 9, "response": 2, "award": 2}], "total_proposal": 70}, {"responses": [{"player_id": 0, "response": 10, "award": 10}, {"player_id": 1, "response": 4, "award": 4}, {"player_id": 2, "response": 10, "award": 10}, {"player_id": 3, "response": 10, "award": 10}, {"player_id": 4, "response": 5, "award": 5}, {"player_id": 5, "response": 3, "award": 3}, {"player_id": 6, "response": 10, "award": 10}, {"player_id": 7, "response": 8, "award": 8}, {"player_id": 8, "response": 6, "award": 6}, {"player_id": 9, "response": 2, "award": 2}], "total_proposal": 68}, {"responses": [{"player_id": 0, "response": 10, "award": 10}, {"player_id": 1, "response": 4, "award": 4}, {"player_id": 2, "response": 10, "award": 10}, {"player_id": 3, "response": 10, "award": 10}, {"player_id": 4, "response": 5, "award": 5}, {"player_id": 5, "response": 2, "award": 2}, {"player_id": 6, "response": 10, "award": 10}, {"player_id": 7, "response": 8, "award": 8}, {"player_id": 8, "response": 6, "award": 6}, {"player_id": 9, "response": 2, "award": 2}], "total_proposal": 67}, {"responses": [{"player_id": 0, "response": 10, "award": 10}, {"player_id": 1, "response": 4, "award": 4}, {"player_id": 2, "response": 10, "award": 10}, {"player_id": 3, "response": 10, "award": 10}, {"player_id": 4, "response": 5, "award": 5}, {"player_id": 5, "response": 1, "award": 1}, {"player_id": 6, "response": 10, "award": 10}, {"player_id": 7, "response": 8, "award": 8}, {"player_id": 8, "response": 5, "award": 5}, {"player_id": 9, "response": 2, "award": 2}], "total_proposal": 65}]}