{"meta": {"name_exp": "divide_dollar", "player_num": 10, "golds": 100, "version": "v1", "lang_agent": "<RfelEFA>", "round": 20, "run": 1}, "round_records": [{"responses": [{"player_id": 0, "response": 10, "award": 10}, {"player_id": 1, "response": 10, "award": 10}, {"player_id": 2, "response": 10, "award": 10}, {"player_id": 3, "response": 10, "award": 10}, {"player_id": 4, "response": 10, "award": 10}, {"player_id": 5, "response": 10, "award": 10}, {"player_id": 6, "response": 10, "award": 10}, {"player_id": 7, "response": 10, "award": 10}, {"player_id": 8, "response": 10, "award": 10}, {"player_id": 9, "response": 10, "award": 10}], "total_proposal": 100}, {"responses": [{"player_id": 0, "response": 10, "award": 10}, {"player_id": 1, "response": 9, "award": 9}, {"player_id": 2, "response": 8, "award": 8}, {"player_id": 3, "response": 10, "award": 10}, {"player_id": 4, "response": 10, "award": 10}, {"player_id": 5, "response": 10, "award": 10}, {"player_id": 6, "response": 10, "award": 10}, {"player_id": 7, "response": 10, "award": 10}, {"player_id": 8, "response": 10, "award": 10}, {"player_id": 9, "response": 10, "award": 10}], "total_proposal": 97}, {"responses": [{"player_id": 0, "response": 10, "award": 10}, {"player_id": 1, "response": 9, "award": 9}, {"player_id": 2, "response": 10, "award": 10}, {"player_id": 3, "response": 10, "award": 10}, {"player_id": 4, "response": 10, "award": 10}, {"player_id": 5, "response": 10, "award": 10}, {"player_id": 6, "response": 8, "award": 8}, {"player_id": 7, "response": 10, "award": 10}, {"player_id": 8, "response": 9, "award": 9}, {"player_id": 9, "response": 10, "award": 10}], "total_proposal": 96}, {"responses": [{"player_id": 0, "response": 10, "award": 10}, {"player_id": 1, "response": 8, "award": 8}, {"player_id": 2, "response": 9, "award": 9}, {"player_id": 3, "response": 10, "award": 10}, {"player_id": 4, "response": 10, "award": 10}, {"player_id": 5, "response": 10, "award": 10}, {"player_id": 6, "response": 10, "award": 10}, {"player_id": 7, "response": 9, "award": 9}, {"player_id": 8, "response": 8, "award": 8}, {"player_id": 9, "response": 10, "award": 10}], "total_proposal": 94}, {"responses": [{"player_id": 0, "response": 10, "award": 10}, {"player_id": 1, "response": 8, "award": 8}, {"player_id": 2, "response": 9, "award": 9}, {"player_id": 3, "response": 9, "award": 9}, {"player_id": 4, "response": 10, "award": 10}, {"player_id": 5, "response": 10, "award": 10}, {"player_id": 6, "response": 10, "award": 10}, {"player_id": 7, "response": 9, "award": 9}, {"player_id": 8, "response": 7, "award": 7}, {"player_id": 9, "response": 10, "award": 10}], "total_proposal": 92}, {"responses": [{"player_id": 0, "response": 10, "award": 10}, {"player_id": 1, "response": 8, "award": 8}, {"player_id": 2, "response": 8, "award": 8}, {"player_id": 3, "response": 9, "award": 9}, {"player_id": 4, "response": 10, "award": 10}, {"player_id": 5, "response": 10, "award": 10}, {"player_id": 6, "response": 8, "award": 8}, {"player_id": 7, "response": 9, "award": 9}, {"player_id": 8, "response": 6, "award": 6}, {"player_id": 9, "response": 10, "award": 10}], "total_proposal": 88}, {"responses": [{"player_id": 0, "response": 10, "award": 10}, {"player_id": 1, "response": 8, "award": 8}, {"player_id": 2, "response": 8, "award": 8}, {"player_id": 3, "response": 9, "award": 9}, {"player_id": 4, "response": 10, "award": 10}, {"player_id": 5, "response": 10, "award": 10}, {"player_id": 6, "response": 10, "award": 10}, {"player_id": 7, "response": 9, "award": 9}, {"player_id": 8, "response": 5, "award": 5}, {"player_id": 9, "response": 10, "award": 10}], "total_proposal": 89}, {"responses": [{"player_id": 0, "response": 10, "award": 10}, {"player_id": 1, "response": 8, "award": 8}, {"player_id": 2, "response": 7, "award": 7}, {"player_id": 3, "response": 9, "award": 9}, {"player_id": 4, "response": 10, "award": 10}, {"player_id": 5, "response": 10, "award": 10}, {"player_id": 6, "response": 10, "award": 10}, {"player_id": 7, "response": 9, "award": 9}, {"player_id": 8, "response": 5, "award": 5}, {"player_id": 9, "response": 10, "award": 10}], "total_proposal": 88}, {"responses": [{"player_id": 0, "response": 10, "award": 10}, {"player_id": 1, "response": 8, "award": 8}, {"player_id": 2, "response": 9, "award": 9}, {"player_id": 3, "response": 9, "award": 9}, {"player_id": 4, "response": 10, "award": 10}, {"player_id": 5, "response": 10, "award": 10}, {"player_id": 6, "response": 10, "award": 10}, {"player_id": 7, "response": 8, "award": 8}, {"player_id": 8, "response": 4, "award": 4}, {"player_id": 9, "response": 10, "award": 10}], "total_proposal": 88}, {"responses": [{"player_id": 0, "response": 10, "award": 10}, {"player_id": 1, "response": 8, "award": 8}, {"player_id": 2, "response": 9, "award": 9}, {"player_id": 3, "response": 9, "award": 9}, {"player_id": 4, "response": 10, "award": 10}, {"player_id": 5, "response": 10, "award": 10}, {"player_id": 6, "response": 10, "award": 10}, {"player_id": 7, "response": 8, "award": 8}, {"player_id": 8, "response": 4, "award": 4}, {"player_id": 9, "response": 10, "award": 10}], "total_proposal": 88}, {"responses": [{"player_id": 0, "response": 10, "award": 10}, {"player_id": 1, "response": 8, "award": 8}, {"player_id": 2, "response": 8, "award": 8}, {"player_id": 3, "response": 9, "award": 9}, {"player_id": 4, "response": 10, "award": 10}, {"player_id": 5, "response": 10, "award": 10}, {"player_id": 6, "response": 10, "award": 10}, {"player_id": 7, "response": 8, "award": 8}, {"player_id": 8, "response": 4, "award": 4}, {"player_id": 9, "response": 10, "award": 10}], "total_proposal": 87}, {"responses": [{"player_id": 0, "response": 10, "award": 10}, {"player_id": 1, "response": 8, "award": 8}, {"player_id": 2, "response": 8, "award": 8}, {"player_id": 3, "response": 8, "award": 8}, {"player_id": 4, "response": 10, "award": 10}, {"player_id": 5, "response": 10, "award": 10}, {"player_id": 6, "response": 8, "award": 8}, {"player_id": 7, "response": 8, "award": 8}, {"player_id": 8, "response": 4, "award": 4}, {"player_id": 9, "response": 10, "award": 10}], "total_proposal": 84}, {"responses": [{"player_id": 0, "response": 10, "award": 10}, {"player_id": 1, "response": 8, "award": 8}, {"player_id": 2, "response": 8, "award": 8}, {"player_id": 3, "response": 8, "award": 8}, {"player_id": 4, "response": 10, "award": 10}, {"player_id": 5, "response": 10, "award": 10}, {"player_id": 6, "response": 10, "award": 10}, {"player_id": 7, "response": 7, "award": 7}, {"player_id": 8, "response": 3, "award": 3}, {"player_id": 9, "response": 10, "award": 10}], "total_proposal": 84}, {"responses": [{"player_id": 0, "response": 10, "award": 10}, {"player_id": 1, "response": 8, "award": 8}, {"player_id": 2, "response": 8, "award": 8}, {"player_id": 3, "response": 8, "award": 8}, {"player_id": 4, "response": 10, "award": 10}, {"player_id": 5, "response": 10, "award": 10}, {"player_id": 6, "response": 10, "award": 10}, {"player_id": 7, "response": 7, "award": 7}, {"player_id": 8, "response": 3, "award": 3}, {"player_id": 9, "response": 10, "award": 10}], "total_proposal": 84}, {"responses": [{"player_id": 0, "response": 10, "award": 10}, {"player_id": 1, "response": 8, "award": 8}, {"player_id": 2, "response": 8, "award": 8}, {"player_id": 3, "response": 8, "award": 8}, {"player_id": 4, "response": 10, "award": 10}, {"player_id": 5, "response": 10, "award": 10}, {"player_id": 6, "response": 8, "award": 8}, {"player_id": 7, "response": 7, "award": 7}, {"player_id": 8, "response": 3, "award": 3}, {"player_id": 9, "response": 10, "award": 10}], "total_proposal": 82}, {"responses": [{"player_id": 0, "response": 10, "award": 10}, {"player_id": 1, "response": 7, "award": 7}, {"player_id": 2, "response": 8, "award": 8}, {"player_id": 3, "response": 7, "award": 7}, {"player_id": 4, "response": 10, "award": 10}, {"player_id": 5, "response": 10, "award": 10}, {"player_id": 6, "response": 6, "award": 6}, {"player_id": 7, "response": 7, "award": 7}, {"player_id": 8, "response": 3, "award": 3}, {"player_id": 9, "response": 10, "award": 10}], "total_proposal": 78}, {"responses": [{"player_id": 0, "response": 10, "award": 10}, {"player_id": 1, "response": 7, "award": 7}, {"player_id": 2, "response": 8, "award": 8}, {"player_id": 3, "response": 7, "award": 7}, {"player_id": 4, "response": 10, "award": 10}, {"player_id": 5, "response": 10, "award": 10}, {"player_id": 6, "response": 5, "award": 5}, {"player_id": 7, "response": 7, "award": 7}, {"player_id": 8, "response": 3, "award": 3}, {"player_id": 9, "response": 10, "award": 10}], "total_proposal": 77}, {"responses": [{"player_id": 0, "response": 10, "award": 10}, {"player_id": 1, "response": 7, "award": 7}, {"player_id": 2, "response": 8, "award": 8}, {"player_id": 3, "response": 7, "award": 7}, {"player_id": 4, "response": 10, "award": 10}, {"player_id": 5, "response": 10, "award": 10}, {"player_id": 6, "response": 5, "award": 5}, {"player_id": 7, "response": 6, "award": 6}, {"player_id": 8, "response": 3, "award": 3}, {"player_id": 9, "response": 10, "award": 10}], "total_proposal": 76}, {"responses": [{"player_id": 0, "response": 10, "award": 10}, {"player_id": 1, "response": 7, "award": 7}, {"player_id": 2, "response": 8, "award": 8}, {"player_id": 3, "response": 7, "award": 7}, {"player_id": 4, "response": 10, "award": 10}, {"player_id": 5, "response": 10, "award": 10}, {"player_id": 6, "response": 5, "award": 5}, {"player_id": 7, "response": 6, "award": 6}, {"player_id": 8, "response": 3, "award": 3}, {"player_id": 9, "response": 10, "award": 10}], "total_proposal": 76}, {"responses": [{"player_id": 0, "response": 10, "award": 10}, {"player_id": 1, "response": 7, "award": 7}, {"player_id": 2, "response": 8, "award": 8}, {"player_id": 3, "response": 6, "award": 6}, {"player_id": 4, "response": 10, "award": 10}, {"player_id": 5, "response": 10, "award": 10}, {"player_id": 6, "response": 5, "award": 5}, {"player_id": 7, "response": 6, "award": 6}, {"player_id": 8, "response": 3, "award": 3}, {"player_id": 9, "response": 10, "award": 10}], "total_proposal": 75}]}