{"meta": {"name_exp": "divide_dollar", "player_num": 10, "golds": 100, "version": "v1", "lang_agent": "<RfelEFA>", "round": 20, "run": 4}, "round_records": [{"responses": [{"player_id": 0, "response": 10, "award": 10}, {"player_id": 1, "response": 10, "award": 10}, {"player_id": 2, "response": 10, "award": 10}, {"player_id": 3, "response": 10, "award": 10}, {"player_id": 4, "response": 10, "award": 10}, {"player_id": 5, "response": 9, "award": 9}, {"player_id": 6, "response": 10, "award": 10}, {"player_id": 7, "response": 10, "award": 10}, {"player_id": 8, "response": 10, "award": 10}, {"player_id": 9, "response": 5, "award": 5}], "total_proposal": 94}, {"responses": [{"player_id": 0, "response": 8, "award": 8}, {"player_id": 1, "response": 10, "award": 10}, {"player_id": 2, "response": 10, "award": 10}, {"player_id": 3, "response": 10, "award": 10}, {"player_id": 4, "response": 6, "award": 6}, {"player_id": 5, "response": 10, "award": 10}, {"player_id": 6, "response": 11, "award": 11}, {"player_id": 7, "response": 10, "award": 10}, {"player_id": 8, "response": 10, "award": 10}, {"player_id": 9, "response": 7, "award": 7}], "total_proposal": 92}, {"responses": [{"player_id": 0, "response": 9, "award": 9}, {"player_id": 1, "response": 10, "award": 10}, {"player_id": 2, "response": 7, "award": 7}, {"player_id": 3, "response": 10, "award": 10}, {"player_id": 4, "response": 8, "award": 8}, {"player_id": 5, "response": 9, "award": 9}, {"player_id": 6, "response": 10, "award": 10}, {"player_id": 7, "response": 9, "award": 9}, {"player_id": 8, "response": 10, "award": 10}, {"player_id": 9, "response": 8, "award": 8}], "total_proposal": 90}, {"responses": [{"player_id": 0, "response": 8, "award": 8}, {"player_id": 1, "response": 10, "award": 10}, {"player_id": 2, "response": 10, "award": 10}, {"player_id": 3, "response": 10, "award": 10}, {"player_id": 4, "response": 5, "award": 5}, {"player_id": 5, "response": 8, "award": 8}, {"player_id": 6, "response": 10, "award": 10}, {"player_id": 7, "response": 10, "award": 10}, {"player_id": 8, "response": 10, "award": 10}, {"player_id": 9, "response": 9, "award": 9}], "total_proposal": 90}, {"responses": [{"player_id": 0, "response": 9, "award": 9}, {"player_id": 1, "response": 10, "award": 10}, {"player_id": 2, "response": 11, "award": 11}, {"player_id": 3, "response": 10, "award": 10}, {"player_id": 4, "response": 7, "award": 7}, {"player_id": 5, "response": 7, "award": 7}, {"player_id": 6, "response": 10, "award": 10}, {"player_id": 7, "response": 9, "award": 9}, {"player_id": 8, "response": 10, "award": 10}, {"player_id": 9, "response": 10, "award": 10}], "total_proposal": 93}, {"responses": [{"player_id": 0, "response": 8, "award": 8}, {"player_id": 1, "response": 10, "award": 10}, {"player_id": 2, "response": 9, "award": 9}, {"player_id": 3, "response": 11, "award": 11}, {"player_id": 4, "response": 6, "award": 6}, {"player_id": 5, "response": 6, "award": 6}, {"player_id": 6, "response": 9, "award": 9}, {"player_id": 7, "response": 8, "award": 8}, {"player_id": 8, "response": 10, "award": 10}, {"player_id": 9, "response": 11, "award": 11}], "total_proposal": 88}, {"responses": [{"player_id": 0, "response": 8, "award": 8}, {"player_id": 1, "response": 10, "award": 10}, {"player_id": 2, "response": 8, "award": 8}, {"player_id": 3, "response": 10, "award": 10}, {"player_id": 4, "response": 5, "award": 5}, {"player_id": 5, "response": 8, "award": 8}, {"player_id": 6, "response": 10, "award": 10}, {"player_id": 7, "response": 7, "award": 7}, {"player_id": 8, "response": 10, "award": 10}, {"player_id": 9, "response": 12, "award": 12}], "total_proposal": 88}, {"responses": [{"player_id": 0, "response": 8, "award": 8}, {"player_id": 1, "response": 10, "award": 10}, {"player_id": 2, "response": 7, "award": 7}, {"player_id": 3, "response": 10, "award": 10}, {"player_id": 4, "response": 8, "award": 8}, {"player_id": 5, "response": 7, "award": 7}, {"player_id": 6, "response": 11, "award": 11}, {"player_id": 7, "response": 6, "award": 6}, {"player_id": 8, "response": 10, "award": 10}, {"player_id": 9, "response": 13, "award": 13}], "total_proposal": 90}, {"responses": [{"player_id": 0, "response": 8, "award": 8}, {"player_id": 1, "response": 10, "award": 10}, {"player_id": 2, "response": 9, "award": 9}, {"player_id": 3, "response": 10, "award": 10}, {"player_id": 4, "response": 6, "award": 6}, {"player_id": 5, "response": 6, "award": 6}, {"player_id": 6, "response": 11, "award": 11}, {"player_id": 7, "response": 5, "award": 5}, {"player_id": 8, "response": 10, "award": 10}, {"player_id": 9, "response": 14, "award": 14}], "total_proposal": 89}, {"responses": [{"player_id": 0, "response": 8, "award": 8}, {"player_id": 1, "response": 10, "award": 10}, {"player_id": 2, "response": 8, "award": 8}, {"player_id": 3, "response": 10, "award": 10}, {"player_id": 4, "response": 7, "award": 7}, {"player_id": 5, "response": 6, "award": 6}, {"player_id": 6, "response": 10, "award": 10}, {"player_id": 7, "response": 5, "award": 5}, {"player_id": 8, "response": 10, "award": 10}, {"player_id": 9, "response": 15, "award": 15}], "total_proposal": 89}, {"responses": [{"player_id": 0, "response": 8, "award": 8}, {"player_id": 1, "response": 10, "award": 10}, {"player_id": 2, "response": 8, "award": 8}, {"player_id": 3, "response": 10, "award": 10}, {"player_id": 4, "response": 8, "award": 8}, {"player_id": 5, "response": 5, "award": 5}, {"player_id": 6, "response": 10, "award": 10}, {"player_id": 7, "response": 4, "award": 4}, {"player_id": 8, "response": 10, "award": 10}, {"player_id": 9, "response": 16, "award": 16}], "total_proposal": 89}, {"responses": [{"player_id": 0, "response": 9, "award": 9}, {"player_id": 1, "response": 10, "award": 10}, {"player_id": 2, "response": 7, "award": 7}, {"player_id": 3, "response": 10, "award": 10}, {"player_id": 4, "response": 9, "award": 9}, {"player_id": 5, "response": 5, "award": 5}, {"player_id": 6, "response": 10, "award": 10}, {"player_id": 7, "response": 3, "award": 3}, {"player_id": 8, "response": 11, "award": 11}, {"player_id": 9, "response": 17, "award": 17}], "total_proposal": 91}, {"responses": [{"player_id": 0, "response": 8, "award": 8}, {"player_id": 1, "response": 10, "award": 10}, {"player_id": 2, "response": 7, "award": 7}, {"player_id": 3, "response": 10, "award": 10}, {"player_id": 4, "response": 7, "award": 7}, {"player_id": 5, "response": 4, "award": 4}, {"player_id": 6, "response": 10, "award": 10}, {"player_id": 7, "response": 3, "award": 3}, {"player_id": 8, "response": 10, "award": 10}, {"player_id": 9, "response": 18, "award": 18}], "total_proposal": 87}, {"responses": [{"player_id": 0, "response": 9, "award": 9}, {"player_id": 1, "response": 10, "award": 10}, {"player_id": 2, "response": 8, "award": 8}, {"player_id": 3, "response": 10, "award": 10}, {"player_id": 4, "response": 8, "award": 8}, {"player_id": 5, "response": 5, "award": 5}, {"player_id": 6, "response": 10, "award": 10}, {"player_id": 7, "response": 3, "award": 3}, {"player_id": 8, "response": 10, "award": 10}, {"player_id": 9, "response": 19, "award": 19}], "total_proposal": 92}, {"responses": [{"player_id": 0, "response": 10, "award": 10}, {"player_id": 1, "response": 10, "award": 10}, {"player_id": 2, "response": 8, "award": 8}, {"player_id": 3, "response": 10, "award": 10}, {"player_id": 4, "response": 6, "award": 6}, {"player_id": 5, "response": 4, "award": 4}, {"player_id": 6, "response": 10, "award": 10}, {"player_id": 7, "response": 2, "award": 2}, {"player_id": 8, "response": 10, "award": 10}, {"player_id": 9, "response": 20, "award": 20}], "total_proposal": 90}, {"responses": [{"player_id": 0, "response": 8, "award": 8}, {"player_id": 1, "response": 10, "award": 10}, {"player_id": 2, "response": 9, "award": 9}, {"player_id": 3, "response": 10, "award": 10}, {"player_id": 4, "response": 7, "award": 7}, {"player_id": 5, "response": 3, "award": 3}, {"player_id": 6, "response": 11, "award": 11}, {"player_id": 7, "response": 2, "award": 2}, {"player_id": 8, "response": 10, "award": 10}, {"player_id": 9, "response": 21, "award": 21}], "total_proposal": 91}, {"responses": [{"player_id": 0, "response": 8, "award": 8}, {"player_id": 1, "response": 10, "award": 10}, {"player_id": 2, "response": 8, "award": 8}, {"player_id": 3, "response": 10, "award": 10}, {"player_id": 4, "response": 7, "award": 7}, {"player_id": 5, "response": 3, "award": 3}, {"player_id": 6, "response": 10, "award": 10}, {"player_id": 7, "response": 2, "award": 2}, {"player_id": 8, "response": 10, "award": 10}, {"player_id": 9, "response": 22, "award": 22}], "total_proposal": 90}, {"responses": [{"player_id": 0, "response": 8, "award": 8}, {"player_id": 1, "response": 10, "award": 10}, {"player_id": 2, "response": 8, "award": 8}, {"player_id": 3, "response": 10, "award": 10}, {"player_id": 4, "response": 9, "award": 9}, {"player_id": 5, "response": 3, "award": 3}, {"player_id": 6, "response": 10, "award": 10}, {"player_id": 7, "response": 1, "award": 1}, {"player_id": 8, "response": 10, "award": 10}, {"player_id": 9, "response": 23, "award": 23}], "total_proposal": 92}, {"responses": [{"player_id": 0, "response": 8, "award": 8}, {"player_id": 1, "response": 10, "award": 10}, {"player_id": 2, "response": 8, "award": 8}, {"player_id": 3, "response": 10, "award": 10}, {"player_id": 4, "response": 8, "award": 8}, {"player_id": 5, "response": 3, "award": 3}, {"player_id": 6, "response": 11, "award": 11}, {"player_id": 7, "response": 1, "award": 1}, {"player_id": 8, "response": 10, "award": 10}, {"player_id": 9, "response": 24, "award": 24}], "total_proposal": 93}, {"responses": [{"player_id": 0, "response": 8, "award": 8}, {"player_id": 1, "response": 10, "award": 10}, {"player_id": 2, "response": 8, "award": 8}, {"player_id": 3, "response": 10, "award": 10}, {"player_id": 4, "response": 7, "award": 7}, {"player_id": 5, "response": 3, "award": 3}, {"player_id": 6, "response": 10, "award": 10}, {"player_id": 7, "response": 1, "award": 1}, {"player_id": 8, "response": 10, "award": 10}, {"player_id": 9, "response": 25, "award": 25}], "total_proposal": 92}]}