{"meta": {"name_exp": "divide_dollar", "player_num": 10, "golds": 100, "version": "v1", "lang_agent": "<RfelEFA>", "round": 20, "run": 3}, "round_records": [{"responses": [{"player_id": 0, "response": 10, "award": 10}, {"player_id": 1, "response": 10, "award": 10}, {"player_id": 2, "response": 10, "award": 10}, {"player_id": 3, "response": 10, "award": 10}, {"player_id": 4, "response": 10, "award": 10}, {"player_id": 5, "response": 10, "award": 10}, {"player_id": 6, "response": 10, "award": 10}, {"player_id": 7, "response": 10, "award": 10}, {"player_id": 8, "response": 10, "award": 10}, {"player_id": 9, "response": 10, "award": 10}], "total_proposal": 100}, {"responses": [{"player_id": 0, "response": 10, "award": 0}, {"player_id": 1, "response": 9, "award": 0}, {"player_id": 2, "response": 10, "award": 0}, {"player_id": 3, "response": 11, "award": 0}, {"player_id": 4, "response": 10, "award": 0}, {"player_id": 5, "response": 12, "award": 0}, {"player_id": 6, "response": 10, "award": 0}, {"player_id": 7, "response": 10, "award": 0}, {"player_id": 8, "response": 10, "award": 0}, {"player_id": 9, "response": 10, "award": 0}], "total_proposal": 102}, {"responses": [{"player_id": 0, "response": 8, "award": 8}, {"player_id": 1, "response": 8, "award": 8}, {"player_id": 2, "response": 9, "award": 9}, {"player_id": 3, "response": 9, "award": 9}, {"player_id": 4, "response": 8, "award": 8}, {"player_id": 5, "response": 8, "award": 8}, {"player_id": 6, "response": 8, "award": 8}, {"player_id": 7, "response": 8, "award": 8}, {"player_id": 8, "response": 10, "award": 10}, {"player_id": 9, "response": 9, "award": 9}], "total_proposal": 85}, {"responses": [{"player_id": 0, "response": 8, "award": 8}, {"player_id": 1, "response": 9, "award": 9}, {"player_id": 2, "response": 9, "award": 9}, {"player_id": 3, "response": 9, "award": 9}, {"player_id": 4, "response": 8, "award": 8}, {"player_id": 5, "response": 9, "award": 9}, {"player_id": 6, "response": 8, "award": 8}, {"player_id": 7, "response": 9, "award": 9}, {"player_id": 8, "response": 9, "award": 9}, {"player_id": 9, "response": 8, "award": 8}], "total_proposal": 86}, {"responses": [{"player_id": 0, "response": 7, "award": 7}, {"player_id": 1, "response": 8, "award": 8}, {"player_id": 2, "response": 9, "award": 9}, {"player_id": 3, "response": 8, "award": 8}, {"player_id": 4, "response": 7, "award": 7}, {"player_id": 5, "response": 8, "award": 8}, {"player_id": 6, "response": 7, "award": 7}, {"player_id": 7, "response": 9, "award": 9}, {"player_id": 8, "response": 10, "award": 10}, {"player_id": 9, "response": 8, "award": 8}], "total_proposal": 81}, {"responses": [{"player_id": 0, "response": 7, "award": 7}, {"player_id": 1, "response": 7, "award": 7}, {"player_id": 2, "response": 9, "award": 9}, {"player_id": 3, "response": 8, "award": 8}, {"player_id": 4, "response": 6, "award": 6}, {"player_id": 5, "response": 8, "award": 8}, {"player_id": 6, "response": 7, "award": 7}, {"player_id": 7, "response": 8, "award": 8}, {"player_id": 8, "response": 10, "award": 10}, {"player_id": 9, "response": 8, "award": 8}], "total_proposal": 78}, {"responses": [{"player_id": 0, "response": 7, "award": 7}, {"player_id": 1, "response": 7, "award": 7}, {"player_id": 2, "response": 9, "award": 9}, {"player_id": 3, "response": 8, "award": 8}, {"player_id": 4, "response": 5, "award": 5}, {"player_id": 5, "response": 8, "award": 8}, {"player_id": 6, "response": 6, "award": 6}, {"player_id": 7, "response": 9, "award": 9}, {"player_id": 8, "response": 10, "award": 10}, {"player_id": 9, "response": 8, "award": 8}], "total_proposal": 77}, {"responses": [{"player_id": 0, "response": 7, "award": 7}, {"player_id": 1, "response": 6, "award": 6}, {"player_id": 2, "response": 9, "award": 9}, {"player_id": 3, "response": 7, "award": 7}, {"player_id": 4, "response": 4, "award": 4}, {"player_id": 5, "response": 9, "award": 9}, {"player_id": 6, "response": 6, "award": 6}, {"player_id": 7, "response": 9, "award": 9}, {"player_id": 8, "response": 10, "award": 10}, {"player_id": 9, "response": 8, "award": 8}], "total_proposal": 75}, {"responses": [{"player_id": 0, "response": 7, "award": 7}, {"player_id": 1, "response": 5, "award": 5}, {"player_id": 2, "response": 9, "award": 9}, {"player_id": 3, "response": 7, "award": 7}, {"player_id": 4, "response": 4, "award": 4}, {"player_id": 5, "response": 8, "award": 8}, {"player_id": 6, "response": 5, "award": 5}, {"player_id": 7, "response": 9, "award": 9}, {"player_id": 8, "response": 10, "award": 10}, {"player_id": 9, "response": 8, "award": 8}], "total_proposal": 72}, {"responses": [{"player_id": 0, "response": 7, "award": 7}, {"player_id": 1, "response": 4, "award": 4}, {"player_id": 2, "response": 9, "award": 9}, {"player_id": 3, "response": 7, "award": 7}, {"player_id": 4, "response": 3, "award": 3}, {"player_id": 5, "response": 8, "award": 8}, {"player_id": 6, "response": 4, "award": 4}, {"player_id": 7, "response": 8, "award": 8}, {"player_id": 8, "response": 10, "award": 10}, {"player_id": 9, "response": 8, "award": 8}], "total_proposal": 68}, {"responses": [{"player_id": 0, "response": 6, "award": 6}, {"player_id": 1, "response": 4, "award": 4}, {"player_id": 2, "response": 9, "award": 9}, {"player_id": 3, "response": 6, "award": 6}, {"player_id": 4, "response": 3, "award": 3}, {"player_id": 5, "response": 8, "award": 8}, {"player_id": 6, "response": 3, "award": 3}, {"player_id": 7, "response": 9, "award": 9}, {"player_id": 8, "response": 10, "award": 10}, {"player_id": 9, "response": 8, "award": 8}], "total_proposal": 66}, {"responses": [{"player_id": 0, "response": 6, "award": 6}, {"player_id": 1, "response": 3, "award": 3}, {"player_id": 2, "response": 8, "award": 8}, {"player_id": 3, "response": 6, "award": 6}, {"player_id": 4, "response": 3, "award": 3}, {"player_id": 5, "response": 8, "award": 8}, {"player_id": 6, "response": 2, "award": 2}, {"player_id": 7, "response": 8, "award": 8}, {"player_id": 8, "response": 10, "award": 10}, {"player_id": 9, "response": 8, "award": 8}], "total_proposal": 62}, {"responses": [{"player_id": 0, "response": 6, "award": 6}, {"player_id": 1, "response": 3, "award": 3}, {"player_id": 2, "response": 8, "award": 8}, {"player_id": 3, "response": 6, "award": 6}, {"player_id": 4, "response": 3, "award": 3}, {"player_id": 5, "response": 8, "award": 8}, {"player_id": 6, "response": 1, "award": 1}, {"player_id": 7, "response": 8, "award": 8}, {"player_id": 8, "response": 10, "award": 10}, {"player_id": 9, "response": 8, "award": 8}], "total_proposal": 61}, {"responses": [{"player_id": 0, "response": 6, "award": 6}, {"player_id": 1, "response": 3, "award": 3}, {"player_id": 2, "response": 8, "award": 8}, {"player_id": 3, "response": 6, "award": 6}, {"player_id": 4, "response": 2, "award": 2}, {"player_id": 5, "response": 8, "award": 8}, {"player_id": 6, "response": 1, "award": 1}, {"player_id": 7, "response": 8, "award": 8}, {"player_id": 8, "response": 10, "award": 10}, {"player_id": 9, "response": 8, "award": 8}], "total_proposal": 60}, {"responses": [{"player_id": 0, "response": 6, "award": 6}, {"player_id": 1, "response": 3, "award": 3}, {"player_id": 2, "response": 8, "award": 8}, {"player_id": 3, "response": 6, "award": 6}, {"player_id": 4, "response": 2, "award": 2}, {"player_id": 5, "response": 8, "award": 8}, {"player_id": 6, "response": 1, "award": 1}, {"player_id": 7, "response": 8, "award": 8}, {"player_id": 8, "response": 10, "award": 10}, {"player_id": 9, "response": 8, "award": 8}], "total_proposal": 60}, {"responses": [{"player_id": 0, "response": 6, "award": 6}, {"player_id": 1, "response": 3, "award": 3}, {"player_id": 2, "response": 7, "award": 7}, {"player_id": 3, "response": 5, "award": 5}, {"player_id": 4, "response": 1, "award": 1}, {"player_id": 5, "response": 8, "award": 8}, {"player_id": 6, "response": 1, "award": 1}, {"player_id": 7, "response": 8, "award": 8}, {"player_id": 8, "response": 10, "award": 10}, {"player_id": 9, "response": 8, "award": 8}], "total_proposal": 57}, {"responses": [{"player_id": 0, "response": 6, "award": 6}, {"player_id": 1, "response": 3, "award": 3}, {"player_id": 2, "response": 7, "award": 7}, {"player_id": 3, "response": 5, "award": 5}, {"player_id": 4, "response": 1, "award": 1}, {"player_id": 5, "response": 8, "award": 8}, {"player_id": 6, "response": 1, "award": 1}, {"player_id": 7, "response": 8, "award": 8}, {"player_id": 8, "response": 10, "award": 10}, {"player_id": 9, "response": 8, "award": 8}], "total_proposal": 57}, {"responses": [{"player_id": 0, "response": 5, "award": 5}, {"player_id": 1, "response": 3, "award": 3}, {"player_id": 2, "response": 7, "award": 7}, {"player_id": 3, "response": 5, "award": 5}, {"player_id": 4, "response": 1, "award": 1}, {"player_id": 5, "response": 7, "award": 7}, {"player_id": 6, "response": 1, "award": 1}, {"player_id": 7, "response": 8, "award": 8}, {"player_id": 8, "response": 10, "award": 10}, {"player_id": 9, "response": 7, "award": 7}], "total_proposal": 54}, {"responses": [{"player_id": 0, "response": 5, "award": 5}, {"player_id": 1, "response": 2, "award": 2}, {"player_id": 2, "response": 6, "award": 6}, {"player_id": 3, "response": 5, "award": 5}, {"player_id": 4, "response": 1, "award": 1}, {"player_id": 5, "response": 8, "award": 8}, {"player_id": 6, "response": 1, "award": 1}, {"player_id": 7, "response": 7, "award": 7}, {"player_id": 8, "response": 10, "award": 10}, {"player_id": 9, "response": 7, "award": 7}], "total_proposal": 52}, {"responses": [{"player_id": 0, "response": 5, "award": 5}, {"player_id": 1, "response": 1, "award": 1}, {"player_id": 2, "response": 6, "award": 6}, {"player_id": 3, "response": 4, "award": 4}, {"player_id": 4, "response": 1, "award": 1}, {"player_id": 5, "response": 8, "award": 8}, {"player_id": 6, "response": 2, "award": 2}, {"player_id": 7, "response": 7, "award": 7}, {"player_id": 8, "response": 10, "award": 10}, {"player_id": 9, "response": 7, "award": 7}], "total_proposal": 51}]}