{"meta": {"name_exp": "divide_dollar", "player_num": 10, "golds": 100, "version": "v1", "lang_agent": "<xoEciVX>", "round": 20, "run": 4}, "round_records": [{"responses": [{"player_id": 0, "response": 10, "award": 0}, {"player_id": 1, "response": 100, "award": 0}, {"player_id": 2, "response": 10, "award": 0}, {"player_id": 3, "response": 10, "award": 0}, {"player_id": 4, "response": 100, "award": 0}, {"player_id": 5, "response": 10, "award": 0}, {"player_id": 6, "response": 5, "award": 0}, {"player_id": 7, "response": 10, "award": 0}, {"player_id": 8, "response": 99, "award": 0}, {"player_id": 9, "response": 10, "award": 0}], "total_proposal": 364}, {"responses": [{"player_id": 0, "response": 10, "award": 0}, {"player_id": 1, "response": 0, "award": 0}, {"player_id": 2, "response": 10, "award": 0}, {"player_id": 3, "response": 10, "award": 0}, {"player_id": 4, "response": 25, "award": 0}, {"player_id": 5, "response": 10, "award": 0}, {"player_id": 6, "response": 9, "award": 0}, {"player_id": 7, "response": 10, "award": 0}, {"player_id": 8, "response": 50, "award": 0}, {"player_id": 9, "response": 10, "award": 0}], "total_proposal": 144}, {"responses": [{"player_id": 0, "response": 10, "award": 0}, {"player_id": 1, "response": 50, "award": 0}, {"player_id": 2, "response": 10, "award": 0}, {"player_id": 3, "response": 10, "award": 0}, {"player_id": 4, "response": 20, "award": 0}, {"player_id": 5, "response": 10, "award": 0}, {"player_id": 6, "response": 8, "award": 0}, {"player_id": 7, "response": 10, "award": 0}, {"player_id": 8, "response": 49, "award": 0}, {"player_id": 9, "response": 10, "award": 0}], "total_proposal": 187}, {"responses": [{"player_id": 0, "response": 10, "award": 0}, {"player_id": 1, "response": 40, "award": 0}, {"player_id": 2, "response": 9, "award": 0}, {"player_id": 3, "response": 10, "award": 0}, {"player_id": 4, "response": 15, "award": 0}, {"player_id": 5, "response": 10, "award": 0}, {"player_id": 6, "response": 6, "award": 0}, {"player_id": 7, "response": 9, "award": 0}, {"player_id": 8, "response": 30, "award": 0}, {"player_id": 9, "response": 10, "award": 0}], "total_proposal": 149}, {"responses": [{"player_id": 0, "response": 10, "award": 0}, {"player_id": 1, "response": 10, "award": 0}, {"player_id": 2, "response": 60, "award": 0}, {"player_id": 3, "response": 10, "award": 0}, {"player_id": 4, "response": 10, "award": 0}, {"player_id": 5, "response": 10, "award": 0}, {"player_id": 6, "response": 5, "award": 0}, {"player_id": 7, "response": 8, "award": 0}, {"player_id": 8, "response": 20, "award": 0}, {"player_id": 9, "response": 10, "award": 0}], "total_proposal": 153}, {"responses": [{"player_id": 0, "response": 9, "award": 0}, {"player_id": 1, "response": 30, "award": 0}, {"player_id": 2, "response": 30, "award": 0}, {"player_id": 3, "response": 9, "award": 0}, {"player_id": 4, "response": 8, "award": 0}, {"player_id": 5, "response": 9, "award": 0}, {"player_id": 6, "response": 45, "award": 0}, {"player_id": 7, "response": 7, "award": 0}, {"player_id": 8, "response": 15, "award": 0}, {"player_id": 9, "response": 9, "award": 0}], "total_proposal": 171}, {"responses": [{"player_id": 0, "response": 8, "award": 0}, {"player_id": 1, "response": 20, "award": 0}, {"player_id": 2, "response": 20, "award": 0}, {"player_id": 3, "response": 8, "award": 0}, {"player_id": 4, "response": 7, "award": 0}, {"player_id": 5, "response": 8, "award": 0}, {"player_id": 6, "response": 30, "award": 0}, {"player_id": 7, "response": 9, "award": 0}, {"player_id": 8, "response": 14, "award": 0}, {"player_id": 9, "response": 8, "award": 0}], "total_proposal": 132}, {"responses": [{"player_id": 0, "response": 50, "award": 0}, {"player_id": 1, "response": 15, "award": 0}, {"player_id": 2, "response": 40, "award": 0}, {"player_id": 3, "response": 9, "award": 0}, {"player_id": 4, "response": 20, "award": 0}, {"player_id": 5, "response": 10, "award": 0}, {"player_id": 6, "response": 15, "award": 0}, {"player_id": 7, "response": 10, "award": 0}, {"player_id": 8, "response": 11, "award": 0}, {"player_id": 9, "response": 35, "award": 0}], "total_proposal": 215}, {"responses": [{"player_id": 0, "response": 45, "award": 0}, {"player_id": 1, "response": 50, "award": 0}, {"player_id": 2, "response": 10, "award": 0}, {"player_id": 3, "response": 9, "award": 0}, {"player_id": 4, "response": 15, "award": 0}, {"player_id": 5, "response": 8, "award": 0}, {"player_id": 6, "response": 10, "award": 0}, {"player_id": 7, "response": 8, "award": 0}, {"player_id": 8, "response": 10, "award": 0}, {"player_id": 9, "response": 30, "award": 0}], "total_proposal": 195}, {"responses": [{"player_id": 0, "response": 30, "award": 0}, {"player_id": 1, "response": 10, "award": 0}, {"player_id": 2, "response": 10, "award": 0}, {"player_id": 3, "response": 9, "award": 0}, {"player_id": 4, "response": 12, "award": 0}, {"player_id": 5, "response": 9, "award": 0}, {"player_id": 6, "response": 11, "award": 0}, {"player_id": 7, "response": 9, "award": 0}, {"player_id": 8, "response": 10, "award": 0}, {"player_id": 9, "response": 20, "award": 0}], "total_proposal": 130}, {"responses": [{"player_id": 0, "response": 15, "award": 0}, {"player_id": 1, "response": 8, "award": 0}, {"player_id": 2, "response": 50, "award": 0}, {"player_id": 3, "response": 10, "award": 0}, {"player_id": 4, "response": 10, "award": 0}, {"player_id": 5, "response": 15, "award": 0}, {"player_id": 6, "response": 10, "award": 0}, {"player_id": 7, "response": 10, "award": 0}, {"player_id": 8, "response": 19, "award": 0}, {"player_id": 9, "response": 25, "award": 0}], "total_proposal": 172}, {"responses": [{"player_id": 0, "response": 10, "award": 0}, {"player_id": 1, "response": 50, "award": 0}, {"player_id": 2, "response": 10, "award": 0}, {"player_id": 3, "response": 50, "award": 0}, {"player_id": 4, "response": 5, "award": 0}, {"player_id": 5, "response": 10, "award": 0}, {"player_id": 6, "response": 10, "award": 0}, {"player_id": 7, "response": 10, "award": 0}, {"player_id": 8, "response": 40, "award": 0}, {"player_id": 9, "response": 10, "award": 0}], "total_proposal": 205}, {"responses": [{"player_id": 0, "response": 11, "award": 0}, {"player_id": 1, "response": 40, "award": 0}, {"player_id": 2, "response": 10, "award": 0}, {"player_id": 3, "response": 40, "award": 0}, {"player_id": 4, "response": 5, "award": 0}, {"player_id": 5, "response": 90, "award": 0}, {"player_id": 6, "response": 10, "award": 0}, {"player_id": 7, "response": 5, "award": 0}, {"player_id": 8, "response": 30, "award": 0}, {"player_id": 9, "response": 40, "award": 0}], "total_proposal": 281}, {"responses": [{"player_id": 0, "response": 50, "award": 0}, {"player_id": 1, "response": 30, "award": 0}, {"player_id": 2, "response": 10, "award": 0}, {"player_id": 3, "response": 20, "award": 0}, {"player_id": 4, "response": 5, "award": 0}, {"player_id": 5, "response": 50, "award": 0}, {"player_id": 6, "response": 10, "award": 0}, {"player_id": 7, "response": 10, "award": 0}, {"player_id": 8, "response": 20, "award": 0}, {"player_id": 9, "response": 30, "award": 0}], "total_proposal": 235}, {"responses": [{"player_id": 0, "response": 40, "award": 0}, {"player_id": 1, "response": 35, "award": 0}, {"player_id": 2, "response": 50, "award": 0}, {"player_id": 3, "response": 20, "award": 0}, {"player_id": 4, "response": 40, "award": 0}, {"player_id": 5, "response": 40, "award": 0}, {"player_id": 6, "response": 10, "award": 0}, {"player_id": 7, "response": 8, "award": 0}, {"player_id": 8, "response": 25, "award": 0}, {"player_id": 9, "response": 20, "award": 0}], "total_proposal": 288}, {"responses": [{"player_id": 0, "response": 20, "award": 0}, {"player_id": 1, "response": 45, "award": 0}, {"player_id": 2, "response": 20, "award": 0}, {"player_id": 3, "response": 15, "award": 0}, {"player_id": 4, "response": 30, "award": 0}, {"player_id": 5, "response": 30, "award": 0}, {"player_id": 6, "response": 50, "award": 0}, {"player_id": 7, "response": 9, "award": 0}, {"player_id": 8, "response": 15, "award": 0}, {"player_id": 9, "response": 15, "award": 0}], "total_proposal": 249}, {"responses": [{"player_id": 0, "response": 15, "award": 0}, {"player_id": 1, "response": 15, "award": 0}, {"player_id": 2, "response": 45, "award": 0}, {"player_id": 3, "response": 15, "award": 0}, {"player_id": 4, "response": 20, "award": 0}, {"player_id": 5, "response": 20, "award": 0}, {"player_id": 6, "response": 40, "award": 0}, {"player_id": 7, "response": 8, "award": 0}, {"player_id": 8, "response": 9, "award": 0}, {"player_id": 9, "response": 11, "award": 0}], "total_proposal": 198}, {"responses": [{"player_id": 0, "response": 50, "award": 0}, {"player_id": 1, "response": 50, "award": 0}, {"player_id": 2, "response": 35, "award": 0}, {"player_id": 3, "response": 15, "award": 0}, {"player_id": 4, "response": 35, "award": 0}, {"player_id": 5, "response": 20, "award": 0}, {"player_id": 6, "response": 20, "award": 0}, {"player_id": 7, "response": 10, "award": 0}, {"player_id": 8, "response": 46, "award": 0}, {"player_id": 9, "response": 45, "award": 0}], "total_proposal": 326}, {"responses": [{"player_id": 0, "response": 30, "award": 0}, {"player_id": 1, "response": 20, "award": 0}, {"player_id": 2, "response": 5, "award": 0}, {"player_id": 3, "response": 10, "award": 0}, {"player_id": 4, "response": 15, "award": 0}, {"player_id": 5, "response": 10, "award": 0}, {"player_id": 6, "response": 9, "award": 0}, {"player_id": 7, "response": 9, "award": 0}, {"player_id": 8, "response": 24, "award": 0}, {"player_id": 9, "response": 5, "award": 0}], "total_proposal": 137}, {"responses": [{"player_id": 0, "response": 50, "award": 0}, {"player_id": 1, "response": 50, "award": 0}, {"player_id": 2, "response": 50, "award": 0}, {"player_id": 3, "response": 1, "award": 0}, {"player_id": 4, "response": 40, "award": 0}, {"player_id": 5, "response": 50, "award": 0}, {"player_id": 6, "response": 46, "award": 0}, {"player_id": 7, "response": 10, "award": 0}, {"player_id": 8, "response": 34, "award": 0}, {"player_id": 9, "response": 50, "award": 0}], "total_proposal": 381}]}