{"meta": {"name_exp": "divide_dollar", "player_num": 10, "golds": 100, "version": "v1", "lang_agent": "<xoEciVX>", "round": 20, "run": 3}, "round_records": [{"responses": [{"player_id": 0, "response": 100, "award": 0}, {"player_id": 1, "response": 10, "award": 0}, {"player_id": 2, "response": 10, "award": 0}, {"player_id": 3, "response": 9, "award": 0}, {"player_id": 4, "response": 10, "award": 0}, {"player_id": 5, "response": 99, "award": 0}, {"player_id": 6, "response": 10, "award": 0}, {"player_id": 7, "response": 10, "award": 0}, {"player_id": 8, "response": 10, "award": 0}, {"player_id": 9, "response": 10, "award": 0}], "total_proposal": 278}, {"responses": [{"player_id": 0, "response": 10, "award": 0}, {"player_id": 1, "response": 10, "award": 0}, {"player_id": 2, "response": 10, "award": 0}, {"player_id": 3, "response": 5, "award": 0}, {"player_id": 4, "response": 10, "award": 0}, {"player_id": 5, "response": 32, "award": 0}, {"player_id": 6, "response": 10, "award": 0}, {"player_id": 7, "response": 10, "award": 0}, {"player_id": 8, "response": 10, "award": 0}, {"player_id": 9, "response": 10, "award": 0}], "total_proposal": 117}, {"responses": [{"player_id": 0, "response": 50, "award": 0}, {"player_id": 1, "response": 10, "award": 0}, {"player_id": 2, "response": 10, "award": 0}, {"player_id": 3, "response": 10, "award": 0}, {"player_id": 4, "response": 10, "award": 0}, {"player_id": 5, "response": 30, "award": 0}, {"player_id": 6, "response": 10, "award": 0}, {"player_id": 7, "response": 10, "award": 0}, {"player_id": 8, "response": 10, "award": 0}, {"player_id": 9, "response": 10, "award": 0}], "total_proposal": 160}, {"responses": [{"player_id": 0, "response": 50, "award": 0}, {"player_id": 1, "response": 10, "award": 0}, {"player_id": 2, "response": 10, "award": 0}, {"player_id": 3, "response": 8, "award": 0}, {"player_id": 4, "response": 10, "award": 0}, {"player_id": 5, "response": 10, "award": 0}, {"player_id": 6, "response": 10, "award": 0}, {"player_id": 7, "response": 10, "award": 0}, {"player_id": 8, "response": 10, "award": 0}, {"player_id": 9, "response": 10, "award": 0}], "total_proposal": 138}, {"responses": [{"player_id": 0, "response": 49, "award": 0}, {"player_id": 1, "response": 10, "award": 0}, {"player_id": 2, "response": 10, "award": 0}, {"player_id": 3, "response": 7, "award": 0}, {"player_id": 4, "response": 10, "award": 0}, {"player_id": 5, "response": 90, "award": 0}, {"player_id": 6, "response": 10, "award": 0}, {"player_id": 7, "response": 10, "award": 0}, {"player_id": 8, "response": 10, "award": 0}, {"player_id": 9, "response": 10, "award": 0}], "total_proposal": 216}, {"responses": [{"player_id": 0, "response": 30, "award": 0}, {"player_id": 1, "response": 10, "award": 0}, {"player_id": 2, "response": 10, "award": 0}, {"player_id": 3, "response": 9, "award": 0}, {"player_id": 4, "response": 9, "award": 0}, {"player_id": 5, "response": 10, "award": 0}, {"player_id": 6, "response": 10, "award": 0}, {"player_id": 7, "response": 10, "award": 0}, {"player_id": 8, "response": 10, "award": 0}, {"player_id": 9, "response": 10, "award": 0}], "total_proposal": 118}, {"responses": [{"player_id": 0, "response": 20, "award": 0}, {"player_id": 1, "response": 10, "award": 0}, {"player_id": 2, "response": 10, "award": 0}, {"player_id": 3, "response": 10, "award": 0}, {"player_id": 4, "response": 55, "award": 0}, {"player_id": 5, "response": 45, "award": 0}, {"player_id": 6, "response": 10, "award": 0}, {"player_id": 7, "response": 10, "award": 0}, {"player_id": 8, "response": 10, "award": 0}, {"player_id": 9, "response": 10, "award": 0}], "total_proposal": 190}, {"responses": [{"player_id": 0, "response": 15, "award": 0}, {"player_id": 1, "response": 50, "award": 0}, {"player_id": 2, "response": 50, "award": 0}, {"player_id": 3, "response": 5, "award": 0}, {"player_id": 4, "response": 45, "award": 0}, {"player_id": 5, "response": 10, "award": 0}, {"player_id": 6, "response": 50, "award": 0}, {"player_id": 7, "response": 50, "award": 0}, {"player_id": 8, "response": 9, "award": 0}, {"player_id": 9, "response": 50, "award": 0}], "total_proposal": 334}, {"responses": [{"player_id": 0, "response": 10, "award": 0}, {"player_id": 1, "response": 45, "award": 0}, {"player_id": 2, "response": 50, "award": 0}, {"player_id": 3, "response": 8, "award": 0}, {"player_id": 4, "response": 30, "award": 0}, {"player_id": 5, "response": 10, "award": 0}, {"player_id": 6, "response": 45, "award": 0}, {"player_id": 7, "response": 50, "award": 0}, {"player_id": 8, "response": 9, "award": 0}, {"player_id": 9, "response": 50, "award": 0}], "total_proposal": 307}, {"responses": [{"player_id": 0, "response": 11, "award": 0}, {"player_id": 1, "response": 30, "award": 0}, {"player_id": 2, "response": 45, "award": 0}, {"player_id": 3, "response": 10, "award": 0}, {"player_id": 4, "response": 20, "award": 0}, {"player_id": 5, "response": 10, "award": 0}, {"player_id": 6, "response": 45, "award": 0}, {"player_id": 7, "response": 45, "award": 0}, {"player_id": 8, "response": 9, "award": 0}, {"player_id": 9, "response": 50, "award": 0}], "total_proposal": 275}, {"responses": [{"player_id": 0, "response": 10, "award": 0}, {"player_id": 1, "response": 20, "award": 0}, {"player_id": 2, "response": 30, "award": 0}, {"player_id": 3, "response": 10, "award": 0}, {"player_id": 4, "response": 20, "award": 0}, {"player_id": 5, "response": 50, "award": 0}, {"player_id": 6, "response": 10, "award": 0}, {"player_id": 7, "response": 25, "award": 0}, {"player_id": 8, "response": 8, "award": 0}, {"player_id": 9, "response": 45, "award": 0}], "total_proposal": 228}, {"responses": [{"player_id": 0, "response": 10, "award": 0}, {"player_id": 1, "response": 15, "award": 0}, {"player_id": 2, "response": 25, "award": 0}, {"player_id": 3, "response": 10, "award": 0}, {"player_id": 4, "response": 15, "award": 0}, {"player_id": 5, "response": 50, "award": 0}, {"player_id": 6, "response": 10, "award": 0}, {"player_id": 7, "response": 20, "award": 0}, {"player_id": 8, "response": 10, "award": 0}, {"player_id": 9, "response": 30, "award": 0}], "total_proposal": 195}, {"responses": [{"player_id": 0, "response": 50, "award": 0}, {"player_id": 1, "response": 50, "award": 0}, {"player_id": 2, "response": 20, "award": 0}, {"player_id": 3, "response": 10, "award": 0}, {"player_id": 4, "response": 15, "award": 0}, {"player_id": 5, "response": 10, "award": 0}, {"player_id": 6, "response": 45, "award": 0}, {"player_id": 7, "response": 15, "award": 0}, {"player_id": 8, "response": 10, "award": 0}, {"player_id": 9, "response": 25, "award": 0}], "total_proposal": 250}, {"responses": [{"player_id": 0, "response": 49, "award": 0}, {"player_id": 1, "response": 40, "award": 0}, {"player_id": 2, "response": 15, "award": 0}, {"player_id": 3, "response": 9, "award": 0}, {"player_id": 4, "response": 14, "award": 0}, {"player_id": 5, "response": 10, "award": 0}, {"player_id": 6, "response": 30, "award": 0}, {"player_id": 7, "response": 10, "award": 0}, {"player_id": 8, "response": 8, "award": 0}, {"player_id": 9, "response": 20, "award": 0}], "total_proposal": 205}, {"responses": [{"player_id": 0, "response": 45, "award": 0}, {"player_id": 1, "response": 20, "award": 0}, {"player_id": 2, "response": 11, "award": 0}, {"player_id": 3, "response": 8, "award": 0}, {"player_id": 4, "response": 50, "award": 0}, {"player_id": 5, "response": 50, "award": 0}, {"player_id": 6, "response": 30, "award": 0}, {"player_id": 7, "response": 50, "award": 0}, {"player_id": 8, "response": 15, "award": 0}, {"player_id": 9, "response": 15, "award": 0}], "total_proposal": 294}, {"responses": [{"player_id": 0, "response": 20, "award": 0}, {"player_id": 1, "response": 15, "award": 0}, {"player_id": 2, "response": 10, "award": 0}, {"player_id": 3, "response": 8, "award": 0}, {"player_id": 4, "response": 20, "award": 0}, {"player_id": 5, "response": 30, "award": 0}, {"player_id": 6, "response": 20, "award": 0}, {"player_id": 7, "response": 30, "award": 0}, {"player_id": 8, "response": 20, "award": 0}, {"player_id": 9, "response": 10, "award": 0}], "total_proposal": 183}, {"responses": [{"player_id": 0, "response": 50, "award": 0}, {"player_id": 1, "response": 50, "award": 0}, {"player_id": 2, "response": 15, "award": 0}, {"player_id": 3, "response": 8, "award": 0}, {"player_id": 4, "response": 50, "award": 0}, {"player_id": 5, "response": 50, "award": 0}, {"player_id": 6, "response": 30, "award": 0}, {"player_id": 7, "response": 45, "award": 0}, {"player_id": 8, "response": 20, "award": 0}, {"player_id": 9, "response": 50, "award": 0}], "total_proposal": 368}, {"responses": [{"player_id": 0, "response": 30, "award": 0}, {"player_id": 1, "response": 40, "award": 0}, {"player_id": 2, "response": 50, "award": 0}, {"player_id": 3, "response": 8, "award": 0}, {"player_id": 4, "response": 45, "award": 0}, {"player_id": 5, "response": 10, "award": 0}, {"player_id": 6, "response": 25, "award": 0}, {"player_id": 7, "response": 25, "award": 0}, {"player_id": 8, "response": 20, "award": 0}, {"player_id": 9, "response": 45, "award": 0}], "total_proposal": 298}, {"responses": [{"player_id": 0, "response": 40, "award": 0}, {"player_id": 1, "response": 30, "award": 0}, {"player_id": 2, "response": 40, "award": 0}, {"player_id": 3, "response": 7, "award": 0}, {"player_id": 4, "response": 30, "award": 0}, {"player_id": 5, "response": 45, "award": 0}, {"player_id": 6, "response": 20, "award": 0}, {"player_id": 7, "response": 30, "award": 0}, {"player_id": 8, "response": 20, "award": 0}, {"player_id": 9, "response": 40, "award": 0}], "total_proposal": 302}, {"responses": [{"player_id": 0, "response": 30, "award": 0}, {"player_id": 1, "response": 35, "award": 0}, {"player_id": 2, "response": 40, "award": 0}, {"player_id": 3, "response": 9, "award": 0}, {"player_id": 4, "response": 15, "award": 0}, {"player_id": 5, "response": 40, "award": 0}, {"player_id": 6, "response": 15, "award": 0}, {"player_id": 7, "response": 30, "award": 0}, {"player_id": 8, "response": 20, "award": 0}, {"player_id": 9, "response": 30, "award": 0}], "total_proposal": 264}]}