{"meta": {"name_exp": "divide_dollar", "player_num": 10, "golds": 100, "version": "v1", "lang_agent": "<xoEciVX>", "round": 20, "run": 5}, "round_records": [{"responses": [{"player_id": 0, "response": 10, "award": 0}, {"player_id": 1, "response": 9, "award": 0}, {"player_id": 2, "response": 10, "award": 0}, {"player_id": 3, "response": 99, "award": 0}, {"player_id": 4, "response": 9, "award": 0}, {"player_id": 5, "response": 10, "award": 0}, {"player_id": 6, "response": 10, "award": 0}, {"player_id": 7, "response": 9, "award": 0}, {"player_id": 8, "response": 99, "award": 0}, {"player_id": 9, "response": 10, "award": 0}], "total_proposal": 275}, {"responses": [{"player_id": 0, "response": 10, "award": 0}, {"player_id": 1, "response": 8, "award": 0}, {"player_id": 2, "response": 10, "award": 0}, {"player_id": 3, "response": 49, "award": 0}, {"player_id": 4, "response": 8, "award": 0}, {"player_id": 5, "response": 10, "award": 0}, {"player_id": 6, "response": 10, "award": 0}, {"player_id": 7, "response": 8, "award": 0}, {"player_id": 8, "response": 10, "award": 0}, {"player_id": 9, "response": 8, "award": 0}], "total_proposal": 131}, {"responses": [{"player_id": 0, "response": 10, "award": 0}, {"player_id": 1, "response": 7, "award": 0}, {"player_id": 2, "response": 10, "award": 0}, {"player_id": 3, "response": 20, "award": 0}, {"player_id": 4, "response": 7, "award": 0}, {"player_id": 5, "response": 10, "award": 0}, {"player_id": 6, "response": 10, "award": 0}, {"player_id": 7, "response": 7, "award": 0}, {"player_id": 8, "response": 50, "award": 0}, {"player_id": 9, "response": 5, "award": 0}], "total_proposal": 136}, {"responses": [{"player_id": 0, "response": 10, "award": 0}, {"player_id": 1, "response": 6, "award": 0}, {"player_id": 2, "response": 9, "award": 0}, {"player_id": 3, "response": 50, "award": 0}, {"player_id": 4, "response": 6, "award": 0}, {"player_id": 5, "response": 10, "award": 0}, {"player_id": 6, "response": 10, "award": 0}, {"player_id": 7, "response": 6, "award": 0}, {"player_id": 8, "response": 49, "award": 0}, {"player_id": 9, "response": 1, "award": 0}], "total_proposal": 157}, {"responses": [{"player_id": 0, "response": 9, "award": 0}, {"player_id": 1, "response": 5, "award": 0}, {"player_id": 2, "response": 8, "award": 0}, {"player_id": 3, "response": 16, "award": 0}, {"player_id": 4, "response": 5, "award": 0}, {"player_id": 5, "response": 10, "award": 0}, {"player_id": 6, "response": 10, "award": 0}, {"player_id": 7, "response": 5, "award": 0}, {"player_id": 8, "response": 30, "award": 0}, {"player_id": 9, "response": 10, "award": 0}], "total_proposal": 108}, {"responses": [{"player_id": 0, "response": 8, "award": 0}, {"player_id": 1, "response": 9, "award": 0}, {"player_id": 2, "response": 10, "award": 0}, {"player_id": 3, "response": 14, "award": 0}, {"player_id": 4, "response": 10, "award": 0}, {"player_id": 5, "response": 9, "award": 0}, {"player_id": 6, "response": 9, "award": 0}, {"player_id": 7, "response": 10, "award": 0}, {"player_id": 8, "response": 19, "award": 0}, {"player_id": 9, "response": 5, "award": 0}], "total_proposal": 103}, {"responses": [{"player_id": 0, "response": 9, "award": 0}, {"player_id": 1, "response": 10, "award": 0}, {"player_id": 2, "response": 17, "award": 0}, {"player_id": 3, "response": 10, "award": 0}, {"player_id": 4, "response": 9, "award": 0}, {"player_id": 5, "response": 8, "award": 0}, {"player_id": 6, "response": 8, "award": 0}, {"player_id": 7, "response": 9, "award": 0}, {"player_id": 8, "response": 20, "award": 0}, {"player_id": 9, "response": 10, "award": 0}], "total_proposal": 110}, {"responses": [{"player_id": 0, "response": 8, "award": 8}, {"player_id": 1, "response": 8, "award": 8}, {"player_id": 2, "response": 9, "award": 9}, {"player_id": 3, "response": 9, "award": 9}, {"player_id": 4, "response": 8, "award": 8}, {"player_id": 5, "response": 7, "award": 7}, {"player_id": 6, "response": 9, "award": 9}, {"player_id": 7, "response": 8, "award": 8}, {"player_id": 8, "response": 10, "award": 10}, {"player_id": 9, "response": 5, "award": 5}], "total_proposal": 81}, {"responses": [{"player_id": 0, "response": 18, "award": 0}, {"player_id": 1, "response": 20, "award": 0}, {"player_id": 2, "response": 20, "award": 0}, {"player_id": 3, "response": 15, "award": 0}, {"player_id": 4, "response": 10, "award": 0}, {"player_id": 5, "response": 10, "award": 0}, {"player_id": 6, "response": 15, "award": 0}, {"player_id": 7, "response": 15, "award": 0}, {"player_id": 8, "response": 50, "award": 0}, {"player_id": 9, "response": 20, "award": 0}], "total_proposal": 193}, {"responses": [{"player_id": 0, "response": 10, "award": 0}, {"player_id": 1, "response": 15, "award": 0}, {"player_id": 2, "response": 15, "award": 0}, {"player_id": 3, "response": 50, "award": 0}, {"player_id": 4, "response": 10, "award": 0}, {"player_id": 5, "response": 10, "award": 0}, {"player_id": 6, "response": 15, "award": 0}, {"player_id": 7, "response": 50, "award": 0}, {"player_id": 8, "response": 40, "award": 0}, {"player_id": 9, "response": 10, "award": 0}], "total_proposal": 225}, {"responses": [{"player_id": 0, "response": 10, "award": 0}, {"player_id": 1, "response": 10, "award": 0}, {"player_id": 2, "response": 10, "award": 0}, {"player_id": 3, "response": 50, "award": 0}, {"player_id": 4, "response": 10, "award": 0}, {"player_id": 5, "response": 99, "award": 0}, {"player_id": 6, "response": 10, "award": 0}, {"player_id": 7, "response": 50, "award": 0}, {"player_id": 8, "response": 30, "award": 0}, {"player_id": 9, "response": 10, "award": 0}], "total_proposal": 289}, {"responses": [{"player_id": 0, "response": 10, "award": 0}, {"player_id": 1, "response": 15, "award": 0}, {"player_id": 2, "response": 50, "award": 0}, {"player_id": 3, "response": 1, "award": 0}, {"player_id": 4, "response": 10, "award": 0}, {"player_id": 5, "response": 49, "award": 0}, {"player_id": 6, "response": 40, "award": 0}, {"player_id": 7, "response": 45, "award": 0}, {"player_id": 8, "response": 10, "award": 0}, {"player_id": 9, "response": 10, "award": 0}], "total_proposal": 240}, {"responses": [{"player_id": 0, "response": 20, "award": 0}, {"player_id": 1, "response": 10, "award": 0}, {"player_id": 2, "response": 99, "award": 0}, {"player_id": 3, "response": 50, "award": 0}, {"player_id": 4, "response": 10, "award": 0}, {"player_id": 5, "response": 30, "award": 0}, {"player_id": 6, "response": 10, "award": 0}, {"player_id": 7, "response": 10, "award": 0}, {"player_id": 8, "response": 50, "award": 0}, {"player_id": 9, "response": 10, "award": 0}], "total_proposal": 299}, {"responses": [{"player_id": 0, "response": 5, "award": 0}, {"player_id": 1, "response": 9, "award": 0}, {"player_id": 2, "response": 1, "award": 0}, {"player_id": 3, "response": 10, "award": 0}, {"player_id": 4, "response": 9, "award": 0}, {"player_id": 5, "response": 20, "award": 0}, {"player_id": 6, "response": 10, "award": 0}, {"player_id": 7, "response": 5, "award": 0}, {"player_id": 8, "response": 49, "award": 0}, {"player_id": 9, "response": 10, "award": 0}], "total_proposal": 128}, {"responses": [{"player_id": 0, "response": 50, "award": 0}, {"player_id": 1, "response": 10, "award": 0}, {"player_id": 2, "response": 50, "award": 0}, {"player_id": 3, "response": 98, "award": 0}, {"player_id": 4, "response": 15, "award": 0}, {"player_id": 5, "response": 50, "award": 0}, {"player_id": 6, "response": 50, "award": 0}, {"player_id": 7, "response": 30, "award": 0}, {"player_id": 8, "response": 50, "award": 0}, {"player_id": 9, "response": 100, "award": 0}], "total_proposal": 503}, {"responses": [{"player_id": 0, "response": 45, "award": 0}, {"player_id": 1, "response": 50, "award": 0}, {"player_id": 2, "response": 100, "award": 0}, {"player_id": 3, "response": 49, "award": 0}, {"player_id": 4, "response": 50, "award": 0}, {"player_id": 5, "response": 80, "award": 0}, {"player_id": 6, "response": 50, "award": 0}, {"player_id": 7, "response": 10, "award": 0}, {"player_id": 8, "response": 100, "award": 0}, {"player_id": 9, "response": 10, "award": 0}], "total_proposal": 544}, {"responses": [{"player_id": 0, "response": 30, "award": 0}, {"player_id": 1, "response": 20, "award": 0}, {"player_id": 2, "response": 50, "award": 0}, {"player_id": 3, "response": 99, "award": 0}, {"player_id": 4, "response": 40, "award": 0}, {"player_id": 5, "response": 65, "award": 0}, {"player_id": 6, "response": 10, "award": 0}, {"player_id": 7, "response": 15, "award": 0}, {"player_id": 8, "response": 50, "award": 0}, {"player_id": 9, "response": 10, "award": 0}], "total_proposal": 389}, {"responses": [{"player_id": 0, "response": 15, "award": 0}, {"player_id": 1, "response": 15, "award": 0}, {"player_id": 2, "response": 10, "award": 0}, {"player_id": 3, "response": 10, "award": 0}, {"player_id": 4, "response": 10, "award": 0}, {"player_id": 5, "response": 50, "award": 0}, {"player_id": 6, "response": 45, "award": 0}, {"player_id": 7, "response": 20, "award": 0}, {"player_id": 8, "response": 30, "award": 0}, {"player_id": 9, "response": 10, "award": 0}], "total_proposal": 215}, {"responses": [{"player_id": 0, "response": 5, "award": 0}, {"player_id": 1, "response": 15, "award": 0}, {"player_id": 2, "response": 10, "award": 0}, {"player_id": 3, "response": 30, "award": 0}, {"player_id": 4, "response": 50, "award": 0}, {"player_id": 5, "response": 45, "award": 0}, {"player_id": 6, "response": 30, "award": 0}, {"player_id": 7, "response": 45, "award": 0}, {"player_id": 8, "response": 30, "award": 0}, {"player_id": 9, "response": 20, "award": 0}], "total_proposal": 280}, {"responses": [{"player_id": 0, "response": 10, "award": 0}, {"player_id": 1, "response": 9, "award": 0}, {"player_id": 2, "response": 10, "award": 0}, {"player_id": 3, "response": 10, "award": 0}, {"player_id": 4, "response": 40, "award": 0}, {"player_id": 5, "response": 30, "award": 0}, {"player_id": 6, "response": 25, "award": 0}, {"player_id": 7, "response": 50, "award": 0}, {"player_id": 8, "response": 50, "award": 0}, {"player_id": 9, "response": 50, "award": 0}], "total_proposal": 284}]}