{"meta": {"name_exp": "divide_dollar", "player_num": 10, "golds": 100, "version": "v1", "lang_agent": "<xoEciVX>", "round": 20, "run": 2}, "round_records": [{"responses": [{"player_id": 0, "response": 10, "award": 0}, {"player_id": 1, "response": 95, "award": 0}, {"player_id": 2, "response": 10, "award": 0}, {"player_id": 3, "response": 9, "award": 0}, {"player_id": 4, "response": 10, "award": 0}, {"player_id": 5, "response": 5, "award": 0}, {"player_id": 6, "response": 5, "award": 0}, {"player_id": 7, "response": 10, "award": 0}, {"player_id": 8, "response": 10, "award": 0}, {"player_id": 9, "response": 100, "award": 0}], "total_proposal": 264}, {"responses": [{"player_id": 0, "response": 10, "award": 0}, {"player_id": 1, "response": 45, "award": 0}, {"player_id": 2, "response": 10, "award": 0}, {"player_id": 3, "response": 5, "award": 0}, {"player_id": 4, "response": 10, "award": 0}, {"player_id": 5, "response": 9, "award": 0}, {"player_id": 6, "response": 5, "award": 0}, {"player_id": 7, "response": 10, "award": 0}, {"player_id": 8, "response": 10, "award": 0}, {"player_id": 9, "response": 10, "award": 0}], "total_proposal": 124}, {"responses": [{"player_id": 0, "response": 10, "award": 0}, {"player_id": 1, "response": 50, "award": 0}, {"player_id": 2, "response": 10, "award": 0}, {"player_id": 3, "response": 10, "award": 0}, {"player_id": 4, "response": 10, "award": 0}, {"player_id": 5, "response": 8, "award": 0}, {"player_id": 6, "response": 10, "award": 0}, {"player_id": 7, "response": 10, "award": 0}, {"player_id": 8, "response": 10, "award": 0}, {"player_id": 9, "response": 10, "award": 0}], "total_proposal": 138}, {"responses": [{"player_id": 0, "response": 10, "award": 0}, {"player_id": 1, "response": 40, "award": 0}, {"player_id": 2, "response": 10, "award": 0}, {"player_id": 3, "response": 8, "award": 0}, {"player_id": 4, "response": 10, "award": 0}, {"player_id": 5, "response": 7, "award": 0}, {"player_id": 6, "response": 10, "award": 0}, {"player_id": 7, "response": 10, "award": 0}, {"player_id": 8, "response": 10, "award": 0}, {"player_id": 9, "response": 10, "award": 0}], "total_proposal": 125}, {"responses": [{"player_id": 0, "response": 10, "award": 0}, {"player_id": 1, "response": 20, "award": 0}, {"player_id": 2, "response": 10, "award": 0}, {"player_id": 3, "response": 7, "award": 0}, {"player_id": 4, "response": 10, "award": 0}, {"player_id": 5, "response": 6, "award": 0}, {"player_id": 6, "response": 15, "award": 0}, {"player_id": 7, "response": 10, "award": 0}, {"player_id": 8, "response": 10, "award": 0}, {"player_id": 9, "response": 10, "award": 0}], "total_proposal": 108}, {"responses": [{"player_id": 0, "response": 9, "award": 9}, {"player_id": 1, "response": 10, "award": 10}, {"player_id": 2, "response": 9, "award": 9}, {"player_id": 3, "response": 9, "award": 9}, {"player_id": 4, "response": 9, "award": 9}, {"player_id": 5, "response": 5, "award": 5}, {"player_id": 6, "response": 12, "award": 12}, {"player_id": 7, "response": 9, "award": 9}, {"player_id": 8, "response": 9, "award": 9}, {"player_id": 9, "response": 9, "award": 9}], "total_proposal": 90}, {"responses": [{"player_id": 0, "response": 11, "award": 0}, {"player_id": 1, "response": 50, "award": 0}, {"player_id": 2, "response": 15, "award": 0}, {"player_id": 3, "response": 10, "award": 0}, {"player_id": 4, "response": 100, "award": 0}, {"player_id": 5, "response": 25, "award": 0}, {"player_id": 6, "response": 20, "award": 0}, {"player_id": 7, "response": 11, "award": 0}, {"player_id": 8, "response": 15, "award": 0}, {"player_id": 9, "response": 15, "award": 0}], "total_proposal": 272}, {"responses": [{"player_id": 0, "response": 15, "award": 0}, {"player_id": 1, "response": 50, "award": 0}, {"player_id": 2, "response": 10, "award": 0}, {"player_id": 3, "response": 8, "award": 0}, {"player_id": 4, "response": 50, "award": 0}, {"player_id": 5, "response": 20, "award": 0}, {"player_id": 6, "response": 10, "award": 0}, {"player_id": 7, "response": 50, "award": 0}, {"player_id": 8, "response": 8, "award": 0}, {"player_id": 9, "response": 16, "award": 0}], "total_proposal": 237}, {"responses": [{"player_id": 0, "response": 8, "award": 0}, {"player_id": 1, "response": 10, "award": 0}, {"player_id": 2, "response": 9, "award": 0}, {"player_id": 3, "response": 7, "award": 0}, {"player_id": 4, "response": 50, "award": 0}, {"player_id": 5, "response": 15, "award": 0}, {"player_id": 6, "response": 15, "award": 0}, {"player_id": 7, "response": 49, "award": 0}, {"player_id": 8, "response": 15, "award": 0}, {"player_id": 9, "response": 14, "award": 0}], "total_proposal": 192}, {"responses": [{"player_id": 0, "response": 15, "award": 0}, {"player_id": 1, "response": 45, "award": 0}, {"player_id": 2, "response": 15, "award": 0}, {"player_id": 3, "response": 10, "award": 0}, {"player_id": 4, "response": 50, "award": 0}, {"player_id": 5, "response": 10, "award": 0}, {"player_id": 6, "response": 20, "award": 0}, {"player_id": 7, "response": 50, "award": 0}, {"player_id": 8, "response": 16, "award": 0}, {"player_id": 9, "response": 11, "award": 0}], "total_proposal": 242}, {"responses": [{"player_id": 0, "response": 9, "award": 0}, {"player_id": 1, "response": 30, "award": 0}, {"player_id": 2, "response": 14, "award": 0}, {"player_id": 3, "response": 9, "award": 0}, {"player_id": 4, "response": 30, "award": 0}, {"player_id": 5, "response": 10, "award": 0}, {"player_id": 6, "response": 20, "award": 0}, {"player_id": 7, "response": 50, "award": 0}, {"player_id": 8, "response": 15, "award": 0}, {"player_id": 9, "response": 10, "award": 0}], "total_proposal": 197}, {"responses": [{"player_id": 0, "response": 20, "award": 0}, {"player_id": 1, "response": 25, "award": 0}, {"player_id": 2, "response": 8, "award": 0}, {"player_id": 3, "response": 8, "award": 0}, {"player_id": 4, "response": 35, "award": 0}, {"player_id": 5, "response": 187, "award": 0}, {"player_id": 6, "response": 30, "award": 0}, {"player_id": 7, "response": 10, "award": 0}, {"player_id": 8, "response": 9, "award": 0}, {"player_id": 9, "response": 5, "award": 0}], "total_proposal": 337}, {"responses": [{"player_id": 0, "response": 98, "award": 0}, {"player_id": 1, "response": 50, "award": 0}, {"player_id": 2, "response": 8, "award": 0}, {"player_id": 3, "response": 30, "award": 0}, {"player_id": 4, "response": 30, "award": 0}, {"player_id": 5, "response": 9, "award": 0}, {"player_id": 6, "response": 10, "award": 0}, {"player_id": 7, "response": 45, "award": 0}, {"player_id": 8, "response": 1, "award": 0}, {"player_id": 9, "response": 10, "award": 0}], "total_proposal": 291}, {"responses": [{"player_id": 0, "response": 1, "award": 0}, {"player_id": 1, "response": 10, "award": 0}, {"player_id": 2, "response": 10, "award": 0}, {"player_id": 3, "response": 10, "award": 0}, {"player_id": 4, "response": 15, "award": 0}, {"player_id": 5, "response": 9, "award": 0}, {"player_id": 6, "response": 40, "award": 0}, {"player_id": 7, "response": 50, "award": 0}, {"player_id": 8, "response": 10, "award": 0}, {"player_id": 9, "response": 8, "award": 0}], "total_proposal": 163}, {"responses": [{"player_id": 0, "response": 50, "award": 0}, {"player_id": 1, "response": 50, "award": 0}, {"player_id": 2, "response": 15, "award": 0}, {"player_id": 3, "response": 15, "award": 0}, {"player_id": 4, "response": 50, "award": 0}, {"player_id": 5, "response": 50, "award": 0}, {"player_id": 6, "response": 50, "award": 0}, {"player_id": 7, "response": 50, "award": 0}, {"player_id": 8, "response": 50, "award": 0}, {"player_id": 9, "response": 99, "award": 0}], "total_proposal": 479}, {"responses": [{"player_id": 0, "response": 49, "award": 0}, {"player_id": 1, "response": 50, "award": 0}, {"player_id": 2, "response": 11, "award": 0}, {"player_id": 3, "response": 5, "award": 0}, {"player_id": 4, "response": 10, "award": 0}, {"player_id": 5, "response": 45, "award": 0}, {"player_id": 6, "response": 40, "award": 0}, {"player_id": 7, "response": 100, "award": 0}, {"player_id": 8, "response": 50, "award": 0}, {"player_id": 9, "response": 30, "award": 0}], "total_proposal": 390}, {"responses": [{"player_id": 0, "response": 50, "award": 0}, {"player_id": 1, "response": 20, "award": 0}, {"player_id": 2, "response": 9, "award": 0}, {"player_id": 3, "response": 8, "award": 0}, {"player_id": 4, "response": 15, "award": 0}, {"player_id": 5, "response": 30, "award": 0}, {"player_id": 6, "response": 30, "award": 0}, {"player_id": 7, "response": 9, "award": 0}, {"player_id": 8, "response": 40, "award": 0}, {"player_id": 9, "response": 15, "award": 0}], "total_proposal": 226}, {"responses": [{"player_id": 0, "response": 50, "award": 0}, {"player_id": 1, "response": 40, "award": 0}, {"player_id": 2, "response": 15, "award": 0}, {"player_id": 3, "response": 20, "award": 0}, {"player_id": 4, "response": 50, "award": 0}, {"player_id": 5, "response": 10, "award": 0}, {"player_id": 6, "response": 50, "award": 0}, {"player_id": 7, "response": 10, "award": 0}, {"player_id": 8, "response": 30, "award": 0}, {"player_id": 9, "response": 50, "award": 0}], "total_proposal": 325}, {"responses": [{"player_id": 0, "response": 45, "award": 0}, {"player_id": 1, "response": 30, "award": 0}, {"player_id": 2, "response": 8, "award": 0}, {"player_id": 3, "response": 15, "award": 0}, {"player_id": 4, "response": 20, "award": 0}, {"player_id": 5, "response": 15, "award": 0}, {"player_id": 6, "response": 15, "award": 0}, {"player_id": 7, "response": 10, "award": 0}, {"player_id": 8, "response": 20, "award": 0}, {"player_id": 9, "response": 5, "award": 0}], "total_proposal": 183}, {"responses": [{"player_id": 0, "response": 50, "award": 0}, {"player_id": 1, "response": 50, "award": 0}, {"player_id": 2, "response": 17, "award": 0}, {"player_id": 3, "response": 25, "award": 0}, {"player_id": 4, "response": 50, "award": 0}, {"player_id": 5, "response": 10, "award": 0}, {"player_id": 6, "response": 45, "award": 0}, {"player_id": 7, "response": 50, "award": 0}, {"player_id": 8, "response": 17, "award": 0}, {"player_id": 9, "response": 45, "award": 0}], "total_proposal": 359}]}