{"meta": {"name_exp": "divide_dollar", "player_num": 10, "golds": 100, "version": "v1", "lang_agent": "<xoEciVX>", "round": 20, "run": 1}, "round_records": [{"responses": [{"player_id": 0, "response": 99, "award": 0}, {"player_id": 1, "response": 10, "award": 0}, {"player_id": 2, "response": 9, "award": 0}, {"player_id": 3, "response": 10, "award": 0}, {"player_id": 4, "response": 1, "award": 0}, {"player_id": 5, "response": 10, "award": 0}, {"player_id": 6, "response": 10, "award": 0}, {"player_id": 7, "response": 10, "award": 0}, {"player_id": 8, "response": 99, "award": 0}, {"player_id": 9, "response": 10, "award": 0}], "total_proposal": 268}, {"responses": [{"player_id": 0, "response": 1, "award": 0}, {"player_id": 1, "response": 10, "award": 0}, {"player_id": 2, "response": 8, "award": 0}, {"player_id": 3, "response": 32, "award": 0}, {"player_id": 4, "response": 10, "award": 0}, {"player_id": 5, "response": 10, "award": 0}, {"player_id": 6, "response": 10, "award": 0}, {"player_id": 7, "response": 10, "award": 0}, {"player_id": 8, "response": 49, "award": 0}, {"player_id": 9, "response": 10, "award": 0}], "total_proposal": 150}, {"responses": [{"player_id": 0, "response": 49, "award": 0}, {"player_id": 1, "response": 10, "award": 0}, {"player_id": 2, "response": 7, "award": 0}, {"player_id": 3, "response": 25, "award": 0}, {"player_id": 4, "response": 10, "award": 0}, {"player_id": 5, "response": 10, "award": 0}, {"player_id": 6, "response": 10, "award": 0}, {"player_id": 7, "response": 10, "award": 0}, {"player_id": 8, "response": 50, "award": 0}, {"player_id": 9, "response": 10, "award": 0}], "total_proposal": 191}, {"responses": [{"player_id": 0, "response": 50, "award": 0}, {"player_id": 1, "response": 10, "award": 0}, {"player_id": 2, "response": 6, "award": 0}, {"player_id": 3, "response": 20, "award": 0}, {"player_id": 4, "response": 9, "award": 0}, {"player_id": 5, "response": 9, "award": 0}, {"player_id": 6, "response": 10, "award": 0}, {"player_id": 7, "response": 10, "award": 0}, {"player_id": 8, "response": 50, "award": 0}, {"player_id": 9, "response": 10, "award": 0}], "total_proposal": 184}, {"responses": [{"player_id": 0, "response": 49, "award": 0}, {"player_id": 1, "response": 10, "award": 0}, {"player_id": 2, "response": 5, "award": 0}, {"player_id": 3, "response": 19, "award": 0}, {"player_id": 4, "response": 8, "award": 0}, {"player_id": 5, "response": 8, "award": 0}, {"player_id": 6, "response": 10, "award": 0}, {"player_id": 7, "response": 9, "award": 0}, {"player_id": 8, "response": 50, "award": 0}, {"player_id": 9, "response": 9, "award": 0}], "total_proposal": 177}, {"responses": [{"player_id": 0, "response": 50, "award": 0}, {"player_id": 1, "response": 9, "award": 0}, {"player_id": 2, "response": 9, "award": 0}, {"player_id": 3, "response": 18, "award": 0}, {"player_id": 4, "response": 7, "award": 0}, {"player_id": 5, "response": 9, "award": 0}, {"player_id": 6, "response": 9, "award": 0}, {"player_id": 7, "response": 8, "award": 0}, {"player_id": 8, "response": 49, "award": 0}, {"player_id": 9, "response": 19, "award": 0}], "total_proposal": 187}, {"responses": [{"player_id": 0, "response": 40, "award": 0}, {"player_id": 1, "response": 8, "award": 0}, {"player_id": 2, "response": 8, "award": 0}, {"player_id": 3, "response": 17, "award": 0}, {"player_id": 4, "response": 6, "award": 0}, {"player_id": 5, "response": 8, "award": 0}, {"player_id": 6, "response": 8, "award": 0}, {"player_id": 7, "response": 7, "award": 0}, {"player_id": 8, "response": 48, "award": 0}, {"player_id": 9, "response": 8, "award": 0}], "total_proposal": 158}, {"responses": [{"player_id": 0, "response": 30, "award": 0}, {"player_id": 1, "response": 9, "award": 0}, {"player_id": 2, "response": 7, "award": 0}, {"player_id": 3, "response": 16, "award": 0}, {"player_id": 4, "response": 10, "award": 0}, {"player_id": 5, "response": 10, "award": 0}, {"player_id": 6, "response": 15, "award": 0}, {"player_id": 7, "response": 10, "award": 0}, {"player_id": 8, "response": 30, "award": 0}, {"player_id": 9, "response": 15, "award": 0}], "total_proposal": 152}, {"responses": [{"player_id": 0, "response": 48, "award": 0}, {"player_id": 1, "response": 11, "award": 0}, {"player_id": 2, "response": 9, "award": 0}, {"player_id": 3, "response": 44, "award": 0}, {"player_id": 4, "response": 9, "award": 0}, {"player_id": 5, "response": 11, "award": 0}, {"player_id": 6, "response": 15, "award": 0}, {"player_id": 7, "response": 15, "award": 0}, {"player_id": 8, "response": 30, "award": 0}, {"player_id": 9, "response": 14, "award": 0}], "total_proposal": 206}, {"responses": [{"player_id": 0, "response": 42, "award": 0}, {"player_id": 1, "response": 9, "award": 0}, {"player_id": 2, "response": 5, "award": 0}, {"player_id": 3, "response": 10, "award": 0}, {"player_id": 4, "response": 8, "award": 0}, {"player_id": 5, "response": 9, "award": 0}, {"player_id": 6, "response": 17, "award": 0}, {"player_id": 7, "response": 10, "award": 0}, {"player_id": 8, "response": 20, "award": 0}, {"player_id": 9, "response": 11, "award": 0}], "total_proposal": 141}, {"responses": [{"player_id": 0, "response": 50, "award": 0}, {"player_id": 1, "response": 10, "award": 0}, {"player_id": 2, "response": 10, "award": 0}, {"player_id": 3, "response": 11, "award": 0}, {"player_id": 4, "response": 10, "award": 0}, {"player_id": 5, "response": 10, "award": 0}, {"player_id": 6, "response": 18, "award": 0}, {"player_id": 7, "response": 40, "award": 0}, {"player_id": 8, "response": 45, "award": 0}, {"player_id": 9, "response": 9, "award": 0}], "total_proposal": 213}, {"responses": [{"player_id": 0, "response": 1, "award": 0}, {"player_id": 1, "response": 10, "award": 0}, {"player_id": 2, "response": 8, "award": 0}, {"player_id": 3, "response": 9, "award": 0}, {"player_id": 4, "response": 9, "award": 0}, {"player_id": 5, "response": 8, "award": 0}, {"player_id": 6, "response": 99, "award": 0}, {"player_id": 7, "response": 50, "award": 0}, {"player_id": 8, "response": 40, "award": 0}, {"player_id": 9, "response": 10, "award": 0}], "total_proposal": 244}, {"responses": [{"player_id": 0, "response": 50, "award": 0}, {"player_id": 1, "response": 8, "award": 0}, {"player_id": 2, "response": 9, "award": 0}, {"player_id": 3, "response": 10, "award": 0}, {"player_id": 4, "response": 5, "award": 0}, {"player_id": 5, "response": 9, "award": 0}, {"player_id": 6, "response": 1, "award": 0}, {"player_id": 7, "response": 50, "award": 0}, {"player_id": 8, "response": 35, "award": 0}, {"player_id": 9, "response": 9, "award": 0}], "total_proposal": 186}, {"responses": [{"player_id": 0, "response": 47, "award": 0}, {"player_id": 1, "response": 9, "award": 0}, {"player_id": 2, "response": 9, "award": 0}, {"player_id": 3, "response": 50, "award": 0}, {"player_id": 4, "response": 10, "award": 0}, {"player_id": 5, "response": 8, "award": 0}, {"player_id": 6, "response": 5, "award": 0}, {"player_id": 7, "response": 30, "award": 0}, {"player_id": 8, "response": 10, "award": 0}, {"player_id": 9, "response": 18, "award": 0}], "total_proposal": 196}, {"responses": [{"player_id": 0, "response": 20, "award": 0}, {"player_id": 1, "response": 9, "award": 0}, {"player_id": 2, "response": 10, "award": 0}, {"player_id": 3, "response": 49, "award": 0}, {"player_id": 4, "response": 9, "award": 0}, {"player_id": 5, "response": 9, "award": 0}, {"player_id": 6, "response": 48, "award": 0}, {"player_id": 7, "response": 40, "award": 0}, {"player_id": 8, "response": 15, "award": 0}, {"player_id": 9, "response": 10, "award": 0}], "total_proposal": 219}, {"responses": [{"player_id": 0, "response": 30, "award": 0}, {"player_id": 1, "response": 9, "award": 0}, {"player_id": 2, "response": 5, "award": 0}, {"player_id": 3, "response": 20, "award": 0}, {"player_id": 4, "response": 5, "award": 0}, {"player_id": 5, "response": 8, "award": 0}, {"player_id": 6, "response": 35, "award": 0}, {"player_id": 7, "response": 20, "award": 0}, {"player_id": 8, "response": 12, "award": 0}, {"player_id": 9, "response": 11, "award": 0}], "total_proposal": 155}, {"responses": [{"player_id": 0, "response": 50, "award": 0}, {"player_id": 1, "response": 10, "award": 0}, {"player_id": 2, "response": 6, "award": 0}, {"player_id": 3, "response": 25, "award": 0}, {"player_id": 4, "response": 10, "award": 0}, {"player_id": 5, "response": 15, "award": 0}, {"player_id": 6, "response": 25, "award": 0}, {"player_id": 7, "response": 10, "award": 0}, {"player_id": 8, "response": 25, "award": 0}, {"player_id": 9, "response": 15, "award": 0}], "total_proposal": 191}, {"responses": [{"player_id": 0, "response": 50, "award": 0}, {"player_id": 1, "response": 9, "award": 0}, {"player_id": 2, "response": 6, "award": 0}, {"player_id": 3, "response": 20, "award": 0}, {"player_id": 4, "response": 8, "award": 0}, {"player_id": 5, "response": 9, "award": 0}, {"player_id": 6, "response": 20, "award": 0}, {"player_id": 7, "response": 15, "award": 0}, {"player_id": 8, "response": 20, "award": 0}, {"player_id": 9, "response": 14, "award": 0}], "total_proposal": 171}, {"responses": [{"player_id": 0, "response": 30, "award": 0}, {"player_id": 1, "response": 9, "award": 0}, {"player_id": 2, "response": 4, "award": 0}, {"player_id": 3, "response": 15, "award": 0}, {"player_id": 4, "response": 5, "award": 0}, {"player_id": 5, "response": 9, "award": 0}, {"player_id": 6, "response": 16, "award": 0}, {"player_id": 7, "response": 10, "award": 0}, {"player_id": 8, "response": 15, "award": 0}, {"player_id": 9, "response": 12, "award": 0}], "total_proposal": 125}, {"responses": [{"player_id": 0, "response": 49, "award": 0}, {"player_id": 1, "response": 15, "award": 0}, {"player_id": 2, "response": 10, "award": 0}, {"player_id": 3, "response": 65, "award": 0}, {"player_id": 4, "response": 25, "award": 0}, {"player_id": 5, "response": 10, "award": 0}, {"player_id": 6, "response": 64, "award": 0}, {"player_id": 7, "response": 50, "award": 0}, {"player_id": 8, "response": 50, "award": 0}, {"player_id": 9, "response": 25, "award": 0}], "total_proposal": 363}]}