{"meta": {"name_exp": "divide_dollar", "player_num": 10, "golds": 100, "version": "v1", "lang_agent": "<Z3cCMo0>", "round": 20, "run": 5}, "round_records": [{"responses": [{"player_id": 0, "response": 10, "award": 0}, {"player_id": 1, "response": 10, "award": 0}, {"player_id": 2, "response": 20, "award": 0}, {"player_id": 3, "response": 10, "award": 0}, {"player_id": 4, "response": 10, "award": 0}, {"player_id": 5, "response": 10, "award": 0}, {"player_id": 6, "response": 10, "award": 0}, {"player_id": 7, "response": 10, "award": 0}, {"player_id": 8, "response": 10, "award": 0}, {"player_id": 9, "response": 10, "award": 0}], "total_proposal": 110}, {"responses": [{"player_id": 0, "response": 8, "award": 8}, {"player_id": 1, "response": 5, "award": 5}, {"player_id": 2, "response": 10, "award": 10}, {"player_id": 3, "response": 7, "award": 7}, {"player_id": 4, "response": 9, "award": 9}, {"player_id": 5, "response": 8, "award": 8}, {"player_id": 6, "response": 8, "award": 8}, {"player_id": 7, "response": 8, "award": 8}, {"player_id": 8, "response": 5, "award": 5}, {"player_id": 9, "response": 9, "award": 9}], "total_proposal": 77}, {"responses": [{"player_id": 0, "response": 12, "award": 0}, {"player_id": 1, "response": 15, "award": 0}, {"player_id": 2, "response": 15, "award": 0}, {"player_id": 3, "response": 15, "award": 0}, {"player_id": 4, "response": 12, "award": 0}, {"player_id": 5, "response": 15, "award": 0}, {"player_id": 6, "response": 15, "award": 0}, {"player_id": 7, "response": 15, "award": 0}, {"player_id": 8, "response": 15, "award": 0}, {"player_id": 9, "response": 15, "award": 0}], "total_proposal": 144}, {"responses": [{"player_id": 0, "response": 7, "award": 7}, {"player_id": 1, "response": 10, "award": 10}, {"player_id": 2, "response": 8, "award": 8}, {"player_id": 3, "response": 8, "award": 8}, {"player_id": 4, "response": 15, "award": 15}, {"player_id": 5, "response": 7, "award": 7}, {"player_id": 6, "response": 5, "award": 5}, {"player_id": 7, "response": 5, "award": 5}, {"player_id": 8, "response": 8, "award": 8}, {"player_id": 9, "response": 8, "award": 8}], "total_proposal": 81}, {"responses": [{"player_id": 0, "response": 20, "award": 0}, {"player_id": 1, "response": 20, "award": 0}, {"player_id": 2, "response": 25, "award": 0}, {"player_id": 3, "response": 20, "award": 0}, {"player_id": 4, "response": 20, "award": 0}, {"player_id": 5, "response": 20, "award": 0}, {"player_id": 6, "response": 20, "award": 0}, {"player_id": 7, "response": 20, "award": 0}, {"player_id": 8, "response": 12, "award": 0}, {"player_id": 9, "response": 20, "award": 0}], "total_proposal": 197}, {"responses": [{"player_id": 0, "response": 5, "award": 5}, {"player_id": 1, "response": 8, "award": 8}, {"player_id": 2, "response": 7, "award": 7}, {"player_id": 3, "response": 5, "award": 5}, {"player_id": 4, "response": 10, "award": 10}, {"player_id": 5, "response": 5, "award": 5}, {"player_id": 6, "response": 9, "award": 9}, {"player_id": 7, "response": 7, "award": 7}, {"player_id": 8, "response": 7, "award": 7}, {"player_id": 9, "response": 7, "award": 7}], "total_proposal": 70}, {"responses": [{"player_id": 0, "response": 25, "award": 0}, {"player_id": 1, "response": 25, "award": 0}, {"player_id": 2, "response": 12, "award": 0}, {"player_id": 3, "response": 30, "award": 0}, {"player_id": 4, "response": 20, "award": 0}, {"player_id": 5, "response": 25, "award": 0}, {"player_id": 6, "response": 12, "award": 0}, {"player_id": 7, "response": 25, "award": 0}, {"player_id": 8, "response": 20, "award": 0}, {"player_id": 9, "response": 30, "award": 0}], "total_proposal": 224}, {"responses": [{"player_id": 0, "response": 3, "award": 3}, {"player_id": 1, "response": 7, "award": 7}, {"player_id": 2, "response": 5, "award": 5}, {"player_id": 3, "response": 10, "award": 10}, {"player_id": 4, "response": 8, "award": 8}, {"player_id": 5, "response": 3, "award": 3}, {"player_id": 6, "response": 7, "award": 7}, {"player_id": 7, "response": 3, "award": 3}, {"player_id": 8, "response": 3, "award": 3}, {"player_id": 9, "response": 5, "award": 5}], "total_proposal": 54}, {"responses": [{"player_id": 0, "response": 10, "award": 0}, {"player_id": 1, "response": 13, "award": 0}, {"player_id": 2, "response": 10, "award": 0}, {"player_id": 3, "response": 12, "award": 0}, {"player_id": 4, "response": 10, "award": 0}, {"player_id": 5, "response": 10, "award": 0}, {"player_id": 6, "response": 10, "award": 0}, {"player_id": 7, "response": 10, "award": 0}, {"player_id": 8, "response": 25, "award": 0}, {"player_id": 9, "response": 25, "award": 0}], "total_proposal": 135}, {"responses": [{"player_id": 0, "response": 9, "award": 9}, {"player_id": 1, "response": 12, "award": 12}, {"player_id": 2, "response": 8, "award": 8}, {"player_id": 3, "response": 8, "award": 8}, {"player_id": 4, "response": 5, "award": 5}, {"player_id": 5, "response": 8, "award": 8}, {"player_id": 6, "response": 8, "award": 8}, {"player_id": 7, "response": 9, "award": 9}, {"player_id": 8, "response": 10, "award": 10}, {"player_id": 9, "response": 2, "award": 2}], "total_proposal": 79}, {"responses": [{"player_id": 0, "response": 7, "award": 0}, {"player_id": 1, "response": 18, "award": 0}, {"player_id": 2, "response": 12, "award": 0}, {"player_id": 3, "response": 7, "award": 0}, {"player_id": 4, "response": 12, "award": 0}, {"player_id": 5, "response": 10, "award": 0}, {"player_id": 6, "response": 15, "award": 0}, {"player_id": 7, "response": 12, "award": 0}, {"player_id": 8, "response": 9, "award": 0}, {"player_id": 9, "response": 10, "award": 0}], "total_proposal": 112}, {"responses": [{"player_id": 0, "response": 6, "award": 6}, {"player_id": 1, "response": 8, "award": 8}, {"player_id": 2, "response": 10, "award": 10}, {"player_id": 3, "response": 10, "award": 10}, {"player_id": 4, "response": 9, "award": 9}, {"player_id": 5, "response": 7, "award": 7}, {"player_id": 6, "response": 7, "award": 7}, {"player_id": 7, "response": 6, "award": 6}, {"player_id": 8, "response": 8, "award": 8}, {"player_id": 9, "response": 8, "award": 8}], "total_proposal": 79}, {"responses": [{"player_id": 0, "response": 15, "award": 0}, {"player_id": 1, "response": 10, "award": 0}, {"player_id": 2, "response": 7, "award": 0}, {"player_id": 3, "response": 15, "award": 0}, {"player_id": 4, "response": 8, "award": 0}, {"player_id": 5, "response": 15, "award": 0}, {"player_id": 6, "response": 10, "award": 0}, {"player_id": 7, "response": 10, "award": 0}, {"player_id": 8, "response": 7, "award": 0}, {"player_id": 9, "response": 15, "award": 0}], "total_proposal": 112}, {"responses": [{"player_id": 0, "response": 8, "award": 8}, {"player_id": 1, "response": 6, "award": 6}, {"player_id": 2, "response": 6, "award": 6}, {"player_id": 3, "response": 8, "award": 8}, {"player_id": 4, "response": 7, "award": 7}, {"player_id": 5, "response": 8, "award": 8}, {"player_id": 6, "response": 8, "award": 8}, {"player_id": 7, "response": 8, "award": 8}, {"player_id": 8, "response": 6, "award": 6}, {"player_id": 9, "response": 7, "award": 7}], "total_proposal": 72}, {"responses": [{"player_id": 0, "response": 10, "award": 0}, {"player_id": 1, "response": 9, "award": 0}, {"player_id": 2, "response": 9, "award": 0}, {"player_id": 3, "response": 12, "award": 0}, {"player_id": 4, "response": 10, "award": 0}, {"player_id": 5, "response": 20, "award": 0}, {"player_id": 6, "response": 10, "award": 0}, {"player_id": 7, "response": 20, "award": 0}, {"player_id": 8, "response": 9, "award": 0}, {"player_id": 9, "response": 10, "award": 0}], "total_proposal": 119}, {"responses": [{"player_id": 0, "response": 7, "award": 7}, {"player_id": 1, "response": 3, "award": 3}, {"player_id": 2, "response": 4, "award": 4}, {"player_id": 3, "response": 7, "award": 7}, {"player_id": 4, "response": 8, "award": 8}, {"player_id": 5, "response": 5, "award": 5}, {"player_id": 6, "response": 4, "award": 4}, {"player_id": 7, "response": 7, "award": 7}, {"player_id": 8, "response": 5, "award": 5}, {"player_id": 9, "response": 5, "award": 5}], "total_proposal": 55}, {"responses": [{"player_id": 0, "response": 12, "award": 0}, {"player_id": 1, "response": 7, "award": 0}, {"player_id": 2, "response": 10, "award": 0}, {"player_id": 3, "response": 10, "award": 0}, {"player_id": 4, "response": 15, "award": 0}, {"player_id": 5, "response": 10, "award": 0}, {"player_id": 6, "response": 9, "award": 0}, {"player_id": 7, "response": 10, "award": 0}, {"player_id": 8, "response": 7, "award": 0}, {"player_id": 9, "response": 12, "award": 0}], "total_proposal": 102}, {"responses": [{"player_id": 0, "response": 6, "award": 6}, {"player_id": 1, "response": 5, "award": 5}, {"player_id": 2, "response": 7, "award": 7}, {"player_id": 3, "response": 6, "award": 6}, {"player_id": 4, "response": 7, "award": 7}, {"player_id": 5, "response": 7, "award": 7}, {"player_id": 6, "response": 7, "award": 7}, {"player_id": 7, "response": 6, "award": 6}, {"player_id": 8, "response": 4, "award": 4}, {"player_id": 9, "response": 6, "award": 6}], "total_proposal": 61}, {"responses": [{"player_id": 0, "response": 10, "award": 0}, {"player_id": 1, "response": 10, "award": 0}, {"player_id": 2, "response": 10, "award": 0}, {"player_id": 3, "response": 10, "award": 0}, {"player_id": 4, "response": 15, "award": 0}, {"player_id": 5, "response": 15, "award": 0}, {"player_id": 6, "response": 10, "award": 0}, {"player_id": 7, "response": 11, "award": 0}, {"player_id": 8, "response": 10, "award": 0}, {"player_id": 9, "response": 20, "award": 0}], "total_proposal": 121}, {"responses": [{"player_id": 0, "response": 5, "award": 5}, {"player_id": 1, "response": 7, "award": 7}, {"player_id": 2, "response": 6, "award": 6}, {"player_id": 3, "response": 5, "award": 5}, {"player_id": 4, "response": 10, "award": 10}, {"player_id": 5, "response": 10, "award": 10}, {"player_id": 6, "response": 5, "award": 5}, {"player_id": 7, "response": 5, "award": 5}, {"player_id": 8, "response": 8, "award": 8}, {"player_id": 9, "response": 5, "award": 5}], "total_proposal": 66}]}