participant,condition,mental_demand,physical_demand,temporal_demand,performance,effort,frustration
p1,touch,10,0,20,100,30,20
p1,mouse,20,30,40,100,20,10
p1,pointer,40,50,60,100,60,30
p2,touch,30,10,10,80,100,40
p2,mouse,0,0,20,100,100,0
p2,pointer,10,0,10,100,100,0
p3,touch,30,10,10,100,10,10
p3,mouse,20,20,10,80,10,10
p3,pointer,10,10,10,100,10,10
p4,touch,50,50,80,100,10,0
p4,mouse,70,70,0,100,0,0
p4,pointer,80,80,90,100,10,0
p5,touch,100,100,100,95,100,100
p5,mouse,100,0,70,95,100,100
p5,pointer,80,100,70,100,100,90
