[
  {
    "Agent": "planner",
    "Cost ($)": 0.071754,
    "Prompt Tokens": 25021.0,
    "Completion Tokens": 2714.0,
    "Total Tokens": 27735.0
  },
  {
    "Agent": "terminator",
    "Cost ($)": 0.015204,
    "Prompt Tokens": 7598.0,
    "Completion Tokens": 1.0,
    "Total Tokens": 7599.0
  },
  {
    "Agent": "plan setter",
    "Cost ($)": 0.013636,
    "Prompt Tokens": 6774.0,
    "Completion Tokens": 11.0,
    "Total Tokens": 6785.0
  },
  {
    "Agent": "plan reviewer",
    "Cost ($)": 0.0139227,
    "Prompt Tokens": 10693.0,
    "Completion Tokens": 491.0,
    "Total Tokens": 11184.0
  },
  {
    "Agent": "reviewer response formatter",
    "Cost ($)": 0.003692,
    "Prompt Tokens": 450.0,
    "Completion Tokens": 349.0,
    "Total Tokens": 799.0
  },
  {
    "Agent": "planner response formatter",
    "Cost ($)": 0.025894,
    "Prompt Tokens": 3467.0,
    "Completion Tokens": 2370.0,
    "Total Tokens": 5837.0
  },
  {
    "Agent": "plan recorder",
    "Cost ($)": 0.031258,
    "Prompt Tokens": 3705.0,
    "Completion Tokens": 2981.0,
    "Total Tokens": 6686.0
  },
  {
    "Agent": "review recorder",
    "Cost ($)": 0.003266,
    "Prompt Tokens": 433.0,
    "Completion Tokens": 300.0,
    "Total Tokens": 733.0
  },
  {
    "Agent": "Total",
    "Cost ($)": 0.1786267,
    "Prompt Tokens": 58141.0,
    "Completion Tokens": 9217.0,
    "Total Tokens": 67358.0
  }
]