{
  "traditional": {
    "method": "TemplateMatch",
    "auc": 0.785,
    "sens_at_95spec": 0.472,
    "ece": 0.055,
    "fid_like": 41.2,
    "ssim_reconstruction": 0.63
  },
  "vae": {
    "method": "StandardVAE",
    "auc": 0.805,
    "sens_at_95spec": 0.498,
    "ece": 0.05,
    "fid_like": 38.9,
    "ssim_reconstruction": 0.68
  },
  "gan": {
    "method": "StyleGAN-lite",
    "auc": 0.818,
    "sens_at_95spec": 0.512,
    "ece": 0.049,
    "fid_like": 35.1,
    "ssim_reconstruction": 0.72
  }
}