{
  "mentors": [
    {
      "mentor_id": "cfo",
      "name": "ROI-Driven Mentor",
      "description": "Risk-neutral; aims to maximize expected utility (mean EU).",
      "graph_spec_by_domain": {
        "energy": {
          "decision": "choose_site",
          "actions": [
            "A",
            "B",
            "C",
            "Defer"
          ],
          "observed_nodes": [
            "Irradiance",
            "Capex",
            "GridDist",
            "BiodiversityRisk",
            "ESGScore"
          ],
          "uncertain_nodes": [
            {
              "id": "PolicyVolatility",
              "support": [
                0,
                1
              ]
            }
          ],
          "utility_terms": [
            "ROI",
            "Risk",
            "ESG"
          ],
          "hard_constraints": [
            {
              "action": "A",
              "expr": "BiodiversityRisk <= 0.07"
            },
            {
              "action": "C",
              "expr": "PolicyVolatility <= 0.55"
            }
          ],
          "risk_profile": {
            "type": "mean"
          }
        },
        "code": {
          "decision": "code_review_decision",
          "actions": [
            "Approve",
            "MinorChanges",
            "MajorChanges"
          ],
          "observed_nodes": [
            "Complexity",
            "TestCoverage",
            "SecurityRisk",
            "DeadlinePressure"
          ],
          "uncertain_nodes": [
            {
              "id": "BugProb",
              "support": [
                0,
                1
              ]
            }
          ],
          "utility_terms": [
            "Quality",
            "Risk",
            "Time"
          ],
          "hard_constraints": [
            {
              "action": "Approve",
              "expr": "SecurityRisk <= 0.65"
            },
            {
              "action": "Approve",
              "expr": "BugProb <= 0.35"
            }
          ],
          "risk_profile": {
            "type": "mean"
          }
        },
        "career": {
          "decision": "career_path",
          "actions": [
            "Startup",
            "BigTech",
            "GradSchool"
          ],
          "observed_nodes": [
            "RiskTolerance",
            "SalaryWeight",
            "ResearchInterest",
            "StabilityPref"
          ],
          "uncertain_nodes": [
            {
              "id": "MarketUncertainty",
              "support": [
                0,
                1
              ]
            }
          ],
          "utility_terms": [
            "Growth",
            "Stability",
            "Comp"
          ],
          "hard_constraints": [
            {
              "action": "Startup",
              "expr": "MarketUncertainty <= 0.55"
            },
            {
              "action": "BigTech",
              "expr": "StabilityPref >= 0.5"
            }
          ],
          "risk_profile": {
            "type": "mean"
          }
        }
      }
    },
    {
      "mentor_id": "esg",
      "name": "ESG-Impact Mentor",
      "description": "Moderately risk-averse; optimizes (1-\u03bb)*mean EU + \u03bb*CVaR_\u03b1.",
      "graph_spec_by_domain": {
        "energy": {
          "decision": "choose_site",
          "actions": [
            "A",
            "B",
            "C",
            "Defer"
          ],
          "observed_nodes": [
            "Irradiance",
            "Capex",
            "GridDist",
            "BiodiversityRisk",
            "ESGScore"
          ],
          "uncertain_nodes": [
            {
              "id": "PolicyVolatility",
              "support": [
                0,
                1
              ]
            }
          ],
          "utility_terms": [
            "ROI",
            "Risk",
            "ESG"
          ],
          "hard_constraints": [
            {
              "action": "A",
              "expr": "BiodiversityRisk <= 0.06"
            },
            {
              "action": "B",
              "expr": "ESGScore >= 0.5"
            }
          ],
          "risk_profile": {
            "type": "mean_cvar",
            "lambda": 0.3,
            "alpha": 0.1
          }
        },
        "code": {
          "decision": "code_review_decision",
          "actions": [
            "Approve",
            "MinorChanges",
            "MajorChanges"
          ],
          "observed_nodes": [
            "Complexity",
            "TestCoverage",
            "SecurityRisk",
            "DeadlinePressure"
          ],
          "uncertain_nodes": [
            {
              "id": "BugProb",
              "support": [
                0,
                1
              ]
            }
          ],
          "utility_terms": [
            "Quality",
            "Risk",
            "Time"
          ],
          "hard_constraints": [
            {
              "action": "Approve",
              "expr": "SecurityRisk <= 0.6"
            }
          ],
          "risk_profile": {
            "type": "mean_cvar",
            "lambda": 0.3,
            "alpha": 0.1
          }
        },
        "career": {
          "decision": "career_path",
          "actions": [
            "Startup",
            "BigTech",
            "GradSchool"
          ],
          "observed_nodes": [
            "RiskTolerance",
            "SalaryWeight",
            "ResearchInterest",
            "StabilityPref"
          ],
          "uncertain_nodes": [
            {
              "id": "MarketUncertainty",
              "support": [
                0,
                1
              ]
            }
          ],
          "utility_terms": [
            "Growth",
            "Stability",
            "Comp"
          ],
          "hard_constraints": [
            {
              "action": "GradSchool",
              "expr": "ResearchInterest >= 0.55"
            }
          ],
          "risk_profile": {
            "type": "mean_cvar",
            "lambda": 0.3,
            "alpha": 0.1
          }
        }
      }
    },
    {
      "mentor_id": "regulator",
      "name": "Safety-First Regulator",
      "description": "Strongly risk-averse; maximizes CVaR_\u03b1 subject to strict hard constraints.",
      "graph_spec_by_domain": {
        "energy": {
          "decision": "choose_site",
          "actions": [
            "A",
            "B",
            "C",
            "Defer"
          ],
          "observed_nodes": [
            "Irradiance",
            "Capex",
            "GridDist",
            "BiodiversityRisk",
            "ESGScore"
          ],
          "uncertain_nodes": [
            {
              "id": "PolicyVolatility",
              "support": [
                0,
                1
              ]
            }
          ],
          "utility_terms": [
            "ROI",
            "Risk",
            "ESG"
          ],
          "hard_constraints": [
            {
              "action": "A",
              "expr": "BiodiversityRisk <= 0.05"
            },
            {
              "action": "C",
              "expr": "PolicyVolatility <= 0.45"
            }
          ],
          "risk_profile": {
            "type": "cvar",
            "alpha": 0.1
          }
        },
        "code": {
          "decision": "code_review_decision",
          "actions": [
            "Approve",
            "MinorChanges",
            "MajorChanges"
          ],
          "observed_nodes": [
            "Complexity",
            "TestCoverage",
            "SecurityRisk",
            "DeadlinePressure"
          ],
          "uncertain_nodes": [
            {
              "id": "BugProb",
              "support": [
                0,
                1
              ]
            }
          ],
          "utility_terms": [
            "Quality",
            "Risk",
            "Time"
          ],
          "hard_constraints": [
            {
              "action": "Approve",
              "expr": "SecurityRisk <= 0.5"
            },
            {
              "action": "Approve",
              "expr": "BugProb <= 0.33"
            }
          ],
          "risk_profile": {
            "type": "cvar",
            "alpha": 0.1
          }
        },
        "career": {
          "decision": "career_path",
          "actions": [
            "Startup",
            "BigTech",
            "GradSchool"
          ],
          "observed_nodes": [
            "RiskTolerance",
            "SalaryWeight",
            "ResearchInterest",
            "StabilityPref"
          ],
          "uncertain_nodes": [
            {
              "id": "MarketUncertainty",
              "support": [
                0,
                1
              ]
            }
          ],
          "utility_terms": [
            "Growth",
            "Stability",
            "Comp"
          ],
          "hard_constraints": [
            {
              "action": "Startup",
              "expr": "MarketUncertainty <= 0.5"
            },
            {
              "action": "Startup",
              "expr": "RiskTolerance >= 0.5"
            }
          ],
          "risk_profile": {
            "type": "cvar",
            "alpha": 0.1
          }
        }
      }
    }
  ]
}