{
  "mentors": [
    {
      "mentor_id": "cfo",
      "domains": {
        "energy": {
          "utility_weights": {
            "ROI": 0.65,
            "Risk": -0.25,
            "ESG": 0.1
          },
          "hard_constraints_action": [
            {
              "action": "A",
              "expr": "BiodiversityRisk <=0.063"
            },
            {
              "action": "C",
              "expr": "PolicyVolatility <=0.548"
            }
          ],
          "risk_profile": {
            "type": "mean"
          }
        },
        "code": {
          "utility_weights": {
            "Quality": 0.45,
            "Risk": -0.25,
            "Time": -0.3
          },
          "hard_constraints_action": [
            {
              "action": "Approve",
              "expr": "SecurityRisk <=0.655"
            },
            {
              "action": "Approve",
              "expr": "BugProb <=0.362"
            }
          ],
          "risk_profile": {
            "type": "mean"
          }
        },
        "career": {
          "utility_weights": {
            "Growth": 0.4,
            "Stability": 0.25,
            "Comp": 0.35
          },
          "hard_constraints_action": [
            {
              "action": "Startup",
              "expr": "MarketUncertainty <=0.562"
            },
            {
              "action": "BigTech",
              "expr": "StabilityPref >=0.486"
            }
          ],
          "risk_profile": {
            "type": "mean"
          }
        }
      }
    },
    {
      "mentor_id": "esg",
      "domains": {
        "energy": {
          "utility_weights": {
            "ROI": 0.25,
            "Risk": -0.25,
            "ESG": 0.5
          },
          "hard_constraints_action": [
            {
              "action": "A",
              "expr": "BiodiversityRisk <=0.046"
            },
            {
              "action": "B",
              "expr": "ESGScore >=0.500"
            }
          ],
          "risk_profile": {
            "type": "mean_cvar",
            "lambda": 0.3,
            "alpha": 0.1
          }
        },
        "code": {
          "utility_weights": {
            "Quality": 0.55,
            "Risk": -0.35,
            "Time": -0.1
          },
          "hard_constraints_action": [
            {
              "action": "Approve",
              "expr": "SecurityRisk <=0.632"
            }
          ],
          "risk_profile": {
            "type": "mean_cvar",
            "lambda": 0.3,
            "alpha": 0.1
          }
        },
        "career": {
          "utility_weights": {
            "Growth": 0.55,
            "Stability": 0.3,
            "Comp": 0.15
          },
          "hard_constraints_action": [
            {
              "action": "GradSchool",
              "expr": "ResearchInterest >=0.549"
            }
          ],
          "risk_profile": {
            "type": "mean_cvar",
            "lambda": 0.3,
            "alpha": 0.1
          }
        }
      }
    },
    {
      "mentor_id": "regulator",
      "domains": {
        "energy": {
          "utility_weights": {
            "ROI": 0.1,
            "Risk": -0.6,
            "ESG": 0.3
          },
          "hard_constraints_action": [
            {
              "action": "A",
              "expr": "BiodiversityRisk <=0.040"
            },
            {
              "action": "C",
              "expr": "PolicyVolatility <=0.440"
            }
          ],
          "risk_profile": {
            "type": "cvar",
            "alpha": 0.1
          }
        },
        "code": {
          "utility_weights": {
            "Quality": 0.4,
            "Risk": -0.5,
            "Time": -0.1
          },
          "hard_constraints_action": [
            {
              "action": "Approve",
              "expr": "SecurityRisk <=0.490"
            },
            {
              "action": "Approve",
              "expr": "BugProb <=0.320"
            }
          ],
          "risk_profile": {
            "type": "cvar",
            "alpha": 0.1
          }
        },
        "career": {
          "utility_weights": {
            "Growth": 0.35,
            "Stability": 0.55,
            "Comp": 0.1
          },
          "hard_constraints_action": [
            {
              "action": "Startup",
              "expr": "MarketUncertainty <=0.490"
            },
            {
              "action": "Startup",
              "expr": "RiskTolerance >=0.490"
            }
          ],
          "risk_profile": {
            "type": "cvar",
            "alpha": 0.1
          }
        }
      }
    }
  ]
}