{"scenario_id":"ENERGY_E01","domain":"energy","difficulty":"easy","features":{"Irradiance":0.7419529683084032,"Capex":0.22678402604300793,"GridDist":0.23417889801930558,"BiodiversityRisk":0.378132062277135,"ESGScore":0.8962925317241263},"uncertainties":{"PolicyVolatility":{"dist":"beta","a":2.0,"b":6.0}},"action_set":["A","B","C","Defer"]}
{"scenario_id":"ENERGY_E02","domain":"energy","difficulty":"easy","features":{"Irradiance":0.67928307901218,"Capex":0.2587263594723261,"GridDist":0.24568452622508008,"BiodiversityRisk":0.23200028334431577,"ESGScore":0.9846264379005106},"uncertainties":{"PolicyVolatility":{"dist":"beta","a":2.0,"b":6.0}},"action_set":["A","B","C","Defer"]}
{"scenario_id":"ENERGY_E03","domain":"energy","difficulty":"easy","features":{"Irradiance":0.8329282663968154,"Capex":0.6029805585187572,"GridDist":0.0361780762823912,"BiodiversityRisk":0.3287699087976206,"ESGScore":0.8083636462632322},"uncertainties":{"PolicyVolatility":{"dist":"beta","a":2.0,"b":6.0}},"action_set":["A","B","C","Defer"]}
{"scenario_id":"ENERGY_E04","domain":"energy","difficulty":"easy","features":{"Irradiance":0.6955088963682142,"Capex":0.10069863997982226,"GridDist":0.14139275826695727,"BiodiversityRisk":0.09198266861468211,"ESGScore":0.7799407421041825},"uncertainties":{"PolicyVolatility":{"dist":"beta","a":2.0,"b":6.0}},"action_set":["A","B","C","Defer"]}
{"scenario_id":"ENERGY_E05","domain":"energy","difficulty":"easy","features":{"Irradiance":0.9425568302157772,"Capex":0.26575971696760725,"GridDist":0.3397157620944773,"BiodiversityRisk":0.47483187611394173,"ESGScore":0.8692393437378062},"uncertainties":{"PolicyVolatility":{"dist":"beta","a":2.0,"b":6.0}},"action_set":["A","B","C","Defer"]}
{"scenario_id":"ENERGY_E06","domain":"energy","difficulty":"easy","features":{"Irradiance":0.7222580961979536,"Capex":0.38108092848938147,"GridDist":0.07256326009702178,"BiodiversityRisk":0.44227816366462236,"ESGScore":0.9223458124638868},"uncertainties":{"PolicyVolatility":{"dist":"beta","a":2.0,"b":6.0}},"action_set":["A","B","C","Defer"]}
{"scenario_id":"ENERGY_M01","domain":"energy","difficulty":"medium","features":{"Irradiance":0.7914115581755244,"Capex":0.40266300459541415,"GridDist":0.37893713019962527,"BiodiversityRisk":0.14223090884050563,"ESGScore":0.541373812865321},"uncertainties":{"PolicyVolatility":{"dist":"beta","a":2.0,"b":4.0}},"action_set":["A","B","C","Defer"]}
{"scenario_id":"ENERGY_M02","domain":"energy","difficulty":"medium","features":{"Irradiance":0.17162477886641647,"Capex":0.6996957574934097,"GridDist":0.5691310919027319,"BiodiversityRisk":0.3601844895506225,"ESGScore":0.5717777449462886},"uncertainties":{"PolicyVolatility":{"dist":"beta","a":2.0,"b":4.0}},"action_set":["A","B","C","Defer"]}
{"scenario_id":"ENERGY_M03","domain":"energy","difficulty":"medium","features":{"Irradiance":0.49340769532397,"Capex":0.8364134659849046,"GridDist":0.34007804319463975,"BiodiversityRisk":0.15637571738835948,"ESGScore":0.37441095875164065},"uncertainties":{"PolicyVolatility":{"dist":"beta","a":2.0,"b":4.0}},"action_set":["A","B","C","Defer"]}
{"scenario_id":"ENERGY_M04","domain":"energy","difficulty":"medium","features":{"Irradiance":0.3042035633665995,"Capex":0.5301296007299385,"GridDist":0.5853308987867485,"BiodiversityRisk":0.6679386873052131,"ESGScore":0.6117956116707408},"uncertainties":{"PolicyVolatility":{"dist":"beta","a":2.0,"b":4.0}},"action_set":["A","B","C","Defer"]}
{"scenario_id":"ENERGY_M05","domain":"energy","difficulty":"medium","features":{"Irradiance":0.6947031646182844,"Capex":0.7637912526471595,"GridDist":0.4736692459793751,"BiodiversityRisk":0.1831592401126002,"ESGScore":0.31027202839687773},"uncertainties":{"PolicyVolatility":{"dist":"beta","a":2.0,"b":4.0}},"action_set":["A","B","C","Defer"]}
{"scenario_id":"ENERGY_M06","domain":"energy","difficulty":"medium","features":{"Irradiance":0.4253368372718411,"Capex":0.4939892175705125,"GridDist":0.5449628348299851,"BiodiversityRisk":0.3686527533552243,"ESGScore":0.3747716082850312},"uncertainties":{"PolicyVolatility":{"dist":"beta","a":2.0,"b":4.0}},"action_set":["A","B","C","Defer"]}
{"scenario_id":"ENERGY_H01","domain":"energy","difficulty":"hard","features":{"Irradiance":0.06053541391384401,"Capex":0.7438652968899524,"GridDist":0.8496949378753551,"BiodiversityRisk":0.8765664360887523,"ESGScore":0.28662219464928557},"uncertainties":{"PolicyVolatility":{"dist":"beta","a":3.0,"b":3.0}},"action_set":["A","B","C","Defer"]}
{"scenario_id":"ENERGY_H02","domain":"energy","difficulty":"hard","features":{"Irradiance":0.35903366833074507,"Capex":0.8217310411901902,"GridDist":0.5530056321155989,"BiodiversityRisk":0.7306586797422547,"ESGScore":0.23357188319894054},"uncertainties":{"PolicyVolatility":{"dist":"beta","a":3.0,"b":3.0}},"action_set":["A","B","C","Defer"]}
{"scenario_id":"ENERGY_H03","domain":"energy","difficulty":"hard","features":{"Irradiance":0.01364564738719689,"Capex":0.5028894575185306,"GridDist":0.5454400254753783,"BiodiversityRisk":0.6398170731609298,"ESGScore":0.3189957576335925},"uncertainties":{"PolicyVolatility":{"dist":"beta","a":3.0,"b":3.0}},"action_set":["A","B","C","Defer"]}
{"scenario_id":"ENERGY_H04","domain":"energy","difficulty":"hard","features":{"Irradiance":0.20196792404534553,"Capex":0.9242188851749055,"GridDist":0.944745556432565,"BiodiversityRisk":0.7655462277346329,"ESGScore":0.38232297031848084},"uncertainties":{"PolicyVolatility":{"dist":"beta","a":3.0,"b":3.0}},"action_set":["A","B","C","Defer"]}
{"scenario_id":"ENERGY_H05","domain":"energy","difficulty":"hard","features":{"Irradiance":0.13079416424803905,"Capex":0.6462600092383981,"GridDist":0.6511754407578201,"BiodiversityRisk":0.36877408644846854,"ESGScore":0.08885441295263037},"uncertainties":{"PolicyVolatility":{"dist":"beta","a":3.0,"b":3.0}},"action_set":["A","B","C","Defer"]}
{"scenario_id":"ENERGY_H06","domain":"energy","difficulty":"hard","features":{"Irradiance":0.14587441408739663,"Capex":0.7299228484134825,"GridDist":0.823427109362604,"BiodiversityRisk":0.4505585171457709,"ESGScore":0.15164136958859176},"uncertainties":{"PolicyVolatility":{"dist":"beta","a":3.0,"b":3.0}},"action_set":["A","B","C","Defer"]}
{"scenario_id":"CODE_E01","domain":"code","difficulty":"easy","features":{"Complexity":0.10198547207488724,"TestCoverage":0.6263433200739533,"SecurityRisk":0.2024526788857021,"DeadlinePressure":0.2323680982808003},"uncertainties":{"BugProb":{"dist":"beta","a":1.5,"b":6.0}},"action_set":["Approve","MinorChanges","MajorChanges"]}
{"scenario_id":"CODE_E02","domain":"code","difficulty":"easy","features":{"Complexity":0.15964801656363858,"TestCoverage":0.765185532729307,"SecurityRisk":0.44231709402319397,"DeadlinePressure":0.6388647943514609},"uncertainties":{"BugProb":{"dist":"beta","a":1.5,"b":6.0}},"action_set":["Approve","MinorChanges","MajorChanges"]}
{"scenario_id":"CODE_E03","domain":"code","difficulty":"easy","features":{"Complexity":0.203136249915822,"TestCoverage":0.6827074277955169,"SecurityRisk":0.7214572223462287,"DeadlinePressure":0.09531633584284639},"uncertainties":{"BugProb":{"dist":"beta","a":1.5,"b":6.0}},"action_set":["Approve","MinorChanges","MajorChanges"]}
{"scenario_id":"CODE_E04","domain":"code","difficulty":"easy","features":{"Complexity":0.3024700571591746,"TestCoverage":0.9522951990509096,"SecurityRisk":0.2536855779243436,"DeadlinePressure":0.13807796099533184},"uncertainties":{"BugProb":{"dist":"beta","a":1.5,"b":6.0}},"action_set":["Approve","MinorChanges","MajorChanges"]}
{"scenario_id":"CODE_E05","domain":"code","difficulty":"easy","features":{"Complexity":0.2586998282022077,"TestCoverage":0.8515844206392365,"SecurityRisk":0.18519111019973117,"DeadlinePressure":0.3008258728579894},"uncertainties":{"BugProb":{"dist":"beta","a":1.5,"b":6.0}},"action_set":["Approve","MinorChanges","MajorChanges"]}
{"scenario_id":"CODE_E06","domain":"code","difficulty":"easy","features":{"Complexity":0.29171908523913503,"TestCoverage":0.4209320772849234,"SecurityRisk":0.44477435176935437,"DeadlinePressure":0.1129316562050966},"uncertainties":{"BugProb":{"dist":"beta","a":1.5,"b":6.0}},"action_set":["Approve","MinorChanges","MajorChanges"]}
{"scenario_id":"CODE_M01","domain":"code","difficulty":"medium","features":{"Complexity":0.43528921330377107,"TestCoverage":0.4387995552391861,"SecurityRisk":0.5815340084987746,"DeadlinePressure":0.3681997216828421},"uncertainties":{"BugProb":{"dist":"beta","a":2.0,"b":4.0}},"action_set":["Approve","MinorChanges","MajorChanges"]}
{"scenario_id":"CODE_M02","domain":"code","difficulty":"medium","features":{"Complexity":0.27946027446905636,"TestCoverage":0.16343090231714777,"SecurityRisk":0.41691515319992656,"DeadlinePressure":0.26336839174178805},"uncertainties":{"BugProb":{"dist":"beta","a":2.0,"b":4.0}},"action_set":["Approve","MinorChanges","MajorChanges"]}
{"scenario_id":"CODE_M03","domain":"code","difficulty":"medium","features":{"Complexity":0.4673744748985371,"TestCoverage":0.7330356333250764,"SecurityRisk":0.2758917529860536,"DeadlinePressure":0.2193971158924026},"uncertainties":{"BugProb":{"dist":"beta","a":2.0,"b":4.0}},"action_set":["Approve","MinorChanges","MajorChanges"]}
{"scenario_id":"CODE_M04","domain":"code","difficulty":"medium","features":{"Complexity":0.36001970597919813,"TestCoverage":0.34412172522073337,"SecurityRisk":0.28140008608008926,"DeadlinePressure":0.6092592134660462},"uncertainties":{"BugProb":{"dist":"beta","a":2.0,"b":4.0}},"action_set":["Approve","MinorChanges","MajorChanges"]}
{"scenario_id":"CODE_M05","domain":"code","difficulty":"medium","features":{"Complexity":0.2557397867007571,"TestCoverage":0.8120629258043628,"SecurityRisk":0.74683935793218,"DeadlinePressure":0.5615105191744565},"uncertainties":{"BugProb":{"dist":"beta","a":2.0,"b":4.0}},"action_set":["Approve","MinorChanges","MajorChanges"]}
{"scenario_id":"CODE_M06","domain":"code","difficulty":"medium","features":{"Complexity":0.32895062736400477,"TestCoverage":0.557666349495483,"SecurityRisk":0.17383562908599579,"DeadlinePressure":0.32127274348796503},"uncertainties":{"BugProb":{"dist":"beta","a":2.0,"b":4.0}},"action_set":["Approve","MinorChanges","MajorChanges"]}
{"scenario_id":"CODE_H01","domain":"code","difficulty":"hard","features":{"Complexity":0.7379991467095843,"TestCoverage":0.5505533835605103,"SecurityRisk":0.6684123262985371,"DeadlinePressure":0.8062120160844967},"uncertainties":{"BugProb":{"dist":"beta","a":3.0,"b":3.0}},"action_set":["Approve","MinorChanges","MajorChanges"]}
{"scenario_id":"CODE_H02","domain":"code","difficulty":"hard","features":{"Complexity":0.6398904451009482,"TestCoverage":0.2488164466531868,"SecurityRisk":0.7032611345238254,"DeadlinePressure":0.6097896178096042},"uncertainties":{"BugProb":{"dist":"beta","a":3.0,"b":3.0}},"action_set":["Approve","MinorChanges","MajorChanges"]}
{"scenario_id":"CODE_H03","domain":"code","difficulty":"hard","features":{"Complexity":0.39936768345247753,"TestCoverage":0.45450514696967836,"SecurityRisk":0.8560874214769794,"DeadlinePressure":0.6219353295116069},"uncertainties":{"BugProb":{"dist":"beta","a":3.0,"b":3.0}},"action_set":["Approve","MinorChanges","MajorChanges"]}
{"scenario_id":"CODE_H04","domain":"code","difficulty":"hard","features":{"Complexity":0.5669071208569713,"TestCoverage":0.2950386819194961,"SecurityRisk":0.4170711692833057,"DeadlinePressure":0.4012300400593205},"uncertainties":{"BugProb":{"dist":"beta","a":3.0,"b":3.0}},"action_set":["Approve","MinorChanges","MajorChanges"]}
{"scenario_id":"CODE_H05","domain":"code","difficulty":"hard","features":{"Complexity":0.8524820080538481,"TestCoverage":0.3281726480921474,"SecurityRisk":0.9564300417237911,"DeadlinePressure":0.9184214715995741},"uncertainties":{"BugProb":{"dist":"beta","a":3.0,"b":3.0}},"action_set":["Approve","MinorChanges","MajorChanges"]}
{"scenario_id":"CODE_H06","domain":"code","difficulty":"hard","features":{"Complexity":0.7372998609236207,"TestCoverage":0.19165215577723954,"SecurityRisk":0.6916379268065267,"DeadlinePressure":0.8599496179693183},"uncertainties":{"BugProb":{"dist":"beta","a":3.0,"b":3.0}},"action_set":["Approve","MinorChanges","MajorChanges"]}
{"scenario_id":"CAREER_E01","domain":"career","difficulty":"easy","features":{"RiskTolerance":0.5731681624795976,"SalaryWeight":0.8541054252107364,"ResearchInterest":0.9290091445772305,"StabilityPref":0.4896137508416005},"uncertainties":{"MarketUncertainty":{"dist":"beta","a":1.5,"b":6.0}},"action_set":["Startup","BigTech","GradSchool"]}
{"scenario_id":"CAREER_E02","domain":"career","difficulty":"easy","features":{"RiskTolerance":0.7647191008951647,"SalaryWeight":0.8532470377994552,"ResearchInterest":0.78062454124722,"StabilityPref":0.7070777069092882},"uncertainties":{"MarketUncertainty":{"dist":"beta","a":1.5,"b":6.0}},"action_set":["Startup","BigTech","GradSchool"]}
{"scenario_id":"CAREER_E03","domain":"career","difficulty":"easy","features":{"RiskTolerance":0.9448450768930756,"SalaryWeight":0.7372718037532522,"ResearchInterest":0.652304745725901,"StabilityPref":0.5735504069194314},"uncertainties":{"MarketUncertainty":{"dist":"beta","a":1.5,"b":6.0}},"action_set":["Startup","BigTech","GradSchool"]}
{"scenario_id":"CAREER_E04","domain":"career","difficulty":"easy","features":{"RiskTolerance":0.5668036025179866,"SalaryWeight":0.872444502258741,"ResearchInterest":0.45542937281662654,"StabilityPref":0.31032476753882526},"uncertainties":{"MarketUncertainty":{"dist":"beta","a":1.5,"b":6.0}},"action_set":["Startup","BigTech","GradSchool"]}
{"scenario_id":"CAREER_E05","domain":"career","difficulty":"easy","features":{"RiskTolerance":0.7017330325400785,"SalaryWeight":0.6371458041993251,"ResearchInterest":0.6622783627899009,"StabilityPref":0.872655527730873},"uncertainties":{"MarketUncertainty":{"dist":"beta","a":1.5,"b":6.0}},"action_set":["Startup","BigTech","GradSchool"]}
{"scenario_id":"CAREER_E06","domain":"career","difficulty":"easy","features":{"RiskTolerance":0.875604947365295,"SalaryWeight":0.9440286345067272,"ResearchInterest":0.4682189950649308,"StabilityPref":0.6892807832712476},"uncertainties":{"MarketUncertainty":{"dist":"beta","a":1.5,"b":6.0}},"action_set":["Startup","BigTech","GradSchool"]}
{"scenario_id":"CAREER_M01","domain":"career","difficulty":"medium","features":{"RiskTolerance":0.5786751724567352,"SalaryWeight":0.659394124577389,"ResearchInterest":0.7730221910035383,"StabilityPref":0.7922794810348471},"uncertainties":{"MarketUncertainty":{"dist":"beta","a":2.0,"b":4.0}},"action_set":["Startup","BigTech","GradSchool"]}
{"scenario_id":"CAREER_M02","domain":"career","difficulty":"medium","features":{"RiskTolerance":0.09552539454254502,"SalaryWeight":0.78512056727318,"ResearchInterest":0.4176338584529458,"StabilityPref":0.6535219845386843},"uncertainties":{"MarketUncertainty":{"dist":"beta","a":2.0,"b":4.0}},"action_set":["Startup","BigTech","GradSchool"]}
{"scenario_id":"CAREER_M03","domain":"career","difficulty":"medium","features":{"RiskTolerance":0.7056463285284074,"SalaryWeight":0.3386114036674016,"ResearchInterest":0.6556038870707018,"StabilityPref":0.8316949292176744},"uncertainties":{"MarketUncertainty":{"dist":"beta","a":2.0,"b":4.0}},"action_set":["Startup","BigTech","GradSchool"]}
{"scenario_id":"CAREER_M04","domain":"career","difficulty":"medium","features":{"RiskTolerance":0.39176745099599647,"SalaryWeight":0.27509562777478896,"ResearchInterest":0.4779999334055249,"StabilityPref":0.33607750469412784},"uncertainties":{"MarketUncertainty":{"dist":"beta","a":2.0,"b":4.0}},"action_set":["Startup","BigTech","GradSchool"]}
{"scenario_id":"CAREER_M05","domain":"career","difficulty":"medium","features":{"RiskTolerance":0.6460603163282719,"SalaryWeight":0.5317237834299822,"ResearchInterest":0.46680422958233725,"StabilityPref":0.6450968806567644},"uncertainties":{"MarketUncertainty":{"dist":"beta","a":2.0,"b":4.0}},"action_set":["Startup","BigTech","GradSchool"]}
{"scenario_id":"CAREER_M06","domain":"career","difficulty":"medium","features":{"RiskTolerance":0.5010725480993117,"SalaryWeight":0.6573806056870551,"ResearchInterest":0.7632992026492593,"StabilityPref":0.8582575843528647},"uncertainties":{"MarketUncertainty":{"dist":"beta","a":2.0,"b":4.0}},"action_set":["Startup","BigTech","GradSchool"]}
{"scenario_id":"CAREER_H01","domain":"career","difficulty":"hard","features":{"RiskTolerance":0.06700138551423046,"SalaryWeight":0.1504290657612765,"ResearchInterest":0.12246353351803771,"StabilityPref":0.007150344523585064},"uncertainties":{"MarketUncertainty":{"dist":"beta","a":3.0,"b":3.0}},"action_set":["Startup","BigTech","GradSchool"]}
{"scenario_id":"CAREER_H02","domain":"career","difficulty":"hard","features":{"RiskTolerance":0.43932753820256304,"SalaryWeight":0.15948738779192098,"ResearchInterest":0.11772299341857245,"StabilityPref":0.620613763895438},"uncertainties":{"MarketUncertainty":{"dist":"beta","a":3.0,"b":3.0}},"action_set":["Startup","BigTech","GradSchool"]}
{"scenario_id":"CAREER_H03","domain":"career","difficulty":"hard","features":{"RiskTolerance":0.6584413202335833,"SalaryWeight":0.131221283986622,"ResearchInterest":0.43498349079118914,"StabilityPref":0.5365619586177892},"uncertainties":{"MarketUncertainty":{"dist":"beta","a":3.0,"b":3.0}},"action_set":["Startup","BigTech","GradSchool"]}
{"scenario_id":"CAREER_H04","domain":"career","difficulty":"hard","features":{"RiskTolerance":0.2798800598944934,"SalaryWeight":0.1330411926248114,"ResearchInterest":0.37217276098655117,"StabilityPref":0.15823366662273947},"uncertainties":{"MarketUncertainty":{"dist":"beta","a":3.0,"b":3.0}},"action_set":["Startup","BigTech","GradSchool"]}
{"scenario_id":"CAREER_H05","domain":"career","difficulty":"hard","features":{"RiskTolerance":0.030065726815206455,"SalaryWeight":0.40405979747286297,"ResearchInterest":0.23037603837970472,"StabilityPref":0.10010728891354559},"uncertainties":{"MarketUncertainty":{"dist":"beta","a":3.0,"b":3.0}},"action_set":["Startup","BigTech","GradSchool"]}
{"scenario_id":"CAREER_H06","domain":"career","difficulty":"hard","features":{"RiskTolerance":0.21105262257287072,"SalaryWeight":0.13231817528666756,"ResearchInterest":0.28988756100730745,"StabilityPref":0.23317004295271937},"uncertainties":{"MarketUncertainty":{"dist":"beta","a":3.0,"b":3.0}},"action_set":["Startup","BigTech","GradSchool"]}
