{
  "topic": "What if Earth's rotation slowed to a 30-hour day?",
  "paths": {
    "agents4sci_v2": "/home/dian/Code/agents4sci/experiments/0824/what_if_earths_rotation_slowed_to/agents4sci_v2",
    "baseline_single": "/home/dian/Code/agents4sci/experiments/0824/what_if_earths_rotation_slowed_to/baseline_single",
    "baseline_tree": "/home/dian/Code/agents4sci/experiments/0824/what_if_earths_rotation_slowed_to/baseline_tree",
    "baseline_debate": "/home/dian/Code/agents4sci/experiments/0824/what_if_earths_rotation_slowed_to/baseline_debate"
  }
}