{
  "Experiment_description": "The experiment involves implementing and evaluating a multi-modal model that integrates a CNN for processing MNIST digit images and a frozen pre-trained BERT encoder for textual claims. The goal is to assess the model's ability to handle and learn from multi-modal data through a synthetic binary-labeled dataset, focusing on loss and accuracy metrics.",
  "Significance": "These experiments are crucial as they explore the integration of image and text modalities in a single model, potentially advancing capabilities in tasks involving heterogeneous data. The findings offer insights into the model's generalization abilities and highlight areas for architectural improvements, which could have broad implications for multi-modal learning applications.",
  "Description": "The method integrates a CNN with a frozen pre-trained BERT encoder to process multi-modal data. The model was trained on a synthetic dataset with binary-labeled claims, where training and validation loss and accuracy were monitored over epochs. The experiment aimed to establish a baseline for the model's performance in this multi-modal context.",
  "List_of_included_plots": [
    {
      "path": "experiments/2025-07-28_23-01-58_scientific_claim_verification_mnist_attempt_0/logs/0-run/experiment_results/experiment_069df5f4c4de4842a291735c4c76dea1_proc_1501281/mnist_claims_loss_curve.png",
      "description": "The training and validation loss curves show a decreasing trend over the epochs, indicating that the model is learning and improving its predictions.",
      "analysis": "The decreasing loss curves suggest that the model is effectively learning from the data, with the validation loss decreasing more rapidly than the training loss, indicating good generalization without overfitting."
    },
    {
      "path": "experiments/2025-07-28_23-01-58_scientific_claim_verification_mnist_attempt_0/logs/0-run/experiment_results/experiment_069df5f4c4de4842a291735c4c76dea1_proc_1501281/mnist_claims_pred_vs_gt.png",
      "description": "The scatter plot comparing validation set predictions to ground truth shows a strong alignment between the predictions (blue circles) and the ground truth labels (red crosses).",
      "analysis": "The alignment in the scatter plot indicates the model's effective capacity in classifying the binary dataset. Minimal misclassifications suggest the model is robust and accurate in its predictions."
    },
    {
      "path": "experiments/2025-07-28_23-01-58_scientific_claim_verification_mnist_attempt_0/logs/0-run/experiment_results/experiment_069df5f4c4de4842a291735c4c76dea1_proc_1501281/mnist_claims_accuracy_curve.png",
      "description": "The training and validation accuracy curves demonstrate an increasing trend over the epochs, with the validation accuracy slightly surpassing the training accuracy in later epochs.",
      "analysis": "The increasing accuracy curves, with validation surpassing training accuracy, confirm that the model generalizes well to unseen data and is not overfitting."
    }
  ],
  "Key_numerical_results": [
    {
      "result": 0.7183,
      "description": "Final validation accuracy of the multi-modal model.",
      "analysis": "The validation accuracy indicates moderate success and effective generalization, but highlights the potential for further improvements in model architecture or training methodology."
    },
    {
      "result": 0.5328,
      "description": "Final training loss of the multi-modal model.",
      "analysis": "The relatively low training loss, in conjunction with the validation loss, suggests that the model is learning effectively without overfitting to the training dataset."
    },
    {
      "result": 0.4996,
      "description": "Final validation loss of the multi-modal model.",
      "analysis": "The decrease in validation loss signifies the model's effectiveness in understanding and predicting the validation dataset, reinforcing its capacity for generalization."
    }
  ]
}