{
  "model": "randomforest",
  "dataset": "nsl_kdd",
  "config": {
    "model": {
      "name": "randomforest_ids",
      "n_estimators": 100,
      "max_depth": 10,
      "min_samples_split": 5,
      "min_samples_leaf": 2,
      "class_weight": "balanced"
    },
    "training": {
      "epochs": 1,
      "batch_size": 1,
      "learning_rate": 0.001,
      "weight_decay": 0.0,
      "patience": 1
    },
    "dataset": {
      "val_split": 0.15,
      "attack_types": [
        "normal",
        "dos",
        "probe",
        "r2l",
        "u2r"
      ]
    },
    "evaluation": {
      "metrics": [
        "accuracy",
        "precision",
        "recall",
        "f1",
        "auc"
      ]
    },
    "logging": {
      "level": "INFO",
      "save_model": true
    },
    "system": {
      "device": "cpu",
      "seed": 42
    }
  },
  "train_results": {
    "training_time": 3.4769060611724854,
    "val_metrics": {
      "accuracy": 0.9986702127659575,
      "precision": 0.9986690262146513,
      "recall": 0.9986702127659575,
      "f1": 0.9986205375869172,
      "auc": 0.9986702127659575,
      "class_accuracies": {
        "normal": 0.9995012966287652,
        "dos": 0.9997114413504545,
        "probe": 0.9970273483947681,
        "r2l": 0.9470198675496688,
        "u2r": 0.5
      },
      "class_precision": {
        "normal": 0.9980081665172792,
        "dos": 0.9997114413504545,
        "probe": 0.9988088147706968,
        "r2l": 0.9930555555555556,
        "u2r": 1.0
      },
      "class_recall": {
        "normal": 0.9995012966287652,
        "dos": 0.9997114413504545,
        "probe": 0.9970273483947681,
        "r2l": 0.9470198675496688,
        "u2r": 0.5
      },
      "class_f1": {
        "normal": 0.9987541735187123,
        "dos": 0.9997114413504545,
        "probe": 0.9979172865218685,
        "r2l": 0.9694915254237289,
        "u2r": 0.6666666666666666
      }
    }
  },
  "test_metrics": {
    "accuracy": 0.5499107142857143,
    "precision": 0.689098792019499,
    "recall": 0.5499107142857143,
    "f1": 0.4835561973532045,
    "auc": 0.5499107142857143,
    "class_accuracies": {
      "normal": 0.9666113645790129,
      "dos": 0.21013570822731129,
      "probe": 0.9218181818181819,
      "r2l": 0.0,
      "u2r": 0.0
    },
    "class_precision": {
      "normal": 0.6080490509425347,
      "dos": 0.991495747873937,
      "probe": 0.2,
      "r2l": 0.0,
      "u2r": 0.0
    },
    "class_recall": {
      "normal": 0.9666113645790129,
      "dos": 0.21013570822731129,
      "probe": 0.9218181818181819,
      "r2l": 0.0,
      "u2r": 0.0
    },
    "class_f1": {
      "normal": 0.7465065065065065,
      "dos": 0.34677631003411774,
      "probe": 0.3286871961102107,
      "r2l": 0.0,
      "u2r": 0.0
    }
  },
  "total_time": 3.630354881286621,
  "args": {
    "config": "configs/randomforest_nsl_kdd.yaml",
    "model": "randomforest",
    "dataset": "nsl_kdd",
    "nsl_kdd_path": "data/nsl_kdd",
    "cisco_data_path": "data/cisco_small",
    "output_dir": "outputs/randomforest_nsl_kdd",
    "epochs": 1,
    "attack_ratio": 0.1
  }
}