{
  "topic": "What if Earth's magnetic field collapsed for ten years?",
  "paths": {
    "agents4sci_v2": "/home/dian/Code/agents4sci/experiments/0825/what_if_earth's_magnetic_field_collapsed_for_ten_years?/agents4sci_v2",
    "baseline_single": "/home/dian/Code/agents4sci/experiments/0825/what_if_earth's_magnetic_field_collapsed_for_ten_years?/ablate_two_experts_one_round",
    "baseline_tree": "/home/dian/Code/agents4sci/experiments/0825/what_if_earth's_magnetic_field_collapsed_for_ten_years?/ablate_no_debate",
    "baseline_debate": "/home/dian/Code/agents4sci/experiments/0825/what_if_earth's_magnetic_field_collapsed_for_ten_years?/ablate_no_conflict"
  }
}