{
  "proposition": "What if Earth's magnetic field collapsed for ten years?",
  "scenario": {
    "premises": [
      "Assumptions clarified in natural language above."
    ],
    "constraints": [
      "Modern technology level maintained unless stated."
    ],
    "timescales": [
      "Short-term",
      "Medium-term",
      "Long-term"
    ],
    "uncertainties": [
      "Not specified; treat as open variables."
    ],
    "expert_plan": [
      "Physics",
      "ChemistryMaterials",
      "BiologyEcology",
      "Medicine",
      "Sociology",
      "Economics",
      "PoliticsIR",
      "EngineeringInfrastructure",
      "EnvironmentalScience"
    ]
  },
  "rounds": [
    "Round 1 Summary\nShared Frame:\nConsensus Points:\nConditional Branches:\nRemaining Uncertainties:\nNotes:\n\nDebate Brief:\n### **Debate Brief: Earth’s Magnetic Field Collapse for Ten Years**  \n*Balanced synthesis of Pro/Con arguments with cross-domain causal reasoning, feasibility audit, and decision frameworks.*  \n\n\n### **1. Cross-Domain Impact Summary**  \nA 10-year collapse of Earth’s magnetic field would cascade across **physics/geospace, biology/ecology, economy/infrastructure, and society**, with no domain unaffected. Key impacts include:  \n- **Physics/Geospace**: Weakened magnetosphere, increased solar proton/UV radiation, ionospheric disruption, and satellite drag.  \n- **Biology/Ecology**: Elevated UV-B radiation (10–1000×), DNA damage, marine/terrestrial food chain collapse, and biodiversity loss.  \n- **Economy/Infrastructure**: Power grid failures, communication blackouts, agricultural/fishery losses, and global supply chain disruptions.  \n- **Society**: Health crises (skin cancer, cataracts), food insecurity, social unrest, and governance strain.  \n\n\n### **2. Causal Mechanisms and Timeline**  \n| **Phase**       | **Physics/Geospace**                                                                 | **Biology/Ecology**                                                                 | **Economy/Infrastructure**                                                                 |  \n|-----------------|--------------------------------------------------------------------------------------|-------------------------------------------------------------------------------------|-------------------------------------------------------------------------------------------|  \n| **Short-term** (0–2 years) | - Magnetosphere weakens; polar regions exposed to 50–100% more solar protons. <br> - Ionospheric ionization spikes → HF radio/ GPS blackouts. <br> - GICs (10–100× normal) overload transformers (e.g., 1989 Quebec-scale failures). | - Phytoplankton (marine base) lose 10–20% growth; coral bleaching accelerates. <br> - UV-B increases 10–50% at mid-latitudes → plant DNA damage. | - Power grids: 10–30% transformer failures monthly; 50% urban communication collapse. <br> - Airline navigation disrupted; shipping loses tracking. |  \n| **Medium-term** (2–5 years) | - Stratospheric ozone drops 10–15% → UV-B increases 50–100% globally. <br> - LEO satellite lifespan reduced 30–50% (drag from ionosphere). | - Terrestrial crops (wheat, rice) lose 15–25% yield; pollinators (bees) suffer 20% mortality. <br> - Marine fish stocks drop 30% (food chain collapse). | - Global food prices rise 20–40%; 5–10% face acute food insecurity. <br> - Healthcare systems overwhelmed (10–15% medical facilities lose power). |  \n| **Long-term** (5–10 years) | - Ionosphere stabilizes at 50% reduced radio range globally. <br> - Mid-latitude auroral-like displays damage power lines. | - 10–15% biodiversity loss; 60% of coral reefs die off. <br> - Human skin cancer rates +20–30%; cataracts in 15% of population. | - Global GDP drops 5–10%; 5–8% die from radiation-related illness. |  \n\n\n### **3. Feasibility of Mitigation**  \n**Pro**: Partial mitigation is possible with targeted investment:  \n- **Power grids**: $10–50B to install GIC-resistant transformers and harden 50% of critical substations (1–2 years deployment).  \n- **Crops**: CRISPR to develop UV-resistant varieties (1–3 years, 30% yield retention).  \n- **Satellites**: Relocate 70% of LEO satellites to 300–500 km higher orbits (10–20% satellite cost, 2–3 years).  \n\n**Con**: Full resilience is impossible within 10 years:  \n- **Transformers**: 100,000+ units needed; manufacturing/installation take 2–5 years (too slow for cascading failures).  \n- **Satellites**: 100,000+ constellation units; 50% replacement capacity lost by Year 5.  \n- **Food systems**: Vertical farms (energy-intensive) meet <1% of global demand; traditional crops fail with 1000× UV-B.  \n\n**Feasibility Gap**: Partial adaptation (e.g., 30–50% mortality reduction) is possible with $1–2T investment, but full societal/economic resilience is unlikely.  \n\n\n### **4. Key Uncertainties and Adaptation Levers**  \n| **Uncertainty**               | **Range/Variability**                                                                 | **Adaptation Lever**                          | **Effectiveness**                                  |  \n|-------------------------------|---------------------------------------------------------------------------------------|-----------------------------------------------|----------------------------------------------------|  \n| Solar wind intensity          | 10–100× variation (solar max/min cycles); 2–3× amplification during 2025–2030 max.    | Hardened electronics, emergency shelters      | Reduces mortality by 10–20% (if acted within 1 year). |  \n| Core dynamo recovery          | 5–7 years (partial recovery) vs. 10+ years (full recovery); 50% chance of 50% recovery. | Delay emergency response; reduce food stockpiles | Lowers GDP loss by 3–5% if recovery faster than 5 years. |  \n| UV penetration depth           | Stratospheric ozone loss (10–15%) vs. 30% (worse case); tropospheric UV-B 100×+ increase. | UV-blocking window tints, sunscreen distribution | Reduces human health impacts by 20–40% (if deployed >6 months). |  \n\n\n### **5. Scenarios and Conditional Outcomes**  \n| **Scenario**               | **Probability** | **Solar/Adaptation Context**                          | **GDP Loss** | **Mortality** | **Key Outcome**                                  |  \n|----------------------------|-----------------|-------------------------------------------------------|--------------|---------------|--------------------------------------------------|  \n| **Best-Case**              | 20%             | Solar minimum, slow collapse (5+ years), rapid adaptation ($1–2T). | 5–8%         | 1–2%          | Partial infrastructure/agricultural recovery; no mass starvation. |  \n| **Medium-Case**            | 50%             | Moderate solar activity, gradual collapse (2–5 years), partial adaptation ($500B–$1T). | 10–15%       | 3–5%          | Famine in 10–15% of population; healthcare system strain. |  \n| **Worst-Case**             | 30%             | Solar maximum, sudden collapse (<1 month), delayed adaptation ($<50B). | 15–20%       | 5–10%         | Global blackouts, 60% coral die-off, 30% biodiversity loss. |  \n\n\n### **6. Decision Rules and Critical Indicators**  \n| **Indicator**               | **Threshold**               | **Decision**                                                                 |  \n|-----------------------------|-----------------------------|-----------------------------------------------------------------------------|  \n| Geomagnetically Induced Currents (GIC) | >100 A in transformers      | Trigger grid hardening (Pro) or accept 90% transformer failure (Con).       |  \n| UV-B Radiation              | >200 mW/m² at mid-latitudes | Prioritize vertical farms (Pro) or face 100% crop failure (Con).           |  \n| Core Dynamo Recovery        | <5 years                    | Reduce emergency response urgency (Pro) or accelerate food stockpiling (Con). |  \n| Solar Wind Intensity        | >1000 particles/cm²/s       | Increase radiation shielding (Pro) or shelter populations (Con).           |  \n\n\n### **Conclusion Bullet Points**  \n1. A 10-year magnetic field collapse would cause cascading radiation, ecological, and infrastructure crises, with mortality ranging 1–10% globally.  \n2. Feasibility of full mitigation is low: Pro’s $10–50B is insufficient for scaling, while Con’s scale/timeline barriers make 10-year resilience impossible.  \n3. Key uncertainties (solar activity, core recovery) could flip outcomes; early monitoring (within 6 months) is critical to reduce mortality.  \n4. Best-case scenarios require $1–2T investment and 2–3 years of lead time; failure to act pushes outcomes into the worst-case (15–20% GDP loss, 5–10% mortality).  \n5. Critical decision indicators: GIC levels, UV-B flux, and core recovery timing; these should drive emergency resource allocation.",
    "Round 2 Summary\nShared Frame:\nConsensus Points:\nConditional Branches:\nRemaining Uncertainties:\nNotes:\n\nDebate Brief:\n### **Balanced Cross-Domain Brief: Earth’s Magnetic Field Collapse for Ten Years**  \n\n\n#### **1. Core Conclusions (5-8 bullets)**  \n- **Severity of Cascading Impacts**: A 10-year collapse would expose Earth to unfiltered solar radiation, triggering physics (GICs, satellite failure), biology (plankton/crop die-offs, species extinction), society (power/communication outages, social unrest), and economic (GDP collapse, infrastructure damage) failures. Mortality ranges from 50-90% without mitigation (Pro) to 90%+ with (Con).  \n- **Mitigation Feasibility**: Pro claims $5-10 trillion (10-15% of global GDP) in targeted investments (grid hardening, GMO crops, underground shelters) could reduce mortality to 10-20%. Con argues no feasible tech can shield the entire planet, protect 99.9% of humans, or restore the geodynamo in 10 years, making mitigation impossible.  \n- **Critical Uncertainties**: Solar wind intensity (10x higher in \"superstorms\"), core recovery (permanent vs. temporary), tech readiness (radiation-hardened semiconductors, GMOs), and biological adaptation (0.01% species resistance at best) will determine outcomes.  \n- **Economic Trade-Offs**: Pro estimates $5-10T for mitigation vs. $50-100T in long-term damage. Con notes $10-100T in short-term infrastructure loss, with 20-50% GDP drop.  \n- **Global Cooperation**: Pro requires 6-month global coordination; Con emphasizes resource competition limiting cooperation, increasing mortality risk.  \n- **Scenario Outcomes**: Short-term (0-1 year): Power/communication collapse, 10% species die-off. Medium-term (1-5 years): Fisheries collapse, 30% crop loss, 100M+ deaths. Long-term (5-10 years): Projection of partial core recovery (10% crops, 10% population) vs. Con’s 90% extinction, civilization regression.  \n\n\n#### **2. Key Uncertainties & Adaptation Levers**  \n- **Uncertainties**:  \n  - **Solar Wind Intensity**: 10x higher in \"superstorms\" (e.g., Carrington-level events) makes adaptation impossible; normal cycles reduce but don’t eliminate risk.  \n  - **Core Recovery**: Permanent collapse (no dynamo regeneration) leads to 100% crop failure; partial recovery (e.g., 10 μT by Year 5) allows limited survival.  \n  - **Tech Readiness**: Radiation-hardened semiconductors (2-3x costlier) and GMO crops (DNA repair genes) face 6-12 month production delays, increasing failure risk.  \n  - **Biological Collapse**: Phytoplankton die-off (50%+ in 1 year) is irreversible; 0.01% of species might evolve UV resistance, but too slow for 10-year timeline.  \n\n- **Adaptation Levers (Pro’s Claims)**:  \n  - **Power Grids**: Hardening transformers with solid-state designs (immune to GICs) reduces failure risk by 60% (cost: $1-2T).  \n  - **Agriculture**: Greenhouses with UV filters (cost: $50-100B) or GMOs (e.g., *E. coli* DNA repair) maintain 20-30% yields on 10% of cropland.  \n  - **Shelters**: Underground bunkers (e.g., deep mines) protect 1% of global population, but resource competition exacerbates inequality.  \n\n\n#### **3. Conditional Branches (2-4 with Probabilities)**  \n| **Branch**               | **Probability** | **Feasibility Conditions**                                                                 | **Outcome**                                                                 |  \n|---------------------------|-----------------|--------------------------------------------------------------------------------------------|-----------------------------------------------------------------------------|  \n| **Branch A: Partial Mitigation** | ~30%            | 1. Solar activity low (no superstorms). 2. $5-10T invested globally by Month 6. 3. Tech deployed on schedule. | 10-20% mortality, 10% crops survive, partial societal recovery.             |  \n| **Branch B: Severe Catastrophe** | ~50%            | 1. Solar activity peaks (10x radiation). 2. Global cooperation fails. 3. Tech deployment delayed. | 50-90% mortality, 90%+ species extinct, civilization regression.            |  \n| **Branch C: Permanent Collapse** | ~20%            | 1. Core recovery permanent. 2. No mitigation. 3. Radiation accelerates biological collapse. | 99%+ mortality, Earth uninhabitable.                                        |  \n\n\n#### **4. Decision Rules (Indicator → Branch)**  \n- **Solar Cycle Peaking (Indicator)**: If sunspot number > 200 (peak cycle), Branch B (2030s projected peak). If <100 (low cycle), Branch A possible.  \n- **Global Investment Pledge (Indicator)**: >$5T committed by G20 by Month 6 → Branch A; <$1T → Branch B.  \n- **Tech Deployment (Indicator)**: 50% of transformers hardened by Month 12 + 30% cropland under greenhouses by Month 24 → Branch A; <20%/5% → Branch B.  \n- **Core Recovery Signal (Indicator)**: Magnetic field >10 μT by Month 5 → Branch A; <5 μT → Branch B/C.  \n\n\n**Final Synthesis**: The 10-year collapse is a high-severity, low-probability risk (but non-zero). Outcomes hinge on solar activity, global cooperation, and tech deployment. Pro’s mitigation plan is plausible only under ideal conditions (low solar activity, global investment, on-time tech), while Con’s \"unmanageable\" framing dominates under real-world uncertainty (resource competition, delayed tech, peak solar cycles).",
    "Round 3 Summary\nShared Frame:\nConsensus Points:\nConditional Branches:\nRemaining Uncertainties:\nNotes:\n\nDebate Brief:\n### **Balanced Cross-Domain Brief: Earth’s Magnetic Field Collapse for Ten Years**  \n\n\n#### **Key Synthesis Conclusions (5–8 bullets)**  \n- **Severity Variance**: Pro projects 5–15% global GDP contraction and 30–50% biodiversity loss; Con argues for 2–5% GDP contraction and 10–20% biodiversity loss, with higher variance in Pro’s estimate due to unmodeled long-term cascades.  \n- **Health Risks**: Pro emphasizes 20–30% excess skin cancer cases (cumulative 10-year exposure); Con notes 10–15% excess with medical countermeasures (e.g., antioxidants, targeted therapy).  \n- **Infrastructure Resilience**: Pro cites 5–10 years for recovery; Con suggests 2–8 years with hardening (e.g., solid-state transformers, microgrids) and distributed energy systems.  \n- **Solar Activity Sensitivity**: Pro highlights 2–3x higher risk during solar maxima (e.g., 2025–2035); Con notes 6+ major flares (vs. 1–2) could overwhelm adaptation, increasing mortality.  \n- **Adaptation Feasibility**: Con’s \"manageable\" framing hinges on $1–2 trillion investment (1–2% of global GDP) in hardening, shielding, and R&D; Pro argues this is insufficient for systemic collapse.  \n\n\n#### **Key Uncertainties & Adaptation Levers**  \n| **Uncertainty**               | **Pro Emphasis**                                                                 | **Con Adaptation**                                                                 |  \n|-------------------------------|----------------------------------------------------------------------------------|-----------------------------------------------------------------------------------|  \n| **Geodynamo Collapse Rate**   | Sudden collapse (10% field loss in 1 day) triggers acute chaos (Pro: 50% grid down). | Gradual collapse (50%/year) allows hardening (Con: 20% grid down).                 |  \n| **Solar Flare Intensity**     | 6+ major flares (e.g., 1989/2003 scale) cause 1000x radiation spikes (Pro: 10% population fatal). | 1–2 major flares (NOAA’s \"moderate\" scenario) with shielding (Con: 1% mortality). |  \n| **Atmospheric Stripping**     | 10–100 kg/s H/He loss thins atmosphere over decades (Pro: long-term ecological scarring). | No critical thinning within 10 years (Con: negligible impact).                    |  \n\n\n#### **Conditional Scenarios (with Probabilities)**  \n| **Scenario**       | **Key Drivers**                                                                 | **Probability** | **Outcomes**                                                                 |  \n|--------------------|---------------------------------------------------------------------------------|-----------------|-----------------------------------------------------------------------------|  \n| **A: Favorable**   | Gradual collapse (50%/year), low solar activity (1–2 flares), $1T+ global adaptation. | ~30%            | GDP -2–5%, 10–15% biodiversity loss, 10–15% excess cancer, 2–5 years to restore 50% grid. |  \n| **B: Moderate**    | Gradual collapse, moderate solar activity (3–5 flares), partial adaptation ($500B investment). | ~45%            | GDP -5–8%, 15–25% biodiversity loss, 15–20% excess cancer, 5–7 years to restore 70% grid. |  \n| **C: Unfavorable** | Sudden collapse, high solar activity (6+ flares), delayed adaptation ($<500B).   | ~25%            | GDP -10–15%, 30–50% biodiversity loss, 20–30% excess cancer, 7–10 years to restore 30% grid. |  \n\n\n#### **Decision Rules (Indicator → Branch)**  \n1. **Solar Flare Activity**: If NOAA’s 2023–2025 solar maximum conditions persist (3+ major flares), lean **B/C** (Con: 45%/25% = 70% chance of moderate/unfavorable).  \n2. **Grid Hardening Progress**: If >50% of transformers are hardened by Year 2 (per IEA’s \"accelerated deployment\" scenario), lean **A/B** (Con: 30%/45% = 75% chance of favorable/moderate).  \n3. **Global Cooperation**: If 10+ nations commit $1T+ to adaptation by Year 1 (e.g., G20 agreement), lean **A/B** (Con: 75% chance of favorable/moderate). If <10 nations, lean **B/C** (70% chance of moderate/unfavorable).  \n\n\n#### **Final Synthesis**  \nThe 10-year magnetic field collapse is not deterministic. **Favorable conditions** (gradual collapse, low solar activity, global cooperation) make a \"manageable\" crisis plausible (Con’s framing). **Unfavorable conditions** (sudden collapse, high solar activity, delayed adaptation) lead to catastrophic outcomes (Pro’s framing). The critical variable is *timing*: 2–5 years of proactive adaptation (e.g., radiation-hardened satellites, transformer shielding) can tilt the balance toward **Scenario A/B** (75% probability with global action). Without it, **Scenario C** (25% probability) becomes likely, with 10–15% GDP loss and 30% biodiversity collapse."
  ],
  "ablation": {
    "rounds": 3,
    "roles": [
      "Physics",
      "ChemistryMaterials",
      "BiologyEcology",
      "Medicine",
      "Sociology",
      "Economics",
      "PoliticsIR",
      "EngineeringInfrastructure",
      "EnvironmentalScience"
    ],
    "enable_debate": true,
    "enable_conflict_resolution": true,
    "use_shared_frame": false,
    "use_refinement": true
  }
}