<?xml version="1.0" encoding="UTF-8"?>
<mxfile host="app.diagrams.net" agent="Mozilla/5.0 (Macintosh; Intel Mac OS X 10_15_7) AppleWebKit/605.1.15 (KHTML, like Gecko) Version/18.2 Safari/605.1.15" version="28.2.0">
  <diagram name="Page-1" id="1gtmhYIQl4OPtY1tyrvM">
    <mxGraphModel dx="1198" dy="792" grid="1" gridSize="10" guides="1" tooltips="1" connect="1" arrows="1" fold="1" page="1" pageScale="1" pageWidth="850" pageHeight="1100" math="0" shadow="0">
      <root>
        <mxCell id="0" />
        <mxCell id="1" parent="0" />
        <mxCell id="bQGAswOcu3N5Ykq8PeXT-319" value="&lt;b&gt;Mutual Wanting in Human-AI Interaction&lt;/b&gt;&lt;br&gt;A Minimal Method Study of User and System Desiderata Across GPT Model Generations" style="rounded=1;whiteSpace=wrap;html=1;fillColor=#dae8fc;strokeColor=#6c8ebf;fontStyle=1;fontSize=14;" vertex="1" parent="1">
          <mxGeometry x="580" y="310" width="420" height="90" as="geometry" />
        </mxCell>
        <mxCell id="bQGAswOcu3N5Ykq8PeXT-320" value="&lt;b&gt;Core Problem: Structural Misalignment&lt;/b&gt;&lt;br&gt;Investigating the friction between user expectations (&lt;i&gt;user wants&lt;/i&gt;) and system&#39;s operational goals (&lt;i&gt;system desiderata&lt;/i&gt;) during LLM version transitions." style="rounded=0;whiteSpace=wrap;html=1;fillColor=#f8cecc;strokeColor=#b85450;" vertex="1" parent="1">
          <mxGeometry x="610" y="430" width="360" height="80" as="geometry" />
        </mxCell>
        <mxCell id="bQGAswOcu3N5Ykq8PeXT-321" value="" style="endArrow=classic;html=1;rounded=0;entryX=0.5;entryY=0;entryDx=0;entryDy=0;" edge="1" parent="1" target="bQGAswOcu3N5Ykq8PeXT-320">
          <mxGeometry width="50" height="50" relative="1" as="geometry">
            <mxPoint x="790" y="400" as="sourcePoint" />
            <mxPoint x="840" y="350" as="targetPoint" />
          </mxGeometry>
        </mxCell>
        <mxCell id="bQGAswOcu3N5Ykq8PeXT-322" value="&lt;b&gt;Conceptual Framework: Mutual Wanting Alignment (M-WAF)&lt;/b&gt;&lt;br&gt;A model to map and reconcile the bidirectional wants between users and the AI system." style="ellipse;whiteSpace=wrap;html=1;fillColor=#fff2cc;strokeColor=#d6b656;fontSize=12;" vertex="1" parent="1">
          <mxGeometry x="640" y="690" width="300" height="120" as="geometry" />
        </mxCell>
        <mxCell id="bQGAswOcu3N5Ykq8PeXT-323" value="" style="endArrow=classic;html=1;rounded=0;exitX=0.5;exitY=1;exitDx=0;exitDy=0;entryX=0.5;entryY=0;entryDx=0;entryDy=0;" edge="1" parent="1" source="bQGAswOcu3N5Ykq8PeXT-320" target="bQGAswOcu3N5Ykq8PeXT-322">
          <mxGeometry width="50" height="50" relative="1" as="geometry">
            <mxPoint x="790" y="540" as="sourcePoint" />
            <mxPoint x="790" y="590" as="targetPoint" />
          </mxGeometry>
        </mxCell>
        <mxCell id="bQGAswOcu3N5Ykq8PeXT-324" value="&lt;b&gt;Methodology 1: Public Discourse Analysis&lt;/b&gt;" style="rounded=1;whiteSpace=wrap;html=1;fillColor=#d5e8d4;strokeColor=#82b366;" vertex="1" parent="1">
          <mxGeometry x="320" y="550" width="260" height="50" as="geometry" />
        </mxCell>
        <mxCell id="bQGAswOcu3N5Ykq8PeXT-325" value="&lt;b&gt;Methodology 2: Controlled API Probing&lt;/b&gt;" style="rounded=1;whiteSpace=wrap;html=1;fillColor=#d5e8d4;strokeColor=#82b366;" vertex="1" parent="1">
          <mxGeometry x="1000" y="550" width="260" height="50" as="geometry" />
        </mxCell>
        <mxCell id="bQGAswOcu3N5Ykq8PeXT-326" value="&lt;b&gt;Data Source:&lt;/b&gt; Reddit Discourse Corpus&lt;br&gt;&lt;i&gt;(Subreddits related to AI, GPT, prompt engineering)&lt;/i&gt;" style="whiteSpace=wrap;html=1;align=left;" vertex="1" parent="1">
          <mxGeometry x="320" y="620" width="260" height="60" as="geometry" />
        </mxCell>
        <mxCell id="bQGAswOcu3N5Ykq8PeXT-327" value="&lt;b&gt;Analysis Plan:&lt;/b&gt;&lt;br&gt;&lt;ul style=&quot;margin-left: 20px;&quot;&gt;&lt;li&gt;Thematic Mining&lt;/li&gt;&lt;li&gt;Expectancy Violation Extraction&lt;/li&gt;&lt;li&gt;Persona Drift Lexicon&lt;/li&gt;&lt;li&gt;Stance Clustering&lt;/li&gt;&lt;/ul&gt;" style="whiteSpace=wrap;html=1;align=left;" vertex="1" parent="1">
          <mxGeometry x="320" y="700" width="260" height="110" as="geometry" />
        </mxCell>
        <mxCell id="bQGAswOcu3N5Ykq8PeXT-328" value="" style="endArrow=classic;html=1;rounded=0;exitX=0.5;exitY=1;exitDx=0;exitDy=0;entryX=0.5;entryY=0;entryDx=0;entryDy=0;" edge="1" parent="1" source="bQGAswOcu3N5Ykq8PeXT-324" target="bQGAswOcu3N5Ykq8PeXT-326">
          <mxGeometry width="50" height="50" relative="1" as="geometry">
            <mxPoint x="450" y="630" as="sourcePoint" />
            <mxPoint x="450" y="660" as="targetPoint" />
          </mxGeometry>
        </mxCell>
        <mxCell id="bQGAswOcu3N5Ykq8PeXT-329" value="" style="endArrow=classic;html=1;rounded=0;exitX=0.5;exitY=1;exitDx=0;exitDy=0;entryX=0.5;entryY=0;entryDx=0;entryDy=0;" edge="1" parent="1" source="bQGAswOcu3N5Ykq8PeXT-326" target="bQGAswOcu3N5Ykq8PeXT-327">
          <mxGeometry width="50" height="50" relative="1" as="geometry">
            <mxPoint x="450" y="710" as="sourcePoint" />
            <mxPoint x="450" y="740" as="targetPoint" />
          </mxGeometry>
        </mxCell>
        <mxCell id="bQGAswOcu3N5Ykq8PeXT-330" value="&lt;b&gt;Data Source:&lt;/b&gt; API Prompt Probe Suite&lt;br&gt;&lt;i&gt;(Across historical &amp;amp; current GPT variants)&lt;/i&gt;" style="whiteSpace=wrap;html=1;align=left;" vertex="1" parent="1">
          <mxGeometry x="1000" y="620" width="260" height="60" as="geometry" />
        </mxCell>
        <mxCell id="bQGAswOcu3N5Ykq8PeXT-331" value="&lt;b&gt;Analysis Plan (Metrics):&lt;/b&gt;&lt;br&gt;&lt;ul style=&quot;margin-left: 20px;&quot;&gt;&lt;li&gt;Confidence Disclosure Rate (CDR)&lt;/li&gt;&lt;li&gt;Structured Uncertainty Ratio (SUR)&lt;/li&gt;&lt;li&gt;Empathy Tier Distribution (ETD)&lt;/li&gt;&lt;li&gt;Silence Simulation Tolerance (SST)&lt;/li&gt;&lt;li&gt;Concision Re-prompt Rate (CRR)&lt;/li&gt;&lt;/ul&gt;" style="whiteSpace=wrap;html=1;align=left;" vertex="1" parent="1">
          <mxGeometry x="1000" y="700" width="260" height="110" as="geometry" />
        </mxCell>
        <mxCell id="bQGAswOcu3N5Ykq8PeXT-332" value="" style="endArrow=classic;html=1;rounded=0;exitX=0.5;exitY=1;exitDx=0;exitDy=0;entryX=0.5;entryY=0;entryDx=0;entryDy=0;" edge="1" parent="1" source="bQGAswOcu3N5Ykq8PeXT-325" target="bQGAswOcu3N5Ykq8PeXT-330">
          <mxGeometry width="50" height="50" relative="1" as="geometry">
            <mxPoint x="1130" y="630" as="sourcePoint" />
            <mxPoint x="1130" y="660" as="targetPoint" />
          </mxGeometry>
        </mxCell>
        <mxCell id="bQGAswOcu3N5Ykq8PeXT-333" value="" style="endArrow=classic;html=1;rounded=0;exitX=0.5;exitY=1;exitDx=0;exitDy=0;entryX=0.5;entryY=0;entryDx=0;entryDy=0;" edge="1" parent="1" source="bQGAswOcu3N5Ykq8PeXT-330" target="bQGAswOcu3N5Ykq8PeXT-331">
          <mxGeometry width="50" height="50" relative="1" as="geometry">
            <mxPoint x="1130" y="710" as="sourcePoint" />
            <mxPoint x="1130" y="740" as="targetPoint" />
          </mxGeometry>
        </mxCell>
        <mxCell id="bQGAswOcu3N5Ykq8PeXT-334" value="" style="endArrow=classic;html=1;rounded=0;exitX=1;exitY=0.5;exitDx=0;exitDy=0;entryX=0;entryY=0.5;entryDx=0;entryDy=0;" edge="1" parent="1" source="bQGAswOcu3N5Ykq8PeXT-324" target="bQGAswOcu3N5Ykq8PeXT-322">
          <mxGeometry width="50" height="50" relative="1" as="geometry">
            <mxPoint x="600" y="575" as="sourcePoint" />
            <mxPoint x="650" y="525" as="targetPoint" />
          </mxGeometry>
        </mxCell>
        <mxCell id="bQGAswOcu3N5Ykq8PeXT-335" value="" style="endArrow=classic;html=1;rounded=0;exitX=0;exitY=0.5;exitDx=0;exitDy=0;entryX=1;entryY=0.5;entryDx=0;entryDy=0;" edge="1" parent="1" source="bQGAswOcu3N5Ykq8PeXT-325" target="bQGAswOcu3N5Ykq8PeXT-322">
          <mxGeometry width="50" height="50" relative="1" as="geometry">
            <mxPoint x="980" y="575" as="sourcePoint" />
            <mxPoint x="930" y="525" as="targetPoint" />
          </mxGeometry>
        </mxCell>
        <mxCell id="bQGAswOcu3N5Ykq8PeXT-336" value="&lt;b&gt;Key Tension Axes&lt;/b&gt;" style="text;html=1;align=center;verticalAlign=middle;resizable=0;points=[];autosize=1;strokeColor=none;fillColor=none;" vertex="1" parent="1">
          <mxGeometry x="470" y="850" width="130" height="30" as="geometry" />
        </mxCell>
        <mxCell id="bQGAswOcu3N5Ykq8PeXT-337" value="&lt;b&gt;Design Levers&lt;/b&gt;" style="text;html=1;align=center;verticalAlign=middle;resizable=0;points=[];autosize=1;strokeColor=none;fillColor=none;" vertex="1" parent="1">
          <mxGeometry x="1005" y="850" width="110" height="30" as="geometry" />
        </mxCell>
        <mxCell id="bQGAswOcu3N5Ykq8PeXT-338" value="Warmth vs. Cost Efficiency" style="rounded=0;whiteSpace=wrap;html=1;" vertex="1" parent="1">
          <mxGeometry x="440" y="890" width="190" height="30" as="geometry" />
        </mxCell>
        <mxCell id="bQGAswOcu3N5Ykq8PeXT-339" value="Stability vs. Iterative Optimization" style="rounded=0;whiteSpace=wrap;html=1;" vertex="1" parent="1">
          <mxGeometry x="440" y="930" width="190" height="30" as="geometry" />
        </mxCell>
        <mxCell id="bQGAswOcu3N5Ykq8PeXT-340" value="Epistemic Honesty vs. Authority Signaling" style="rounded=0;whiteSpace=wrap;html=1;" vertex="1" parent="1">
          <mxGeometry x="440" y="970" width="190" height="30" as="geometry" />
        </mxCell>
        <mxCell id="bQGAswOcu3N5Ykq8PeXT-341" value="Emotional Resonance vs. Dependence Risk" style="rounded=0;whiteSpace=wrap;html=1;" vertex="1" parent="1">
          <mxGeometry x="440" y="1010" width="190" height="30" as="geometry" />
        </mxCell>
        <mxCell id="bQGAswOcu3N5Ykq8PeXT-342" value="Uncertainty Disclosure Style" style="rounded=0;whiteSpace=wrap;html=1;" vertex="1" parent="1">
          <mxGeometry x="970" y="890" width="180" height="30" as="geometry" />
        </mxCell>
        <mxCell id="bQGAswOcu3N5Ykq8PeXT-343" value="Relational Pacing (Silence vs. Immediacy)" style="rounded=0;whiteSpace=wrap;html=1;" vertex="1" parent="1">
          <mxGeometry x="970" y="930" width="180" height="30" as="geometry" />
        </mxCell>
        <mxCell id="bQGAswOcu3N5Ykq8PeXT-344" value="Intimacy Boundaries (Empathy Ladder)" style="rounded=0;whiteSpace=wrap;html=1;" vertex="1" parent="1">
          <mxGeometry x="970" y="970" width="180" height="30" as="geometry" />
        </mxCell>
        <mxCell id="bQGAswOcu3N5Ykq8PeXT-345" value="" style="endArrow=none;html=1;rounded=0;exitX=0;exitY=1;exitDx=0;exitDy=0;entryX=0.5;entryY=0;entryDx=0;entryDy=0;" edge="1" parent="1" source="bQGAswOcu3N5Ykq8PeXT-322" target="bQGAswOcu3N5Ykq8PeXT-338">
          <mxGeometry width="50" height="50" relative="1" as="geometry">
            <mxPoint x="720" y="850" as="sourcePoint" />
            <mxPoint x="575" y="880" as="targetPoint" />
          </mxGeometry>
        </mxCell>
        <mxCell id="bQGAswOcu3N5Ykq8PeXT-346" value="" style="endArrow=none;html=1;rounded=0;exitX=1;exitY=1;exitDx=0;exitDy=0;entryX=0.5;entryY=0;entryDx=0;entryDy=0;" edge="1" parent="1" source="bQGAswOcu3N5Ykq8PeXT-322" target="bQGAswOcu3N5Ykq8PeXT-342">
          <mxGeometry width="50" height="50" relative="1" as="geometry">
            <mxPoint x="850" y="850" as="sourcePoint" />
            <mxPoint x="1015" y="880" as="targetPoint" />
          </mxGeometry>
        </mxCell>
        <mxCell id="bQGAswOcu3N5Ykq8PeXT-347" value="&lt;b&gt;Planned Contributions &amp;amp; Artifacts&lt;/b&gt;" style="rounded=1;whiteSpace=wrap;html=1;fillColor=#e1d5e7;strokeColor=#9673a6;" vertex="1" parent="1">
          <mxGeometry x="710" y="910" width="160" height="40" as="geometry" />
        </mxCell>
        <mxCell id="bQGAswOcu3N5Ykq8PeXT-348" value="&lt;ul&gt;&lt;li&gt;Conceptual: M-WAF Framework&lt;br&gt;&lt;/li&gt;&lt;li&gt;Empirical: Reddit &amp;amp; API Analysis Plan&lt;br&gt;&lt;/li&gt;&lt;li&gt;Metrics: Trust Gap, Warmth-Cost Index, etc.&lt;br&gt;&lt;/li&gt;&lt;li&gt;Ethical Guidelines Draft&lt;br&gt;&lt;/li&gt;&lt;li&gt;Reproducibility: Prompt Suites, Lexicons&lt;br&gt;&lt;/li&gt;&lt;/ul&gt;" style="whiteSpace=wrap;html=1;align=left;" vertex="1" parent="1">
          <mxGeometry x="650" y="960" width="300" height="120" as="geometry" />
        </mxCell>
        <mxCell id="bQGAswOcu3N5Ykq8PeXT-349" value="" style="endArrow=classic;html=1;rounded=0;exitX=0.5;exitY=1;exitDx=0;exitDy=0;entryX=0.5;entryY=0;entryDx=0;entryDy=0;" edge="1" parent="1" source="bQGAswOcu3N5Ykq8PeXT-322" target="bQGAswOcu3N5Ykq8PeXT-347">
          <mxGeometry width="50" height="50" relative="1" as="geometry">
            <mxPoint x="790" y="840" as="sourcePoint" />
            <mxPoint x="790" y="890" as="targetPoint" />
          </mxGeometry>
        </mxCell>
        <mxCell id="bQGAswOcu3N5Ykq8PeXT-350" value="" style="endArrow=none;html=1;rounded=0;exitX=0.5;exitY=0;exitDx=0;exitDy=0;entryX=0.5;entryY=1;entryDx=0;entryDy=0;" edge="1" parent="1" source="bQGAswOcu3N5Ykq8PeXT-339" target="bQGAswOcu3N5Ykq8PeXT-338">
          <mxGeometry width="50" height="50" relative="1" as="geometry">
            <mxPoint x="535" y="950" as="sourcePoint" />
            <mxPoint x="535" y="900" as="targetPoint" />
          </mxGeometry>
        </mxCell>
        <mxCell id="bQGAswOcu3N5Ykq8PeXT-351" value="" style="endArrow=none;html=1;rounded=0;exitX=0.5;exitY=0;exitDx=0;exitDy=0;entryX=0.5;entryY=1;entryDx=0;entryDy=0;" edge="1" parent="1" source="bQGAswOcu3N5Ykq8PeXT-340" target="bQGAswOcu3N5Ykq8PeXT-339">
          <mxGeometry width="50" height="50" relative="1" as="geometry">
            <mxPoint x="535" y="990" as="sourcePoint" />
            <mxPoint x="535" y="940" as="targetPoint" />
          </mxGeometry>
        </mxCell>
        <mxCell id="bQGAswOcu3N5Ykq8PeXT-352" value="" style="endArrow=none;html=1;rounded=0;exitX=0.5;exitY=0;exitDx=0;exitDy=0;entryX=0.5;entryY=1;entryDx=0;entryDy=0;" edge="1" parent="1" source="bQGAswOcu3N5Ykq8PeXT-341" target="bQGAswOcu3N5Ykq8PeXT-340">
          <mxGeometry width="50" height="50" relative="1" as="geometry">
            <mxPoint x="535" y="1030" as="sourcePoint" />
            <mxPoint x="535" y="980" as="targetPoint" />
          </mxGeometry>
        </mxCell>
        <mxCell id="bQGAswOcu3N5Ykq8PeXT-353" value="" style="endArrow=none;html=1;rounded=0;exitX=0.5;exitY=0;exitDx=0;exitDy=0;entryX=0.5;entryY=1;entryDx=0;entryDy=0;" edge="1" parent="1" source="bQGAswOcu3N5Ykq8PeXT-343" target="bQGAswOcu3N5Ykq8PeXT-342">
          <mxGeometry width="50" height="50" relative="1" as="geometry">
            <mxPoint x="1060" y="950" as="sourcePoint" />
            <mxPoint x="1060" y="900" as="targetPoint" />
          </mxGeometry>
        </mxCell>
        <mxCell id="bQGAswOcu3N5Ykq8PeXT-354" value="" style="endArrow=none;html=1;rounded=0;exitX=0.5;exitY=0;exitDx=0;exitDy=0;entryX=0.5;entryY=1;entryDx=0;entryDy=0;" edge="1" parent="1" source="bQGAswOcu3N5Ykq8PeXT-344" target="bQGAswOcu3N5Ykq8PeXT-343">
          <mxGeometry width="50" height="50" relative="1" as="geometry">
            <mxPoint x="1060" y="990" as="sourcePoint" />
            <mxPoint x="1060" y="940" as="targetPoint" />
          </mxGeometry>
        </mxCell>
      </root>
    </mxGraphModel>
  </diagram>
</mxfile>
