{
  "stage": "3_creative_research_1_first_attempt",
  "total_nodes": 16,
  "buggy_nodes": 11,
  "good_nodes": 4,
  "best_metric": "Metrics(train accuracy\u2191[mnist:(final=0.7039, best=0.7039), fashion_mnist:(final=0.6878, best=0.6878), svhn:(final=0.6294, best=0.6294)]; validation accuracy\u2191[mnist:(final=0.6933, best=0.6933), fashion_mnist:(final=0.6900, best=0.6900), svhn:(final=0.6567, best=0.6567)]; train logical consistency accuracy\u2191[mnist:(final=0.6736, best=0.6736), fashion_mnist:(final=0.6111, best=0.6111), svhn:(final=0.6111, best=0.6111)]; validation logical consistency accuracy\u2191[mnist:(final=0.7000, best=0.7000), fashion_mnist:(final=0.6700, best=0.6700), svhn:(final=0.7100, best=0.7100)]; train loss\u2193[mnist:(final=0.5273, best=0.5273), fashion_mnist:(final=0.5337, best=0.5337), svhn:(final=0.6248, best=0.6248)]; validation loss\u2193[mnist:(final=0.5533, best=0.5533), fashion_mnist:(final=0.5457, best=0.5457), svhn:(final=0.5903, best=0.5903)])",
  "current_findings": "### 1. Key Patterns of Success Across Working Experiments\n\n- **Hyperparameter Tuning**: Successful experiments often involved systematic hyperparameter tuning, such as adjusting the number of training epochs. For instance, tuning the number of epochs to 10 yielded the highest validation accuracy (0.7183), demonstrating the importance of finding the optimal training duration.\n\n- **Bug Fixes and Robust Code**: Addressing specific bugs, such as incorrect image padding or dimension mismatches, led to significant improvements in model performance. For example, fixing the `pad_image` function to handle larger images by cropping rather than padding resolved broadcasting errors.\n\n- **Consistent Data Handling**: Ensuring consistent data formats across different datasets (e.g., converting all images to a uniform channel format) was crucial. This consistency facilitated smoother model training and evaluation across diverse datasets like MNIST, Fashion-MNIST, and SVHN.\n\n- **Model Architecture Adjustments**: Modifying the model architecture to address specific issues, such as adding linear layers to match feature dimensions, improved the integration of multimodal data and enhanced overall performance.\n\n### 2. Common Failure Patterns and Pitfalls to Avoid\n\n- **Dimension Mismatches**: A recurring issue was dimension mismatches during data processing and model operations, such as concatenating outputs from different encoders. Ensuring that dimensions align before operations is critical.\n\n- **Inadequate Data Preparation**: Errors often arose from improper data preparation, such as incorrect tensor shapes or missing configuration names when loading datasets. Proper data preprocessing and specifying configurations are essential.\n\n- **Logical Consistency Challenges**: Many experiments struggled with achieving high logical consistency accuracy, indicating that the model architecture or loss functions were not adequately capturing logical reasoning tasks.\n\n- **Library and Environment Configuration**: Issues with library configurations, such as Triton and DeepSpeed, highlighted the importance of ensuring that all dependencies and hardware drivers are correctly set up.\n\n### 3. Specific Recommendations for Future Experiments\n\n- **Enhanced Hyperparameter Exploration**: Continue to explore a wider range of hyperparameters, including learning rates and batch sizes, to optimize model performance further.\n\n- **Improved Data Augmentation**: Implement more sophisticated data augmentation techniques to increase dataset diversity and robustness, particularly for logical reasoning tasks.\n\n- **Model Architecture Innovations**: Introduce specialized modules or attention mechanisms focused on logical reasoning to improve logical consistency accuracy. Consider multi-task learning approaches that incorporate logical consistency as an auxiliary task.\n\n- **Comprehensive Error Handling**: Develop more robust error handling and debugging strategies to quickly identify and resolve dimension mismatches and data preparation issues.\n\n- **Library and Environment Updates**: Regularly update libraries and ensure that the environment is configured correctly, particularly when using advanced tools like Triton and DeepSpeed.\n\n- **Experiment with Fine-Tuning**: Consider fine-tuning components like BERT to better adapt to specific tasks, especially when dealing with complex multimodal claims.\n\nBy addressing these areas, future experiments can build on past successes while avoiding common pitfalls, leading to more robust and insightful research outcomes."
}