[
  {
    "Agent": "planner",
    "Cost ($)": 0.06396,
    "Prompt Tokens": 21060.0,
    "Completion Tokens": 2730.0,
    "Total Tokens": 23790.0
  },
  {
    "Agent": "terminator",
    "Cost ($)": 0.016528,
    "Prompt Tokens": 8260.0,
    "Completion Tokens": 1.0,
    "Total Tokens": 8261.0
  },
  {
    "Agent": "plan setter",
    "Cost ($)": 0.010944,
    "Prompt Tokens": 5428.0,
    "Completion Tokens": 11.0,
    "Total Tokens": 5439.0
  },
  {
    "Agent": "plan reviewer",
    "Cost ($)": 0.013376,
    "Prompt Tokens": 9336.0,
    "Completion Tokens": 706.0,
    "Total Tokens": 10042.0
  },
  {
    "Agent": "reviewer response formatter",
    "Cost ($)": 0.003914,
    "Prompt Tokens": 473.0,
    "Completion Tokens": 371.0,
    "Total Tokens": 844.0
  },
  {
    "Agent": "planner response formatter",
    "Cost ($)": 0.02611,
    "Prompt Tokens": 3507.0,
    "Completion Tokens": 2387.0,
    "Total Tokens": 5894.0
  },
  {
    "Agent": "plan recorder",
    "Cost ($)": 0.031578,
    "Prompt Tokens": 3725.0,
    "Completion Tokens": 3016.0,
    "Total Tokens": 6741.0
  },
  {
    "Agent": "review recorder",
    "Cost ($)": 0.003358,
    "Prompt Tokens": 455.0,
    "Completion Tokens": 306.0,
    "Total Tokens": 761.0
  },
  {
    "Agent": "Total",
    "Cost ($)": 0.16976800000000003,
    "Prompt Tokens": 52244.0,
    "Completion Tokens": 9528.0,
    "Total Tokens": 61772.0
  }
]