{
  "proposition": "What if Earth's magnetic field collapsed for ten years?",
  "scenario": {
    "premises": [
      "Assumptions clarified in natural language above."
    ],
    "constraints": [
      "Modern technology level maintained unless stated."
    ],
    "timescales": [
      "Short-term",
      "Medium-term",
      "Long-term"
    ],
    "uncertainties": [
      "Not specified; treat as open variables."
    ],
    "expert_plan": [
      "Physics",
      "Economics"
    ]
  },
  "rounds": [
    "Round 1 Summary\nShared Frame:\nConsensus Points:\nConditional Branches:\nRemaining Uncertainties:\n- *Condition*: Solar maximum (200-year event) vs normal.\n- *Scenario*: 30% chance (2–3× higher flux) → 10–15% GDP loss; 70% chance (normal) → 5–10% GDP loss (Economics).\n- *Drivers*: Physics (solar particle acceleration) + Engineering (shielding/grid resilience).\n- 3. **Adaptation Feasibility** (Soft conflict):\n- *Condition*: Global policy coordination (80% success) vs geopolitical fragmentation (20% failure).\n- *Scenario*: 80% chance (50% GIC-resistant transformers, HF radio) → 5–10% GDP loss; 20% chance (no coordination) → 10–15% GDP loss (Economics).\n- *Drivers*: Economics (policy) + Physics (tech feasibility).\n- ### **Decision Rules** (Observable Indicators → Branch)\n- | **Indicator**               | **Threshold**               | **Branch**               | **Probability** |\n- |------------------------------|-----------------------------|--------------------------|-----------------|\n- | Transformer failures         | >50% (Physics) vs >30% (Economics) | Severe (10–15% GDP loss) | 30%             |\n- | UV-B increase                | >5% (Economics) vs >10% (Physics) | Moderate (5–10% GDP loss) | 70%             |\n- | Radio/communication loss     | >50% (Physics) vs >30% (Economics) | Moderate (5–10% GDP loss) | 70%             |\n- | Satellite failures           | >20% (Economics) vs >10% (Physics) | Stagnation (7–10% GDP loss) | 40%             |\n- ### **Remaining Uncertainties** (Measurable Indicators)\n- **Magnetic field strength**: 0–50 μT (Physics) vs 0–50 μT (Economics) → critical for GIC/UV intensity.\n- **Solar wind flux**: 100–10,000 pfu (Physics) vs 1.5e6 W/m² (Economics) → 1 pfu ≈ 1e-22 W/m², so 10,000 pfu = 1e-18 W/m², which is 0.0001% of solar wind intensity; need cross-calibration.\n- **Ozone recovery time**: 50–100 years (Physics) vs 10+ years (Economics) → limits long-term ecosystem/health recovery.\n- ### **Brief Notes on Conflict Resolution**\n- **Physics > Biology > Resources > Social > Economics**: Root physical mechanisms (magnetosphere collapse) are first-order; biological impacts (phytoplankton, crops) determine survival; resource constraints (energy, transformers) limit adaptation; social factors (panic, policy) amplify/mitigate; economics quantifies GDP losses.\n- **Soft conflicts resolved by probability**: Adaptation feasibility and recovery rates are probabilistic (e.g., 60% chance of partial recovery), not absolute.\n- **Granularity merged**: Physics’ 30–70% ozone loss aligns with Economics’ 5–15% UV-B (10–30% ozone loss), so merged to 10–30% ozone loss with 40–60% confidence.\nNotes:\n\nDebate Brief:\n### **DebateJudge Synthesis: Earth’s Magnetic Field Collapse for Ten Years**  \n\n\n#### **1. Core Conclusion (Balanced Synthesis)**  \nA 10-year collapse of Earth’s magnetic field would trigger cascading environmental, societal, and economic crises, with **50–90% of species at risk of extinction** and **global GDP dropping by 40–80%** in the first 5 years, regardless of Pro/Con framing. The critical variable is **how quickly adaptation (e.g., shielding, GM crops) and geodynamo recovery (if temporary) can be achieved**, with the balance of evidence suggesting:  \n- **Severe near-term impacts** (UV radiation, power/communication failures, crop loss) are unavoidable within 2–5 years, regardless of adaptation.  \n- **Long-term survival** depends on two factors: (1) whether the geodynamo restarts within 10 years (Pro’s \"partial recovery\" scenario) and (2) whether global adaptation (e.g., shielding, underground habitats) is deployed within 2–3 years (Pro’s key threshold).  \n\n\n#### **2. Key Uncertainties & Adaptation Levers**  \n| **Uncertainty**               | **Pro Perspective**       | **Con Perspective**       | **Critical Lever**                                                                 |  \n|-------------------------------|---------------------------|---------------------------|-------------------------------------------------------------------------------------|  \n| **Collapse Rate**             | 10-year gradual (30% chance) | 10-year sudden (60% chance) | Sudden collapse amplifies radiation/ionospheric damage; gradual collapse allows partial adaptation. |  \n| **Geodynamo Recovery**        | 40% chance of 10-year restart | 60% chance of permanent collapse | Recovery reduces long-term extinction risk; permanent collapse requires >100-year habitability loss. |  \n| **Solar Activity**            | 30% chance of peak cycle (2025–2036) | 70% chance of peak cycle | Solar storms (e.g., CMEs) would increase radiation by 2–3x baseline, worsening impacts. |  \n| **UV Sensitivity**            | Some species have repair mechanisms (e.g., plants with DNA repair enzymes). | 50%+ UVB exceeds all known biological thresholds (e.g., phytoplankton die-off in 2 years). | GM crops/vertical farms could mitigate food loss by 30–50% if deployed by Year 1. |  \n\n\n#### **3. Conditional Scenarios (Rough Probabilities)**  \n| **Scenario**                  | **Probability** | **Key Drivers**                                                                 | **Outcome**                                                                 |  \n|-------------------------------|-----------------|---------------------------------------------------------------------------------|-----------------------------------------------------------------------------|  \n| **Gradual Collapse + Recovery** | 30%             | Slow geodynamo shutdown; 2025–2036 solar minimum; shielding deployed by Year 2.  | 10–20% mortality; 50% GDP loss; partial ecosystem recovery (10–20 years).   |  \n| **Sudden Collapse + No Recovery** | 60%           | Transient core disruption; 2025–2036 solar maximum; no shielding deployment.     | 50–70% mortality; 70–80% GDP loss; permanent habitability (extinction risk). |  \n| **Partial Recovery (10 years)** | 40%           | Geodynamo restarts after 10 years; shielding delays radiation but not collapse.  | 20–30% mortality; 60% GDP loss; ecosystems recover slowly (100+ years).      |  \n| **Permanent Collapse (10+ years)** | 60%           | Core cooling/chemical changes; no shielding; solar peak.                       | 70–90% mortality; 80–90% GDP loss; Earth becomes uninhabitable.             |  \n\n\n#### **4. Decision Rules (Indicator → Branch)**  \n| **Decision Indicator**                          | **Likely Branch**       | **Rationale**                                                                 |  \n|-------------------------------------------------|-------------------------|---------------------------------------------------------------------------------|  \n| Shielding tech (e.g., superconducting coils) deployed by Year 2 | Gradual Collapse + Recovery (30%) | 100 GWe power (10% global energy) is feasible with 2–3 years of R&D; reduces UV and radiation damage. |  \n| Shielding not deployed by Year 2, solar cycle peaks (2025–2036) | Sudden Collapse + No Recovery (60%) | 10^15 kWh energy required for shielding is impossible; solar storms overwhelm power grids. |  \n| Geodynamo recovery observed by Year 10 (via seismic/ magnetic field data) | Partial Recovery (40%) | Restart suggests temporary collapse; ecosystems may regrow with GM crops/vertical farms. |  \n| Geodynamo shows no recovery by Year 5 | Permanent Collapse (60%) | No evidence of 10-year recovery; core cooling/chemical changes are irreversible. |  \n\n\n#### **5. Traceability & Consistency Audit**  \n- **Physics**: Pro/Con agree solar wind penetration and ozone depletion are inevitable; Pro adds \"theoretically feasible\" shielding, Con emphasizes \"impossible with current materials\" (10^15 kWh vs. 10–100 GWe).  \n- **Biology**: Both agree phytoplankton die-off (base of food chain) and crop failure are critical; Pro notes GM crops, Con highlights UVB exceeding biological thresholds.  \n- **Economics**: Pro’s 50–80% GDP drop aligns with Con’s 50–70%, but Pro adds \"10–20% mortality\" vs. Con’s \"50–70%,\" driven by adaptation feasibility.  \n\n\n**Final Verdict**: A 10-year magnetic field collapse is a \"near-certain existential risk\" without immediate global adaptation, but **temporary shielding deployment and geodynamo recovery** could reduce mortality to 10–20%. The critical decision: Can global cooperation deploy shielding by 2025? Failure risks 50–70% mortality and permanent habitability loss."
  ],
  "ablation": {
    "rounds": 1,
    "roles": [
      "Physics",
      "Economics"
    ],
    "enable_debate": true,
    "enable_conflict_resolution": true,
    "use_shared_frame": true,
    "use_refinement": true
  }
}