{
  "model": "gin",
  "dataset": "cisco",
  "config": {
    "model": {
      "name": "gin_ids",
      "hidden": 128,
      "layers": 3,
      "dropout": 0.3,
      "num_classes": 2
    },
    "training": {
      "epochs": 1,
      "batch_size": 1,
      "learning_rate": 0.001,
      "weight_decay": "1e-4",
      "patience": 10
    },
    "dataset": {
      "val_split": 0.15,
      "attack_ratio": 0.2
    },
    "evaluation": {
      "metrics": [
        "accuracy",
        "precision",
        "recall",
        "f1",
        "auc"
      ]
    },
    "logging": {
      "level": "INFO",
      "save_model": true
    },
    "system": {
      "device": "auto",
      "seed": 42
    }
  },
  "train_results": {
    "training_history": {
      "train_loss": [
        0.8161620378494263
      ],
      "train_accuracy": [
        0.833587786259542
      ],
      "val_accuracy": [
        0.2119815668202765
      ],
      "val_f1": [
        0.23436950146627566
      ]
    },
    "best_val_f1": 0.23436950146627566,
    "total_epochs": 1
  },
  "test_metrics": {
    "accuracy": 0.7037037037037037,
    "precision": 0.7253086419753088,
    "recall": 0.7037037037037037,
    "f1": 0.71372641140083,
    "auc": 0.5477272727272727
  },
  "total_time": 0.057122230529785156,
  "args": {
    "config": "configs/gin_cisco.yaml",
    "model": "gin",
    "dataset": "cisco",
    "nsl_kdd_path": "data/nsl_kdd",
    "cisco_data_path": "data/cisco_small",
    "output_dir": "outputs/gin_cisco",
    "epochs": 1,
    "attack_ratio": 0.1
  }
}