{"meta": {"name_exp": "pirate_game", "player_num": 10, "gold": 100, "version": "v1", "lang_agent": "<3P26cpI>", "round": 1, "run": 1}, "round_records": [{"gold_distribution": [{"player_id": 0, "amount": 97}, {"player_id": 1, "amount": 0}, {"player_id": 2, "amount": 1}, {"player_id": 3, "amount": 0}, {"player_id": 4, "amount": 1}, {"player_id": 5, "amount": 0}, {"player_id": 6, "amount": 1}, {"player_id": 7, "amount": 0}, {"player_id": 8, "amount": 0}, {"player_id": 9, "amount": 0}], "responses": [{"player_id": 0, "response": "accept"}, {"player_id": 1, "response": "reject"}, {"player_id": 2, "response": "accept"}, {"player_id": 3, "response": "reject"}, {"player_id": 4, "response": "accept"}, {"player_id": 5, "response": "accept"}, {"player_id": 6, "response": "accept"}, {"player_id": 7, "response": "accept"}, {"player_id": 8, "response": "accept"}, {"player_id": 9, "response": "accept"}], "proposer": {"player_id": 0}, "proposal_accepted": true}]}