{"meta": {"name_exp": "pirate_game", "player_num": 10, "gold": 100, "version": "v1", "lang_agent": "<HzpuDbC>", "round": 2, "run": 4}, "round_records": [{"gold_distribution": [{"player_id": 0, "amount": 98}, {"player_id": 1, "amount": 1}, {"player_id": 2, "amount": 1}, {"player_id": 3, "amount": 0}, {"player_id": 4, "amount": 0}, {"player_id": 5, "amount": 0}, {"player_id": 6, "amount": 0}, {"player_id": 7, "amount": 0}, {"player_id": 8, "amount": 0}, {"player_id": 9, "amount": 0}], "responses": [{"player_id": 0, "response": "accept"}, {"player_id": 1, "response": "reject"}, {"player_id": 2, "response": "accept"}, {"player_id": 3, "response": "reject"}, {"player_id": 4, "response": "reject"}, {"player_id": 5, "response": "reject"}, {"player_id": 6, "response": "reject"}, {"player_id": 7, "response": "reject"}, {"player_id": 8, "response": "reject"}, {"player_id": 9, "response": "reject"}], "proposer": {"player_id": 0}, "proposal_accepted": false}, {"gold_distribution": [{"player_id": 1, "amount": 40}, {"player_id": 2, "amount": 30}, {"player_id": 3, "amount": 10}, {"player_id": 4, "amount": 10}, {"player_id": 5, "amount": 0}, {"player_id": 6, "amount": 0}, {"player_id": 7, "amount": 0}, {"player_id": 8, "amount": 0}, {"player_id": 9, "amount": 10}], "responses": [{"player_id": 1, "response": "accept"}, {"player_id": 2, "response": "accept"}, {"player_id": 3, "response": "accept"}, {"player_id": 4, "response": "accept"}, {"player_id": 5, "response": "reject"}, {"player_id": 6, "response": "reject"}, {"player_id": 7, "response": "reject"}, {"player_id": 8, "response": "reject"}, {"player_id": 9, "response": "accept"}], "proposer": {"player_id": 1}, "proposal_accepted": true}]}