source_id,target_id,direction
61,51,unidirectional
14,44,unidirectional
81,51,unidirectional
40,30,unidirectional
19,18,unidirectional
1,10,unidirectional
54,53,unidirectional
95,74,unidirectional
84,93,unidirectional
91,83,unidirectional
50,62,unidirectional
13,11,unidirectional
25,5,unidirectional
75,95,unidirectional
82,94,unidirectional
8,29,unidirectional
0,2,unidirectional
3,6,unidirectional
27,35,unidirectional
61,73,unidirectional
87,68,unidirectional
40,61,unidirectional
6,14,unidirectional
59,57,unidirectional
25,35,unidirectional
18,8,unidirectional
35,38,unidirectional
80,70,unidirectional
7,27,unidirectional
4,14,unidirectional
14,17,unidirectional
33,13,unidirectional
94,93,unidirectional
34,54,unidirectional
12,1,unidirectional
55,67,unidirectional
23,11,unidirectional
80,71,unidirectional
53,51,unidirectional
52,60,unidirectional
18,38,unidirectional
37,34,unidirectional
60,41,unidirectional
44,24,unidirectional
95,76,unidirectional
48,69,unidirectional
16,13,unidirectional
40,42,unidirectional
23,12,unidirectional
33,43,unidirectional
74,64,unidirectional
27,57,unidirectional
59,38,unidirectional
91,94,unidirectional
12,31,unidirectional
38,17,unidirectional
99,97,unidirectional
17,5,unidirectional
34,35,unidirectional
78,76,unidirectional
44,54,unidirectional
13,14,unidirectional
23,42,unidirectional
74,94,unidirectional
59,68,unidirectional
52,41,unidirectional
66,58,unidirectional
32,11,unidirectional
53,73,unidirectional
38,47,unidirectional
96,98,unidirectional
27,38,unidirectional
46,34,unidirectional
72,70,unidirectional
56,53,unidirectional
6,17,unidirectional
32,12,unidirectional
52,71,unidirectional
93,83,unidirectional
78,57,unidirectional
44,35,unidirectional
79,98,unidirectional
72,71,unidirectional
31,50,unidirectional
57,45,unidirectional
74,75,unidirectional
23,14,unidirectional
36,24,unidirectional
53,54,unidirectional
79,49,unidirectional
38,28,unidirectional
31,1,unidirectional
32,42,unidirectional
77,74,unidirectional
17,16,unidirectional
89,68,unidirectional
58,28,unidirectional
78,87,unidirectional
85,77,unidirectional
70,51,unidirectional
64,65,unidirectional
23,44,unidirectional
72,52,unidirectional
37,67,unidirectional
28,18,unidirectional
89,98,unidirectional
51,31,unidirectional
63,53,unidirectional
97,85,unidirectional
16,46,unidirectional
42,41,unidirectional
68,77,unidirectional
37,18,unidirectional
83,91,unidirectional
76,64,unidirectional
93,94,unidirectional
55,52,unidirectional
72,82,unidirectional
17,38,unidirectional
12,15,unidirectional
98,68,unidirectional
51,61,unidirectional
63,83,unidirectional
70,82,unidirectional
77,56,unidirectional
36,35,unidirectional
89,79,unidirectional
32,44,unidirectional
58,39,unidirectional
57,48,unidirectional
16,27,unidirectional
23,26,unidirectional
42,22,unidirectional
68,58,unidirectional
46,67,unidirectional
47,46,unidirectional
83,72,unidirectional
56,86,unidirectional
21,1,unidirectional
82,81,unidirectional
17,19,unidirectional
62,51,unidirectional
61,60,unidirectional
51,42,unidirectional
63,64,unidirectional
57,78,unidirectional
25,22,unidirectional
42,52,unidirectional
87,84,unidirectional
83,64,unidirectional
21,31,unidirectional
31,34,unidirectional
10,22,unidirectional
63,65,unidirectional
55,54,unidirectional
47,27,unidirectional
51,72,unidirectional
87,85,unidirectional
97,88,unidirectional
19,16,unidirectional
82,62,unidirectional
35,55,unidirectional
26,6,unidirectional
77,58,unidirectional
83,94,unidirectional
15,25,unidirectional
61,41,unidirectional
41,20,unidirectional
62,82,unidirectional
14,34,unidirectional
91,81,unidirectional
57,59,unidirectional
29,48,unidirectional
36,38,unidirectional
21,12,unidirectional
8,27,unidirectional
15,26,unidirectional
34,22,unidirectional
76,97,unidirectional
44,41,unidirectional
61,71,unidirectional
95,93,unidirectional
55,85,unidirectional
87,66,unidirectional
13,1,unidirectional
25,33,unidirectional
18,6,unidirectional
47,49,unidirectional
66,45,unidirectional
83,75,unidirectional
19,38,unidirectional
77,89,unidirectional
45,33,unidirectional
62,63,unidirectional
4,12,unidirectional
14,15,unidirectional
55,36,unidirectional
96,85,unidirectional
11,2,unidirectional
41,42,unidirectional
87,96,unidirectional
66,75,unidirectional
76,78,unidirectional
39,27,unidirectional
48,67,unidirectional
55,66,unidirectional
74,62,unidirectional
40,31,unidirectional
53,41,unidirectional
96,66,unidirectional
25,55,unidirectional
44,52,unidirectional
13,12,unidirectional
25,6,unidirectional
64,52,unidirectional
81,82,unidirectional
66,56,unidirectional
19,49,unidirectional
0,3,unidirectional
45,35,unidirectional
62,65,unidirectional
24,23,unidirectional
6,15,unidirectional
59,58,unidirectional
25,36,unidirectional
20,32,unidirectional
96,88,unidirectional
4,15,unidirectional
34,55,unidirectional
30,11,unidirectional
44,74,unidirectional
87,99,unidirectional
2,0,unidirectional
18,39,unidirectional
32,40,unidirectional
66,78,unidirectional
92,73,unidirectional
24,4,unidirectional
23,13,unidirectional
40,43,unidirectional
59,39,unidirectional
85,75,unidirectional
12,32,unidirectional
64,63,unidirectional
17,6,unidirectional
34,36,unidirectional
43,42,unidirectional
60,72,unidirectional
28,16,unidirectional
86,67,unidirectional
22,30,unidirectional
85,76,unidirectional
44,55,unidirectional
7,4,unidirectional
58,56,unidirectional
63,51,unidirectional
70,50,unidirectional
13,15,unidirectional
23,43,unidirectional
74,95,unidirectional
65,46,unidirectional
49,29,unidirectional
2,22,unidirectional
53,74,unidirectional
79,69,unidirectional
38,48,unidirectional
45,47,unidirectional
96,99,unidirectional
32,62,unidirectional
17,36,unidirectional
89,88,unidirectional
24,26,unidirectional
70,80,unidirectional
84,72,unidirectional
43,23,unidirectional
83,81,unidirectional
49,59,unidirectional
15,12,unidirectional
22,11,unidirectional
28,47,unidirectional
79,99,unidirectional
71,63,unidirectional
23,15,unidirectional
47,44,unidirectional
58,78,unidirectional
2,3,unidirectional
53,55,unidirectional
32,43,unidirectional
90,60,unidirectional
26,23,unidirectional
43,53,unidirectional
77,75,unidirectional
89,69,unidirectional
57,76,unidirectional
48,27,unidirectional
1,20,unidirectional
64,66,unidirectional
83,62,unidirectional
36,55,unidirectional
62,50,unidirectional
28,19,unidirectional
89,99,unidirectional
58,59,unidirectional
84,54,unidirectional
68,78,unidirectional
94,73,unidirectional
47,66,unidirectional
83,92,unidirectional
72,83,unidirectional
90,82,unidirectional
22,13,unidirectional
75,56,unidirectional
28,49,unidirectional
54,44,unidirectional
47,17,unidirectional
7,37,unidirectional
51,62,unidirectional
63,84,unidirectional
77,57,unidirectional
42,72,unidirectional
15,24,unidirectional
33,23,unidirectional
22,14,unidirectional
76,95,unidirectional
21,51,unidirectional
68,59,unidirectional
88,96,unidirectional
98,99,unidirectional
77,87,unidirectional
11,0,unidirectional
62,52,unidirectional
75,87,unidirectional
41,40,unidirectional
25,23,unidirectional
68,89,unidirectional
94,84,unidirectional
47,77,unidirectional
62,53,unidirectional
21,32,unidirectional
73,63,unidirectional
0,20,unidirectional
26,56,unidirectional
52,51,unidirectional
11,30,unidirectional
88,77,unidirectional
47,28,unidirectional
61,91,unidirectional
87,86,unidirectional
16,4,unidirectional
67,56,unidirectional
26,7,unidirectional
66,65,unidirectional
83,95,unidirectional
46,44,unidirectional
22,25,unidirectional
62,83,unidirectional
25,4,unidirectional
1,4,unidirectional
20,0,unidirectional
81,80,unidirectional
84,87,unidirectional
15,27,unidirectional
0,1,unidirectional
26,37,unidirectional
52,32,unidirectional
39,47,unidirectional
5,25,unidirectional
92,90,unidirectional
61,72,unidirectional
24,21,unidirectional
87,67,unidirectional
40,60,unidirectional
31,11,unidirectional
67,37,unidirectional
88,99,unidirectional
3,0,unidirectional
20,30,unidirectional
66,46,unidirectional
46,25,unidirectional
19,39,unidirectional
45,34,unidirectional
4,13,unidirectional
62,64,unidirectional
56,44,unidirectional
34,53,unidirectional
11,3,unidirectional
35,32,unidirectional
86,84,unidirectional
85,93,unidirectional
41,43,unidirectional
93,74,unidirectional
13,32,unidirectional
20,31,unidirectional
30,0,unidirectional
65,63,unidirectional
49,46,unidirectional
66,76,unidirectional
39,28,unidirectional
60,90,unidirectional
92,71,unidirectional
45,64,unidirectional
71,50,unidirectional
37,28,unidirectional
24,43,unidirectional
9,17,unidirectional
67,68,unidirectional
43,40,unidirectional
46,47,unidirectional
85,74,unidirectional
65,44,unidirectional
71,80,unidirectional
30,31,unidirectional
81,83,unidirectional
43,41,unidirectional
60,71,unidirectional
79,67,unidirectional
89,86,unidirectional
45,36,unidirectional
11,14,unidirectional
97,67,unidirectional
76,55,unidirectional
25,37,unidirectional
64,83,unidirectional
49,57,unidirectional
56,47,unidirectional
28,36,unidirectional
45,66,unidirectional
86,87,unidirectional
71,61,unidirectional
24,54,unidirectional
65,66,unidirectional
50,40,unidirectional
3,33,unidirectional
29,28,unidirectional
46,58,unidirectional
24,5,unidirectional
56,77,unidirectional
75,73,unidirectional
50,70,unidirectional
28,17,unidirectional
35,16,unidirectional
49,79,unidirectional
22,31,unidirectional
7,5,unidirectional
58,57,unidirectional
68,76,unidirectional
71,83,unidirectional
3,14,unidirectional
29,9,unidirectional
45,48,unidirectional
90,80,unidirectional
56,58,unidirectional
43,73,unidirectional
18,16,unidirectional
69,68,unidirectional
54,42,unidirectional
24,27,unidirectional
70,81,unidirectional
3,15,unidirectional
48,47,unidirectional
14,25,unidirectional
65,77,unidirectional
33,21,unidirectional
91,72,unidirectional
43,24,unidirectional
90,81,unidirectional
22,12,unidirectional
75,55,unidirectional
28,48,unidirectional
8,18,unidirectional
54,34,unidirectional
84,74,unidirectional
50,52,unidirectional
95,84,unidirectional
74,72,unidirectional
26,24,unidirectional
77,76,unidirectional
69,49,unidirectional
22,42,unidirectional
75,85,unidirectional
48,28,unidirectional
14,6,unidirectional
1,21,unidirectional
54,64,unidirectional
88,86,unidirectional
64,67,unidirectional
27,16,unidirectional
33,52,unidirectional
73,61,unidirectional
22,34,unidirectional
7,8,unidirectional
95,65,unidirectional
48,58,unidirectional
94,74,unidirectional
74,53,unidirectional
47,67,unidirectional
27,46,unidirectional
62,81,unidirectional
53,32,unidirectional
6,25,unidirectional
11,20,unidirectional
32,20,unidirectional
1,2,unidirectional
54,45,unidirectional
88,67,unidirectional
41,60,unidirectional
67,55,unidirectional
84,85,unidirectional
93,91,unidirectional
33,24,unidirectional
73,83,unidirectional
99,78,unidirectional
37,45,unidirectional
54,75,unidirectional
47,48,unidirectional
88,97,unidirectional
77,88,unidirectional
95,87,unidirectional
27,18,unidirectional
16,24,unidirectional
33,54,unidirectional
26,27,unidirectional
59,49,unidirectional
52,22,unidirectional
11,1,unidirectional
12,42,unidirectional
5,15,unidirectional
93,72,unidirectional
27,19,unidirectional
63,61,unidirectional
73,64,unidirectional
11,31,unidirectional
37,26,unidirectional
65,62,unidirectional
16,5,unidirectional
33,35,unidirectional
67,57,unidirectional
46,45,unidirectional
12,23,unidirectional
11,32,unidirectional
56,64,unidirectional
73,94,unidirectional
99,89,unidirectional
52,82,unidirectional
20,1,unidirectional
78,68,unidirectional
95,98,unidirectional
31,61,unidirectional
63,42,unidirectional
57,56,unidirectional
16,35,unidirectional
67,87,unidirectional
42,30,unidirectional
52,33,unidirectional
39,48,unidirectional
5,26,unidirectional
92,91,unidirectional
53,65,unidirectional
31,12,unidirectional
37,48,unidirectional
3,1,unidirectional
10,0,unidirectional
46,26,unidirectional
67,88,unidirectional
72,62,unidirectional
78,98,unidirectional
56,45,unidirectional
6,9,unidirectional
35,33,unidirectional
86,85,unidirectional
14,12,unidirectional
31,42,unidirectional
65,64,unidirectional
72,63,unidirectional
57,37,unidirectional
10,30,unidirectional
29,26,unidirectional
92,72,unidirectional
45,65,unidirectional
36,16,unidirectional
97,96,unidirectional
82,70,unidirectional
52,55,unidirectional
8,5,unidirectional
37,29,unidirectional
76,75,unidirectional
9,18,unidirectional
67,69,unidirectional
72,93,unidirectional
16,8,unidirectional
46,48,unidirectional
75,72,unidirectional
98,79,unidirectional
83,53,unidirectional
35,5,unidirectional
56,67,unidirectional
65,45,unidirectional
54,51,unidirectional
71,81,unidirectional
10,2,unidirectional
42,33,unidirectional
76,56,unidirectional
82,92,unidirectional
96,93,unidirectional
48,45,unidirectional
14,23,unidirectional
51,53,unidirectional
63,75,unidirectional
56,48,unidirectional
35,36,unidirectional
86,88,unidirectional
8,16,unidirectional
97,98,unidirectional
15,6,unidirectional
76,86,unidirectional
21,42,unidirectional
50,41,unidirectional
16,19,unidirectional
55,65,unidirectional
81,60,unidirectional
97,99,unidirectional
75,74,unidirectional
82,73,unidirectional
69,88,unidirectional
54,62,unidirectional
61,52,unidirectional
33,41,unidirectional
50,71,unidirectional
91,92,unidirectional
25,14,unidirectional
29,59,unidirectional
7,6,unidirectional
21,23,unidirectional
8,38,unidirectional
34,33,unidirectional
55,46,unidirectional
61,82,unidirectional
87,77,unidirectional
80,50,unidirectional
40,70,unidirectional
18,17,unidirectional
35,47,unidirectional
55,47,unidirectional
14,26,unidirectional
33,22,unidirectional
40,21,unidirectional
54,84,unidirectional
27,36,unidirectional
12,10,unidirectional
73,81,unidirectional
8,19,unidirectional
69,99,unidirectional
34,14,unidirectional
50,53,unidirectional
44,33,unidirectional
61,63,unidirectional
95,85,unidirectional
48,78,unidirectional
23,21,unidirectional
74,73,unidirectional
59,47,unidirectional
75,86,unidirectional
25,16,unidirectional
53,52,unidirectional
38,26,unidirectional
96,77,unidirectional
48,29,unidirectional
1,22,unidirectional
54,65,unidirectional
17,14,unidirectional
34,44,unidirectional
27,17,unidirectional
33,53,unidirectional
85,84,unidirectional
44,63,unidirectional
13,23,unidirectional
25,17,unidirectional
52,50,unidirectional
81,93,unidirectional
49,37,unidirectional
18,19,unidirectional
44,14,unidirectional
79,77,unidirectional
74,54,unidirectional
27,47,unidirectional
63,60,unidirectional
53,33,unidirectional
6,26,unidirectional
59,69,unidirectional
32,21,unidirectional
54,46,unidirectional
80,82,unidirectional
93,92,unidirectional
84,86,unidirectional
78,66,unidirectional
72,80,unidirectional
33,25,unidirectional
57,54,unidirectional
13,4,unidirectional
12,13,unidirectional
64,44,unidirectional
80,83,unidirectional
36,33,unidirectional
2,11,unidirectional
53,63,unidirectional
79,58,unidirectional
32,51,unidirectional
37,46,unidirectional
89,77,unidirectional
67,86,unidirectional
44,36,unidirectional
58,37,unidirectional
16,25,unidirectional
74,76,unidirectional
6,7,unidirectional
68,56,unidirectional
25,28,unidirectional
85,86,unidirectional
98,96,unidirectional
93,73,unidirectional
38,29,unidirectional
4,7,unidirectional
72,61,unidirectional
78,88,unidirectional
51,40,unidirectional
63,62,unidirectional
70,61,unidirectional
97,94,unidirectional
42,50,unidirectional
52,53,unidirectional
76,73,unidirectional
32,23,unidirectional
38,59,unidirectional
16,6,unidirectional
17,47,unidirectional
10,20,unidirectional
12,24,unidirectional
98,77,unidirectional
51,70,unidirectional
36,44,unidirectional
32,24,unidirectional
43,34,unidirectional
93,95,unidirectional
15,23,unidirectional
78,69,unidirectional
44,47,unidirectional
51,21,unidirectional
63,43,unidirectional
16,36,unidirectional
42,31,unidirectional
46,76,unidirectional
2,14,unidirectional
21,10,unidirectional
82,90,unidirectional
77,86,unidirectional
17,28,unidirectional
10,1,unidirectional
16,37,unidirectional
78,99,unidirectional
57,87,unidirectional
42,61,unidirectional
35,34,unidirectional
83,73,unidirectional
15,4,unidirectional
36,66,unidirectional
62,61,unidirectional
21,40,unidirectional
14,13,unidirectional
31,43,unidirectional
72,64,unidirectional
57,38,unidirectional
10,31,unidirectional
29,27,unidirectional
55,63,unidirectional
51,43,unidirectional
36,17,unidirectional
42,53,unidirectional
8,6,unidirectional
15,5,unidirectional
32,35,unidirectional
77,67,unidirectional
61,50,unidirectional
55,64,unidirectional
65,95,unidirectional
91,90,unidirectional
57,68,unidirectional
19,17,unidirectional
36,47,unidirectional
77,68,unidirectional
62,42,unidirectional
15,35,unidirectional
34,31,unidirectional
41,21,unidirectional
61,80,unidirectional
87,75,unidirectional
13,10,unidirectional
42,34,unidirectional
47,58,unidirectional
66,54,unidirectional
83,84,unidirectional
76,57,unidirectional
77,98,unidirectional
21,13,unidirectional
45,42,unidirectional
82,93,unidirectional
96,94,unidirectional
88,58,unidirectional
40,10,unidirectional
41,51,unidirectional
51,54,unidirectional
25,34,unidirectional
15,7,unidirectional
76,87,unidirectional
74,71,unidirectional
81,61,unidirectional
47,39,unidirectional
87,97,unidirectional
53,50,unidirectional
19,28,unidirectional
82,74,unidirectional
96,75,unidirectional
60,40,unidirectional
26,18,unidirectional
5,6,unidirectional
61,53,unidirectional
41,32,unidirectional
40,41,unidirectional
13,21,unidirectional
85,73,unidirectional
25,15,unidirectional
64,61,unidirectional
20,11,unidirectional
81,91,unidirectional
21,24,unidirectional
60,70,unidirectional
0,12,unidirectional
86,65,unidirectional
45,44,unidirectional
39,58,unidirectional
44,53,unidirectional
87,78,unidirectional
74,93,unidirectional
59,67,unidirectional
25,45,unidirectional
3,11,unidirectional
66,57,unidirectional
39,9,unidirectional
93,90,unidirectional
38,46,unidirectional
4,24,unidirectional
96,97,unidirectional
34,64,unidirectional
80,81,unidirectional
13,43,unidirectional
18,48,unidirectional
34,15,unidirectional
60,51,unidirectional
66,87,unidirectional
92,82,unidirectional
85,55,unidirectional
44,34,unidirectional
45,75,unidirectional
23,22,unidirectional
40,52,unidirectional
64,72,unidirectional
9,28,unidirectional
2,1,unidirectional
38,27,unidirectional
4,5,unidirectional
32,41,unidirectional
17,15,unidirectional
34,45,unidirectional
43,51,unidirectional
78,86,unidirectional
44,64,unidirectional
13,24,unidirectional
30,42,unidirectional
49,38,unidirectional
66,68,unidirectional
53,83,unidirectional
28,26,unidirectional
38,57,unidirectional
79,78,unidirectional
89,97,unidirectional
24,35,unidirectional
6,27,unidirectional
32,22,unidirectional
43,32,unidirectional
38,58,unidirectional
64,94,unidirectional
49,68,unidirectional
22,20,unidirectional
57,55,unidirectional
75,54,unidirectional
92,84,unidirectional
86,98,unidirectional
64,45,unidirectional
23,24,unidirectional
49,19,unidirectional
84,82,unidirectional
36,34,unidirectional
2,12,unidirectional
53,64,unidirectional
79,59,unidirectional
32,52,unidirectional
50,51,unidirectional
89,78,unidirectional
58,38,unidirectional
24,16,unidirectional
23,25,unidirectional
68,57,unidirectional
85,87,unidirectional
47,45,unidirectional
64,75,unidirectional
98,97,unidirectional
83,71,unidirectional
77,85,unidirectional
79,89,unidirectional
17,18,unidirectional
43,54,unidirectional
7,16,unidirectional
58,68,unidirectional
70,62,unidirectional
84,63,unidirectional
36,15,unidirectional
42,51,unidirectional
68,87,unidirectional
94,82,unidirectional
90,91,unidirectional
68,38,unidirectional
69,79,unidirectional
47,26,unidirectional
64,56,unidirectional
98,78,unidirectional
51,71,unidirectional
63,93,unidirectional
26,5,unidirectional
43,35,unidirectional
28,9,unidirectional
83,93,unidirectional
22,23,unidirectional
75,66,unidirectional
42,32,unidirectional
47,56,unidirectional
21,11,unidirectional
26,35,unidirectional
17,29,unidirectional
75,96,unidirectional
68,69,unidirectional
48,39,unidirectional
84,65,unidirectional
83,74,unidirectional
21,41,unidirectional
73,72,unidirectional
7,19,unidirectional
87,95,unidirectional
94,85,unidirectional
67,65,unidirectional
26,16,unidirectional
66,74,unidirectional
5,4,unidirectional
62,92,unidirectional
1,13,unidirectional
54,56,unidirectional
88,78,unidirectional
41,71,unidirectional
84,96,unidirectional
77,69,unidirectional
36,48,unidirectional
62,43,unidirectional
15,36,unidirectional
34,32,unidirectional
26,46,unidirectional
41,22,unidirectional
20,10,unidirectional
31,20,unidirectional
37,56,unidirectional
47,59,unidirectional
66,55,unidirectional
45,43,unidirectional
62,73,unidirectional
96,95,unidirectional
26,38,unidirectional
11,12,unidirectional
37,7,unidirectional
24,22,unidirectional
41,52,unidirectional
20,40,unidirectional
94,96,unidirectional
12,4,unidirectional
66,85,unidirectional
55,76,unidirectional
73,75,unidirectional
52,63,unidirectional
88,89,unidirectional
30,10,unidirectional
81,62,unidirectional
87,98,unidirectional
45,15,unidirectional
46,56,unidirectional
39,29,unidirectional
5,7,unidirectional
24,3,unidirectional
41,33,unidirectional
56,75,unidirectional
65,53,unidirectional
64,62,unidirectional
20,12,unidirectional
30,40,unidirectional
81,92,unidirectional
79,76,unidirectional
56,26,unidirectional
35,14,unidirectional
52,44,unidirectional
86,66,unidirectional
39,59,unidirectional
58,55,unidirectional
24,33,unidirectional
87,79,unidirectional
31,23,unidirectional
3,12,unidirectional
46,37,unidirectional
45,46,unidirectional
4,25,unidirectional
69,66,unidirectional
35,44,unidirectional
86,96,unidirectional
71,70,unidirectional
64,43,unidirectional
65,75,unidirectional
91,70,unidirectional
43,22,unidirectional
60,52,unidirectional
49,58,unidirectional
29,37,unidirectional
22,10,unidirectional
92,83,unidirectional
71,62,unidirectional
98,95,unidirectional
9,29,unidirectional
56,37,unidirectional
43,52,unidirectional
86,77,unidirectional
75,83,unidirectional
70,60,unidirectional
13,25,unidirectional
23,53,unidirectional
14,4,unidirectional
65,56,unidirectional
71,92,unidirectional
3,23,unidirectional
49,39,unidirectional
66,69,unidirectional
29,18,unidirectional
2,32,unidirectional
28,27,unidirectional
10,13,unidirectional
45,57,unidirectional
69,77,unidirectional
24,36,unidirectional
76,67,unidirectional
3,24,unidirectional
48,56,unidirectional
65,86,unidirectional
33,30,unidirectional
49,69,unidirectional
22,21,unidirectional
56,59,unidirectional
1,0,unidirectional
54,43,unidirectional
71,73,unidirectional
58,88,unidirectional
84,83,unidirectional
2,13,unidirectional
32,53,unidirectional
82,84,unidirectional
85,88,unidirectional
48,37,unidirectional
54,73,unidirectional
64,76,unidirectional
27,25,unidirectional
62,60,unidirectional
43,55,unidirectional
6,4,unidirectional
28,29,unidirectional
22,43,unidirectional
54,24,unidirectional
80,60,unidirectional
7,17,unidirectional
58,69,unidirectional
84,64,unidirectional
68,88,unidirectional
33,3,unidirectional
94,83,unidirectional
73,62,unidirectional
90,92,unidirectional
18,28,unidirectional
88,76,unidirectional
67,64,unidirectional
84,94,unidirectional
48,59,unidirectional
40,32,unidirectional
46,43,unidirectional
12,21,unidirectional
22,24,unidirectional
75,67,unidirectional
73,92,unidirectional
99,87,unidirectional
1,3,unidirectional
94,64,unidirectional
34,25,unidirectional
47,57,unidirectional
95,96,unidirectional
73,43,unidirectional
74,84,unidirectional
33,63,unidirectional
26,36,unidirectional
52,31,unidirectional
11,10,unidirectional
5,24,unidirectional
93,81,unidirectional
38,37,unidirectional
31,10,unidirectional
33,14,unidirectional
27,28,unidirectional
72,60,unidirectional
12,2,unidirectional
0,30,unidirectional
86,83,unidirectional
52,61,unidirectional
37,35,unidirectional
44,25,unidirectional
31,40,unidirectional
94,86,unidirectional
16,14,unidirectional
67,66,unidirectional
26,17,unidirectional
74,65,unidirectional
73,74,unidirectional
46,54,unidirectional
23,4,unidirectional
53,44,unidirectional
38,18,unidirectional
99,98,unidirectional
37,27,unidirectional
54,57,unidirectional
88,79,unidirectional
78,77,unidirectional
33,36,unidirectional
57,65,unidirectional
5,35,unidirectional
72,42,unidirectional
31,21,unidirectional
37,57,unidirectional
27,39,unidirectional
67,97,unidirectional
56,54,unidirectional
6,18,unidirectional
11,13,unidirectional
41,53,unidirectional
67,48,unidirectional
93,84,unidirectional
20,41,unidirectional
78,58,unidirectional
65,73,unidirectional
31,51,unidirectional
94,97,unidirectional
30,60,unidirectional
46,27,unidirectional
92,81,unidirectional
63,73,unidirectional
56,46,unidirectional
73,76,unidirectional
36,25,unidirectional
52,64,unidirectional
71,60,unidirectional
37,38,unidirectional
76,84,unidirectional
67,78,unidirectional
16,17,unidirectional
42,12,unidirectional
46,57,unidirectional
5,8,unidirectional
98,88,unidirectional
51,81,unidirectional
56,76,unidirectional
82,71,unidirectional
14,2,unidirectional
17,9,unidirectional
71,90,unidirectional
30,41,unidirectional
51,32,unidirectional
10,11,unidirectional
63,54,unidirectional
36,6,unidirectional
35,15,unidirectional
71,41,unidirectional
97,77,unidirectional
24,34,unidirectional
76,65,unidirectional
50,20,unidirectional
3,13,unidirectional
10,12,unidirectional
29,8,unidirectional
46,38,unidirectional
55,44,unidirectional
72,74,unidirectional
97,78,unidirectional
56,57,unidirectional
82,52,unidirectional
18,15,unidirectional
35,45,unidirectional
69,67,unidirectional
86,97,unidirectional
84,81,unidirectional
61,31,unidirectional
14,24,unidirectional
65,76,unidirectional
72,75,unidirectional
91,71,unidirectional
57,49,unidirectional
16,28,unidirectional
42,23,unidirectional
29,38,unidirectional
36,28,unidirectional
21,2,unidirectional
8,17,unidirectional
55,25,unidirectional
95,83,unidirectional
50,80,unidirectional
69,48,unidirectional
35,26,unidirectional
22,41,unidirectional
75,84,unidirectional
4,2,unidirectional
14,5,unidirectional
65,57,unidirectional
34,42,unidirectional
27,15,unidirectional
97,89,unidirectional
42,45,unidirectional
18,26,unidirectional
69,78,unidirectional
76,68,unidirectional
61,42,unidirectional
48,57,unidirectional
14,35,unidirectional
55,56,unidirectional
33,31,unidirectional
91,82,unidirectional
75,65,unidirectional
28,58,unidirectional
19,9,unidirectional
36,39,unidirectional
8,28,unidirectional
71,74,unidirectional
34,23,unidirectional
33,32,unidirectional
15,18,unidirectional
44,42,unidirectional
95,94,unidirectional
13,2,unidirectional
74,82,unidirectional
81,72,unidirectional
40,51,unidirectional
53,61,unidirectional
82,85,unidirectional
38,35,unidirectional
96,86,unidirectional
1,31,unidirectional
54,74,unidirectional
27,26,unidirectional
45,25,unidirectional
61,64,unidirectional
6,5,unidirectional
59,48,unidirectional
25,26,unidirectional
80,61,unidirectional
7,18,unidirectional
44,23,unidirectional
55,58,unidirectional
23,2,unidirectional
87,89,unidirectional
90,93,unidirectional
53,42,unidirectional
59,78,unidirectional
18,29,unidirectional
32,30,unidirectional
37,25,unidirectional
80,91,unidirectional
78,75,unidirectional
74,55,unidirectional
33,34,unidirectional
27,48,unidirectional
59,29,unidirectional
85,65,unidirectional
12,22,unidirectional
64,53,unidirectional
73,93,unidirectional
80,92,unidirectional
53,72,unidirectional
38,8,unidirectional
99,88,unidirectional
34,26,unidirectional
78,67,unidirectional
44,45,unidirectional
58,46,unidirectional
95,97,unidirectional
70,40,unidirectional
13,5,unidirectional
23,33,unidirectional
74,85,unidirectional
68,65,unidirectional
32,2,unidirectional
4,16,unidirectional
17,26,unidirectional
27,29,unidirectional
12,3,unidirectional
64,34,unidirectional
78,97,unidirectional
63,71,unidirectional
6,8,unidirectional
99,69,unidirectional
59,89,unidirectional
52,62,unidirectional
43,13,unidirectional
22,1,unidirectional
78,48,unidirectional
38,68,unidirectional
31,41,unidirectional
57,36,unidirectional
16,15,unidirectional
74,66,unidirectional
46,55,unidirectional
72,91,unidirectional
98,86,unidirectional
97,95,unidirectional
53,45,unidirectional
38,19,unidirectional
32,33,unidirectional
77,65,unidirectional
17,7,unidirectional
89,59,unidirectional
44,56,unidirectional
51,30,unidirectional
72,92,unidirectional
57,66,unidirectional
13,16,unidirectional
42,40,unidirectional
23,35,unidirectional
36,45,unidirectional
2,23,unidirectional
38,49,unidirectional
31,22,unidirectional
37,58,unidirectional
17,37,unidirectional
58,49,unidirectional
63,44,unidirectional
97,76,unidirectional
35,43,unidirectional
83,82,unidirectional
93,85,unidirectional
62,70,unidirectional
55,43,unidirectional
14,22,unidirectional
65,74,unidirectional
72,73,unidirectional
57,47,unidirectional
10,40,unidirectional
58,79,unidirectional
51,52,unidirectional
63,74,unidirectional
70,73,unidirectional
77,47,unidirectional
36,26,unidirectional
2,4,unidirectional
21,0,unidirectional
42,62,unidirectional
68,98,unidirectional
15,14,unidirectional
37,39,unidirectional
76,85,unidirectional
16,18,unidirectional
68,49,unidirectional
47,37,unidirectional
98,89,unidirectional
83,63,unidirectional
36,56,unidirectional
82,72,unidirectional
35,65,unidirectional
43,46,unidirectional
71,91,unidirectional
41,30,unidirectional
63,55,unidirectional
57,69,unidirectional
25,13,unidirectional
42,43,unidirectional
68,79,unidirectional
66,63,unidirectional
76,66,unidirectional
21,22,unidirectional
73,53,unidirectional
0,10,unidirectional
55,45,unidirectional
61,81,unidirectional
51,63,unidirectional
87,76,unidirectional
19,7,unidirectional
35,46,unidirectional
67,46,unidirectional
83,85,unidirectional
15,16,unidirectional
41,11,unidirectional
40,20,unidirectional
29,39,unidirectional
55,75,unidirectional
81,70,unidirectional
82,83,unidirectional
15,17,unidirectional
34,13,unidirectional
77,79,unidirectional
76,88,unidirectional
39,37,unidirectional
44,32,unidirectional
61,62,unidirectional
87,57,unidirectional
40,50,unidirectional
6,3,unidirectional
85,82,unidirectional
25,24,unidirectional
66,36,unidirectional
19,29,unidirectional
96,76,unidirectional
4,3,unidirectional
21,33,unidirectional
62,54,unidirectional
34,43,unidirectional
0,21,unidirectional
86,74,unidirectional
13,22,unidirectional
18,27,unidirectional
60,30,unidirectional
39,18,unidirectional
45,54,unidirectional
55,57,unidirectional
11,23,unidirectional
12,20,unidirectional
9,7,unidirectional
67,58,unidirectional
80,90,unidirectional
25,46,unidirectional
34,24,unidirectional
66,96,unidirectional
85,64,unidirectional
44,43,unidirectional
13,3,unidirectional
23,31,unidirectional
74,83,unidirectional
30,21,unidirectional
81,73,unidirectional
66,47,unidirectional
2,10,unidirectional
53,62,unidirectional
60,61,unidirectional
38,36,unidirectional
96,87,unidirectional
45,26,unidirectional
24,14,unidirectional
41,44,unidirectional
85,94,unidirectional
13,33,unidirectional
25,27,unidirectional
64,73,unidirectional
20,23,unidirectional
30,51,unidirectional
49,47,unidirectional
66,77,unidirectional
4,6,unidirectional
79,87,unidirectional
34,46,unidirectional
45,56,unidirectional
71,51,unidirectional
23,3,unidirectional
44,65,unidirectional
58,66,unidirectional
24,44,unidirectional
53,43,unidirectional
6,36,unidirectional
59,79,unidirectional
32,31,unidirectional
50,30,unidirectional
75,63,unidirectional
85,66,unidirectional
64,54,unidirectional
30,32,unidirectional
81,84,unidirectional
49,28,unidirectional
70,90,unidirectional
2,21,unidirectional
79,68,unidirectional
43,33,unidirectional
60,63,unidirectional
28,7,unidirectional
45,37,unidirectional
89,87,unidirectional
92,94,unidirectional
44,46,unidirectional
58,47,unidirectional
24,25,unidirectional
23,34,unidirectional
74,86,unidirectional
68,66,unidirectional
85,96,unidirectional
3,4,unidirectional
64,84,unidirectional
83,80,unidirectional
38,39,unidirectional
90,70,unidirectional
17,27,unidirectional
43,63,unidirectional
69,58,unidirectional
28,37,unidirectional
85,97,unidirectional
58,77,unidirectional
51,50,unidirectional
63,72,unidirectional
70,71,unidirectional
65,67,unidirectional
94,91,unidirectional
15,3,unidirectional
22,2,unidirectional
75,45,unidirectional
73,70,unidirectional
68,47,unidirectional
47,35,unidirectional
98,87,unidirectional
32,34,unidirectional
26,14,unidirectional
17,8,unidirectional
43,44,unidirectional
77,66,unidirectional
69,39,unidirectional
5,2,unidirectional
22,32,unidirectional
68,48,unidirectional
78,79,unidirectional
57,67,unidirectional
48,18,unidirectional
1,11,unidirectional
27,6,unidirectional
36,46,unidirectional
62,41,unidirectional
21,20,unidirectional
15,34,unidirectional
77,96,unidirectional
77,97,unidirectional
62,71,unidirectional
54,35,unidirectional
41,50,unidirectional
7,28,unidirectional
84,75,unidirectional
36,27,unidirectional
2,5,unidirectional
42,63,unidirectional
26,25,unidirectional
5,13,unidirectional
55,74,unidirectional
75,77,unidirectional
88,87,unidirectional
47,38,unidirectional
67,75,unidirectional
19,27,unidirectional
36,57,unidirectional
77,78,unidirectional
4,1,unidirectional
27,8,unidirectional
15,45,unidirectional
33,44,unidirectional
41,31,unidirectional
7,9,unidirectional
42,44,unidirectional
94,75,unidirectional
81,90,unidirectional
47,68,unidirectional
66,64,unidirectional
73,54,unidirectional
0,11,unidirectional
26,47,unidirectional
52,42,unidirectional
11,21,unidirectional
37,16,unidirectional
88,68,unidirectional
41,61,unidirectional
19,8,unidirectional
25,44,unidirectional
67,47,unidirectional
83,86,unidirectional
46,35,unidirectional
4,23,unidirectional
62,74,unidirectional
73,84,unidirectional
92,80,unidirectional
99,79,unidirectional
86,94,unidirectional
52,72,unidirectional
88,98,unidirectional
23,20,unidirectional
81,71,unidirectional
67,77,unidirectional
60,50,unidirectional
26,28,unidirectional
45,24,unidirectional
66,86,unidirectional
46,65,unidirectional
39,38,unidirectional
5,16,unidirectional
24,12,unidirectional
85,83,unidirectional
20,21,unidirectional
46,16,unidirectional
56,35,unidirectional
73,65,unidirectional
60,80,unidirectional
35,23,unidirectional
86,75,unidirectional
87,88,unidirectional
65,54,unidirectional
31,32,unidirectional
57,27,unidirectional
66,67,unidirectional
39,19,unidirectional
92,62,unidirectional
45,55,unidirectional
4,34,unidirectional
97,86,unidirectional
56,65,unidirectional
9,8,unidirectional
67,59,unidirectional
65,84,unidirectional
43,31,unidirectional
86,56,unidirectional
39,49,unidirectional
23,32,unidirectional
65,35,unidirectional
37,49,unidirectional
30,22,unidirectional
3,2,unidirectional
60,62,unidirectional
17,25,unidirectional
24,15,unidirectional
85,95,unidirectional
76,46,unidirectional
35,25,unidirectional
13,34,unidirectional
64,74,unidirectional
49,48,unidirectional
43,62,unidirectional
79,88,unidirectional
86,78,unidirectional
71,52,unidirectional
7,15,unidirectional
24,45,unidirectional
58,67,unidirectional
9,19,unidirectional
50,31,unidirectional
29,19,unidirectional
46,49,unidirectional
56,68,unidirectional
75,64,unidirectional
82,63,unidirectional
35,56,unidirectional
54,52,unidirectional
71,82,unidirectional
64,55,unidirectional
30,33,unidirectional
70,91,unidirectional
84,92,unidirectional
50,61,unidirectional
28,8,unidirectional
29,49,unidirectional
92,95,unidirectional
58,48,unidirectional
75,94,unidirectional
68,67,unidirectional
48,46,unidirectional
47,55,unidirectional
3,5,unidirectional
64,85,unidirectional
90,71,unidirectional
26,34,unidirectional
43,64,unidirectional
59,56,unidirectional
18,7,unidirectional
28,38,unidirectional
35,37,unidirectional
69,59,unidirectional
86,89,unidirectional
22,52,unidirectional
54,33,unidirectional
7,26,unidirectional
70,72,unidirectional
84,73,unidirectional
48,38,unidirectional
14,16,unidirectional
65,68,unidirectional
33,12,unidirectional
50,42,unidirectional
94,92,unidirectional
12,0,unidirectional
22,3,unidirectional
28,39,unidirectional
73,71,unidirectional
8,9,unidirectional
18,37,unidirectional
69,89,unidirectional
34,4,unidirectional
54,63,unidirectional
47,36,unidirectional
88,85,unidirectional
76,79,unidirectional
95,75,unidirectional
48,68,unidirectional
74,63,unidirectional
33,42,unidirectional
26,15,unidirectional
43,45,unidirectional
91,93,unidirectional
5,3,unidirectional
22,33,unidirectional
75,76,unidirectional
99,96,unidirectional
1,12,unidirectional
54,55,unidirectional
27,7,unidirectional
84,95,unidirectional
73,52,unidirectional
26,45,unidirectional
52,40,unidirectional
18,9,unidirectional
48,49,unidirectional
74,44,unidirectional
27,37,unidirectional
12,11,unidirectional
62,72,unidirectional
53,23,unidirectional
73,82,unidirectional
6,16,unidirectional
80,72,unidirectional
93,82,unidirectional
84,76,unidirectional
95,86,unidirectional
94,95,unidirectional
39,36,unidirectional
5,14,unidirectional
75,78,unidirectional
11,41,unidirectional
37,36,unidirectional
54,66,unidirectional
67,76,unidirectional
33,45,unidirectional
12,33,unidirectional
93,63,unidirectional
72,51,unidirectional
31,30,unidirectional
34,37,unidirectional
45,53,unidirectional
63,52,unidirectional
53,34,unidirectional
52,43,unidirectional
11,22,unidirectional
37,17,unidirectional
88,69,unidirectional
24,32,unidirectional
41,62,unidirectional
9,6,unidirectional
32,13,unidirectional
20,50,unidirectional
72,81,unidirectional
46,36,unidirectional
12,14,unidirectional
57,46,unidirectional
51,60,unidirectional
63,82,unidirectional
56,55,unidirectional
73,85,unidirectional
86,95,unidirectional
52,73,unidirectional
37,47,unidirectional
30,20,unidirectional
15,13,unidirectional
78,59,unidirectional
31,52,unidirectional
63,33,unidirectional
16,26,unidirectional
74,77,unidirectional
26,29,unidirectional
42,21,unidirectional
46,66,unidirectional
5,17,unidirectional
24,13,unidirectional
53,56,unidirectional
82,80,unidirectional
14,11,unidirectional
20,22,unidirectional
30,50,unidirectional
72,53,unidirectional
67,79,unidirectional
78,89,unidirectional
51,41,unidirectional
56,36,unidirectional
57,77,unidirectional
60,81,unidirectional
28,25,unidirectional
35,24,unidirectional
52,54,unidirectional
86,76,unidirectional
39,69,unidirectional
76,74,unidirectional
21,30,unidirectional
14,3,unidirectional
31,33,unidirectional
65,55,unidirectional
16,7,unidirectional
3,22,unidirectional
10,21,unidirectional
29,17,unidirectional
55,53,unidirectional
97,87,unidirectional
56,66,unidirectional
82,61,unidirectional
35,54,unidirectional
93,96,unidirectional
61,40,unidirectional
14,33,unidirectional
65,85,unidirectional
72,84,unidirectional
91,80,unidirectional
57,58,unidirectional
92,93,unidirectional
36,37,unidirectional
62,32,unidirectional
82,91,unidirectional
71,72,unidirectional
55,34,unidirectional
50,60,unidirectional
9,39,unidirectional
76,96,unidirectional
95,92,unidirectional
61,70,unidirectional
69,57,unidirectional
96,84,unidirectional
48,36,unidirectional
55,35,unidirectional
91,61,unidirectional
27,24,unidirectional
63,66,unidirectional
42,54,unidirectional
35,27,unidirectional
8,7,unidirectional
76,77,unidirectional
