{
    "review": "{\n    \"Summary\": \"The paper proposes the Transformer, a novel neural network architecture that relies entirely on self-attention mechanisms, eschewing traditional recurrent and convolutional layers. This innovation allows the model to achieve state-of-the-art results in machine translation tasks with significant improvements in both training efficiency and translation quality. The paper includes detailed descriptions of the model architecture, including multi-head attention and positional encodings, as well as extensive experimental results to validate the model's performance.\",\n    \"Questions\": [\n        \"Could the authors provide more detailed comparisons with other recent models not included in Table 2?\",\n        \"What is the impact of varying the number of layers (N) in both the encoder and decoder stacks?\",\n        \"Can the authors provide more insights into the choice of hyperparameters, especially the learning rate schedule and warmup steps?\"\n    ],\n    \"Limitations\": [\n        \"The paper does not explore the application of the Transformer to tasks beyond machine translation, such as image or audio processing.\",\n        \"The discussion on the potential negative societal impacts of the model is minimal and could be expanded.\"\n    ],\n    \"Ethical Concerns\": false,\n    \"Soundness\": 4,\n    \"Presentation\": 3,\n    \"Contribution\": 4,\n    \"Overall\": 8,\n    \"Confidence\": 5,\n    \"Strengths\": [\n        \"The Transformer model introduces a highly innovative use of self-attention mechanisms, replacing traditional recurrent and convolutional layers.\",\n        \"Comprehensive experimental validation showing state-of-the-art performance in machine translation tasks.\",\n        \"Clear and detailed description of the model architecture and its components, facilitating reproducibility and further research.\"\n    ],\n    \"Weaknesses\": [\n        \"Limited discussion on the application of the model to other domains beyond machine translation.\",\n        \"The paper could benefit from a deeper analysis of the potential negative societal impacts of the model.\"\n    ],\n    \"Originality\": 4,\n    \"Quality\": 4,\n    \"Clarity\": 4,\n    \"Significance\": 4,\n    \"Decision\": \"Accept\"\n}"
}