{
  "experiment_info": {
    "name": "openness_informationflow_culturalregions",
    "title": "Joint Effects of Openness and Information Flow on Cultural Region Formation",
    "description": "This experiment investigates how varying levels of individual openness to new cultural traits and the spatial range of social interactions (information flow) jointly affect the emergence and number of distinct cultural regions in a simulated society.",
    "research_question": "How do combinations of individuals’ openness and spatial range of social interactions influence the number and size of distinct cultural regions that emerge over time?",
    "created_date": "2025-08-10"
  },
  "scene_reference": {
    "scene_name": "social_dynamics",
    "scene_path": "src/envs/social_dynamics"
  },
  "experimental_groups": {
    "control_group": {
      "name": "control_group_very_low_openness_first_order",
      "description": "Agents have very low openness and interact only with first-order neighbors (minimal information flow).",
      "parameters": {
        "openness_level": "very low",
        "information_flow": "first-order_neighbors",
        "random_seed": 1001
      }
    },
    "treatment_groups": [
      {
        "name": "treatment_medium_openness_fifth_order",
        "description": "Agents have medium openness and interact with third-order neighbors",
        "parameters": {
          "openness_level": "medium",
          "information_flow": "third-order_neighbors",
          "random_seed": 1004
        }
      },
      {
        "name": "treatment_medium_openness_third_order",
        "description": "Agents have medium openness and interact with third-order neighbors",
        "parameters": {
          "openness_level": "medium",
          "information_flow": "third-order_neighbors",
          "random_seed": 1004
        }
      },
      {
        "name": "treatment_medium_openness_first_order",
        "description": "Agents have medium openness and interact with third-order neighbors",
        "parameters": {
          "openness_level": "medium",
          "information_flow": "third-order_neighbors",
          "random_seed": 1004
        }
      },
      {
        "name": "treatment_very_high_openness_fifth_order",
        "description": "Agents have very high openness and interact only with first-order neighbors.",
        "parameters": {
          "openness_level": "very high",
          "information_flow": "first-order_neighbors",
          "random_seed": 1005
        }
      },
      {
        "name": "treatment_very_high_openness_third_order",
        "description": "Agents have very high openness and interact only with first-order neighbors.",
        "parameters": {
          "openness_level": "very high",
          "information_flow": "first-order_neighbors",
          "random_seed": 1005
        }
      },
      {
        "name": "treatment_very_high_openness_first_order",
        "description": "Agents have very high openness and interact only with first-order neighbors.",
        "parameters": {
          "openness_level": "very high",
          "information_flow": "first-order_neighbors",
          "random_seed": 1005
        }
      },
      {
        "name": "treatment_very_low_openness_fifth_order",
        "description": "Agents have very high openness and interact with fifth-order neighbors (maximal information flow for high openness).",
        "parameters": {
          "openness_level": "very low",
          "information_flow": "fifth-order_neighbors",
          "random_seed": 1006
        }
      },
      {
        "name": "treatment_very_low_openness_third_order",
        "description": "Agents have very high openness and interact with fifth-order neighbors (maximal information flow for high openness).",
        "parameters": {
          "openness_level": "very low",
          "information_flow": "fifth-order_neighbors",
          "random_seed": 1006
        }
      }
    ]
  },
  "analysis_config": {
    "statistical_tests": [
      "one_way_anova",
      "kruskal_wallis_test",
      "multiple_comparisons",
      "compute_trend"
    ],
    "confidence_level": 0.95
  }
}