{
    "treatment_groups": {
      "treatment_very_low_openness_fifth_order": {
        "profile_modifications": [
          {
            "target_selection": {
              "method": "by_agent_type",
              "agent_types": [
                "Individual"
              ],
              "percentage": 1.0
            },
            "modifications": [
              {
                "field": "openness_level",
                "modification_type": "set_value",
                "value": "very low",
                "validation": {
                  "type": "str",
                  "allowed_values": [
                    "very low",
                    "low",
                    "medium",
                    "very high",
                    "high"
                  ]
                }
              },
              {
                "field": "interaction_range",
                "modification_type": "set_value",
                "value": "fifth-order_neighbors",
                "validation": {
                  "type": "str",
                  "allowed_values": [
                    "first-order_neighbors",
                    "third-order_neighbors",
                    "fifth-order_neighbors"
                  ]
                }
              }
            ],
            "llm_prompt_template": "Modify this agent to have very low openness to adopting new cultural traits and allow them to interact with neighbors up to the fifth order. Ensure their willingness to adopt new traits remains minimal, but their social reach is maximized."
          }
        ]
      },
      "treatment_medium_openness_third_order": {
        "profile_modifications": [
          {
            "target_selection": {
              "method": "by_agent_type",
              "agent_types": [
                "Individual"
              ],
              "percentage": 1.0
            },
            "modifications": [
              {
                "field": "openness_level",
                "modification_type": "set_value",
                "value": "medium",
                "validation": {
                  "type": "str",
                  "allowed_values": [
                    "very low",
                    "low",
                    "medium",
                    "very high",
                    "high"
                  ]
                }
              },
              {
                "field": "interaction_range",
                "modification_type": "set_value",
                "value": "third-order_neighbors",
                "validation": {
                  "type": "str",
                  "allowed_values": [
                    "first-order_neighbors",
                    "third-order_neighbors",
                    "fifth-order_neighbors"
                  ]
                }
              }
            ],
            "llm_prompt_template": "Modify this agent to have a medium level of openness to adopting new cultural traits and allow them to interact with neighbors up to the third order. Balance their receptivity to new traits with a moderate social reach."
          }
        ]
      },
      "treatment_very_high_openness_first_order": {
        "profile_modifications": [
          {
            "target_selection": {
              "method": "by_agent_type",
              "agent_types": [
                "Individual"
              ],
              "percentage": 1.0
            },
            "modifications": [
              {
                "field": "openness_level",
                "modification_type": "set_value",
                "value": "very high",
                "validation": {
                  "type": "str",
                  "allowed_values": [
                    "very low",
                    "low",
                    "medium",
                    "very high",
                    "high"
                  ]
                }
              },
              {
                "field": "interaction_range",
                "modification_type": "set_value",
                "value": "first-order_neighbors",
                "validation": {
                  "type": "str",
                  "allowed_values": [
                    "first-order_neighbors",
                    "third-order_neighbors",
                    "fifth-order_neighbors"
                  ]
                }
              }
            ],
            "llm_prompt_template": "Modify this agent to have very high openness to adopting new cultural traits and restrict their interactions to only first-order neighbors. Maximize their receptivity to new traits while keeping their social reach minimal."
          }
        ]
      },
      "treatment_very_high_openness_fifth_order": {
        "profile_modifications": [
          {
            "target_selection": {
              "method": "by_agent_type",
              "agent_types": [
                "Individual"
              ],
              "percentage": 1.0
            },
            "modifications": [
              {
                "field": "openness_level",
                "modification_type": "set_value",
                "value": "very high",
                "validation": {
                  "type": "str",
                  "allowed_values": [
                    "very low",
                    "low",
                    "medium",
                    "very high",
                    "high"
                  ]
                }
              },
              {
                "field": "interaction_range",
                "modification_type": "set_value",
                "value": "fifth-order_neighbors",
                "validation": {
                  "type": "str",
                  "allowed_values": [
                    "first-order_neighbors",
                    "third-order_neighbors",
                    "fifth-order_neighbors"
                  ]
                }
              }
            ],
            "llm_prompt_template": "Modify this agent to have very high openness to adopting new cultural traits and allow them to interact with neighbors up to the fifth order. Maximize both their receptivity to new traits and their social reach."
          }
        ]
      }
    }
  }