{
  "overview": {
    "system_goal": "To investigate how varying degrees of individual openness and information flow (interaction range) influence the emergence, number, and stability of distinct cultural regions within a society, focusing on the dynamics of local convergence and global polarization.",
    "agent_types": "Agents represent individuals, each possessing a set of cultural traits that can change through social interaction.",
    "environment_description": "Agents are situated on a spatial grid or network, where each agent has a defined set of neighbors based on the interaction range parameter. The environment supports local and extended interactions, and tracks the spatial distribution of cultural traits over time.",
    "initial_cultural_distribution": "Agents are initialized with randomly assigned cultural traits, ensuring diversity at the start of the simulation."
  },
  "design_concepts": {
    "interaction_patterns": "Agents interact with neighbors within a specified spatial range, which can be first-order (immediate neighbors), second-order, or third-order (neighbors of neighbors). Interaction frequency and partner selection are determined by the information flow parameter.",
    "communication_protocols": "Agents exchange information about their current cultural traits during each interaction. Communication is direct and occurs only between agents within the defined interaction range.",
    "decision_mechanisms": "Upon interaction, an agent evaluates the similarity of its own traits to those of the neighbor and considers its degree of openness. If both openness and similarity exceed predefined thresholds, the agent adopts the neighbor's trait, otherwise it retains its own.",
    "cultural_convergence_and_polarization": "The system tracks the formation of homogeneous clusters (cultural regions) and the persistence of cultural boundaries, allowing analysis of both convergence and polarization dynamics."
  },
  "details": {
    "agent_behaviors": "Each agent periodically selects a neighbor within its interaction range and decides whether to adopt the neighbor's cultural trait based on its openness and trait similarity. Agents may become more or less likely to change traits depending on their openness parameter.",
    "decision_algorithms": "Trait adoption is governed by a probabilistic rule: if the agent's openness exceeds a threshold and trait similarity is high, the agent adopts the neighbor's trait. Otherwise, the agent maintains its current trait. Openness and similarity are quantified and compared to adjustable thresholds.",
    "specific_constraints": "Agents can only interact with neighbors within the specified spatial range. Openness and similarity thresholds are fixed for each simulation run. The initial trait distribution is randomized but remains constant throughout the simulation.",
    "measurement_of_cultural_regions": "The simulation periodically calculates the number of distinct cultural regions by identifying contiguous clusters of agents sharing identical traits."
  }
}