{"meta": {"name_exp": "guessing_game", "player_num": 10, "min": 0, "max": 100, "ratio": 0.6666666666666666, "ratio_str": "2/3", "version": "v1", "run": 2, "lang_agent": "<3P26cpI>", "round": 20}, "round_records": [{"responses": [{"player_id": 0, "response": 33}, {"player_id": 1, "response": 33}, {"player_id": 2, "response": 33}, {"player_id": 3, "response": 22}, {"player_id": 4, "response": 22}, {"player_id": 5, "response": 33}, {"player_id": 6, "response": 33}, {"player_id": 7, "response": 30}, {"player_id": 8, "response": 22}, {"player_id": 9, "response": 33}], "mean": 29.4, "mean_ratio": 19.599999999999998, "winner": 22, "winner_num": 3, "winner_player_id": [3, 4, 8]}, {"responses": [{"player_id": 0, "response": 15}, {"player_id": 1, "response": 19}, {"player_id": 2, "response": 18}, {"player_id": 3, "response": 20}, {"player_id": 4, "response": 19}, {"player_id": 5, "response": 20}, {"player_id": 6, "response": 20}, {"player_id": 7, "response": 20}, {"player_id": 8, "response": 18}, {"player_id": 9, "response": 20}], "mean": 18.9, "mean_ratio": 12.599999999999998, "winner": 15, "winner_num": 1, "winner_player_id": [0]}, {"responses": [{"player_id": 0, "response": 13}, {"player_id": 1, "response": 14}, {"player_id": 2, "response": 10}, {"player_id": 3, "response": 10}, {"player_id": 4, "response": 13}, {"player_id": 5, "response": 10}, {"player_id": 6, "response": 9}, {"player_id": 7, "response": 10}, {"player_id": 8, "response": 10}, {"player_id": 9, "response": 10}], "mean": 10.9, "mean_ratio": 7.266666666666667, "winner": 9, "winner_num": 1, "winner_player_id": [6]}, {"responses": [{"player_id": 0, "response": 9}, {"player_id": 1, "response": 10}, {"player_id": 2, "response": 10}, {"player_id": 3, "response": 8}, {"player_id": 4, "response": 9}, {"player_id": 5, "response": 11}, {"player_id": 6, "response": 10}, {"player_id": 7, "response": 8}, {"player_id": 8, "response": 8}, {"player_id": 9, "response": 11}], "mean": 9.4, "mean_ratio": 6.266666666666667, "winner": 8, "winner_num": 3, "winner_player_id": [3, 7, 8]}, {"responses": [{"player_id": 0, "response": 7}, {"player_id": 1, "response": 7}, {"player_id": 2, "response": 7}, {"player_id": 3, "response": 7}, {"player_id": 4, "response": 6}, {"player_id": 5, "response": 7}, {"player_id": 6, "response": 7}, {"player_id": 7, "response": 7}, {"player_id": 8, "response": 7}, {"player_id": 9, "response": 8}], "mean": 7, "mean_ratio": 4.666666666666666, "winner": 6, "winner_num": 1, "winner_player_id": [4]}, {"responses": [{"player_id": 0, "response": 5}, {"player_id": 1, "response": 5}, {"player_id": 2, "response": 6}, {"player_id": 3, "response": 5}, {"player_id": 4, "response": 5}, {"player_id": 5, "response": 5}, {"player_id": 6, "response": 8}, {"player_id": 7, "response": 5}, {"player_id": 8, "response": 5}, {"player_id": 9, "response": 6}], "mean": 5.5, "mean_ratio": 3.6666666666666665, "winner": 5, "winner_num": 7, "winner_player_id": [0, 1, 3, 4, 5, 7, 8]}, {"responses": [{"player_id": 0, "response": 5}, {"player_id": 1, "response": 4}, {"player_id": 2, "response": 4}, {"player_id": 3, "response": 4}, {"player_id": 4, "response": 5}, {"player_id": 5, "response": 4}, {"player_id": 6, "response": 6}, {"player_id": 7, "response": 5}, {"player_id": 8, "response": 4}, {"player_id": 9, "response": 4}], "mean": 4.5, "mean_ratio": 3.0, "winner": 4, "winner_num": 6, "winner_player_id": [1, 2, 3, 5, 8, 9]}, {"responses": [{"player_id": 0, "response": 3}, {"player_id": 1, "response": 3}, {"player_id": 2, "response": 3}, {"player_id": 3, "response": 3}, {"player_id": 4, "response": 4}, {"player_id": 5, "response": 3}, {"player_id": 6, "response": 4}, {"player_id": 7, "response": 4}, {"player_id": 8, "response": 3}, {"player_id": 9, "response": 3}], "mean": 3.3, "mean_ratio": 2.1999999999999997, "winner": 3, "winner_num": 7, "winner_player_id": [0, 1, 2, 3, 5, 8, 9]}, {"responses": [{"player_id": 0, "response": 3}, {"player_id": 1, "response": 2}, {"player_id": 2, "response": 2}, {"player_id": 3, "response": 2}, {"player_id": 4, "response": 3}, {"player_id": 5, "response": 3}, {"player_id": 6, "response": 3}, {"player_id": 7, "response": 3}, {"player_id": 8, "response": 2}, {"player_id": 9, "response": 2}], "mean": 2.5, "mean_ratio": 1.6666666666666665, "winner": 2, "winner_num": 5, "winner_player_id": [1, 2, 3, 8, 9]}, {"responses": [{"player_id": 0, "response": 2}, {"player_id": 1, "response": 2}, {"player_id": 2, "response": 2}, {"player_id": 3, "response": 2}, {"player_id": 4, "response": 2}, {"player_id": 5, "response": 2}, {"player_id": 6, "response": 2}, {"player_id": 7, "response": 2}, {"player_id": 8, "response": 2}, {"player_id": 9, "response": 2}], "mean": 2, "mean_ratio": 1.3333333333333333, "winner": 2, "winner_num": 10, "winner_player_id": [0, 1, 2, 3, 4, 5, 6, 7, 8, 9]}, {"responses": [{"player_id": 0, "response": 1}, {"player_id": 1, "response": 2}, {"player_id": 2, "response": 2}, {"player_id": 3, "response": 2}, {"player_id": 4, "response": 2}, {"player_id": 5, "response": 2}, {"player_id": 6, "response": 2}, {"player_id": 7, "response": 2}, {"player_id": 8, "response": 2}, {"player_id": 9, "response": 2}], "mean": 1.9, "mean_ratio": 1.2666666666666666, "winner": 1, "winner_num": 1, "winner_player_id": [0]}, {"responses": [{"player_id": 0, "response": 1}, {"player_id": 1, "response": 2}, {"player_id": 2, "response": 2}, {"player_id": 3, "response": 1}, {"player_id": 4, "response": 1}, {"player_id": 5, "response": 1}, {"player_id": 6, "response": 2}, {"player_id": 7, "response": 2}, {"player_id": 8, "response": 2}, {"player_id": 9, "response": 2}], "mean": 1.6, "mean_ratio": 1.0666666666666667, "winner": 1, "winner_num": 4, "winner_player_id": [0, 3, 4, 5]}, {"responses": [{"player_id": 0, "response": 1}, {"player_id": 1, "response": 1}, {"player_id": 2, "response": 1}, {"player_id": 3, "response": 1}, {"player_id": 4, "response": 1}, {"player_id": 5, "response": 1}, {"player_id": 6, "response": 1}, {"player_id": 7, "response": 1}, {"player_id": 8, "response": 1}, {"player_id": 9, "response": 2}], "mean": 1.1, "mean_ratio": 0.7333333333333334, "winner": 1, "winner_num": 9, "winner_player_id": [0, 1, 2, 3, 4, 5, 6, 7, 8]}, {"responses": [{"player_id": 0, "response": 1}, {"player_id": 1, "response": 1}, {"player_id": 2, "response": 1}, {"player_id": 3, "response": 1}, {"player_id": 4, "response": 1}, {"player_id": 5, "response": 1}, {"player_id": 6, "response": 1}, {"player_id": 7, "response": 1}, {"player_id": 8, "response": 1}, {"player_id": 9, "response": 1}], "mean": 1, "mean_ratio": 0.6666666666666666, "winner": 1, "winner_num": 10, "winner_player_id": [0, 1, 2, 3, 4, 5, 6, 7, 8, 9]}, {"responses": [{"player_id": 0, "response": 1}, {"player_id": 1, "response": 1}, {"player_id": 2, "response": 1}, {"player_id": 3, "response": 1}, {"player_id": 4, "response": 1}, {"player_id": 5, "response": 1}, {"player_id": 6, "response": 1}, {"player_id": 7, "response": 1}, {"player_id": 8, "response": 1}, {"player_id": 9, "response": 1}], "mean": 1, "mean_ratio": 0.6666666666666666, "winner": 1, "winner_num": 10, "winner_player_id": [0, 1, 2, 3, 4, 5, 6, 7, 8, 9]}, {"responses": [{"player_id": 0, "response": 1}, {"player_id": 1, "response": 1}, {"player_id": 2, "response": 1}, {"player_id": 3, "response": 1}, {"player_id": 4, "response": 1}, {"player_id": 5, "response": 1}, {"player_id": 6, "response": 1}, {"player_id": 7, "response": 1}, {"player_id": 8, "response": 1}, {"player_id": 9, "response": 1}], "mean": 1, "mean_ratio": 0.6666666666666666, "winner": 1, "winner_num": 10, "winner_player_id": [0, 1, 2, 3, 4, 5, 6, 7, 8, 9]}, {"responses": [{"player_id": 0, "response": 1}, {"player_id": 1, "response": 1}, {"player_id": 2, "response": 1}, {"player_id": 3, "response": 1}, {"player_id": 4, "response": 1}, {"player_id": 5, "response": 1}, {"player_id": 6, "response": 1}, {"player_id": 7, "response": 1}, {"player_id": 8, "response": 1}, {"player_id": 9, "response": 1}], "mean": 1, "mean_ratio": 0.6666666666666666, "winner": 1, "winner_num": 10, "winner_player_id": [0, 1, 2, 3, 4, 5, 6, 7, 8, 9]}, {"responses": [{"player_id": 0, "response": 1}, {"player_id": 1, "response": 1}, {"player_id": 2, "response": 1}, {"player_id": 3, "response": 1}, {"player_id": 4, "response": 1}, {"player_id": 5, "response": 1}, {"player_id": 6, "response": 1}, {"player_id": 7, "response": 1}, {"player_id": 8, "response": 1}, {"player_id": 9, "response": 1}], "mean": 1, "mean_ratio": 0.6666666666666666, "winner": 1, "winner_num": 10, "winner_player_id": [0, 1, 2, 3, 4, 5, 6, 7, 8, 9]}, {"responses": [{"player_id": 0, "response": 1}, {"player_id": 1, "response": 1}, {"player_id": 2, "response": 1}, {"player_id": 3, "response": 1}, {"player_id": 4, "response": 1}, {"player_id": 5, "response": 1}, {"player_id": 6, "response": 1}, {"player_id": 7, "response": 1}, {"player_id": 8, "response": 1}, {"player_id": 9, "response": 1}], "mean": 1, "mean_ratio": 0.6666666666666666, "winner": 1, "winner_num": 10, "winner_player_id": [0, 1, 2, 3, 4, 5, 6, 7, 8, 9]}, {"responses": [{"player_id": 0, "response": 1}, {"player_id": 1, "response": 1}, {"player_id": 2, "response": 1}, {"player_id": 3, "response": 1}, {"player_id": 4, "response": 1}, {"player_id": 5, "response": 1}, {"player_id": 6, "response": 1}, {"player_id": 7, "response": 1}, {"player_id": 8, "response": 1}, {"player_id": 9, "response": 1}], "mean": 1, "mean_ratio": 0.6666666666666666, "winner": 1, "winner_num": 10, "winner_player_id": [0, 1, 2, 3, 4, 5, 6, 7, 8, 9]}]}