{"meta": {"name_exp": "guessing_game", "player_num": 10, "min": 0, "max": 100, "ratio": 0.6666666666666666, "ratio_str": "2/3", "version": "v1", "run": 4, "lang_agent": "<3P26cpI>", "round": 20}, "round_records": [{"responses": [{"player_id": 0, "response": 33}, {"player_id": 1, "response": 33}, {"player_id": 2, "response": 22}, {"player_id": 3, "response": 33}, {"player_id": 4, "response": 33}, {"player_id": 5, "response": 33}, {"player_id": 6, "response": 33}, {"player_id": 7, "response": 33}, {"player_id": 8, "response": 33}, {"player_id": 9, "response": 33}], "mean": 31.9, "mean_ratio": 21.266666666666666, "winner": 22, "winner_num": 1, "winner_player_id": [2]}, {"responses": [{"player_id": 0, "response": 22}, {"player_id": 1, "response": 20}, {"player_id": 2, "response": 15}, {"player_id": 3, "response": 28}, {"player_id": 4, "response": 20}, {"player_id": 5, "response": 20}, {"player_id": 6, "response": 21}, {"player_id": 7, "response": 25}, {"player_id": 8, "response": 24}, {"player_id": 9, "response": 20}], "mean": 21.5, "mean_ratio": 14.333333333333332, "winner": 15, "winner_num": 1, "winner_player_id": [2]}, {"responses": [{"player_id": 0, "response": 14}, {"player_id": 1, "response": 14}, {"player_id": 2, "response": 10}, {"player_id": 3, "response": 10}, {"player_id": 4, "response": 17}, {"player_id": 5, "response": 14}, {"player_id": 6, "response": 16}, {"player_id": 7, "response": 14}, {"player_id": 8, "response": 14}, {"player_id": 9, "response": 14}], "mean": 13.7, "mean_ratio": 9.133333333333333, "winner": 10, "winner_num": 2, "winner_player_id": [2, 3]}, {"responses": [{"player_id": 0, "response": 11}, {"player_id": 1, "response": 12}, {"player_id": 2, "response": 9}, {"player_id": 3, "response": 9}, {"player_id": 4, "response": 10}, {"player_id": 5, "response": 10}, {"player_id": 6, "response": 11}, {"player_id": 7, "response": 10}, {"player_id": 8, "response": 11}, {"player_id": 9, "response": 11}], "mean": 10.4, "mean_ratio": 6.933333333333334, "winner": 9, "winner_num": 2, "winner_player_id": [2, 3]}, {"responses": [{"player_id": 0, "response": 10}, {"player_id": 1, "response": 10}, {"player_id": 2, "response": 7}, {"player_id": 3, "response": 8}, {"player_id": 4, "response": 9}, {"player_id": 5, "response": 8}, {"player_id": 6, "response": 10}, {"player_id": 7, "response": 7}, {"player_id": 8, "response": 8}, {"player_id": 9, "response": 9}], "mean": 8.6, "mean_ratio": 5.7333333333333325, "winner": 7, "winner_num": 2, "winner_player_id": [2, 7]}, {"responses": [{"player_id": 0, "response": 6}, {"player_id": 1, "response": 7}, {"player_id": 2, "response": 5}, {"player_id": 3, "response": 6}, {"player_id": 4, "response": 7}, {"player_id": 5, "response": 6}, {"player_id": 6, "response": 7}, {"player_id": 7, "response": 10}, {"player_id": 8, "response": 6}, {"player_id": 9, "response": 6}], "mean": 6.6, "mean_ratio": 4.3999999999999995, "winner": 5, "winner_num": 1, "winner_player_id": [2]}, {"responses": [{"player_id": 0, "response": 5}, {"player_id": 1, "response": 5}, {"player_id": 2, "response": 4}, {"player_id": 3, "response": 6}, {"player_id": 4, "response": 4}, {"player_id": 5, "response": 5}, {"player_id": 6, "response": 6}, {"player_id": 7, "response": 6}, {"player_id": 8, "response": 4}, {"player_id": 9, "response": 5}], "mean": 5, "mean_ratio": 3.333333333333333, "winner": 4, "winner_num": 3, "winner_player_id": [2, 4, 8]}, {"responses": [{"player_id": 0, "response": 4}, {"player_id": 1, "response": 4}, {"player_id": 2, "response": 3}, {"player_id": 3, "response": 5}, {"player_id": 4, "response": 3}, {"player_id": 5, "response": 4}, {"player_id": 6, "response": 4}, {"player_id": 7, "response": 4}, {"player_id": 8, "response": 3}, {"player_id": 9, "response": 4}], "mean": 3.8, "mean_ratio": 2.533333333333333, "winner": 3, "winner_num": 3, "winner_player_id": [2, 4, 8]}, {"responses": [{"player_id": 0, "response": 3}, {"player_id": 1, "response": 3}, {"player_id": 2, "response": 2}, {"player_id": 3, "response": 4}, {"player_id": 4, "response": 3}, {"player_id": 5, "response": 3}, {"player_id": 6, "response": 3}, {"player_id": 7, "response": 3}, {"player_id": 8, "response": 3}, {"player_id": 9, "response": 3}], "mean": 3, "mean_ratio": 2.0, "winner": 2, "winner_num": 1, "winner_player_id": [2]}, {"responses": [{"player_id": 0, "response": 2}, {"player_id": 1, "response": 2}, {"player_id": 2, "response": 2}, {"player_id": 3, "response": 3}, {"player_id": 4, "response": 2}, {"player_id": 5, "response": 2}, {"player_id": 6, "response": 2}, {"player_id": 7, "response": 2}, {"player_id": 8, "response": 2}, {"player_id": 9, "response": 2}], "mean": 2.1, "mean_ratio": 1.4, "winner": 2, "winner_num": 9, "winner_player_id": [0, 1, 2, 4, 5, 6, 7, 8, 9]}, {"responses": [{"player_id": 0, "response": 2}, {"player_id": 1, "response": 2}, {"player_id": 2, "response": 2}, {"player_id": 3, "response": 2}, {"player_id": 4, "response": 2}, {"player_id": 5, "response": 1}, {"player_id": 6, "response": 1}, {"player_id": 7, "response": 2}, {"player_id": 8, "response": 2}, {"player_id": 9, "response": 1}], "mean": 1.7, "mean_ratio": 1.1333333333333333, "winner": 1, "winner_num": 3, "winner_player_id": [5, 6, 9]}, {"responses": [{"player_id": 0, "response": 2}, {"player_id": 1, "response": 1}, {"player_id": 2, "response": 1}, {"player_id": 3, "response": 1}, {"player_id": 4, "response": 1}, {"player_id": 5, "response": 1}, {"player_id": 6, "response": 1}, {"player_id": 7, "response": 2}, {"player_id": 8, "response": 2}, {"player_id": 9, "response": 1}], "mean": 1.3, "mean_ratio": 0.8666666666666667, "winner": 1, "winner_num": 7, "winner_player_id": [1, 2, 3, 4, 5, 6, 9]}, {"responses": [{"player_id": 0, "response": 1}, {"player_id": 1, "response": 1}, {"player_id": 2, "response": 1}, {"player_id": 3, "response": 1}, {"player_id": 4, "response": 1}, {"player_id": 5, "response": 1}, {"player_id": 6, "response": 1}, {"player_id": 7, "response": 1}, {"player_id": 8, "response": 1}, {"player_id": 9, "response": 1}], "mean": 1, "mean_ratio": 0.6666666666666666, "winner": 1, "winner_num": 10, "winner_player_id": [0, 1, 2, 3, 4, 5, 6, 7, 8, 9]}, {"responses": [{"player_id": 0, "response": 1}, {"player_id": 1, "response": 1}, {"player_id": 2, "response": 1}, {"player_id": 3, "response": 1}, {"player_id": 4, "response": 1}, {"player_id": 5, "response": 1}, {"player_id": 6, "response": 1}, {"player_id": 7, "response": 1}, {"player_id": 8, "response": 1}, {"player_id": 9, "response": 1}], "mean": 1, "mean_ratio": 0.6666666666666666, "winner": 1, "winner_num": 10, "winner_player_id": [0, 1, 2, 3, 4, 5, 6, 7, 8, 9]}, {"responses": [{"player_id": 0, "response": 1}, {"player_id": 1, "response": 1}, {"player_id": 2, "response": 1}, {"player_id": 3, "response": 1}, {"player_id": 4, "response": 1}, {"player_id": 5, "response": 1}, {"player_id": 6, "response": 1}, {"player_id": 7, "response": 1}, {"player_id": 8, "response": 1}, {"player_id": 9, "response": 1}], "mean": 1, "mean_ratio": 0.6666666666666666, "winner": 1, "winner_num": 10, "winner_player_id": [0, 1, 2, 3, 4, 5, 6, 7, 8, 9]}, {"responses": [{"player_id": 0, "response": 1}, {"player_id": 1, "response": 1}, {"player_id": 2, "response": 1}, {"player_id": 3, "response": 1}, {"player_id": 4, "response": 1}, {"player_id": 5, "response": 1}, {"player_id": 6, "response": 1}, {"player_id": 7, "response": 1}, {"player_id": 8, "response": 1}, {"player_id": 9, "response": 1}], "mean": 1, "mean_ratio": 0.6666666666666666, "winner": 1, "winner_num": 10, "winner_player_id": [0, 1, 2, 3, 4, 5, 6, 7, 8, 9]}, {"responses": [{"player_id": 0, "response": 1}, {"player_id": 1, "response": 1}, {"player_id": 2, "response": 1}, {"player_id": 3, "response": 1}, {"player_id": 4, "response": 1}, {"player_id": 5, "response": 1}, {"player_id": 6, "response": 1}, {"player_id": 7, "response": 1}, {"player_id": 8, "response": 1}, {"player_id": 9, "response": 1}], "mean": 1, "mean_ratio": 0.6666666666666666, "winner": 1, "winner_num": 10, "winner_player_id": [0, 1, 2, 3, 4, 5, 6, 7, 8, 9]}, {"responses": [{"player_id": 0, "response": 1}, {"player_id": 1, "response": 1}, {"player_id": 2, "response": 1}, {"player_id": 3, "response": 1}, {"player_id": 4, "response": 1}, {"player_id": 5, "response": 1}, {"player_id": 6, "response": 1}, {"player_id": 7, "response": 1}, {"player_id": 8, "response": 1}, {"player_id": 9, "response": 1}], "mean": 1, "mean_ratio": 0.6666666666666666, "winner": 1, "winner_num": 10, "winner_player_id": [0, 1, 2, 3, 4, 5, 6, 7, 8, 9]}, {"responses": [{"player_id": 0, "response": 1}, {"player_id": 1, "response": 1}, {"player_id": 2, "response": 1}, {"player_id": 3, "response": 1}, {"player_id": 4, "response": 1}, {"player_id": 5, "response": 1}, {"player_id": 6, "response": 1}, {"player_id": 7, "response": 1}, {"player_id": 8, "response": 1}, {"player_id": 9, "response": 1}], "mean": 1, "mean_ratio": 0.6666666666666666, "winner": 1, "winner_num": 10, "winner_player_id": [0, 1, 2, 3, 4, 5, 6, 7, 8, 9]}, {"responses": [{"player_id": 0, "response": 1}, {"player_id": 1, "response": 1}, {"player_id": 2, "response": 1}, {"player_id": 3, "response": 1}, {"player_id": 4, "response": 1}, {"player_id": 5, "response": 1}, {"player_id": 6, "response": 1}, {"player_id": 7, "response": 1}, {"player_id": 8, "response": 1}, {"player_id": 9, "response": 1}], "mean": 1, "mean_ratio": 0.6666666666666666, "winner": 1, "winner_num": 10, "winner_player_id": [0, 1, 2, 3, 4, 5, 6, 7, 8, 9]}]}