{"meta": {"name_exp": "guessing_game", "player_num": 10, "min": 0, "max": 100, "ratio": 0.6666666666666666, "ratio_str": "2/3", "version": "v1", "run": 3, "lang_agent": "<gvHK3Q2>", "round": 20}, "round_records": [{"responses": [{"player_id": 0, "response": 50}, {"player_id": 1, "response": 50}, {"player_id": 2, "response": 50}, {"player_id": 3, "response": 50}, {"player_id": 4, "response": 50}, {"player_id": 5, "response": 50}, {"player_id": 6, "response": 50}, {"player_id": 7, "response": 50}, {"player_id": 8, "response": 50}, {"player_id": 9, "response": 50}], "mean": 50, "mean_ratio": 33.33333333333333, "winner": 50, "winner_num": 10, "winner_player_id": [0, 1, 2, 3, 4, 5, 6, 7, 8, 9]}, {"responses": [{"player_id": 0, "response": 75}, {"player_id": 1, "response": 75}, {"player_id": 2, "response": 75}, {"player_id": 3, "response": 75}, {"player_id": 4, "response": 75}, {"player_id": 5, "response": 60}, {"player_id": 6, "response": 75}, {"player_id": 7, "response": 75}, {"player_id": 8, "response": 75}, {"player_id": 9, "response": 75}], "mean": 73.5, "mean_ratio": 49.0, "winner": 60, "winner_num": 1, "winner_player_id": [5]}, {"responses": [{"player_id": 0, "response": 65}, {"player_id": 1, "response": 55}, {"player_id": 2, "response": 80}, {"player_id": 3, "response": 55}, {"player_id": 4, "response": 40}, {"player_id": 5, "response": 70}, {"player_id": 6, "response": 55}, {"player_id": 7, "response": 65}, {"player_id": 8, "response": 65}, {"player_id": 9, "response": 80}], "mean": 63, "mean_ratio": 42.0, "winner": 40, "winner_num": 1, "winner_player_id": [4]}, {"responses": [{"player_id": 0, "response": 50}, {"player_id": 1, "response": 65}, {"player_id": 2, "response": 55}, {"player_id": 3, "response": 80}, {"player_id": 4, "response": 55}, {"player_id": 5, "response": 50}, {"player_id": 6, "response": 67}, {"player_id": 7, "response": 35}, {"player_id": 8, "response": 70}, {"player_id": 9, "response": 55}], "mean": 58.2, "mean_ratio": 38.8, "winner": 35, "winner_num": 1, "winner_player_id": [7]}, {"responses": [{"player_id": 0, "response": 70}, {"player_id": 1, "response": 60}, {"player_id": 2, "response": 65}, {"player_id": 3, "response": 45}, {"player_id": 4, "response": 65}, {"player_id": 5, "response": 65}, {"player_id": 6, "response": 65}, {"player_id": 7, "response": 65}, {"player_id": 8, "response": 45}, {"player_id": 9, "response": 65}], "mean": 61, "mean_ratio": 40.666666666666664, "winner": 45, "winner_num": 2, "winner_player_id": [3, 8]}, {"responses": [{"player_id": 0, "response": 55}, {"player_id": 1, "response": 70}, {"player_id": 2, "response": 70}, {"player_id": 3, "response": 55}, {"player_id": 4, "response": 70}, {"player_id": 5, "response": 55}, {"player_id": 6, "response": 70}, {"player_id": 7, "response": 50}, {"player_id": 8, "response": 55}, {"player_id": 9, "response": 70}], "mean": 62, "mean_ratio": 41.33333333333333, "winner": 50, "winner_num": 1, "winner_player_id": [7]}, {"responses": [{"player_id": 0, "response": 60}, {"player_id": 1, "response": 55}, {"player_id": 2, "response": 40}, {"player_id": 3, "response": 60}, {"player_id": 4, "response": 40}, {"player_id": 5, "response": 70}, {"player_id": 6, "response": 40}, {"player_id": 7, "response": 55}, {"player_id": 8, "response": 60}, {"player_id": 9, "response": 55}], "mean": 53.5, "mean_ratio": 35.666666666666664, "winner": 40, "winner_num": 3, "winner_player_id": [2, 4, 6]}, {"responses": [{"player_id": 0, "response": 45}, {"player_id": 1, "response": 65}, {"player_id": 2, "response": 60}, {"player_id": 3, "response": 70}, {"player_id": 4, "response": 60}, {"player_id": 5, "response": 45}, {"player_id": 6, "response": 55}, {"player_id": 7, "response": 45}, {"player_id": 8, "response": 50}, {"player_id": 9, "response": 65}], "mean": 56, "mean_ratio": 37.33333333333333, "winner": 45, "winner_num": 3, "winner_player_id": [0, 5, 7]}, {"responses": [{"player_id": 0, "response": 70}, {"player_id": 1, "response": 50}, {"player_id": 2, "response": 70}, {"player_id": 3, "response": 40}, {"player_id": 4, "response": 50}, {"player_id": 5, "response": 55}, {"player_id": 6, "response": 60}, {"player_id": 7, "response": 55}, {"player_id": 8, "response": 65}, {"player_id": 9, "response": 50}], "mean": 56.5, "mean_ratio": 37.666666666666664, "winner": 40, "winner_num": 1, "winner_player_id": [3]}, {"responses": [{"player_id": 0, "response": 50}, {"player_id": 1, "response": 60}, {"player_id": 2, "response": 45}, {"player_id": 3, "response": 50}, {"player_id": 4, "response": 55}, {"player_id": 5, "response": 60}, {"player_id": 6, "response": 50}, {"player_id": 7, "response": 50}, {"player_id": 8, "response": 40}, {"player_id": 9, "response": 60}], "mean": 52, "mean_ratio": 34.666666666666664, "winner": 40, "winner_num": 1, "winner_player_id": [8]}, {"responses": [{"player_id": 0, "response": 65}, {"player_id": 1, "response": 55}, {"player_id": 2, "response": 60}, {"player_id": 3, "response": 65}, {"player_id": 4, "response": 67}, {"player_id": 5, "response": 50}, {"player_id": 6, "response": 45}, {"player_id": 7, "response": 60}, {"player_id": 8, "response": 50}, {"player_id": 9, "response": 75}], "mean": 59.2, "mean_ratio": 39.46666666666667, "winner": 45, "winner_num": 1, "winner_player_id": [6]}, {"responses": [{"player_id": 0, "response": 50}, {"player_id": 1, "response": 65}, {"player_id": 2, "response": 50}, {"player_id": 3, "response": 60}, {"player_id": 4, "response": 50}, {"player_id": 5, "response": 68}, {"player_id": 6, "response": 60}, {"player_id": 7, "response": 65}, {"player_id": 8, "response": 60}, {"player_id": 9, "response": 65}], "mean": 59.3, "mean_ratio": 39.53333333333333, "winner": 50, "winner_num": 3, "winner_player_id": [0, 2, 4]}, {"responses": [{"player_id": 0, "response": 60}, {"player_id": 1, "response": 50}, {"player_id": 2, "response": 65}, {"player_id": 3, "response": 55}, {"player_id": 4, "response": 60}, {"player_id": 5, "response": 55}, {"player_id": 6, "response": 65}, {"player_id": 7, "response": 42}, {"player_id": 8, "response": 55}, {"player_id": 9, "response": 40}], "mean": 54.7, "mean_ratio": 36.46666666666667, "winner": 40, "winner_num": 1, "winner_player_id": [9]}, {"responses": [{"player_id": 0, "response": 50}, {"player_id": 1, "response": 70}, {"player_id": 2, "response": 55}, {"player_id": 3, "response": 45}, {"player_id": 4, "response": 65}, {"player_id": 5, "response": 60}, {"player_id": 6, "response": 55}, {"player_id": 7, "response": 60}, {"player_id": 8, "response": 65}, {"player_id": 9, "response": 55}], "mean": 58, "mean_ratio": 38.666666666666664, "winner": 45, "winner_num": 1, "winner_player_id": [3]}, {"responses": [{"player_id": 0, "response": 55}, {"player_id": 1, "response": 65}, {"player_id": 2, "response": 50}, {"player_id": 3, "response": 60}, {"player_id": 4, "response": 55}, {"player_id": 5, "response": 70}, {"player_id": 6, "response": 60}, {"player_id": 7, "response": 50}, {"player_id": 8, "response": 60}, {"player_id": 9, "response": 60}], "mean": 58.5, "mean_ratio": 39.0, "winner": 50, "winner_num": 2, "winner_player_id": [2, 7]}, {"responses": [{"player_id": 0, "response": 60}, {"player_id": 1, "response": 55}, {"player_id": 2, "response": 70}, {"player_id": 3, "response": 50}, {"player_id": 4, "response": 60}, {"player_id": 5, "response": 65}, {"player_id": 6, "response": 50}, {"player_id": 7, "response": 70}, {"player_id": 8, "response": 50}, {"player_id": 9, "response": 70}], "mean": 60, "mean_ratio": 40.0, "winner": 50, "winner_num": 3, "winner_player_id": [3, 6, 8]}, {"responses": [{"player_id": 0, "response": 50}, {"player_id": 1, "response": 60}, {"player_id": 2, "response": 65}, {"player_id": 3, "response": 55}, {"player_id": 4, "response": 50}, {"player_id": 5, "response": 55}, {"player_id": 6, "response": 60}, {"player_id": 7, "response": 55}, {"player_id": 8, "response": 55}, {"player_id": 9, "response": 45}], "mean": 55, "mean_ratio": 36.666666666666664, "winner": 45, "winner_num": 1, "winner_player_id": [9]}, {"responses": [{"player_id": 0, "response": 60}, {"player_id": 1, "response": 50}, {"player_id": 2, "response": 50}, {"player_id": 3, "response": 70}, {"player_id": 4, "response": 55}, {"player_id": 5, "response": 70}, {"player_id": 6, "response": 65}, {"player_id": 7, "response": 65}, {"player_id": 8, "response": 65}, {"player_id": 9, "response": 50}], "mean": 60, "mean_ratio": 40.0, "winner": 50, "winner_num": 3, "winner_player_id": [1, 2, 9]}, {"responses": [{"player_id": 0, "response": 65}, {"player_id": 1, "response": 40}, {"player_id": 2, "response": 55}, {"player_id": 3, "response": 50}, {"player_id": 4, "response": 50}, {"player_id": 5, "response": 50}, {"player_id": 6, "response": 55}, {"player_id": 7, "response": 55}, {"player_id": 8, "response": 55}, {"player_id": 9, "response": 65}], "mean": 54, "mean_ratio": 36.0, "winner": 40, "winner_num": 1, "winner_player_id": [1]}, {"responses": [{"player_id": 0, "response": 60}, {"player_id": 1, "response": 38}, {"player_id": 2, "response": 50}, {"player_id": 3, "response": 65}, {"player_id": 4, "response": 50}, {"player_id": 5, "response": 65}, {"player_id": 6, "response": 40}, {"player_id": 7, "response": 40}, {"player_id": 8, "response": 60}, {"player_id": 9, "response": 50}], "mean": 51.8, "mean_ratio": 34.53333333333333, "winner": 38, "winner_num": 1, "winner_player_id": [1]}]}