{"meta": {"name_exp": "guessing_game", "player_num": 10, "min": 0, "max": 100, "ratio": 0.6666666666666666, "ratio_str": "2/3", "version": "v1", "run": 5, "lang_agent": "<gvHK3Q2>", "round": 20}, "round_records": [{"responses": [{"player_id": 0, "response": 50}, {"player_id": 1, "response": 50}, {"player_id": 2, "response": 50}, {"player_id": 3, "response": 50}, {"player_id": 4, "response": 50}, {"player_id": 5, "response": 50}, {"player_id": 6, "response": 50}, {"player_id": 7, "response": 50}, {"player_id": 8, "response": 50}, {"player_id": 9, "response": 50}], "mean": 50, "mean_ratio": 33.33333333333333, "winner": 50, "winner_num": 10, "winner_player_id": [0, 1, 2, 3, 4, 5, 6, 7, 8, 9]}, {"responses": [{"player_id": 0, "response": 75}, {"player_id": 1, "response": 75}, {"player_id": 2, "response": 75}, {"player_id": 3, "response": 75}, {"player_id": 4, "response": 40}, {"player_id": 5, "response": 25}, {"player_id": 6, "response": 45}, {"player_id": 7, "response": 75}, {"player_id": 8, "response": 70}, {"player_id": 9, "response": 75}], "mean": 63, "mean_ratio": 42.0, "winner": 40, "winner_num": 1, "winner_player_id": [4]}, {"responses": [{"player_id": 0, "response": 60}, {"player_id": 1, "response": 60}, {"player_id": 2, "response": 85}, {"player_id": 3, "response": 65}, {"player_id": 4, "response": 55}, {"player_id": 5, "response": 75}, {"player_id": 6, "response": 60}, {"player_id": 7, "response": 70}, {"player_id": 8, "response": 55}, {"player_id": 9, "response": 65}], "mean": 65, "mean_ratio": 43.33333333333333, "winner": 55, "winner_num": 2, "winner_player_id": [4, 8]}, {"responses": [{"player_id": 0, "response": 70}, {"player_id": 1, "response": 70}, {"player_id": 2, "response": 60}, {"player_id": 3, "response": 70}, {"player_id": 4, "response": 70}, {"player_id": 5, "response": 60}, {"player_id": 6, "response": 75}, {"player_id": 7, "response": 60}, {"player_id": 8, "response": 45}, {"player_id": 9, "response": 75}], "mean": 65.5, "mean_ratio": 43.666666666666664, "winner": 45, "winner_num": 1, "winner_player_id": [8]}, {"responses": [{"player_id": 0, "response": 55}, {"player_id": 1, "response": 80}, {"player_id": 2, "response": 70}, {"player_id": 3, "response": 60}, {"player_id": 4, "response": 60}, {"player_id": 5, "response": 70}, {"player_id": 6, "response": 70}, {"player_id": 7, "response": 70}, {"player_id": 8, "response": 50}, {"player_id": 9, "response": 70}], "mean": 65.5, "mean_ratio": 43.666666666666664, "winner": 50, "winner_num": 1, "winner_player_id": [8]}, {"responses": [{"player_id": 0, "response": 65}, {"player_id": 1, "response": 55}, {"player_id": 2, "response": 55}, {"player_id": 3, "response": 40}, {"player_id": 4, "response": 65}, {"player_id": 5, "response": 45}, {"player_id": 6, "response": 55}, {"player_id": 7, "response": 75}, {"player_id": 8, "response": 60}, {"player_id": 9, "response": 60}], "mean": 57.5, "mean_ratio": 38.33333333333333, "winner": 40, "winner_num": 1, "winner_player_id": [3]}, {"responses": [{"player_id": 0, "response": 45}, {"player_id": 1, "response": 60}, {"player_id": 2, "response": 65}, {"player_id": 3, "response": 55}, {"player_id": 4, "response": 70}, {"player_id": 5, "response": 55}, {"player_id": 6, "response": 60}, {"player_id": 7, "response": 65}, {"player_id": 8, "response": 50}, {"player_id": 9, "response": 55}], "mean": 58, "mean_ratio": 38.666666666666664, "winner": 45, "winner_num": 1, "winner_player_id": [0]}, {"responses": [{"player_id": 0, "response": 55}, {"player_id": 1, "response": 65}, {"player_id": 2, "response": 70}, {"player_id": 3, "response": 65}, {"player_id": 4, "response": 55}, {"player_id": 5, "response": 50}, {"player_id": 6, "response": 70}, {"player_id": 7, "response": 54}, {"player_id": 8, "response": 65}, {"player_id": 9, "response": 50}], "mean": 59.9, "mean_ratio": 39.93333333333333, "winner": 50, "winner_num": 2, "winner_player_id": [5, 9]}, {"responses": [{"player_id": 0, "response": 60}, {"player_id": 1, "response": 40}, {"player_id": 2, "response": 65}, {"player_id": 3, "response": 45}, {"player_id": 4, "response": 60}, {"player_id": 5, "response": 60}, {"player_id": 6, "response": 55}, {"player_id": 7, "response": 62}, {"player_id": 8, "response": 70}, {"player_id": 9, "response": 70}], "mean": 58.7, "mean_ratio": 39.13333333333333, "winner": 40, "winner_num": 1, "winner_player_id": [1]}, {"responses": [{"player_id": 0, "response": 50}, {"player_id": 1, "response": 45}, {"player_id": 2, "response": 50}, {"player_id": 3, "response": 50}, {"player_id": 4, "response": 50}, {"player_id": 5, "response": 50}, {"player_id": 6, "response": 50}, {"player_id": 7, "response": 70}, {"player_id": 8, "response": 50}, {"player_id": 9, "response": 65}], "mean": 53, "mean_ratio": 35.33333333333333, "winner": 45, "winner_num": 1, "winner_player_id": [1]}, {"responses": [{"player_id": 0, "response": 65}, {"player_id": 1, "response": 50}, {"player_id": 2, "response": 55}, {"player_id": 3, "response": 65}, {"player_id": 4, "response": 65}, {"player_id": 5, "response": 55}, {"player_id": 6, "response": 50}, {"player_id": 7, "response": 55}, {"player_id": 8, "response": 60}, {"player_id": 9, "response": 55}], "mean": 57.5, "mean_ratio": 38.33333333333333, "winner": 50, "winner_num": 2, "winner_player_id": [1, 6]}, {"responses": [{"player_id": 0, "response": 55}, {"player_id": 1, "response": 55}, {"player_id": 2, "response": 65}, {"player_id": 3, "response": 70}, {"player_id": 4, "response": 70}, {"player_id": 5, "response": 40}, {"player_id": 6, "response": 40}, {"player_id": 7, "response": 65}, {"player_id": 8, "response": 55}, {"player_id": 9, "response": 60}], "mean": 57.5, "mean_ratio": 38.33333333333333, "winner": 40, "winner_num": 2, "winner_player_id": [5, 6]}, {"responses": [{"player_id": 0, "response": 48}, {"player_id": 1, "response": 65}, {"player_id": 2, "response": 60}, {"player_id": 3, "response": 60}, {"player_id": 4, "response": 50}, {"player_id": 5, "response": 50}, {"player_id": 6, "response": 50}, {"player_id": 7, "response": 50}, {"player_id": 8, "response": 50}, {"player_id": 9, "response": 50}], "mean": 53.3, "mean_ratio": 35.53333333333333, "winner": 48, "winner_num": 1, "winner_player_id": [0]}, {"responses": [{"player_id": 0, "response": 50}, {"player_id": 1, "response": 60}, {"player_id": 2, "response": 50}, {"player_id": 3, "response": 55}, {"player_id": 4, "response": 50}, {"player_id": 5, "response": 60}, {"player_id": 6, "response": 45}, {"player_id": 7, "response": 70}, {"player_id": 8, "response": 60}, {"player_id": 9, "response": 55}], "mean": 55.5, "mean_ratio": 37.0, "winner": 45, "winner_num": 1, "winner_player_id": [6]}, {"responses": [{"player_id": 0, "response": 60}, {"player_id": 1, "response": 70}, {"player_id": 2, "response": 65}, {"player_id": 3, "response": 50}, {"player_id": 4, "response": 60}, {"player_id": 5, "response": 50}, {"player_id": 6, "response": 60}, {"player_id": 7, "response": 60}, {"player_id": 8, "response": 65}, {"player_id": 9, "response": 70}], "mean": 61, "mean_ratio": 40.666666666666664, "winner": 50, "winner_num": 2, "winner_player_id": [3, 5]}, {"responses": [{"player_id": 0, "response": 70}, {"player_id": 1, "response": 57}, {"player_id": 2, "response": 60}, {"player_id": 3, "response": 60}, {"player_id": 4, "response": 65}, {"player_id": 5, "response": 70}, {"player_id": 6, "response": 64}, {"player_id": 7, "response": 65}, {"player_id": 8, "response": 55}, {"player_id": 9, "response": 60}], "mean": 62.6, "mean_ratio": 41.733333333333334, "winner": 55, "winner_num": 1, "winner_player_id": [8]}, {"responses": [{"player_id": 0, "response": 75}, {"player_id": 1, "response": 50}, {"player_id": 2, "response": 70}, {"player_id": 3, "response": 65}, {"player_id": 4, "response": 70}, {"player_id": 5, "response": 65}, {"player_id": 6, "response": 60}, {"player_id": 7, "response": 50}, {"player_id": 8, "response": 65}, {"player_id": 9, "response": 45}], "mean": 61.5, "mean_ratio": 41.0, "winner": 45, "winner_num": 1, "winner_player_id": [9]}, {"responses": [{"player_id": 0, "response": 50}, {"player_id": 1, "response": 65}, {"player_id": 2, "response": 60}, {"player_id": 3, "response": 70}, {"player_id": 4, "response": 50}, {"player_id": 5, "response": 50}, {"player_id": 6, "response": 50}, {"player_id": 7, "response": 55}, {"player_id": 8, "response": 70}, {"player_id": 9, "response": 55}], "mean": 57.5, "mean_ratio": 38.33333333333333, "winner": 50, "winner_num": 4, "winner_player_id": [0, 4, 5, 6]}, {"responses": [{"player_id": 0, "response": 55}, {"player_id": 1, "response": 50}, {"player_id": 2, "response": 55}, {"player_id": 3, "response": 50}, {"player_id": 4, "response": 55}, {"player_id": 5, "response": 55}, {"player_id": 6, "response": 65}, {"player_id": 7, "response": 60}, {"player_id": 8, "response": 60}, {"player_id": 9, "response": 60}], "mean": 56.5, "mean_ratio": 37.666666666666664, "winner": 50, "winner_num": 2, "winner_player_id": [1, 3]}, {"responses": [{"player_id": 0, "response": 60}, {"player_id": 1, "response": 55}, {"player_id": 2, "response": 65}, {"player_id": 3, "response": 55}, {"player_id": 4, "response": 60}, {"player_id": 5, "response": 50}, {"player_id": 6, "response": 60}, {"player_id": 7, "response": 45}, {"player_id": 8, "response": 55}, {"player_id": 9, "response": 50}], "mean": 55.5, "mean_ratio": 37.0, "winner": 45, "winner_num": 1, "winner_player_id": [7]}]}