{"meta": {"name_exp": "guessing_game", "player_num": 10, "min": 0, "max": 100, "ratio": 0.6666666666666666, "ratio_str": "2/3", "version": "v1", "run": 4, "lang_agent": "<gvHK3Q2>", "round": 20}, "round_records": [{"responses": [{"player_id": 0, "response": 50}, {"player_id": 1, "response": 50}, {"player_id": 2, "response": 50}, {"player_id": 3, "response": 50}, {"player_id": 4, "response": 50}, {"player_id": 5, "response": 50}, {"player_id": 6, "response": 50}, {"player_id": 7, "response": 50}, {"player_id": 8, "response": 50}, {"player_id": 9, "response": 50}], "mean": 50, "mean_ratio": 33.33333333333333, "winner": 50, "winner_num": 10, "winner_player_id": [0, 1, 2, 3, 4, 5, 6, 7, 8, 9]}, {"responses": [{"player_id": 0, "response": 45}, {"player_id": 1, "response": 55}, {"player_id": 2, "response": 75}, {"player_id": 3, "response": 75}, {"player_id": 4, "response": 75}, {"player_id": 5, "response": 75}, {"player_id": 6, "response": 75}, {"player_id": 7, "response": 40}, {"player_id": 8, "response": 75}, {"player_id": 9, "response": 40}], "mean": 63, "mean_ratio": 42.0, "winner": 40, "winner_num": 2, "winner_player_id": [7, 9]}, {"responses": [{"player_id": 0, "response": 70}, {"player_id": 1, "response": 65}, {"player_id": 2, "response": 60}, {"player_id": 3, "response": 55}, {"player_id": 4, "response": 55}, {"player_id": 5, "response": 60}, {"player_id": 6, "response": 60}, {"player_id": 7, "response": 55}, {"player_id": 8, "response": 55}, {"player_id": 9, "response": 67}], "mean": 60.2, "mean_ratio": 40.13333333333333, "winner": 55, "winner_num": 4, "winner_player_id": [3, 4, 7, 8]}, {"responses": [{"player_id": 0, "response": 65}, {"player_id": 1, "response": 68}, {"player_id": 2, "response": 70}, {"player_id": 3, "response": 70}, {"player_id": 4, "response": 65}, {"player_id": 5, "response": 70}, {"player_id": 6, "response": 70}, {"player_id": 7, "response": 75}, {"player_id": 8, "response": 65}, {"player_id": 9, "response": 62}], "mean": 68, "mean_ratio": 45.33333333333333, "winner": 62, "winner_num": 1, "winner_player_id": [9]}, {"responses": [{"player_id": 0, "response": 75}, {"player_id": 1, "response": 70}, {"player_id": 2, "response": 55}, {"player_id": 3, "response": 85}, {"player_id": 4, "response": 70}, {"player_id": 5, "response": 75}, {"player_id": 6, "response": 55}, {"player_id": 7, "response": 65}, {"player_id": 8, "response": 70}, {"player_id": 9, "response": 72}], "mean": 69.2, "mean_ratio": 46.13333333333333, "winner": 55, "winner_num": 2, "winner_player_id": [2, 6]}, {"responses": [{"player_id": 0, "response": 60}, {"player_id": 1, "response": 60}, {"player_id": 2, "response": 80}, {"player_id": 3, "response": 70}, {"player_id": 4, "response": 60}, {"player_id": 5, "response": 65}, {"player_id": 6, "response": 65}, {"player_id": 7, "response": 70}, {"player_id": 8, "response": 60}, {"player_id": 9, "response": 54}], "mean": 64.4, "mean_ratio": 42.93333333333334, "winner": 54, "winner_num": 1, "winner_player_id": [9]}, {"responses": [{"player_id": 0, "response": 50}, {"player_id": 1, "response": 70}, {"player_id": 2, "response": 65}, {"player_id": 3, "response": 65}, {"player_id": 4, "response": 65}, {"player_id": 5, "response": 40}, {"player_id": 6, "response": 60}, {"player_id": 7, "response": 40}, {"player_id": 8, "response": 65}, {"player_id": 9, "response": 50}], "mean": 57, "mean_ratio": 38.0, "winner": 40, "winner_num": 2, "winner_player_id": [5, 7]}, {"responses": [{"player_id": 0, "response": 45}, {"player_id": 1, "response": 55}, {"player_id": 2, "response": 55}, {"player_id": 3, "response": 60}, {"player_id": 4, "response": 50}, {"player_id": 5, "response": 55}, {"player_id": 6, "response": 70}, {"player_id": 7, "response": 50}, {"player_id": 8, "response": 65}, {"player_id": 9, "response": 55}], "mean": 56, "mean_ratio": 37.33333333333333, "winner": 45, "winner_num": 1, "winner_player_id": [0]}, {"responses": [{"player_id": 0, "response": 55}, {"player_id": 1, "response": 65}, {"player_id": 2, "response": 60}, {"player_id": 3, "response": 50}, {"player_id": 4, "response": 70}, {"player_id": 5, "response": 50}, {"player_id": 6, "response": 50}, {"player_id": 7, "response": 50}, {"player_id": 8, "response": 55}, {"player_id": 9, "response": 62}], "mean": 56.7, "mean_ratio": 37.8, "winner": 50, "winner_num": 4, "winner_player_id": [3, 5, 6, 7]}, {"responses": [{"player_id": 0, "response": 65}, {"player_id": 1, "response": 55}, {"player_id": 2, "response": 70}, {"player_id": 3, "response": 62}, {"player_id": 4, "response": 60}, {"player_id": 5, "response": 60}, {"player_id": 6, "response": 62}, {"player_id": 7, "response": 60}, {"player_id": 8, "response": 62}, {"player_id": 9, "response": 50}], "mean": 60.6, "mean_ratio": 40.4, "winner": 50, "winner_num": 1, "winner_player_id": [9]}, {"responses": [{"player_id": 0, "response": 70}, {"player_id": 1, "response": 65}, {"player_id": 2, "response": 50}, {"player_id": 3, "response": 70}, {"player_id": 4, "response": 55}, {"player_id": 5, "response": 50}, {"player_id": 6, "response": 55}, {"player_id": 7, "response": 70}, {"player_id": 8, "response": 67}, {"player_id": 9, "response": 60}], "mean": 61.2, "mean_ratio": 40.8, "winner": 50, "winner_num": 2, "winner_player_id": [2, 5]}, {"responses": [{"player_id": 0, "response": 55}, {"player_id": 1, "response": 60}, {"player_id": 2, "response": 65}, {"player_id": 3, "response": 55}, {"player_id": 4, "response": 65}, {"player_id": 5, "response": 65}, {"player_id": 6, "response": 45}, {"player_id": 7, "response": 65}, {"player_id": 8, "response": 64}, {"player_id": 9, "response": 45}], "mean": 58.4, "mean_ratio": 38.93333333333333, "winner": 45, "winner_num": 2, "winner_player_id": [6, 9]}, {"responses": [{"player_id": 0, "response": 50}, {"player_id": 1, "response": 55}, {"player_id": 2, "response": 55}, {"player_id": 3, "response": 50}, {"player_id": 4, "response": 50}, {"player_id": 5, "response": 50}, {"player_id": 6, "response": 50}, {"player_id": 7, "response": 60}, {"player_id": 8, "response": 62}, {"player_id": 9, "response": 50}], "mean": 53.2, "mean_ratio": 35.46666666666667, "winner": 50, "winner_num": 6, "winner_player_id": [0, 3, 4, 5, 6, 9]}, {"responses": [{"player_id": 0, "response": 60}, {"player_id": 1, "response": 70}, {"player_id": 2, "response": 50}, {"player_id": 3, "response": 58}, {"player_id": 4, "response": 55}, {"player_id": 5, "response": 57}, {"player_id": 6, "response": 60}, {"player_id": 7, "response": 50}, {"player_id": 8, "response": 72}, {"player_id": 9, "response": 65}], "mean": 59.7, "mean_ratio": 39.8, "winner": 50, "winner_num": 2, "winner_player_id": [2, 7]}, {"responses": [{"player_id": 0, "response": 50}, {"player_id": 1, "response": 50}, {"player_id": 2, "response": 60}, {"player_id": 3, "response": 65}, {"player_id": 4, "response": 65}, {"player_id": 5, "response": 60}, {"player_id": 6, "response": 55}, {"player_id": 7, "response": 50}, {"player_id": 8, "response": 55}, {"player_id": 9, "response": 55}], "mean": 56.5, "mean_ratio": 37.666666666666664, "winner": 50, "winner_num": 3, "winner_player_id": [0, 1, 7]}, {"responses": [{"player_id": 0, "response": 65}, {"player_id": 1, "response": 60}, {"player_id": 2, "response": 75}, {"player_id": 3, "response": 70}, {"player_id": 4, "response": 60}, {"player_id": 5, "response": 50}, {"player_id": 6, "response": 65}, {"player_id": 7, "response": 55}, {"player_id": 8, "response": 65}, {"player_id": 9, "response": 40}], "mean": 60.5, "mean_ratio": 40.33333333333333, "winner": 40, "winner_num": 1, "winner_player_id": [9]}, {"responses": [{"player_id": 0, "response": 55}, {"player_id": 1, "response": 50}, {"player_id": 2, "response": 65}, {"player_id": 3, "response": 60}, {"player_id": 4, "response": 40}, {"player_id": 5, "response": 55}, {"player_id": 6, "response": 56}, {"player_id": 7, "response": 65}, {"player_id": 8, "response": 70}, {"player_id": 9, "response": 57}], "mean": 57.3, "mean_ratio": 38.199999999999996, "winner": 40, "winner_num": 1, "winner_player_id": [4]}, {"responses": [{"player_id": 0, "response": 50}, {"player_id": 1, "response": 55}, {"player_id": 2, "response": 55}, {"player_id": 3, "response": 52}, {"player_id": 4, "response": 50}, {"player_id": 5, "response": 65}, {"player_id": 6, "response": 60}, {"player_id": 7, "response": 50}, {"player_id": 8, "response": 60}, {"player_id": 9, "response": 50}], "mean": 54.7, "mean_ratio": 36.46666666666667, "winner": 50, "winner_num": 4, "winner_player_id": [0, 4, 7, 9]}, {"responses": [{"player_id": 0, "response": 60}, {"player_id": 1, "response": 65}, {"player_id": 2, "response": 60}, {"player_id": 3, "response": 55}, {"player_id": 4, "response": 70}, {"player_id": 5, "response": 60}, {"player_id": 6, "response": 50}, {"player_id": 7, "response": 60}, {"player_id": 8, "response": 65}, {"player_id": 9, "response": 60}], "mean": 60.5, "mean_ratio": 40.33333333333333, "winner": 50, "winner_num": 1, "winner_player_id": [6]}, {"responses": [{"player_id": 0, "response": 55}, {"player_id": 1, "response": 70}, {"player_id": 2, "response": 53}, {"player_id": 3, "response": 45}, {"player_id": 4, "response": 55}, {"player_id": 5, "response": 50}, {"player_id": 6, "response": 55}, {"player_id": 7, "response": 55}, {"player_id": 8, "response": 57}, {"player_id": 9, "response": 70}], "mean": 56.5, "mean_ratio": 37.666666666666664, "winner": 45, "winner_num": 1, "winner_player_id": [3]}]}