{"meta": {"name_exp": "guessing_game", "player_num": 10, "min": 0, "max": 100, "ratio": 0.6666666666666666, "ratio_str": "2/3", "version": "v1", "run": 1, "lang_agent": "<gvHK3Q2>", "round": 20}, "round_records": [{"responses": [{"player_id": 0, "response": 50}, {"player_id": 1, "response": 50}, {"player_id": 2, "response": 50}, {"player_id": 3, "response": 50}, {"player_id": 4, "response": 50}, {"player_id": 5, "response": 50}, {"player_id": 6, "response": 50}, {"player_id": 7, "response": 50}, {"player_id": 8, "response": 50}, {"player_id": 9, "response": 50}], "mean": 50, "mean_ratio": 33.33333333333333, "winner": 50, "winner_num": 10, "winner_player_id": [0, 1, 2, 3, 4, 5, 6, 7, 8, 9]}, {"responses": [{"player_id": 0, "response": 75}, {"player_id": 1, "response": 75}, {"player_id": 2, "response": 75}, {"player_id": 3, "response": 45}, {"player_id": 4, "response": 60}, {"player_id": 5, "response": 70}, {"player_id": 6, "response": 75}, {"player_id": 7, "response": 75}, {"player_id": 8, "response": 75}, {"player_id": 9, "response": 70}], "mean": 69.5, "mean_ratio": 46.33333333333333, "winner": 45, "winner_num": 1, "winner_player_id": [3]}, {"responses": [{"player_id": 0, "response": 60}, {"player_id": 1, "response": 30}, {"player_id": 2, "response": 60}, {"player_id": 3, "response": 65}, {"player_id": 4, "response": 70}, {"player_id": 5, "response": 75}, {"player_id": 6, "response": 60}, {"player_id": 7, "response": 60}, {"player_id": 8, "response": 55}, {"player_id": 9, "response": 62}], "mean": 59.7, "mean_ratio": 39.8, "winner": 30, "winner_num": 1, "winner_player_id": [1]}, {"responses": [{"player_id": 0, "response": 70}, {"player_id": 1, "response": 80}, {"player_id": 2, "response": 45}, {"player_id": 3, "response": 40}, {"player_id": 4, "response": 55}, {"player_id": 5, "response": 40}, {"player_id": 6, "response": 40}, {"player_id": 7, "response": 70}, {"player_id": 8, "response": 60}, {"player_id": 9, "response": 75}], "mean": 57.5, "mean_ratio": 38.33333333333333, "winner": 40, "winner_num": 3, "winner_player_id": [3, 5, 6]}, {"responses": [{"player_id": 0, "response": 55}, {"player_id": 1, "response": 60}, {"player_id": 2, "response": 55}, {"player_id": 3, "response": 50}, {"player_id": 4, "response": 65}, {"player_id": 5, "response": 60}, {"player_id": 6, "response": 65}, {"player_id": 7, "response": 55}, {"player_id": 8, "response": 65}, {"player_id": 9, "response": 45}], "mean": 57.5, "mean_ratio": 38.33333333333333, "winner": 45, "winner_num": 1, "winner_player_id": [9]}, {"responses": [{"player_id": 0, "response": 60}, {"player_id": 1, "response": 55}, {"player_id": 2, "response": 63}, {"player_id": 3, "response": 55}, {"player_id": 4, "response": 60}, {"player_id": 5, "response": 50}, {"player_id": 6, "response": 70}, {"player_id": 7, "response": 62}, {"player_id": 8, "response": 70}, {"player_id": 9, "response": 60}], "mean": 60.5, "mean_ratio": 40.33333333333333, "winner": 50, "winner_num": 1, "winner_player_id": [5]}, {"responses": [{"player_id": 0, "response": 70}, {"player_id": 1, "response": 70}, {"player_id": 2, "response": 72}, {"player_id": 3, "response": 60}, {"player_id": 4, "response": 70}, {"player_id": 5, "response": 55}, {"player_id": 6, "response": 80}, {"player_id": 7, "response": 55}, {"player_id": 8, "response": 60}, {"player_id": 9, "response": 50}], "mean": 64.2, "mean_ratio": 42.8, "winner": 50, "winner_num": 1, "winner_player_id": [9]}, {"responses": [{"player_id": 0, "response": 62}, {"player_id": 1, "response": 65}, {"player_id": 2, "response": 65}, {"player_id": 3, "response": 70}, {"player_id": 4, "response": 65}, {"player_id": 5, "response": 45}, {"player_id": 6, "response": 55}, {"player_id": 7, "response": 65}, {"player_id": 8, "response": 70}, {"player_id": 9, "response": 65}], "mean": 62.7, "mean_ratio": 41.8, "winner": 45, "winner_num": 1, "winner_player_id": [5]}, {"responses": [{"player_id": 0, "response": 55}, {"player_id": 1, "response": 50}, {"player_id": 2, "response": 50}, {"player_id": 3, "response": 55}, {"player_id": 4, "response": 55}, {"player_id": 5, "response": 60}, {"player_id": 6, "response": 65}, {"player_id": 7, "response": 55}, {"player_id": 8, "response": 55}, {"player_id": 9, "response": 55}], "mean": 55.5, "mean_ratio": 37.0, "winner": 50, "winner_num": 2, "winner_player_id": [1, 2]}, {"responses": [{"player_id": 0, "response": 65}, {"player_id": 1, "response": 60}, {"player_id": 2, "response": 47}, {"player_id": 3, "response": 65}, {"player_id": 4, "response": 70}, {"player_id": 5, "response": 55}, {"player_id": 6, "response": 55}, {"player_id": 7, "response": 42}, {"player_id": 8, "response": 45}, {"player_id": 9, "response": 60}], "mean": 56.4, "mean_ratio": 37.599999999999994, "winner": 42, "winner_num": 1, "winner_player_id": [7]}, {"responses": [{"player_id": 0, "response": 70}, {"player_id": 1, "response": 50}, {"player_id": 2, "response": 55}, {"player_id": 3, "response": 55}, {"player_id": 4, "response": 60}, {"player_id": 5, "response": 65}, {"player_id": 6, "response": 40}, {"player_id": 7, "response": 50}, {"player_id": 8, "response": 50}, {"player_id": 9, "response": 65}], "mean": 56, "mean_ratio": 37.33333333333333, "winner": 40, "winner_num": 1, "winner_player_id": [6]}, {"responses": [{"player_id": 0, "response": 55}, {"player_id": 1, "response": 65}, {"player_id": 2, "response": 70}, {"player_id": 3, "response": 50}, {"player_id": 4, "response": 53}, {"player_id": 5, "response": 50}, {"player_id": 6, "response": 50}, {"player_id": 7, "response": 60}, {"player_id": 8, "response": 65}, {"player_id": 9, "response": 55}], "mean": 57.3, "mean_ratio": 38.199999999999996, "winner": 50, "winner_num": 3, "winner_player_id": [3, 5, 6]}, {"responses": [{"player_id": 0, "response": 60}, {"player_id": 1, "response": 40}, {"player_id": 2, "response": 60}, {"player_id": 3, "response": 60}, {"player_id": 4, "response": 45}, {"player_id": 5, "response": 55}, {"player_id": 6, "response": 60}, {"player_id": 7, "response": 55}, {"player_id": 8, "response": 55}, {"player_id": 9, "response": 65}], "mean": 55.5, "mean_ratio": 37.0, "winner": 40, "winner_num": 1, "winner_player_id": [1]}, {"responses": [{"player_id": 0, "response": 75}, {"player_id": 1, "response": 60}, {"player_id": 2, "response": 65}, {"player_id": 3, "response": 50}, {"player_id": 4, "response": 65}, {"player_id": 5, "response": 65}, {"player_id": 6, "response": 70}, {"player_id": 7, "response": 62}, {"player_id": 8, "response": 60}, {"player_id": 9, "response": 50}], "mean": 62.2, "mean_ratio": 41.46666666666667, "winner": 50, "winner_num": 2, "winner_player_id": [3, 9]}, {"responses": [{"player_id": 0, "response": 63}, {"player_id": 1, "response": 50}, {"player_id": 2, "response": 55}, {"player_id": 3, "response": 50}, {"player_id": 4, "response": 60}, {"player_id": 5, "response": 70}, {"player_id": 6, "response": 55}, {"player_id": 7, "response": 65}, {"player_id": 8, "response": 70}, {"player_id": 9, "response": 70}], "mean": 60.8, "mean_ratio": 40.53333333333333, "winner": 50, "winner_num": 2, "winner_player_id": [1, 3]}, {"responses": [{"player_id": 0, "response": 70}, {"player_id": 1, "response": 70}, {"player_id": 2, "response": 65}, {"player_id": 3, "response": 50}, {"player_id": 4, "response": 55}, {"player_id": 5, "response": 55}, {"player_id": 6, "response": 65}, {"player_id": 7, "response": 50}, {"player_id": 8, "response": 65}, {"player_id": 9, "response": 60}], "mean": 60.5, "mean_ratio": 40.33333333333333, "winner": 50, "winner_num": 2, "winner_player_id": [3, 7]}, {"responses": [{"player_id": 0, "response": 65}, {"player_id": 1, "response": 55}, {"player_id": 2, "response": 60}, {"player_id": 3, "response": 75}, {"player_id": 4, "response": 65}, {"player_id": 5, "response": 60}, {"player_id": 6, "response": 55}, {"player_id": 7, "response": 49}, {"player_id": 8, "response": 55}, {"player_id": 9, "response": 55}], "mean": 59.4, "mean_ratio": 39.599999999999994, "winner": 49, "winner_num": 1, "winner_player_id": [7]}, {"responses": [{"player_id": 0, "response": 50}, {"player_id": 1, "response": 60}, {"player_id": 2, "response": 52}, {"player_id": 3, "response": 60}, {"player_id": 4, "response": 60}, {"player_id": 5, "response": 65}, {"player_id": 6, "response": 60}, {"player_id": 7, "response": 60}, {"player_id": 8, "response": 60}, {"player_id": 9, "response": 72}], "mean": 59.9, "mean_ratio": 39.93333333333333, "winner": 50, "winner_num": 1, "winner_player_id": [0]}, {"responses": [{"player_id": 0, "response": 60}, {"player_id": 1, "response": 50}, {"player_id": 2, "response": 55}, {"player_id": 3, "response": 55}, {"player_id": 4, "response": 50}, {"player_id": 5, "response": 55}, {"player_id": 6, "response": 60}, {"player_id": 7, "response": 45}, {"player_id": 8, "response": 70}, {"player_id": 9, "response": 70}], "mean": 57, "mean_ratio": 38.0, "winner": 45, "winner_num": 1, "winner_player_id": [7]}, {"responses": [{"player_id": 0, "response": 55}, {"player_id": 1, "response": 55}, {"player_id": 2, "response": 60}, {"player_id": 3, "response": 65}, {"player_id": 4, "response": 55}, {"player_id": 5, "response": 50}, {"player_id": 6, "response": 50}, {"player_id": 7, "response": 55}, {"player_id": 8, "response": 50}, {"player_id": 9, "response": 60}], "mean": 55.5, "mean_ratio": 37.0, "winner": 50, "winner_num": 3, "winner_player_id": [5, 6, 8]}]}