{"meta": {"name_exp": "guessing_game", "player_num": 10, "min": 0, "max": 100, "ratio": 0.6666666666666666, "ratio_str": "2/3", "version": "v1", "run": 2, "lang_agent": "<gvHK3Q2>", "round": 20}, "round_records": [{"responses": [{"player_id": 0, "response": 50}, {"player_id": 1, "response": 50}, {"player_id": 2, "response": 50}, {"player_id": 3, "response": 50}, {"player_id": 4, "response": 50}, {"player_id": 5, "response": 50}, {"player_id": 6, "response": 50}, {"player_id": 7, "response": 50}, {"player_id": 8, "response": 50}, {"player_id": 9, "response": 50}], "mean": 50, "mean_ratio": 33.33333333333333, "winner": 50, "winner_num": 10, "winner_player_id": [0, 1, 2, 3, 4, 5, 6, 7, 8, 9]}, {"responses": [{"player_id": 0, "response": 75}, {"player_id": 1, "response": 75}, {"player_id": 2, "response": 55}, {"player_id": 3, "response": 40}, {"player_id": 4, "response": 74}, {"player_id": 5, "response": 40}, {"player_id": 6, "response": 55}, {"player_id": 7, "response": 75}, {"player_id": 8, "response": 42}, {"player_id": 9, "response": 60}], "mean": 59.1, "mean_ratio": 39.4, "winner": 40, "winner_num": 2, "winner_player_id": [3, 5]}, {"responses": [{"player_id": 0, "response": 40}, {"player_id": 1, "response": 65}, {"player_id": 2, "response": 60}, {"player_id": 3, "response": 75}, {"player_id": 4, "response": 62}, {"player_id": 5, "response": 70}, {"player_id": 6, "response": 65}, {"player_id": 7, "response": 60}, {"player_id": 8, "response": 55}, {"player_id": 9, "response": 55}], "mean": 60.7, "mean_ratio": 40.46666666666667, "winner": 40, "winner_num": 1, "winner_player_id": [0]}, {"responses": [{"player_id": 0, "response": 60}, {"player_id": 1, "response": 55}, {"player_id": 2, "response": 70}, {"player_id": 3, "response": 55}, {"player_id": 4, "response": 55}, {"player_id": 5, "response": 45}, {"player_id": 6, "response": 70}, {"player_id": 7, "response": 55}, {"player_id": 8, "response": 61}, {"player_id": 9, "response": 45}], "mean": 57.1, "mean_ratio": 38.06666666666666, "winner": 45, "winner_num": 2, "winner_player_id": [5, 9]}, {"responses": [{"player_id": 0, "response": 65}, {"player_id": 1, "response": 60}, {"player_id": 2, "response": 80}, {"player_id": 3, "response": 60}, {"player_id": 4, "response": 65}, {"player_id": 5, "response": 55}, {"player_id": 6, "response": 50}, {"player_id": 7, "response": 65}, {"player_id": 8, "response": 70}, {"player_id": 9, "response": 55}], "mean": 62.5, "mean_ratio": 41.666666666666664, "winner": 50, "winner_num": 1, "winner_player_id": [6]}, {"responses": [{"player_id": 0, "response": 55}, {"player_id": 1, "response": 70}, {"player_id": 2, "response": 50}, {"player_id": 3, "response": 70}, {"player_id": 4, "response": 70}, {"player_id": 5, "response": 65}, {"player_id": 6, "response": 75}, {"player_id": 7, "response": 70}, {"player_id": 8, "response": 65}, {"player_id": 9, "response": 60}], "mean": 65, "mean_ratio": 43.33333333333333, "winner": 50, "winner_num": 1, "winner_player_id": [2]}, {"responses": [{"player_id": 0, "response": 70}, {"player_id": 1, "response": 55}, {"player_id": 2, "response": 60}, {"player_id": 3, "response": 45}, {"player_id": 4, "response": 75}, {"player_id": 5, "response": 60}, {"player_id": 6, "response": 60}, {"player_id": 7, "response": 55}, {"player_id": 8, "response": 55}, {"player_id": 9, "response": 65}], "mean": 60, "mean_ratio": 40.0, "winner": 45, "winner_num": 1, "winner_player_id": [3]}, {"responses": [{"player_id": 0, "response": 50}, {"player_id": 1, "response": 65}, {"player_id": 2, "response": 65}, {"player_id": 3, "response": 65}, {"player_id": 4, "response": 60}, {"player_id": 5, "response": 50}, {"player_id": 6, "response": 70}, {"player_id": 7, "response": 65}, {"player_id": 8, "response": 50}, {"player_id": 9, "response": 70}], "mean": 61, "mean_ratio": 40.666666666666664, "winner": 50, "winner_num": 3, "winner_player_id": [0, 5, 8]}, {"responses": [{"player_id": 0, "response": 60}, {"player_id": 1, "response": 70}, {"player_id": 2, "response": 55}, {"player_id": 3, "response": 55}, {"player_id": 4, "response": 50}, {"player_id": 5, "response": 55}, {"player_id": 6, "response": 55}, {"player_id": 7, "response": 61}, {"player_id": 8, "response": 62}, {"player_id": 9, "response": 65}], "mean": 58.8, "mean_ratio": 39.199999999999996, "winner": 50, "winner_num": 1, "winner_player_id": [4]}, {"responses": [{"player_id": 0, "response": 55}, {"player_id": 1, "response": 45}, {"player_id": 2, "response": 70}, {"player_id": 3, "response": 60}, {"player_id": 4, "response": 55}, {"player_id": 5, "response": 50}, {"player_id": 6, "response": 60}, {"player_id": 7, "response": 57}, {"player_id": 8, "response": 60}, {"player_id": 9, "response": 55}], "mean": 56.7, "mean_ratio": 37.8, "winner": 45, "winner_num": 1, "winner_player_id": [1]}, {"responses": [{"player_id": 0, "response": 65}, {"player_id": 1, "response": 55}, {"player_id": 2, "response": 55}, {"player_id": 3, "response": 50}, {"player_id": 4, "response": 65}, {"player_id": 5, "response": 60}, {"player_id": 6, "response": 65}, {"player_id": 7, "response": 55}, {"player_id": 8, "response": 55}, {"player_id": 9, "response": 60}], "mean": 58.5, "mean_ratio": 39.0, "winner": 50, "winner_num": 1, "winner_player_id": [3]}, {"responses": [{"player_id": 0, "response": 70}, {"player_id": 1, "response": 65}, {"player_id": 2, "response": 65}, {"player_id": 3, "response": 65}, {"player_id": 4, "response": 55}, {"player_id": 5, "response": 50}, {"player_id": 6, "response": 50}, {"player_id": 7, "response": 70}, {"player_id": 8, "response": 45}, {"player_id": 9, "response": 50}], "mean": 58.5, "mean_ratio": 39.0, "winner": 45, "winner_num": 1, "winner_player_id": [8]}, {"responses": [{"player_id": 0, "response": 45}, {"player_id": 1, "response": 50}, {"player_id": 2, "response": 50}, {"player_id": 3, "response": 50}, {"player_id": 4, "response": 60}, {"player_id": 5, "response": 55}, {"player_id": 6, "response": 55}, {"player_id": 7, "response": 65}, {"player_id": 8, "response": 52}, {"player_id": 9, "response": 40}], "mean": 52.2, "mean_ratio": 34.8, "winner": 40, "winner_num": 1, "winner_player_id": [9]}, {"responses": [{"player_id": 0, "response": 70}, {"player_id": 1, "response": 60}, {"player_id": 2, "response": 65}, {"player_id": 3, "response": 70}, {"player_id": 4, "response": 50}, {"player_id": 5, "response": 60}, {"player_id": 6, "response": 65}, {"player_id": 7, "response": 40}, {"player_id": 8, "response": 50}, {"player_id": 9, "response": 60}], "mean": 59, "mean_ratio": 39.33333333333333, "winner": 40, "winner_num": 1, "winner_player_id": [7]}, {"responses": [{"player_id": 0, "response": 55}, {"player_id": 1, "response": 50}, {"player_id": 2, "response": 60}, {"player_id": 3, "response": 55}, {"player_id": 4, "response": 55}, {"player_id": 5, "response": 65}, {"player_id": 6, "response": 50}, {"player_id": 7, "response": 50}, {"player_id": 8, "response": 45}, {"player_id": 9, "response": 70}], "mean": 55.5, "mean_ratio": 37.0, "winner": 45, "winner_num": 1, "winner_player_id": [8]}, {"responses": [{"player_id": 0, "response": 60}, {"player_id": 1, "response": 75}, {"player_id": 2, "response": 50}, {"player_id": 3, "response": 60}, {"player_id": 4, "response": 80}, {"player_id": 5, "response": 50}, {"player_id": 6, "response": 60}, {"player_id": 7, "response": 60}, {"player_id": 8, "response": 65}, {"player_id": 9, "response": 50}], "mean": 61, "mean_ratio": 40.666666666666664, "winner": 50, "winner_num": 3, "winner_player_id": [2, 5, 9]}, {"responses": [{"player_id": 0, "response": 70}, {"player_id": 1, "response": 60}, {"player_id": 2, "response": 55}, {"player_id": 3, "response": 55}, {"player_id": 4, "response": 45}, {"player_id": 5, "response": 55}, {"player_id": 6, "response": 70}, {"player_id": 7, "response": 65}, {"player_id": 8, "response": 55}, {"player_id": 9, "response": 60}], "mean": 59, "mean_ratio": 39.33333333333333, "winner": 45, "winner_num": 1, "winner_player_id": [4]}, {"responses": [{"player_id": 0, "response": 50}, {"player_id": 1, "response": 55}, {"player_id": 2, "response": 60}, {"player_id": 3, "response": 50}, {"player_id": 4, "response": 60}, {"player_id": 5, "response": 50}, {"player_id": 6, "response": 55}, {"player_id": 7, "response": 50}, {"player_id": 8, "response": 60}, {"player_id": 9, "response": 70}], "mean": 56, "mean_ratio": 37.33333333333333, "winner": 50, "winner_num": 4, "winner_player_id": [0, 3, 5, 7]}, {"responses": [{"player_id": 0, "response": 70}, {"player_id": 1, "response": 50}, {"player_id": 2, "response": 55}, {"player_id": 3, "response": 60}, {"player_id": 4, "response": 70}, {"player_id": 5, "response": 60}, {"player_id": 6, "response": 65}, {"player_id": 7, "response": 60}, {"player_id": 8, "response": 55}, {"player_id": 9, "response": 55}], "mean": 60, "mean_ratio": 40.0, "winner": 50, "winner_num": 1, "winner_player_id": [1]}, {"responses": [{"player_id": 0, "response": 55}, {"player_id": 1, "response": 40}, {"player_id": 2, "response": 50}, {"player_id": 3, "response": 70}, {"player_id": 4, "response": 50}, {"player_id": 5, "response": 50}, {"player_id": 6, "response": 55}, {"player_id": 7, "response": 55}, {"player_id": 8, "response": 60}, {"player_id": 9, "response": 65}], "mean": 55, "mean_ratio": 36.666666666666664, "winner": 40, "winner_num": 1, "winner_player_id": [1]}]}