{"meta": {"name_exp": "guessing_game", "player_num": 10, "min": 0, "max": 100, "ratio": 0.6666666666666666, "ratio_str": "2/3", "version": "v1", "run": 3, "lang_agent": "<HzpuDbC>", "round": 20}, "round_records": [{"responses": [{"player_id": 0, "response": 35}, {"player_id": 1, "response": 50}, {"player_id": 2, "response": 35}, {"player_id": 3, "response": 50}, {"player_id": 4, "response": 50}, {"player_id": 5, "response": 42}, {"player_id": 6, "response": 33}, {"player_id": 7, "response": 50}, {"player_id": 8, "response": 33}, {"player_id": 9, "response": 50}], "mean": 42.8, "mean_ratio": 28.53333333333333, "winner": 33, "winner_num": 2, "winner_player_id": [6, 8]}, {"responses": [{"player_id": 0, "response": 30}, {"player_id": 1, "response": 29}, {"player_id": 2, "response": 30}, {"player_id": 3, "response": 30}, {"player_id": 4, "response": 29}, {"player_id": 5, "response": 30}, {"player_id": 6, "response": 45}, {"player_id": 7, "response": 30}, {"player_id": 8, "response": 29}, {"player_id": 9, "response": 28}], "mean": 31, "mean_ratio": 20.666666666666664, "winner": 28, "winner_num": 1, "winner_player_id": [9]}, {"responses": [{"player_id": 0, "response": 25}, {"player_id": 1, "response": 25}, {"player_id": 2, "response": 20}, {"player_id": 3, "response": 25}, {"player_id": 4, "response": 25}, {"player_id": 5, "response": 25}, {"player_id": 6, "response": 20}, {"player_id": 7, "response": 25}, {"player_id": 8, "response": 20}, {"player_id": 9, "response": 25}], "mean": 23.5, "mean_ratio": 15.666666666666666, "winner": 20, "winner_num": 3, "winner_player_id": [2, 6, 8]}, {"responses": [{"player_id": 0, "response": 22}, {"player_id": 1, "response": 22}, {"player_id": 2, "response": 25}, {"player_id": 3, "response": 15}, {"player_id": 4, "response": 18}, {"player_id": 5, "response": 18}, {"player_id": 6, "response": 18}, {"player_id": 7, "response": 18}, {"player_id": 8, "response": 18}, {"player_id": 9, "response": 17}], "mean": 19.1, "mean_ratio": 12.733333333333334, "winner": 15, "winner_num": 1, "winner_player_id": [3]}, {"responses": [{"player_id": 0, "response": 18}, {"player_id": 1, "response": 18}, {"player_id": 2, "response": 18}, {"player_id": 3, "response": 18}, {"player_id": 4, "response": 12}, {"player_id": 5, "response": 20}, {"player_id": 6, "response": 25}, {"player_id": 7, "response": 12}, {"player_id": 8, "response": 12}, {"player_id": 9, "response": 12}], "mean": 16.5, "mean_ratio": 11.0, "winner": 12, "winner_num": 4, "winner_player_id": [4, 7, 8, 9]}, {"responses": [{"player_id": 0, "response": 10}, {"player_id": 1, "response": 10}, {"player_id": 2, "response": 10}, {"player_id": 3, "response": 15}, {"player_id": 4, "response": 15}, {"player_id": 5, "response": 10}, {"player_id": 6, "response": 10}, {"player_id": 7, "response": 15}, {"player_id": 8, "response": 10}, {"player_id": 9, "response": 10}], "mean": 11.5, "mean_ratio": 7.666666666666666, "winner": 10, "winner_num": 7, "winner_player_id": [0, 1, 2, 5, 6, 8, 9]}, {"responses": [{"player_id": 0, "response": 12}, {"player_id": 1, "response": 8}, {"player_id": 2, "response": 5}, {"player_id": 3, "response": 10}, {"player_id": 4, "response": 8}, {"player_id": 5, "response": 8}, {"player_id": 6, "response": 8}, {"player_id": 7, "response": 7}, {"player_id": 8, "response": 8}, {"player_id": 9, "response": 12}], "mean": 8.6, "mean_ratio": 5.7333333333333325, "winner": 5, "winner_num": 1, "winner_player_id": [2]}, {"responses": [{"player_id": 0, "response": 10}, {"player_id": 1, "response": 5}, {"player_id": 2, "response": 3}, {"player_id": 3, "response": 5}, {"player_id": 4, "response": 4}, {"player_id": 5, "response": 6}, {"player_id": 6, "response": 10}, {"player_id": 7, "response": 6}, {"player_id": 8, "response": 6}, {"player_id": 9, "response": 8}], "mean": 6.3, "mean_ratio": 4.199999999999999, "winner": 4, "winner_num": 1, "winner_player_id": [4]}, {"responses": [{"player_id": 0, "response": 5}, {"player_id": 1, "response": 3}, {"player_id": 2, "response": 8}, {"player_id": 3, "response": 3}, {"player_id": 4, "response": 3}, {"player_id": 5, "response": 4}, {"player_id": 6, "response": 6}, {"player_id": 7, "response": 3}, {"player_id": 8, "response": 5}, {"player_id": 9, "response": 5}], "mean": 4.5, "mean_ratio": 3.0, "winner": 3, "winner_num": 4, "winner_player_id": [1, 3, 4, 7]}, {"responses": [{"player_id": 0, "response": 3}, {"player_id": 1, "response": 2}, {"player_id": 2, "response": 7}, {"player_id": 3, "response": 2}, {"player_id": 4, "response": 2}, {"player_id": 5, "response": 2}, {"player_id": 6, "response": 2}, {"player_id": 7, "response": 4}, {"player_id": 8, "response": 10}, {"player_id": 9, "response": 3}], "mean": 3.7, "mean_ratio": 2.466666666666667, "winner": 2, "winner_num": 5, "winner_player_id": [1, 3, 4, 5, 6]}, {"responses": [{"player_id": 0, "response": 2}, {"player_id": 1, "response": 4}, {"player_id": 2, "response": 2}, {"player_id": 3, "response": 2}, {"player_id": 4, "response": 3}, {"player_id": 5, "response": 5}, {"player_id": 6, "response": 0}, {"player_id": 7, "response": 2}, {"player_id": 8, "response": 2}, {"player_id": 9, "response": 2}], "mean": 2.4, "mean_ratio": 1.5999999999999999, "winner": 2, "winner_num": 6, "winner_player_id": [0, 2, 3, 7, 8, 9]}, {"responses": [{"player_id": 0, "response": 1}, {"player_id": 1, "response": 1}, {"player_id": 2, "response": 5}, {"player_id": 3, "response": 1}, {"player_id": 4, "response": 1}, {"player_id": 5, "response": 0}, {"player_id": 6, "response": 1}, {"player_id": 7, "response": 3}, {"player_id": 8, "response": 3}, {"player_id": 9, "response": 0}], "mean": 1.6, "mean_ratio": 1.0666666666666667, "winner": 1, "winner_num": 5, "winner_player_id": [0, 1, 3, 4, 6]}, {"responses": [{"player_id": 0, "response": 1}, {"player_id": 1, "response": 1}, {"player_id": 2, "response": 0}, {"player_id": 3, "response": 0}, {"player_id": 4, "response": 1}, {"player_id": 5, "response": 0}, {"player_id": 6, "response": 0}, {"player_id": 7, "response": 1}, {"player_id": 8, "response": 1}, {"player_id": 9, "response": 1}], "mean": 0.6, "mean_ratio": 0.39999999999999997, "winner": 0, "winner_num": 4, "winner_player_id": [2, 3, 5, 6]}, {"responses": [{"player_id": 0, "response": 0}, {"player_id": 1, "response": 0}, {"player_id": 2, "response": 0}, {"player_id": 3, "response": 0}, {"player_id": 4, "response": 0}, {"player_id": 5, "response": 1}, {"player_id": 6, "response": 0}, {"player_id": 7, "response": 0}, {"player_id": 8, "response": 0}, {"player_id": 9, "response": 0}], "mean": 0.1, "mean_ratio": 0.06666666666666667, "winner": 0, "winner_num": 9, "winner_player_id": [0, 1, 2, 3, 4, 6, 7, 8, 9]}, {"responses": [{"player_id": 0, "response": 0}, {"player_id": 1, "response": 0}, {"player_id": 2, "response": 0}, {"player_id": 3, "response": 0}, {"player_id": 4, "response": 0}, {"player_id": 5, "response": 0}, {"player_id": 6, "response": 0}, {"player_id": 7, "response": 0}, {"player_id": 8, "response": 0}, {"player_id": 9, "response": 0}], "mean": 0, "mean_ratio": 0.0, "winner": 0, "winner_num": 10, "winner_player_id": [0, 1, 2, 3, 4, 5, 6, 7, 8, 9]}, {"responses": [{"player_id": 0, "response": 0}, {"player_id": 1, "response": 50}, {"player_id": 2, "response": 0}, {"player_id": 3, "response": 0}, {"player_id": 4, "response": 0}, {"player_id": 5, "response": 50}, {"player_id": 6, "response": 0}, {"player_id": 7, "response": 5}, {"player_id": 8, "response": 5}, {"player_id": 9, "response": 5}], "mean": 11.5, "mean_ratio": 7.666666666666666, "winner": 5, "winner_num": 3, "winner_player_id": [7, 8, 9]}, {"responses": [{"player_id": 0, "response": 20}, {"player_id": 1, "response": 25}, {"player_id": 2, "response": 7}, {"player_id": 3, "response": 5}, {"player_id": 4, "response": 5}, {"player_id": 5, "response": 25}, {"player_id": 6, "response": 50}, {"player_id": 7, "response": 50}, {"player_id": 8, "response": 50}, {"player_id": 9, "response": 7}], "mean": 24.4, "mean_ratio": 16.266666666666666, "winner": 20, "winner_num": 1, "winner_player_id": [0]}, {"responses": [{"player_id": 0, "response": 40}, {"player_id": 1, "response": 40}, {"player_id": 2, "response": 50}, {"player_id": 3, "response": 40}, {"player_id": 4, "response": 25}, {"player_id": 5, "response": 50}, {"player_id": 6, "response": 25}, {"player_id": 7, "response": 20}, {"player_id": 8, "response": 40}, {"player_id": 9, "response": 15}], "mean": 34.5, "mean_ratio": 23.0, "winner": 25, "winner_num": 2, "winner_player_id": [4, 6]}, {"responses": [{"player_id": 0, "response": 30}, {"player_id": 1, "response": 30}, {"player_id": 2, "response": 30}, {"player_id": 3, "response": 45}, {"player_id": 4, "response": 30}, {"player_id": 5, "response": 40}, {"player_id": 6, "response": 20}, {"player_id": 7, "response": 40}, {"player_id": 8, "response": 45}, {"player_id": 9, "response": 40}], "mean": 35, "mean_ratio": 23.333333333333332, "winner": 20, "winner_num": 1, "winner_player_id": [6]}, {"responses": [{"player_id": 0, "response": 25}, {"player_id": 1, "response": 50}, {"player_id": 2, "response": 40}, {"player_id": 3, "response": 20}, {"player_id": 4, "response": 25}, {"player_id": 5, "response": 45}, {"player_id": 6, "response": 50}, {"player_id": 7, "response": 50}, {"player_id": 8, "response": 25}, {"player_id": 9, "response": 30}], "mean": 36, "mean_ratio": 24.0, "winner": 25, "winner_num": 3, "winner_player_id": [0, 4, 8]}]}