{"meta": {"name_exp": "guessing_game", "player_num": 10, "min": 0, "max": 100, "ratio": 0.6666666666666666, "ratio_str": "2/3", "version": "v1", "run": 5, "lang_agent": "<HzpuDbC>", "round": 20}, "round_records": [{"responses": [{"player_id": 0, "response": 33}, {"player_id": 1, "response": 35}, {"player_id": 2, "response": 44}, {"player_id": 3, "response": 35}, {"player_id": 4, "response": 33}, {"player_id": 5, "response": 40}, {"player_id": 6, "response": 50}, {"player_id": 7, "response": 35}, {"player_id": 8, "response": 42}, {"player_id": 9, "response": 33}], "mean": 38, "mean_ratio": 25.333333333333332, "winner": 33, "winner_num": 3, "winner_player_id": [0, 4, 9]}, {"responses": [{"player_id": 0, "response": 40}, {"player_id": 1, "response": 32}, {"player_id": 2, "response": 29}, {"player_id": 3, "response": 28}, {"player_id": 4, "response": 50}, {"player_id": 5, "response": 45}, {"player_id": 6, "response": 25}, {"player_id": 7, "response": 28}, {"player_id": 8, "response": 30}, {"player_id": 9, "response": 40}], "mean": 34.7, "mean_ratio": 23.133333333333333, "winner": 25, "winner_num": 1, "winner_player_id": [6]}, {"responses": [{"player_id": 0, "response": 25}, {"player_id": 1, "response": 28}, {"player_id": 2, "response": 26}, {"player_id": 3, "response": 26}, {"player_id": 4, "response": 27}, {"player_id": 5, "response": 25}, {"player_id": 6, "response": 30}, {"player_id": 7, "response": 22}, {"player_id": 8, "response": 28}, {"player_id": 9, "response": 30}], "mean": 26.7, "mean_ratio": 17.799999999999997, "winner": 22, "winner_num": 1, "winner_player_id": [7]}, {"responses": [{"player_id": 0, "response": 20}, {"player_id": 1, "response": 20}, {"player_id": 2, "response": 20}, {"player_id": 3, "response": 20}, {"player_id": 4, "response": 20}, {"player_id": 5, "response": 20}, {"player_id": 6, "response": 28}, {"player_id": 7, "response": 20}, {"player_id": 8, "response": 18}, {"player_id": 9, "response": 25}], "mean": 21.1, "mean_ratio": 14.066666666666666, "winner": 18, "winner_num": 1, "winner_player_id": [8]}, {"responses": [{"player_id": 0, "response": 15}, {"player_id": 1, "response": 15}, {"player_id": 2, "response": 15}, {"player_id": 3, "response": 15}, {"player_id": 4, "response": 15}, {"player_id": 5, "response": 15}, {"player_id": 6, "response": 12}, {"player_id": 7, "response": 15}, {"player_id": 8, "response": 20}, {"player_id": 9, "response": 15}], "mean": 15.2, "mean_ratio": 10.133333333333333, "winner": 12, "winner_num": 1, "winner_player_id": [6]}, {"responses": [{"player_id": 0, "response": 8}, {"player_id": 1, "response": 10}, {"player_id": 2, "response": 8}, {"player_id": 3, "response": 8}, {"player_id": 4, "response": 10}, {"player_id": 5, "response": 8}, {"player_id": 6, "response": 8}, {"player_id": 7, "response": 8}, {"player_id": 8, "response": 8}, {"player_id": 9, "response": 10}], "mean": 8.6, "mean_ratio": 5.7333333333333325, "winner": 8, "winner_num": 7, "winner_player_id": [0, 2, 3, 5, 6, 7, 8]}, {"responses": [{"player_id": 0, "response": 12}, {"player_id": 1, "response": 5}, {"player_id": 2, "response": 12}, {"player_id": 3, "response": 5}, {"player_id": 4, "response": 5}, {"player_id": 5, "response": 5}, {"player_id": 6, "response": 20}, {"player_id": 7, "response": 12}, {"player_id": 8, "response": 5}, {"player_id": 9, "response": 5}], "mean": 8.6, "mean_ratio": 5.7333333333333325, "winner": 5, "winner_num": 6, "winner_player_id": [1, 3, 4, 5, 8, 9]}, {"responses": [{"player_id": 0, "response": 6}, {"player_id": 1, "response": 12}, {"player_id": 2, "response": 5}, {"player_id": 3, "response": 10}, {"player_id": 4, "response": 8}, {"player_id": 5, "response": 12}, {"player_id": 6, "response": 5}, {"player_id": 7, "response": 7}, {"player_id": 8, "response": 12}, {"player_id": 9, "response": 6}], "mean": 8.3, "mean_ratio": 5.533333333333333, "winner": 6, "winner_num": 2, "winner_player_id": [0, 9]}, {"responses": [{"player_id": 0, "response": 10}, {"player_id": 1, "response": 8}, {"player_id": 2, "response": 7}, {"player_id": 3, "response": 6}, {"player_id": 4, "response": 7}, {"player_id": 5, "response": 6}, {"player_id": 6, "response": 0}, {"player_id": 7, "response": 6}, {"player_id": 8, "response": 4}, {"player_id": 9, "response": 5}], "mean": 5.9, "mean_ratio": 3.9333333333333336, "winner": 4, "winner_num": 1, "winner_player_id": [8]}, {"responses": [{"player_id": 0, "response": 5}, {"player_id": 1, "response": 6}, {"player_id": 2, "response": 3}, {"player_id": 3, "response": 4}, {"player_id": 4, "response": 3}, {"player_id": 5, "response": 4}, {"player_id": 6, "response": 10}, {"player_id": 7, "response": 5}, {"player_id": 8, "response": 5}, {"player_id": 9, "response": 3}], "mean": 4.8, "mean_ratio": 3.1999999999999997, "winner": 3, "winner_num": 3, "winner_player_id": [2, 4, 9]}, {"responses": [{"player_id": 0, "response": 2}, {"player_id": 1, "response": 3}, {"player_id": 2, "response": 4}, {"player_id": 3, "response": 3}, {"player_id": 4, "response": 4}, {"player_id": 5, "response": 3}, {"player_id": 6, "response": 5}, {"player_id": 7, "response": 2}, {"player_id": 8, "response": 10}, {"player_id": 9, "response": 5}], "mean": 4.1, "mean_ratio": 2.733333333333333, "winner": 3, "winner_num": 3, "winner_player_id": [1, 3, 5]}, {"responses": [{"player_id": 0, "response": 2}, {"player_id": 1, "response": 2}, {"player_id": 2, "response": 5}, {"player_id": 3, "response": 4}, {"player_id": 4, "response": 2}, {"player_id": 5, "response": 5}, {"player_id": 6, "response": 2}, {"player_id": 7, "response": 0}, {"player_id": 8, "response": 2}, {"player_id": 9, "response": 2}], "mean": 2.6, "mean_ratio": 1.7333333333333334, "winner": 2, "winner_num": 6, "winner_player_id": [0, 1, 4, 6, 8, 9]}, {"responses": [{"player_id": 0, "response": 1}, {"player_id": 1, "response": 1}, {"player_id": 2, "response": 1}, {"player_id": 3, "response": 2}, {"player_id": 4, "response": 1}, {"player_id": 5, "response": 0}, {"player_id": 6, "response": 1}, {"player_id": 7, "response": 1}, {"player_id": 8, "response": 1}, {"player_id": 9, "response": 1}], "mean": 1, "mean_ratio": 0.6666666666666666, "winner": 1, "winner_num": 8, "winner_player_id": [0, 1, 2, 4, 6, 7, 8, 9]}, {"responses": [{"player_id": 0, "response": 0}, {"player_id": 1, "response": 0}, {"player_id": 2, "response": 0}, {"player_id": 3, "response": 1}, {"player_id": 4, "response": 0}, {"player_id": 5, "response": 2}, {"player_id": 6, "response": 1}, {"player_id": 7, "response": 0}, {"player_id": 8, "response": 1}, {"player_id": 9, "response": 0}], "mean": 0.5, "mean_ratio": 0.3333333333333333, "winner": 0, "winner_num": 6, "winner_player_id": [0, 1, 2, 4, 7, 9]}, {"responses": [{"player_id": 0, "response": 0}, {"player_id": 1, "response": 0}, {"player_id": 2, "response": 0}, {"player_id": 3, "response": 0}, {"player_id": 4, "response": 0}, {"player_id": 5, "response": 0}, {"player_id": 6, "response": 0}, {"player_id": 7, "response": 0}, {"player_id": 8, "response": 0}, {"player_id": 9, "response": 0}], "mean": 0, "mean_ratio": 0.0, "winner": 0, "winner_num": 10, "winner_player_id": [0, 1, 2, 3, 4, 5, 6, 7, 8, 9]}, {"responses": [{"player_id": 0, "response": 50}, {"player_id": 1, "response": 0}, {"player_id": 2, "response": 0}, {"player_id": 3, "response": 5}, {"player_id": 4, "response": 50}, {"player_id": 5, "response": 0}, {"player_id": 6, "response": 5}, {"player_id": 7, "response": 0}, {"player_id": 8, "response": 0}, {"player_id": 9, "response": 0}], "mean": 11, "mean_ratio": 7.333333333333333, "winner": 5, "winner_num": 2, "winner_player_id": [3, 6]}, {"responses": [{"player_id": 0, "response": 10}, {"player_id": 1, "response": 8}, {"player_id": 2, "response": 10}, {"player_id": 3, "response": 10}, {"player_id": 4, "response": 7}, {"player_id": 5, "response": 8}, {"player_id": 6, "response": 20}, {"player_id": 7, "response": 10}, {"player_id": 8, "response": 50}, {"player_id": 9, "response": 10}], "mean": 14.3, "mean_ratio": 9.533333333333333, "winner": 10, "winner_num": 5, "winner_player_id": [0, 2, 3, 7, 9]}, {"responses": [{"player_id": 0, "response": 20}, {"player_id": 1, "response": 20}, {"player_id": 2, "response": 20}, {"player_id": 3, "response": 20}, {"player_id": 4, "response": 15}, {"player_id": 5, "response": 12}, {"player_id": 6, "response": 30}, {"player_id": 7, "response": 15}, {"player_id": 8, "response": 15}, {"player_id": 9, "response": 20}], "mean": 18.7, "mean_ratio": 12.466666666666665, "winner": 12, "winner_num": 1, "winner_player_id": [5]}, {"responses": [{"player_id": 0, "response": 25}, {"player_id": 1, "response": 15}, {"player_id": 2, "response": 17}, {"player_id": 3, "response": 15}, {"player_id": 4, "response": 20}, {"player_id": 5, "response": 20}, {"player_id": 6, "response": 25}, {"player_id": 7, "response": 18}, {"player_id": 8, "response": 20}, {"player_id": 9, "response": 50}], "mean": 22.5, "mean_ratio": 15.0, "winner": 15, "winner_num": 2, "winner_player_id": [1, 3]}, {"responses": [{"player_id": 0, "response": 15}, {"player_id": 1, "response": 20}, {"player_id": 2, "response": 25}, {"player_id": 3, "response": 25}, {"player_id": 4, "response": 25}, {"player_id": 5, "response": 50}, {"player_id": 6, "response": 50}, {"player_id": 7, "response": 10}, {"player_id": 8, "response": 10}, {"player_id": 9, "response": 25}], "mean": 25.5, "mean_ratio": 17.0, "winner": 15, "winner_num": 1, "winner_player_id": [0]}]}