{"meta": {"name_exp": "guessing_game", "player_num": 10, "min": 0, "max": 100, "ratio": 0.6666666666666666, "ratio_str": "2/3", "version": "v1", "run": 1, "lang_agent": "<HzpuDbC>", "round": 20}, "round_records": [{"responses": [{"player_id": 0, "response": 35}, {"player_id": 1, "response": 35}, {"player_id": 2, "response": 50}, {"player_id": 3, "response": 50}, {"player_id": 4, "response": 35}, {"player_id": 5, "response": 35}, {"player_id": 6, "response": 40}, {"player_id": 7, "response": 50}, {"player_id": 8, "response": 40}, {"player_id": 9, "response": 33}], "mean": 40.3, "mean_ratio": 26.866666666666664, "winner": 33, "winner_num": 1, "winner_player_id": [9]}, {"responses": [{"player_id": 0, "response": 32}, {"player_id": 1, "response": 28}, {"player_id": 2, "response": 25}, {"player_id": 3, "response": 27}, {"player_id": 4, "response": 28}, {"player_id": 5, "response": 25}, {"player_id": 6, "response": 30}, {"player_id": 7, "response": 25}, {"player_id": 8, "response": 30}, {"player_id": 9, "response": 28}], "mean": 27.8, "mean_ratio": 18.53333333333333, "winner": 25, "winner_num": 3, "winner_player_id": [2, 5, 7]}, {"responses": [{"player_id": 0, "response": 20}, {"player_id": 1, "response": 20}, {"player_id": 2, "response": 22}, {"player_id": 3, "response": 20}, {"player_id": 4, "response": 20}, {"player_id": 5, "response": 20}, {"player_id": 6, "response": 20}, {"player_id": 7, "response": 30}, {"player_id": 8, "response": 20}, {"player_id": 9, "response": 22}], "mean": 21.4, "mean_ratio": 14.266666666666666, "winner": 20, "winner_num": 7, "winner_player_id": [0, 1, 3, 4, 5, 6, 8]}, {"responses": [{"player_id": 0, "response": 25}, {"player_id": 1, "response": 22}, {"player_id": 2, "response": 18}, {"player_id": 3, "response": 15}, {"player_id": 4, "response": 18}, {"player_id": 5, "response": 18}, {"player_id": 6, "response": 15}, {"player_id": 7, "response": 22}, {"player_id": 8, "response": 17}, {"player_id": 9, "response": 15}], "mean": 18.5, "mean_ratio": 12.333333333333332, "winner": 15, "winner_num": 3, "winner_player_id": [3, 6, 9]}, {"responses": [{"player_id": 0, "response": 12}, {"player_id": 1, "response": 18}, {"player_id": 2, "response": 12}, {"player_id": 3, "response": 10}, {"player_id": 4, "response": 12}, {"player_id": 5, "response": 12}, {"player_id": 6, "response": 12}, {"player_id": 7, "response": 15}, {"player_id": 8, "response": 12}, {"player_id": 9, "response": 12}], "mean": 12.7, "mean_ratio": 8.466666666666665, "winner": 10, "winner_num": 1, "winner_player_id": [3]}, {"responses": [{"player_id": 0, "response": 8}, {"player_id": 1, "response": 7}, {"player_id": 2, "response": 8}, {"player_id": 3, "response": 8}, {"player_id": 4, "response": 8}, {"player_id": 5, "response": 5}, {"player_id": 6, "response": 8}, {"player_id": 7, "response": 8}, {"player_id": 8, "response": 8}, {"player_id": 9, "response": 8}], "mean": 7.6, "mean_ratio": 5.066666666666666, "winner": 5, "winner_num": 1, "winner_player_id": [5]}, {"responses": [{"player_id": 0, "response": 5}, {"player_id": 1, "response": 3}, {"player_id": 2, "response": 6}, {"player_id": 3, "response": 6}, {"player_id": 4, "response": 10}, {"player_id": 5, "response": 7}, {"player_id": 6, "response": 5}, {"player_id": 7, "response": 0}, {"player_id": 8, "response": 10}, {"player_id": 9, "response": 10}], "mean": 6.2, "mean_ratio": 4.133333333333333, "winner": 5, "winner_num": 2, "winner_player_id": [0, 6]}, {"responses": [{"player_id": 0, "response": 4}, {"player_id": 1, "response": 4}, {"player_id": 2, "response": 4}, {"player_id": 3, "response": 3}, {"player_id": 4, "response": 4}, {"player_id": 5, "response": 4}, {"player_id": 6, "response": 6}, {"player_id": 7, "response": 5}, {"player_id": 8, "response": 4}, {"player_id": 9, "response": 0}], "mean": 3.8, "mean_ratio": 2.533333333333333, "winner": 3, "winner_num": 1, "winner_player_id": [3]}, {"responses": [{"player_id": 0, "response": 3}, {"player_id": 1, "response": 2}, {"player_id": 2, "response": 2}, {"player_id": 3, "response": 5}, {"player_id": 4, "response": 2}, {"player_id": 5, "response": 2}, {"player_id": 6, "response": 2}, {"player_id": 7, "response": 2}, {"player_id": 8, "response": 2}, {"player_id": 9, "response": 4}], "mean": 2.6, "mean_ratio": 1.7333333333333334, "winner": 2, "winner_num": 7, "winner_player_id": [1, 2, 4, 5, 6, 7, 8]}, {"responses": [{"player_id": 0, "response": 2}, {"player_id": 1, "response": 1}, {"player_id": 2, "response": 0}, {"player_id": 3, "response": 10}, {"player_id": 4, "response": 5}, {"player_id": 5, "response": 5}, {"player_id": 6, "response": 1}, {"player_id": 7, "response": 1}, {"player_id": 8, "response": 5}, {"player_id": 9, "response": 0}], "mean": 3, "mean_ratio": 2.0, "winner": 2, "winner_num": 1, "winner_player_id": [0]}, {"responses": [{"player_id": 0, "response": 1}, {"player_id": 1, "response": 2}, {"player_id": 2, "response": 3}, {"player_id": 3, "response": 4}, {"player_id": 4, "response": 10}, {"player_id": 5, "response": 3}, {"player_id": 6, "response": 4}, {"player_id": 7, "response": 4}, {"player_id": 8, "response": 10}, {"player_id": 9, "response": 10}], "mean": 5.1, "mean_ratio": 3.3999999999999995, "winner": 3, "winner_num": 2, "winner_player_id": [2, 5]}, {"responses": [{"player_id": 0, "response": 5}, {"player_id": 1, "response": 10}, {"player_id": 2, "response": 5}, {"player_id": 3, "response": 20}, {"player_id": 4, "response": 5}, {"player_id": 5, "response": 20}, {"player_id": 6, "response": 3}, {"player_id": 7, "response": 20}, {"player_id": 8, "response": 25}, {"player_id": 9, "response": 7}], "mean": 12, "mean_ratio": 8.0, "winner": 7, "winner_num": 1, "winner_player_id": [9]}, {"responses": [{"player_id": 0, "response": 25}, {"player_id": 1, "response": 50}, {"player_id": 2, "response": 10}, {"player_id": 3, "response": 10}, {"player_id": 4, "response": 20}, {"player_id": 5, "response": 15}, {"player_id": 6, "response": 25}, {"player_id": 7, "response": 10}, {"player_id": 8, "response": 42}, {"player_id": 9, "response": 5}], "mean": 21.2, "mean_ratio": 14.133333333333333, "winner": 15, "winner_num": 1, "winner_player_id": [5]}, {"responses": [{"player_id": 0, "response": 18}, {"player_id": 1, "response": 30}, {"player_id": 2, "response": 50}, {"player_id": 3, "response": 30}, {"player_id": 4, "response": 40}, {"player_id": 5, "response": 25}, {"player_id": 6, "response": 30}, {"player_id": 7, "response": 17}, {"player_id": 8, "response": 20}, {"player_id": 9, "response": 20}], "mean": 28, "mean_ratio": 18.666666666666664, "winner": 18, "winner_num": 1, "winner_player_id": [0]}, {"responses": [{"player_id": 0, "response": 22}, {"player_id": 1, "response": 25}, {"player_id": 2, "response": 40}, {"player_id": 3, "response": 25}, {"player_id": 4, "response": 50}, {"player_id": 5, "response": 22}, {"player_id": 6, "response": 20}, {"player_id": 7, "response": 35}, {"player_id": 8, "response": 25}, {"player_id": 9, "response": 40}], "mean": 30.4, "mean_ratio": 20.266666666666666, "winner": 20, "winner_num": 1, "winner_player_id": [6]}, {"responses": [{"player_id": 0, "response": 50}, {"player_id": 1, "response": 20}, {"player_id": 2, "response": 25}, {"player_id": 3, "response": 20}, {"player_id": 4, "response": 25}, {"player_id": 5, "response": 35}, {"player_id": 6, "response": 25}, {"player_id": 7, "response": 25}, {"player_id": 8, "response": 15}, {"player_id": 9, "response": 30}], "mean": 27, "mean_ratio": 18.0, "winner": 20, "winner_num": 2, "winner_player_id": [1, 3]}, {"responses": [{"player_id": 0, "response": 17}, {"player_id": 1, "response": 22}, {"player_id": 2, "response": 18}, {"player_id": 3, "response": 22}, {"player_id": 4, "response": 22}, {"player_id": 5, "response": 18}, {"player_id": 6, "response": 40}, {"player_id": 7, "response": 19}, {"player_id": 8, "response": 22}, {"player_id": 9, "response": 25}], "mean": 22.5, "mean_ratio": 15.0, "winner": 17, "winner_num": 1, "winner_player_id": [0]}, {"responses": [{"player_id": 0, "response": 25}, {"player_id": 1, "response": 20}, {"player_id": 2, "response": 20}, {"player_id": 3, "response": 18}, {"player_id": 4, "response": 15}, {"player_id": 5, "response": 50}, {"player_id": 6, "response": 15}, {"player_id": 7, "response": 12}, {"player_id": 8, "response": 19}, {"player_id": 9, "response": 15}], "mean": 20.9, "mean_ratio": 13.933333333333332, "winner": 15, "winner_num": 3, "winner_player_id": [4, 6, 9]}, {"responses": [{"player_id": 0, "response": 12}, {"player_id": 1, "response": 15}, {"player_id": 2, "response": 14}, {"player_id": 3, "response": 15}, {"player_id": 4, "response": 25}, {"player_id": 5, "response": 14}, {"player_id": 6, "response": 25}, {"player_id": 7, "response": 15}, {"player_id": 8, "response": 20}, {"player_id": 9, "response": 12}], "mean": 16.7, "mean_ratio": 11.133333333333333, "winner": 12, "winner_num": 2, "winner_player_id": [0, 9]}, {"responses": [{"player_id": 0, "response": 50}, {"player_id": 1, "response": 10}, {"player_id": 2, "response": 20}, {"player_id": 3, "response": 25}, {"player_id": 4, "response": 50}, {"player_id": 5, "response": 8}, {"player_id": 6, "response": 50}, {"player_id": 7, "response": 10}, {"player_id": 8, "response": 12}, {"player_id": 9, "response": 50}], "mean": 28.5, "mean_ratio": 19.0, "winner": 20, "winner_num": 1, "winner_player_id": [2]}]}