{"meta": {"name_exp": "guessing_game", "player_num": 10, "min": 0, "max": 100, "ratio": 0.6666666666666666, "ratio_str": "2/3", "version": "v1", "run": 2, "lang_agent": "<HzpuDbC>", "round": 20}, "round_records": [{"responses": [{"player_id": 0, "response": 30}, {"player_id": 1, "response": 33}, {"player_id": 2, "response": 33}, {"player_id": 3, "response": 35}, {"player_id": 4, "response": 40}, {"player_id": 5, "response": 67}, {"player_id": 6, "response": 50}, {"player_id": 7, "response": 33}, {"player_id": 8, "response": 33}, {"player_id": 9, "response": 33}], "mean": 38.7, "mean_ratio": 25.8, "winner": 30, "winner_num": 1, "winner_player_id": [0]}, {"responses": [{"player_id": 0, "response": 24}, {"player_id": 1, "response": 25}, {"player_id": 2, "response": 25}, {"player_id": 3, "response": 28}, {"player_id": 4, "response": 25}, {"player_id": 5, "response": 25}, {"player_id": 6, "response": 25}, {"player_id": 7, "response": 20}, {"player_id": 8, "response": 42}, {"player_id": 9, "response": 25}], "mean": 26.4, "mean_ratio": 17.599999999999998, "winner": 20, "winner_num": 1, "winner_player_id": [7]}, {"responses": [{"player_id": 0, "response": 18}, {"player_id": 1, "response": 40}, {"player_id": 2, "response": 15}, {"player_id": 3, "response": 18}, {"player_id": 4, "response": 18}, {"player_id": 5, "response": 21}, {"player_id": 6, "response": 17}, {"player_id": 7, "response": 18}, {"player_id": 8, "response": 21}, {"player_id": 9, "response": 18}], "mean": 20.4, "mean_ratio": 13.599999999999998, "winner": 15, "winner_num": 1, "winner_player_id": [2]}, {"responses": [{"player_id": 0, "response": 12}, {"player_id": 1, "response": 18}, {"player_id": 2, "response": 22}, {"player_id": 3, "response": 12}, {"player_id": 4, "response": 12}, {"player_id": 5, "response": 12}, {"player_id": 6, "response": 12}, {"player_id": 7, "response": 15}, {"player_id": 8, "response": 18}, {"player_id": 9, "response": 12}], "mean": 14.5, "mean_ratio": 9.666666666666666, "winner": 12, "winner_num": 6, "winner_player_id": [0, 3, 4, 5, 6, 9]}, {"responses": [{"player_id": 0, "response": 15}, {"player_id": 1, "response": 7}, {"player_id": 2, "response": 8}, {"player_id": 3, "response": 8}, {"player_id": 4, "response": 15}, {"player_id": 5, "response": 10}, {"player_id": 6, "response": 15}, {"player_id": 7, "response": 8}, {"player_id": 8, "response": 10}, {"player_id": 9, "response": 15}], "mean": 11.1, "mean_ratio": 7.3999999999999995, "winner": 7, "winner_num": 1, "winner_player_id": [1]}, {"responses": [{"player_id": 0, "response": 5}, {"player_id": 1, "response": 6}, {"player_id": 2, "response": 5}, {"player_id": 3, "response": 10}, {"player_id": 4, "response": 10}, {"player_id": 5, "response": 8}, {"player_id": 6, "response": 5}, {"player_id": 7, "response": 5}, {"player_id": 8, "response": 5}, {"player_id": 9, "response": 8}], "mean": 6.7, "mean_ratio": 4.466666666666667, "winner": 5, "winner_num": 5, "winner_player_id": [0, 2, 6, 7, 8]}, {"responses": [{"player_id": 0, "response": 4}, {"player_id": 1, "response": 4}, {"player_id": 2, "response": 4}, {"player_id": 3, "response": 5}, {"player_id": 4, "response": 8}, {"player_id": 5, "response": 4}, {"player_id": 6, "response": 8}, {"player_id": 7, "response": 3}, {"player_id": 8, "response": 6}, {"player_id": 9, "response": 5}], "mean": 5.1, "mean_ratio": 3.3999999999999995, "winner": 3, "winner_num": 1, "winner_player_id": [7]}, {"responses": [{"player_id": 0, "response": 8}, {"player_id": 1, "response": 2}, {"player_id": 2, "response": 6}, {"player_id": 3, "response": 4}, {"player_id": 4, "response": 5}, {"player_id": 5, "response": 6}, {"player_id": 6, "response": 3}, {"player_id": 7, "response": 4}, {"player_id": 8, "response": 10}, {"player_id": 9, "response": 4}], "mean": 5.2, "mean_ratio": 3.466666666666667, "winner": 3, "winner_num": 1, "winner_player_id": [6]}, {"responses": [{"player_id": 0, "response": 5}, {"player_id": 1, "response": 3}, {"player_id": 2, "response": 4}, {"player_id": 3, "response": 10}, {"player_id": 4, "response": 4}, {"player_id": 5, "response": 3}, {"player_id": 6, "response": 4}, {"player_id": 7, "response": 2}, {"player_id": 8, "response": 4}, {"player_id": 9, "response": 3}], "mean": 4.2, "mean_ratio": 2.8, "winner": 3, "winner_num": 3, "winner_player_id": [1, 5, 9]}, {"responses": [{"player_id": 0, "response": 2}, {"player_id": 1, "response": 5}, {"player_id": 2, "response": 3}, {"player_id": 3, "response": 5}, {"player_id": 4, "response": 2}, {"player_id": 5, "response": 10}, {"player_id": 6, "response": 5}, {"player_id": 7, "response": 5}, {"player_id": 8, "response": 3}, {"player_id": 9, "response": 5}], "mean": 4.5, "mean_ratio": 3.0, "winner": 3, "winner_num": 2, "winner_player_id": [2, 8]}, {"responses": [{"player_id": 0, "response": 2}, {"player_id": 1, "response": 3}, {"player_id": 2, "response": 2}, {"player_id": 3, "response": 2}, {"player_id": 4, "response": 2}, {"player_id": 5, "response": 50}, {"player_id": 6, "response": 3}, {"player_id": 7, "response": 25}, {"player_id": 8, "response": 25}, {"player_id": 9, "response": 3}], "mean": 11.7, "mean_ratio": 7.799999999999999, "winner": 3, "winner_num": 3, "winner_player_id": [1, 6, 9]}, {"responses": [{"player_id": 0, "response": 10}, {"player_id": 1, "response": 25}, {"player_id": 2, "response": 50}, {"player_id": 3, "response": 40}, {"player_id": 4, "response": 8}, {"player_id": 5, "response": 40}, {"player_id": 6, "response": 8}, {"player_id": 7, "response": 50}, {"player_id": 8, "response": 20}, {"player_id": 9, "response": 50}], "mean": 30.1, "mean_ratio": 20.066666666666666, "winner": 20, "winner_num": 1, "winner_player_id": [8]}, {"responses": [{"player_id": 0, "response": 25}, {"player_id": 1, "response": 50}, {"player_id": 2, "response": 20}, {"player_id": 3, "response": 50}, {"player_id": 4, "response": 50}, {"player_id": 5, "response": 50}, {"player_id": 6, "response": 40}, {"player_id": 7, "response": 25}, {"player_id": 8, "response": 35}, {"player_id": 9, "response": 17}], "mean": 36.2, "mean_ratio": 24.133333333333333, "winner": 25, "winner_num": 2, "winner_player_id": [0, 7]}, {"responses": [{"player_id": 0, "response": 35}, {"player_id": 1, "response": 35}, {"player_id": 2, "response": 50}, {"player_id": 3, "response": 40}, {"player_id": 4, "response": 22}, {"player_id": 5, "response": 24}, {"player_id": 6, "response": 23}, {"player_id": 7, "response": 35}, {"player_id": 8, "response": 32}, {"player_id": 9, "response": 25}], "mean": 32.1, "mean_ratio": 21.4, "winner": 22, "winner_num": 1, "winner_player_id": [4]}, {"responses": [{"player_id": 0, "response": 20}, {"player_id": 1, "response": 23}, {"player_id": 2, "response": 20}, {"player_id": 3, "response": 28}, {"player_id": 4, "response": 30}, {"player_id": 5, "response": 20}, {"player_id": 6, "response": 25}, {"player_id": 7, "response": 20}, {"player_id": 8, "response": 20}, {"player_id": 9, "response": 40}], "mean": 24.6, "mean_ratio": 16.4, "winner": 20, "winner_num": 5, "winner_player_id": [0, 2, 5, 7, 8]}, {"responses": [{"player_id": 0, "response": 18}, {"player_id": 1, "response": 18}, {"player_id": 2, "response": 17}, {"player_id": 3, "response": 15}, {"player_id": 4, "response": 18}, {"player_id": 5, "response": 18}, {"player_id": 6, "response": 18}, {"player_id": 7, "response": 18}, {"player_id": 8, "response": 25}, {"player_id": 9, "response": 19}], "mean": 18.4, "mean_ratio": 12.266666666666666, "winner": 15, "winner_num": 1, "winner_player_id": [3]}, {"responses": [{"player_id": 0, "response": 8}, {"player_id": 1, "response": 12}, {"player_id": 2, "response": 12}, {"player_id": 3, "response": 12}, {"player_id": 4, "response": 20}, {"player_id": 5, "response": 12}, {"player_id": 6, "response": 12}, {"player_id": 7, "response": 10}, {"player_id": 8, "response": 15}, {"player_id": 9, "response": 12}], "mean": 12.5, "mean_ratio": 8.333333333333332, "winner": 8, "winner_num": 1, "winner_player_id": [0]}, {"responses": [{"player_id": 0, "response": 10}, {"player_id": 1, "response": 15}, {"player_id": 2, "response": 10}, {"player_id": 3, "response": 10}, {"player_id": 4, "response": 10}, {"player_id": 5, "response": 10}, {"player_id": 6, "response": 10}, {"player_id": 7, "response": 12}, {"player_id": 8, "response": 12}, {"player_id": 9, "response": 10}], "mean": 10.9, "mean_ratio": 7.266666666666667, "winner": 10, "winner_num": 7, "winner_player_id": [0, 2, 3, 4, 5, 6, 9]}, {"responses": [{"player_id": 0, "response": 12}, {"player_id": 1, "response": 5}, {"player_id": 2, "response": 12}, {"player_id": 3, "response": 8}, {"player_id": 4, "response": 12}, {"player_id": 5, "response": 12}, {"player_id": 6, "response": 8}, {"player_id": 7, "response": 8}, {"player_id": 8, "response": 5}, {"player_id": 9, "response": 12}], "mean": 9.4, "mean_ratio": 6.266666666666667, "winner": 5, "winner_num": 2, "winner_player_id": [1, 8]}, {"responses": [{"player_id": 0, "response": 50}, {"player_id": 1, "response": 8}, {"player_id": 2, "response": 7}, {"player_id": 3, "response": 40}, {"player_id": 4, "response": 50}, {"player_id": 5, "response": 50}, {"player_id": 6, "response": 7}, {"player_id": 7, "response": 7}, {"player_id": 8, "response": 7}, {"player_id": 9, "response": 10}], "mean": 23.6, "mean_ratio": 15.733333333333334, "winner": 10, "winner_num": 1, "winner_player_id": [9]}]}