{"meta": {"name_exp": "guessing_game", "player_num": 10, "min": 0, "max": 100, "ratio": 0.6666666666666666, "ratio_str": "2/3", "version": "v1", "run": 4, "lang_agent": "<HzpuDbC>", "round": 20}, "round_records": [{"responses": [{"player_id": 0, "response": 33}, {"player_id": 1, "response": 50}, {"player_id": 2, "response": 50}, {"player_id": 3, "response": 50}, {"player_id": 4, "response": 33}, {"player_id": 5, "response": 50}, {"player_id": 6, "response": 33}, {"player_id": 7, "response": 40}, {"player_id": 8, "response": 50}, {"player_id": 9, "response": 50}], "mean": 43.9, "mean_ratio": 29.266666666666666, "winner": 33, "winner_num": 3, "winner_player_id": [0, 4, 6]}, {"responses": [{"player_id": 0, "response": 40}, {"player_id": 1, "response": 30}, {"player_id": 2, "response": 29}, {"player_id": 3, "response": 38}, {"player_id": 4, "response": 30}, {"player_id": 5, "response": 38}, {"player_id": 6, "response": 40}, {"player_id": 7, "response": 38}, {"player_id": 8, "response": 30}, {"player_id": 9, "response": 30}], "mean": 34.3, "mean_ratio": 22.866666666666664, "winner": 29, "winner_num": 1, "winner_player_id": [2]}, {"responses": [{"player_id": 0, "response": 25}, {"player_id": 1, "response": 25}, {"player_id": 2, "response": 25}, {"player_id": 3, "response": 25}, {"player_id": 4, "response": 25}, {"player_id": 5, "response": 25}, {"player_id": 6, "response": 28}, {"player_id": 7, "response": 25}, {"player_id": 8, "response": 25}, {"player_id": 9, "response": 25}], "mean": 25.3, "mean_ratio": 16.866666666666667, "winner": 25, "winner_num": 9, "winner_player_id": [0, 1, 2, 3, 4, 5, 7, 8, 9]}, {"responses": [{"player_id": 0, "response": 30}, {"player_id": 1, "response": 28}, {"player_id": 2, "response": 30}, {"player_id": 3, "response": 20}, {"player_id": 4, "response": 20}, {"player_id": 5, "response": 20}, {"player_id": 6, "response": 25}, {"player_id": 7, "response": 18}, {"player_id": 8, "response": 20}, {"player_id": 9, "response": 20}], "mean": 23.1, "mean_ratio": 15.4, "winner": 18, "winner_num": 1, "winner_player_id": [7]}, {"responses": [{"player_id": 0, "response": 17}, {"player_id": 1, "response": 20}, {"player_id": 2, "response": 18}, {"player_id": 3, "response": 12}, {"player_id": 4, "response": 12}, {"player_id": 5, "response": 12}, {"player_id": 6, "response": 20}, {"player_id": 7, "response": 20}, {"player_id": 8, "response": 15}, {"player_id": 9, "response": 17}], "mean": 16.3, "mean_ratio": 10.866666666666667, "winner": 12, "winner_num": 3, "winner_player_id": [3, 4, 5]}, {"responses": [{"player_id": 0, "response": 25}, {"player_id": 1, "response": 15}, {"player_id": 2, "response": 12}, {"player_id": 3, "response": 15}, {"player_id": 4, "response": 10}, {"player_id": 5, "response": 10}, {"player_id": 6, "response": 10}, {"player_id": 7, "response": 15}, {"player_id": 8, "response": 10}, {"player_id": 9, "response": 10}], "mean": 13.2, "mean_ratio": 8.799999999999999, "winner": 10, "winner_num": 5, "winner_player_id": [4, 5, 6, 8, 9]}, {"responses": [{"player_id": 0, "response": 8}, {"player_id": 1, "response": 8}, {"player_id": 2, "response": 8}, {"player_id": 3, "response": 8}, {"player_id": 4, "response": 8}, {"player_id": 5, "response": 8}, {"player_id": 6, "response": 8}, {"player_id": 7, "response": 12}, {"player_id": 8, "response": 8}, {"player_id": 9, "response": 8}], "mean": 8.4, "mean_ratio": 5.6, "winner": 8, "winner_num": 9, "winner_player_id": [0, 1, 2, 3, 4, 5, 6, 8, 9]}, {"responses": [{"player_id": 0, "response": 6}, {"player_id": 1, "response": 6}, {"player_id": 2, "response": 5}, {"player_id": 3, "response": 5}, {"player_id": 4, "response": 5}, {"player_id": 5, "response": 7}, {"player_id": 6, "response": 7}, {"player_id": 7, "response": 5}, {"player_id": 8, "response": 5}, {"player_id": 9, "response": 5}], "mean": 5.6, "mean_ratio": 3.733333333333333, "winner": 5, "winner_num": 6, "winner_player_id": [2, 3, 4, 7, 8, 9]}, {"responses": [{"player_id": 0, "response": 4}, {"player_id": 1, "response": 3}, {"player_id": 2, "response": 4}, {"player_id": 3, "response": 4}, {"player_id": 4, "response": 4}, {"player_id": 5, "response": 3}, {"player_id": 6, "response": 10}, {"player_id": 7, "response": 4}, {"player_id": 8, "response": 3}, {"player_id": 9, "response": 3}], "mean": 4.2, "mean_ratio": 2.8, "winner": 3, "winner_num": 4, "winner_player_id": [1, 5, 8, 9]}, {"responses": [{"player_id": 0, "response": 20}, {"player_id": 1, "response": 5}, {"player_id": 2, "response": 10}, {"player_id": 3, "response": 10}, {"player_id": 4, "response": 5}, {"player_id": 5, "response": 2}, {"player_id": 6, "response": 5}, {"player_id": 7, "response": 10}, {"player_id": 8, "response": 4}, {"player_id": 9, "response": 5}], "mean": 7.6, "mean_ratio": 5.066666666666666, "winner": 5, "winner_num": 4, "winner_player_id": [1, 4, 6, 9]}, {"responses": [{"player_id": 0, "response": 10}, {"player_id": 1, "response": 15}, {"player_id": 2, "response": 15}, {"player_id": 3, "response": 7}, {"player_id": 4, "response": 20}, {"player_id": 5, "response": 20}, {"player_id": 6, "response": 8}, {"player_id": 7, "response": 7}, {"player_id": 8, "response": 10}, {"player_id": 9, "response": 6}], "mean": 11.8, "mean_ratio": 7.866666666666667, "winner": 8, "winner_num": 1, "winner_player_id": [6]}, {"responses": [{"player_id": 0, "response": 15}, {"player_id": 1, "response": 8}, {"player_id": 2, "response": 20}, {"player_id": 3, "response": 8}, {"player_id": 4, "response": 25}, {"player_id": 5, "response": 5}, {"player_id": 6, "response": 12}, {"player_id": 7, "response": 10}, {"player_id": 8, "response": 20}, {"player_id": 9, "response": 12}], "mean": 13.5, "mean_ratio": 9.0, "winner": 8, "winner_num": 2, "winner_player_id": [1, 3]}, {"responses": [{"player_id": 0, "response": 20}, {"player_id": 1, "response": 12}, {"player_id": 2, "response": 12}, {"player_id": 3, "response": 12}, {"player_id": 4, "response": 40}, {"player_id": 5, "response": 9}, {"player_id": 6, "response": 50}, {"player_id": 7, "response": 12}, {"player_id": 8, "response": 15}, {"player_id": 9, "response": 7}], "mean": 18.9, "mean_ratio": 12.599999999999998, "winner": 12, "winner_num": 4, "winner_player_id": [1, 2, 3, 7]}, {"responses": [{"player_id": 0, "response": 15}, {"player_id": 1, "response": 20}, {"player_id": 2, "response": 18}, {"player_id": 3, "response": 20}, {"player_id": 4, "response": 10}, {"player_id": 5, "response": 25}, {"player_id": 6, "response": 25}, {"player_id": 7, "response": 20}, {"player_id": 8, "response": 12}, {"player_id": 9, "response": 15}], "mean": 18, "mean_ratio": 12.0, "winner": 12, "winner_num": 1, "winner_player_id": [8]}, {"responses": [{"player_id": 0, "response": 12}, {"player_id": 1, "response": 12}, {"player_id": 2, "response": 40}, {"player_id": 3, "response": 15}, {"player_id": 4, "response": 15}, {"player_id": 5, "response": 12}, {"player_id": 6, "response": 15}, {"player_id": 7, "response": 15}, {"player_id": 8, "response": 10}, {"player_id": 9, "response": 12}], "mean": 15.8, "mean_ratio": 10.533333333333333, "winner": 10, "winner_num": 1, "winner_player_id": [8]}, {"responses": [{"player_id": 0, "response": 10}, {"player_id": 1, "response": 8}, {"player_id": 2, "response": 10}, {"player_id": 3, "response": 12}, {"player_id": 4, "response": 10}, {"player_id": 5, "response": 8}, {"player_id": 6, "response": 12}, {"player_id": 7, "response": 12}, {"player_id": 8, "response": 20}, {"player_id": 9, "response": 18}], "mean": 12, "mean_ratio": 8.0, "winner": 8, "winner_num": 2, "winner_player_id": [1, 5]}, {"responses": [{"player_id": 0, "response": 12}, {"player_id": 1, "response": 10}, {"player_id": 2, "response": 8}, {"player_id": 3, "response": 7}, {"player_id": 4, "response": 10}, {"player_id": 5, "response": 7}, {"player_id": 6, "response": 8}, {"player_id": 7, "response": 8}, {"player_id": 8, "response": 8}, {"player_id": 9, "response": 7}], "mean": 8.5, "mean_ratio": 5.666666666666666, "winner": 7, "winner_num": 3, "winner_player_id": [3, 5, 9]}, {"responses": [{"player_id": 0, "response": 5}, {"player_id": 1, "response": 5}, {"player_id": 2, "response": 6}, {"player_id": 3, "response": 10}, {"player_id": 4, "response": 6}, {"player_id": 5, "response": 5}, {"player_id": 6, "response": 5}, {"player_id": 7, "response": 10}, {"player_id": 8, "response": 6}, {"player_id": 9, "response": 5}], "mean": 6.3, "mean_ratio": 4.199999999999999, "winner": 5, "winner_num": 5, "winner_player_id": [0, 1, 5, 6, 9]}, {"responses": [{"player_id": 0, "response": 3}, {"player_id": 1, "response": 10}, {"player_id": 2, "response": 10}, {"player_id": 3, "response": 8}, {"player_id": 4, "response": 4}, {"player_id": 5, "response": 10}, {"player_id": 6, "response": 10}, {"player_id": 7, "response": 15}, {"player_id": 8, "response": 7}, {"player_id": 9, "response": 5}], "mean": 8.2, "mean_ratio": 5.466666666666666, "winner": 5, "winner_num": 1, "winner_player_id": [9]}, {"responses": [{"player_id": 0, "response": 50}, {"player_id": 1, "response": 25}, {"player_id": 2, "response": 8}, {"player_id": 3, "response": 7}, {"player_id": 4, "response": 7}, {"player_id": 5, "response": 8}, {"player_id": 6, "response": 7}, {"player_id": 7, "response": 7}, {"player_id": 8, "response": 5}, {"player_id": 9, "response": 5}], "mean": 12.9, "mean_ratio": 8.6, "winner": 8, "winner_num": 2, "winner_player_id": [2, 5]}]}