{"meta": {"name_exp": "guessing_game", "player_num": 10, "min": 0, "max": 100, "ratio": 0.6666666666666666, "ratio_str": "2/3", "version": "v1", "run": 2, "lang_agent": "<jHLiFlg>", "round": 20}, "round_records": [{"responses": [{"player_id": 0, "response": 50}, {"player_id": 1, "response": 50}, {"player_id": 2, "response": 35}, {"player_id": 3, "response": 50}, {"player_id": 4, "response": 67}, {"player_id": 5, "response": 67}, {"player_id": 6, "response": 33}, {"player_id": 7, "response": 40}, {"player_id": 8, "response": 50}, {"player_id": 9, "response": 50}], "mean": 49.2, "mean_ratio": 32.8, "winner": 33, "winner_num": 1, "winner_player_id": [6]}, {"responses": [{"player_id": 0, "response": 40}, {"player_id": 1, "response": 35}, {"player_id": 2, "response": 32}, {"player_id": 3, "response": 30}, {"player_id": 4, "response": 40}, {"player_id": 5, "response": 31}, {"player_id": 6, "response": 35}, {"player_id": 7, "response": 28}, {"player_id": 8, "response": 29}, {"player_id": 9, "response": 40}], "mean": 34, "mean_ratio": 22.666666666666664, "winner": 28, "winner_num": 1, "winner_player_id": [7]}, {"responses": [{"player_id": 0, "response": 30}, {"player_id": 1, "response": 22}, {"player_id": 2, "response": 23}, {"player_id": 3, "response": 23}, {"player_id": 4, "response": 25}, {"player_id": 5, "response": 80}, {"player_id": 6, "response": 55}, {"player_id": 7, "response": 22}, {"player_id": 8, "response": 30}, {"player_id": 9, "response": 29}], "mean": 33.9, "mean_ratio": 22.599999999999998, "winner": 23, "winner_num": 2, "winner_player_id": [2, 3]}, {"responses": [{"player_id": 0, "response": 20}, {"player_id": 1, "response": 23}, {"player_id": 2, "response": 26}, {"player_id": 3, "response": 20}, {"player_id": 4, "response": 28}, {"player_id": 5, "response": 20}, {"player_id": 6, "response": 16}, {"player_id": 7, "response": 20}, {"player_id": 8, "response": 18}, {"player_id": 9, "response": 32}], "mean": 22.3, "mean_ratio": 14.866666666666667, "winner": 16, "winner_num": 1, "winner_player_id": [6]}, {"responses": [{"player_id": 0, "response": 25}, {"player_id": 1, "response": 18}, {"player_id": 2, "response": 15}, {"player_id": 3, "response": 12}, {"player_id": 4, "response": 20}, {"player_id": 5, "response": 15}, {"player_id": 6, "response": 17}, {"player_id": 7, "response": 27}, {"player_id": 8, "response": 20}, {"player_id": 9, "response": 35}], "mean": 20.4, "mean_ratio": 13.599999999999998, "winner": 15, "winner_num": 2, "winner_player_id": [2, 5]}, {"responses": [{"player_id": 0, "response": 13}, {"player_id": 1, "response": 14}, {"player_id": 2, "response": 12}, {"player_id": 3, "response": 13}, {"player_id": 4, "response": 19}, {"player_id": 5, "response": 14}, {"player_id": 6, "response": 14}, {"player_id": 7, "response": 12}, {"player_id": 8, "response": 12}, {"player_id": 9, "response": 20}], "mean": 14.3, "mean_ratio": 9.533333333333333, "winner": 12, "winner_num": 3, "winner_player_id": [2, 7, 8]}, {"responses": [{"player_id": 0, "response": 12}, {"player_id": 1, "response": 8}, {"player_id": 2, "response": 8}, {"player_id": 3, "response": 10}, {"player_id": 4, "response": 8}, {"player_id": 5, "response": 8}, {"player_id": 6, "response": 10}, {"player_id": 7, "response": 10}, {"player_id": 8, "response": 10}, {"player_id": 9, "response": 6}], "mean": 9, "mean_ratio": 6.0, "winner": 6, "winner_num": 1, "winner_player_id": [9]}, {"responses": [{"player_id": 0, "response": 8}, {"player_id": 1, "response": 5}, {"player_id": 2, "response": 6}, {"player_id": 3, "response": 4}, {"player_id": 4, "response": 5}, {"player_id": 5, "response": 5}, {"player_id": 6, "response": 6}, {"player_id": 7, "response": 4}, {"player_id": 8, "response": 3}, {"player_id": 9, "response": 8}], "mean": 5.4, "mean_ratio": 3.6, "winner": 4, "winner_num": 2, "winner_player_id": [3, 7]}, {"responses": [{"player_id": 0, "response": 3}, {"player_id": 1, "response": 7}, {"player_id": 2, "response": 3}, {"player_id": 3, "response": 3}, {"player_id": 4, "response": 10}, {"player_id": 5, "response": 3}, {"player_id": 6, "response": 3}, {"player_id": 7, "response": 5}, {"player_id": 8, "response": 4}, {"player_id": 9, "response": 10}], "mean": 5.1, "mean_ratio": 3.3999999999999995, "winner": 3, "winner_num": 5, "winner_player_id": [0, 2, 3, 5, 6]}, {"responses": [{"player_id": 0, "response": 2}, {"player_id": 1, "response": 3}, {"player_id": 2, "response": 3}, {"player_id": 3, "response": 4}, {"player_id": 4, "response": 3}, {"player_id": 5, "response": 7}, {"player_id": 6, "response": 4}, {"player_id": 7, "response": 4}, {"player_id": 8, "response": 3}, {"player_id": 9, "response": 3}], "mean": 3.6, "mean_ratio": 2.4, "winner": 2, "winner_num": 1, "winner_player_id": [0]}, {"responses": [{"player_id": 0, "response": 1}, {"player_id": 1, "response": 2}, {"player_id": 2, "response": 2}, {"player_id": 3, "response": 2}, {"player_id": 4, "response": 1}, {"player_id": 5, "response": 2}, {"player_id": 6, "response": 2}, {"player_id": 7, "response": 2}, {"player_id": 8, "response": 2}, {"player_id": 9, "response": 2}], "mean": 1.8, "mean_ratio": 1.2, "winner": 1, "winner_num": 2, "winner_player_id": [0, 4]}, {"responses": [{"player_id": 0, "response": 1}, {"player_id": 1, "response": 1}, {"player_id": 2, "response": 1}, {"player_id": 3, "response": 1}, {"player_id": 4, "response": 1}, {"player_id": 5, "response": 1}, {"player_id": 6, "response": 1}, {"player_id": 7, "response": 1}, {"player_id": 8, "response": 1}, {"player_id": 9, "response": 1}], "mean": 1, "mean_ratio": 0.6666666666666666, "winner": 1, "winner_num": 10, "winner_player_id": [0, 1, 2, 3, 4, 5, 6, 7, 8, 9]}, {"responses": [{"player_id": 0, "response": 1}, {"player_id": 1, "response": 67}, {"player_id": 2, "response": 2}, {"player_id": 3, "response": 3}, {"player_id": 4, "response": 50}, {"player_id": 5, "response": 6}, {"player_id": 6, "response": 0}, {"player_id": 7, "response": 1}, {"player_id": 8, "response": 0}, {"player_id": 9, "response": 0}], "mean": 13, "mean_ratio": 8.666666666666666, "winner": 6, "winner_num": 1, "winner_player_id": [5]}, {"responses": [{"player_id": 0, "response": 8}, {"player_id": 1, "response": 17}, {"player_id": 2, "response": 9}, {"player_id": 3, "response": 9}, {"player_id": 4, "response": 67}, {"player_id": 5, "response": 9}, {"player_id": 6, "response": 9}, {"player_id": 7, "response": 6}, {"player_id": 8, "response": 9}, {"player_id": 9, "response": 9}], "mean": 15.2, "mean_ratio": 10.133333333333333, "winner": 9, "winner_num": 6, "winner_player_id": [2, 3, 5, 6, 8, 9]}, {"responses": [{"player_id": 0, "response": 9}, {"player_id": 1, "response": 10}, {"player_id": 2, "response": 7}, {"player_id": 3, "response": 13}, {"player_id": 4, "response": 11}, {"player_id": 5, "response": 10}, {"player_id": 6, "response": 20}, {"player_id": 7, "response": 10}, {"player_id": 8, "response": 6}, {"player_id": 9, "response": 11}], "mean": 10.7, "mean_ratio": 7.133333333333333, "winner": 7, "winner_num": 1, "winner_player_id": [2]}, {"responses": [{"player_id": 0, "response": 5}, {"player_id": 1, "response": 7}, {"player_id": 2, "response": 6}, {"player_id": 3, "response": 7}, {"player_id": 4, "response": 7}, {"player_id": 5, "response": 7}, {"player_id": 6, "response": 8}, {"player_id": 7, "response": 5}, {"player_id": 8, "response": 7}, {"player_id": 9, "response": 8}], "mean": 6.7, "mean_ratio": 4.466666666666667, "winner": 5, "winner_num": 2, "winner_player_id": [0, 7]}, {"responses": [{"player_id": 0, "response": 4}, {"player_id": 1, "response": 5}, {"player_id": 2, "response": 4}, {"player_id": 3, "response": 4}, {"player_id": 4, "response": 10}, {"player_id": 5, "response": 6}, {"player_id": 6, "response": 4}, {"player_id": 7, "response": 4}, {"player_id": 8, "response": 4}, {"player_id": 9, "response": 4}], "mean": 4.9, "mean_ratio": 3.2666666666666666, "winner": 4, "winner_num": 7, "winner_player_id": [0, 2, 3, 6, 7, 8, 9]}, {"responses": [{"player_id": 0, "response": 5}, {"player_id": 1, "response": 3}, {"player_id": 2, "response": 5}, {"player_id": 3, "response": 6}, {"player_id": 4, "response": 3}, {"player_id": 5, "response": 3}, {"player_id": 6, "response": 3}, {"player_id": 7, "response": 3}, {"player_id": 8, "response": 3}, {"player_id": 9, "response": 3}], "mean": 3.7, "mean_ratio": 2.466666666666667, "winner": 3, "winner_num": 7, "winner_player_id": [1, 4, 5, 6, 7, 8, 9]}, {"responses": [{"player_id": 0, "response": 25}, {"player_id": 1, "response": 25}, {"player_id": 2, "response": 3}, {"player_id": 3, "response": 3}, {"player_id": 4, "response": 2}, {"player_id": 5, "response": 2}, {"player_id": 6, "response": 3}, {"player_id": 7, "response": 2}, {"player_id": 8, "response": 3}, {"player_id": 9, "response": 2}], "mean": 7, "mean_ratio": 4.666666666666666, "winner": 3, "winner_num": 4, "winner_player_id": [2, 3, 6, 8]}, {"responses": [{"player_id": 0, "response": 6}, {"player_id": 1, "response": 50}, {"player_id": 2, "response": 5}, {"player_id": 3, "response": 20}, {"player_id": 4, "response": 5}, {"player_id": 5, "response": 50}, {"player_id": 6, "response": 3}, {"player_id": 7, "response": 5}, {"player_id": 8, "response": 50}, {"player_id": 9, "response": 5}], "mean": 19.9, "mean_ratio": 13.266666666666666, "winner": 20, "winner_num": 1, "winner_player_id": [3]}]}