{"meta": {"name_exp": "guessing_game", "player_num": 10, "min": 0, "max": 100, "ratio": 0.6666666666666666, "ratio_str": "2/3", "version": "v1", "run": 3, "lang_agent": "<jHLiFlg>", "round": 20}, "round_records": [{"responses": [{"player_id": 0, "response": 35}, {"player_id": 1, "response": 50}, {"player_id": 2, "response": 30}, {"player_id": 3, "response": 67}, {"player_id": 4, "response": 33}, {"player_id": 5, "response": 50}, {"player_id": 6, "response": 20}, {"player_id": 7, "response": 50}, {"player_id": 8, "response": 52}, {"player_id": 9, "response": 50}], "mean": 43.7, "mean_ratio": 29.133333333333333, "winner": 30, "winner_num": 1, "winner_player_id": [2]}, {"responses": [{"player_id": 0, "response": 29}, {"player_id": 1, "response": 28}, {"player_id": 2, "response": 29}, {"player_id": 3, "response": 25}, {"player_id": 4, "response": 32}, {"player_id": 5, "response": 20}, {"player_id": 6, "response": 40}, {"player_id": 7, "response": 39}, {"player_id": 8, "response": 20}, {"player_id": 9, "response": 36}], "mean": 29.8, "mean_ratio": 19.866666666666667, "winner": 20, "winner_num": 2, "winner_player_id": [5, 8]}, {"responses": [{"player_id": 0, "response": 21}, {"player_id": 1, "response": 20}, {"player_id": 2, "response": 22}, {"player_id": 3, "response": 21}, {"player_id": 4, "response": 22}, {"player_id": 5, "response": 17}, {"player_id": 6, "response": 18}, {"player_id": 7, "response": 28}, {"player_id": 8, "response": 27}, {"player_id": 9, "response": 23}], "mean": 21.9, "mean_ratio": 14.599999999999998, "winner": 17, "winner_num": 1, "winner_player_id": [5]}, {"responses": [{"player_id": 0, "response": 13}, {"player_id": 1, "response": 15}, {"player_id": 2, "response": 28}, {"player_id": 3, "response": 7}, {"player_id": 4, "response": 9}, {"player_id": 5, "response": 14}, {"player_id": 6, "response": 14}, {"player_id": 7, "response": 9}, {"player_id": 8, "response": 7}, {"player_id": 9, "response": 19}], "mean": 13.5, "mean_ratio": 9.0, "winner": 9, "winner_num": 2, "winner_player_id": [4, 7]}, {"responses": [{"player_id": 0, "response": 7}, {"player_id": 1, "response": 8}, {"player_id": 2, "response": 9}, {"player_id": 3, "response": 9}, {"player_id": 4, "response": 7}, {"player_id": 5, "response": 6}, {"player_id": 6, "response": 12}, {"player_id": 7, "response": 7}, {"player_id": 8, "response": 6}, {"player_id": 9, "response": 13}], "mean": 8.4, "mean_ratio": 5.6, "winner": 6, "winner_num": 2, "winner_player_id": [5, 8]}, {"responses": [{"player_id": 0, "response": 11}, {"player_id": 1, "response": 7}, {"player_id": 2, "response": 5}, {"player_id": 3, "response": 5}, {"player_id": 4, "response": 4}, {"player_id": 5, "response": 4}, {"player_id": 6, "response": 7}, {"player_id": 7, "response": 5}, {"player_id": 8, "response": 5}, {"player_id": 9, "response": 4}], "mean": 5.7, "mean_ratio": 3.8, "winner": 4, "winner_num": 3, "winner_player_id": [4, 5, 9]}, {"responses": [{"player_id": 0, "response": 8}, {"player_id": 1, "response": 2}, {"player_id": 2, "response": 4}, {"player_id": 3, "response": 4}, {"player_id": 4, "response": 5}, {"player_id": 5, "response": 3}, {"player_id": 6, "response": 5}, {"player_id": 7, "response": 4}, {"player_id": 8, "response": 3}, {"player_id": 9, "response": 3}], "mean": 4.1, "mean_ratio": 2.733333333333333, "winner": 3, "winner_num": 3, "winner_player_id": [5, 8, 9]}, {"responses": [{"player_id": 0, "response": 2}, {"player_id": 1, "response": 4}, {"player_id": 2, "response": 3}, {"player_id": 3, "response": 3}, {"player_id": 4, "response": 2}, {"player_id": 5, "response": 2}, {"player_id": 6, "response": 4}, {"player_id": 7, "response": 3}, {"player_id": 8, "response": 2}, {"player_id": 9, "response": 2}], "mean": 2.7, "mean_ratio": 1.8, "winner": 2, "winner_num": 5, "winner_player_id": [0, 4, 5, 8, 9]}, {"responses": [{"player_id": 0, "response": 3}, {"player_id": 1, "response": 3}, {"player_id": 2, "response": 2}, {"player_id": 3, "response": 2}, {"player_id": 4, "response": 1}, {"player_id": 5, "response": 1}, {"player_id": 6, "response": 1}, {"player_id": 7, "response": 2}, {"player_id": 8, "response": 1}, {"player_id": 9, "response": 2}], "mean": 1.8, "mean_ratio": 1.2, "winner": 1, "winner_num": 4, "winner_player_id": [4, 5, 6, 8]}, {"responses": [{"player_id": 0, "response": 1}, {"player_id": 1, "response": 1}, {"player_id": 2, "response": 1}, {"player_id": 3, "response": 1}, {"player_id": 4, "response": 1}, {"player_id": 5, "response": 1}, {"player_id": 6, "response": 2}, {"player_id": 7, "response": 1}, {"player_id": 8, "response": 1}, {"player_id": 9, "response": 1}], "mean": 1.1, "mean_ratio": 0.7333333333333334, "winner": 1, "winner_num": 9, "winner_player_id": [0, 1, 2, 3, 4, 5, 7, 8, 9]}, {"responses": [{"player_id": 0, "response": 0}, {"player_id": 1, "response": 1}, {"player_id": 2, "response": 1}, {"player_id": 3, "response": 0}, {"player_id": 4, "response": 2}, {"player_id": 5, "response": 1}, {"player_id": 6, "response": 0}, {"player_id": 7, "response": 0}, {"player_id": 8, "response": 0}, {"player_id": 9, "response": 3}], "mean": 0.8, "mean_ratio": 0.5333333333333333, "winner": 1, "winner_num": 3, "winner_player_id": [1, 2, 5]}, {"responses": [{"player_id": 0, "response": 0}, {"player_id": 1, "response": 1}, {"player_id": 2, "response": 2}, {"player_id": 3, "response": 0}, {"player_id": 4, "response": 1}, {"player_id": 5, "response": 1}, {"player_id": 6, "response": 1}, {"player_id": 7, "response": 0}, {"player_id": 8, "response": 1}, {"player_id": 9, "response": 0}], "mean": 0.7, "mean_ratio": 0.4666666666666666, "winner": 0, "winner_num": 4, "winner_player_id": [0, 3, 7, 9]}, {"responses": [{"player_id": 0, "response": 0}, {"player_id": 1, "response": 1}, {"player_id": 2, "response": 1}, {"player_id": 3, "response": 1}, {"player_id": 4, "response": 0}, {"player_id": 5, "response": 0}, {"player_id": 6, "response": 3}, {"player_id": 7, "response": 0}, {"player_id": 8, "response": 1}, {"player_id": 9, "response": 34}], "mean": 4.1, "mean_ratio": 2.733333333333333, "winner": 3, "winner_num": 1, "winner_player_id": [6]}, {"responses": [{"player_id": 0, "response": 3}, {"player_id": 1, "response": 3}, {"player_id": 2, "response": 3}, {"player_id": 3, "response": 50}, {"player_id": 4, "response": 4}, {"player_id": 5, "response": 2}, {"player_id": 6, "response": 32}, {"player_id": 7, "response": 2}, {"player_id": 8, "response": 2}, {"player_id": 9, "response": 21}], "mean": 12.2, "mean_ratio": 8.133333333333333, "winner": 4, "winner_num": 1, "winner_player_id": [4]}, {"responses": [{"player_id": 0, "response": 6}, {"player_id": 1, "response": 8}, {"player_id": 2, "response": 5}, {"player_id": 3, "response": 8}, {"player_id": 4, "response": 8}, {"player_id": 5, "response": 8}, {"player_id": 6, "response": 50}, {"player_id": 7, "response": 9}, {"player_id": 8, "response": 5}, {"player_id": 9, "response": 43}], "mean": 15, "mean_ratio": 10.0, "winner": 9, "winner_num": 1, "winner_player_id": [7]}, {"responses": [{"player_id": 0, "response": 11}, {"player_id": 1, "response": 11}, {"player_id": 2, "response": 12}, {"player_id": 3, "response": 5}, {"player_id": 4, "response": 9}, {"player_id": 5, "response": 10}, {"player_id": 6, "response": 7}, {"player_id": 7, "response": 10}, {"player_id": 8, "response": 9}, {"player_id": 9, "response": 45}], "mean": 12.9, "mean_ratio": 8.6, "winner": 9, "winner_num": 2, "winner_player_id": [4, 8]}, {"responses": [{"player_id": 0, "response": 14}, {"player_id": 1, "response": 8}, {"player_id": 2, "response": 9}, {"player_id": 3, "response": 9}, {"player_id": 4, "response": 8}, {"player_id": 5, "response": 8}, {"player_id": 6, "response": 8}, {"player_id": 7, "response": 11}, {"player_id": 8, "response": 10}, {"player_id": 9, "response": 62}], "mean": 14.7, "mean_ratio": 9.799999999999999, "winner": 10, "winner_num": 1, "winner_player_id": [8]}, {"responses": [{"player_id": 0, "response": 15}, {"player_id": 1, "response": 9}, {"player_id": 2, "response": 11}, {"player_id": 3, "response": 11}, {"player_id": 4, "response": 9}, {"player_id": 5, "response": 11}, {"player_id": 6, "response": 95}, {"player_id": 7, "response": 25}, {"player_id": 8, "response": 15}, {"player_id": 9, "response": 58}], "mean": 25.9, "mean_ratio": 17.266666666666666, "winner": 15, "winner_num": 2, "winner_player_id": [0, 8]}, {"responses": [{"player_id": 0, "response": 19}, {"player_id": 1, "response": 13}, {"player_id": 2, "response": 18}, {"player_id": 3, "response": 19}, {"player_id": 4, "response": 17}, {"player_id": 5, "response": 13}, {"player_id": 6, "response": 60}, {"player_id": 7, "response": 28}, {"player_id": 8, "response": 18}, {"player_id": 9, "response": 18}], "mean": 22.3, "mean_ratio": 14.866666666666667, "winner": 13, "winner_num": 2, "winner_player_id": [1, 5]}, {"responses": [{"player_id": 0, "response": 20}, {"player_id": 1, "response": 16}, {"player_id": 2, "response": 16}, {"player_id": 3, "response": 50}, {"player_id": 4, "response": 10}, {"player_id": 5, "response": 12}, {"player_id": 6, "response": 67}, {"player_id": 7, "response": 19}, {"player_id": 8, "response": 14}, {"player_id": 9, "response": 16}], "mean": 24, "mean_ratio": 16.0, "winner": 16, "winner_num": 3, "winner_player_id": [1, 2, 9]}]}