{"meta": {"name_exp": "guessing_game", "player_num": 10, "min": 0, "max": 100, "ratio": 0.6666666666666666, "ratio_str": "2/3", "version": "v1", "run": 5, "lang_agent": "<jHLiFlg>", "round": 20}, "round_records": [{"responses": [{"player_id": 0, "response": 67}, {"player_id": 1, "response": 42}, {"player_id": 2, "response": 47}, {"player_id": 3, "response": 50}, {"player_id": 4, "response": 50}, {"player_id": 5, "response": 50}, {"player_id": 6, "response": 50}, {"player_id": 7, "response": 34}, {"player_id": 8, "response": 47}, {"player_id": 9, "response": 35}], "mean": 47.2, "mean_ratio": 31.46666666666667, "winner": 34, "winner_num": 1, "winner_player_id": [7]}, {"responses": [{"player_id": 0, "response": 31}, {"player_id": 1, "response": 30}, {"player_id": 2, "response": 29}, {"player_id": 3, "response": 38}, {"player_id": 4, "response": 40}, {"player_id": 5, "response": 30}, {"player_id": 6, "response": 40}, {"player_id": 7, "response": 36}, {"player_id": 8, "response": 32}, {"player_id": 9, "response": 31}], "mean": 33.7, "mean_ratio": 22.46666666666667, "winner": 29, "winner_num": 1, "winner_player_id": [2]}, {"responses": [{"player_id": 0, "response": 26}, {"player_id": 1, "response": 32}, {"player_id": 2, "response": 26}, {"player_id": 3, "response": 55}, {"player_id": 4, "response": 28}, {"player_id": 5, "response": 40}, {"player_id": 6, "response": 42}, {"player_id": 7, "response": 52}, {"player_id": 8, "response": 18}, {"player_id": 9, "response": 22}], "mean": 34.1, "mean_ratio": 22.733333333333334, "winner": 22, "winner_num": 1, "winner_player_id": [9]}, {"responses": [{"player_id": 0, "response": 20}, {"player_id": 1, "response": 35}, {"player_id": 2, "response": 25}, {"player_id": 3, "response": 20}, {"player_id": 4, "response": 25}, {"player_id": 5, "response": 25}, {"player_id": 6, "response": 28}, {"player_id": 7, "response": 20}, {"player_id": 8, "response": 28}, {"player_id": 9, "response": 23}], "mean": 24.9, "mean_ratio": 16.599999999999998, "winner": 20, "winner_num": 3, "winner_player_id": [0, 3, 7]}, {"responses": [{"player_id": 0, "response": 17}, {"player_id": 1, "response": 15}, {"player_id": 2, "response": 18}, {"player_id": 3, "response": 15}, {"player_id": 4, "response": 19}, {"player_id": 5, "response": 16}, {"player_id": 6, "response": 29}, {"player_id": 7, "response": 17}, {"player_id": 8, "response": 42}, {"player_id": 9, "response": 16}], "mean": 20.4, "mean_ratio": 13.599999999999998, "winner": 15, "winner_num": 2, "winner_player_id": [1, 3]}, {"responses": [{"player_id": 0, "response": 13}, {"player_id": 1, "response": 16}, {"player_id": 2, "response": 17}, {"player_id": 3, "response": 13}, {"player_id": 4, "response": 16}, {"player_id": 5, "response": 14}, {"player_id": 6, "response": 16}, {"player_id": 7, "response": 14}, {"player_id": 8, "response": 19}, {"player_id": 9, "response": 12}], "mean": 15, "mean_ratio": 10.0, "winner": 12, "winner_num": 1, "winner_player_id": [9]}, {"responses": [{"player_id": 0, "response": 8}, {"player_id": 1, "response": 8}, {"player_id": 2, "response": 11}, {"player_id": 3, "response": 9}, {"player_id": 4, "response": 13}, {"player_id": 5, "response": 10}, {"player_id": 6, "response": 10}, {"player_id": 7, "response": 8}, {"player_id": 8, "response": 8}, {"player_id": 9, "response": 8}], "mean": 9.3, "mean_ratio": 6.2, "winner": 8, "winner_num": 5, "winner_player_id": [0, 1, 7, 8, 9]}, {"responses": [{"player_id": 0, "response": 5}, {"player_id": 1, "response": 4}, {"player_id": 2, "response": 5}, {"player_id": 3, "response": 7}, {"player_id": 4, "response": 9}, {"player_id": 5, "response": 5}, {"player_id": 6, "response": 8}, {"player_id": 7, "response": 4}, {"player_id": 8, "response": 6}, {"player_id": 9, "response": 6}], "mean": 5.9, "mean_ratio": 3.9333333333333336, "winner": 4, "winner_num": 2, "winner_player_id": [1, 7]}, {"responses": [{"player_id": 0, "response": 4}, {"player_id": 1, "response": 3}, {"player_id": 2, "response": 3}, {"player_id": 3, "response": 6}, {"player_id": 4, "response": 3}, {"player_id": 5, "response": 3}, {"player_id": 6, "response": 3}, {"player_id": 7, "response": 3}, {"player_id": 8, "response": 3}, {"player_id": 9, "response": 5}], "mean": 3.6, "mean_ratio": 2.4, "winner": 3, "winner_num": 7, "winner_player_id": [1, 2, 4, 5, 6, 7, 8]}, {"responses": [{"player_id": 0, "response": 2}, {"player_id": 1, "response": 26}, {"player_id": 2, "response": 4}, {"player_id": 3, "response": 2}, {"player_id": 4, "response": 3}, {"player_id": 5, "response": 3}, {"player_id": 6, "response": 4}, {"player_id": 7, "response": 2}, {"player_id": 8, "response": 2}, {"player_id": 9, "response": 2}], "mean": 5, "mean_ratio": 3.333333333333333, "winner": 3, "winner_num": 2, "winner_player_id": [4, 5]}, {"responses": [{"player_id": 0, "response": 3}, {"player_id": 1, "response": 40}, {"player_id": 2, "response": 3}, {"player_id": 3, "response": 1}, {"player_id": 4, "response": 4}, {"player_id": 5, "response": 50}, {"player_id": 6, "response": 10}, {"player_id": 7, "response": 10}, {"player_id": 8, "response": 4}, {"player_id": 9, "response": 4}], "mean": 12.9, "mean_ratio": 8.6, "winner": 10, "winner_num": 2, "winner_player_id": [6, 7]}, {"responses": [{"player_id": 0, "response": 11}, {"player_id": 1, "response": 60}, {"player_id": 2, "response": 9}, {"player_id": 3, "response": 9}, {"player_id": 4, "response": 9}, {"player_id": 5, "response": 60}, {"player_id": 6, "response": 9}, {"player_id": 7, "response": 8}, {"player_id": 8, "response": 11}, {"player_id": 9, "response": 9}], "mean": 19.5, "mean_ratio": 13.0, "winner": 11, "winner_num": 2, "winner_player_id": [0, 8]}, {"responses": [{"player_id": 0, "response": 15}, {"player_id": 1, "response": 19}, {"player_id": 2, "response": 13}, {"player_id": 3, "response": 14}, {"player_id": 4, "response": 10}, {"player_id": 5, "response": 14}, {"player_id": 6, "response": 12}, {"player_id": 7, "response": 50}, {"player_id": 8, "response": 14}, {"player_id": 9, "response": 12}], "mean": 17.3, "mean_ratio": 11.533333333333333, "winner": 12, "winner_num": 2, "winner_player_id": [6, 9]}, {"responses": [{"player_id": 0, "response": 14}, {"player_id": 1, "response": 11}, {"player_id": 2, "response": 8}, {"player_id": 3, "response": 11}, {"player_id": 4, "response": 11}, {"player_id": 5, "response": 17}, {"player_id": 6, "response": 15}, {"player_id": 7, "response": 30}, {"player_id": 8, "response": 8}, {"player_id": 9, "response": 11}], "mean": 13.6, "mean_ratio": 9.066666666666666, "winner": 8, "winner_num": 2, "winner_player_id": [2, 8]}, {"responses": [{"player_id": 0, "response": 9}, {"player_id": 1, "response": 5}, {"player_id": 2, "response": 7}, {"player_id": 3, "response": 9}, {"player_id": 4, "response": 12}, {"player_id": 5, "response": 12}, {"player_id": 6, "response": 10}, {"player_id": 7, "response": 9}, {"player_id": 8, "response": 7}, {"player_id": 9, "response": 9}], "mean": 8.9, "mean_ratio": 5.933333333333334, "winner": 5, "winner_num": 1, "winner_player_id": [1]}, {"responses": [{"player_id": 0, "response": 6}, {"player_id": 1, "response": 51}, {"player_id": 2, "response": 10}, {"player_id": 3, "response": 6}, {"player_id": 4, "response": 59}, {"player_id": 5, "response": 6}, {"player_id": 6, "response": 62}, {"player_id": 7, "response": 6}, {"player_id": 8, "response": 61}, {"player_id": 9, "response": 6}], "mean": 27.3, "mean_ratio": 18.2, "winner": 10, "winner_num": 1, "winner_player_id": [2]}, {"responses": [{"player_id": 0, "response": 25}, {"player_id": 1, "response": 16}, {"player_id": 2, "response": 22}, {"player_id": 3, "response": 20}, {"player_id": 4, "response": 20}, {"player_id": 5, "response": 20}, {"player_id": 6, "response": 65}, {"player_id": 7, "response": 22}, {"player_id": 8, "response": 18}, {"player_id": 9, "response": 20}], "mean": 24.8, "mean_ratio": 16.53333333333333, "winner": 16, "winner_num": 1, "winner_player_id": [1]}, {"responses": [{"player_id": 0, "response": 17}, {"player_id": 1, "response": 17}, {"player_id": 2, "response": 20}, {"player_id": 3, "response": 18}, {"player_id": 4, "response": 21}, {"player_id": 5, "response": 26}, {"player_id": 6, "response": 18}, {"player_id": 7, "response": 20}, {"player_id": 8, "response": 20}, {"player_id": 9, "response": 17}], "mean": 19.4, "mean_ratio": 12.933333333333332, "winner": 17, "winner_num": 3, "winner_player_id": [0, 1, 9]}, {"responses": [{"player_id": 0, "response": 23}, {"player_id": 1, "response": 50}, {"player_id": 2, "response": 15}, {"player_id": 3, "response": 14}, {"player_id": 4, "response": 14}, {"player_id": 5, "response": 15}, {"player_id": 6, "response": 25}, {"player_id": 7, "response": 15}, {"player_id": 8, "response": 13}, {"player_id": 9, "response": 13}], "mean": 19.7, "mean_ratio": 13.133333333333333, "winner": 13, "winner_num": 2, "winner_player_id": [8, 9]}, {"responses": [{"player_id": 0, "response": 14}, {"player_id": 1, "response": 26}, {"player_id": 2, "response": 12}, {"player_id": 3, "response": 10}, {"player_id": 4, "response": 12}, {"player_id": 5, "response": 11}, {"player_id": 6, "response": 14}, {"player_id": 7, "response": 18}, {"player_id": 8, "response": 15}, {"player_id": 9, "response": 14}], "mean": 14.6, "mean_ratio": 9.733333333333333, "winner": 10, "winner_num": 1, "winner_player_id": [3]}]}