{"meta": {"name_exp": "guessing_game", "player_num": 10, "min": 0, "max": 100, "ratio": 0.6666666666666666, "ratio_str": "2/3", "version": "v1", "run": 4, "lang_agent": "<jHLiFlg>", "round": 20}, "round_records": [{"responses": [{"player_id": 0, "response": 34}, {"player_id": 1, "response": 50}, {"player_id": 2, "response": 37}, {"player_id": 3, "response": 66}, {"player_id": 4, "response": 50}, {"player_id": 5, "response": 25}, {"player_id": 6, "response": 66}, {"player_id": 7, "response": 50}, {"player_id": 8, "response": 33}, {"player_id": 9, "response": 50}], "mean": 46.1, "mean_ratio": 30.733333333333334, "winner": 33, "winner_num": 1, "winner_player_id": [8]}, {"responses": [{"player_id": 0, "response": 32}, {"player_id": 1, "response": 40}, {"player_id": 2, "response": 29}, {"player_id": 3, "response": 35}, {"player_id": 4, "response": 31}, {"player_id": 5, "response": 31}, {"player_id": 6, "response": 50}, {"player_id": 7, "response": 27}, {"player_id": 8, "response": 30}, {"player_id": 9, "response": 38}], "mean": 34.3, "mean_ratio": 22.866666666666664, "winner": 27, "winner_num": 1, "winner_player_id": [7]}, {"responses": [{"player_id": 0, "response": 20}, {"player_id": 1, "response": 35}, {"player_id": 2, "response": 23}, {"player_id": 3, "response": 25}, {"player_id": 4, "response": 26}, {"player_id": 5, "response": 29}, {"player_id": 6, "response": 70}, {"player_id": 7, "response": 38}, {"player_id": 8, "response": 22}, {"player_id": 9, "response": 23}], "mean": 31.1, "mean_ratio": 20.733333333333334, "winner": 20, "winner_num": 1, "winner_player_id": [0]}, {"responses": [{"player_id": 0, "response": 17}, {"player_id": 1, "response": 20}, {"player_id": 2, "response": 17}, {"player_id": 3, "response": 20}, {"player_id": 4, "response": 15}, {"player_id": 5, "response": 22}, {"player_id": 6, "response": 35}, {"player_id": 7, "response": 19}, {"player_id": 8, "response": 17}, {"player_id": 9, "response": 18}], "mean": 20, "mean_ratio": 13.333333333333332, "winner": 15, "winner_num": 1, "winner_player_id": [4]}, {"responses": [{"player_id": 0, "response": 36}, {"player_id": 1, "response": 18}, {"player_id": 2, "response": 10}, {"player_id": 3, "response": 5}, {"player_id": 4, "response": 10}, {"player_id": 5, "response": 16}, {"player_id": 6, "response": 10}, {"player_id": 7, "response": 16}, {"player_id": 8, "response": 8}, {"player_id": 9, "response": 11}], "mean": 14, "mean_ratio": 9.333333333333332, "winner": 10, "winner_num": 3, "winner_player_id": [2, 4, 6]}, {"responses": [{"player_id": 0, "response": 7}, {"player_id": 1, "response": 15}, {"player_id": 2, "response": 6}, {"player_id": 3, "response": 8}, {"player_id": 4, "response": 7}, {"player_id": 5, "response": 12}, {"player_id": 6, "response": 12}, {"player_id": 7, "response": 6}, {"player_id": 8, "response": 6}, {"player_id": 9, "response": 9}], "mean": 8.8, "mean_ratio": 5.866666666666667, "winner": 6, "winner_num": 3, "winner_player_id": [2, 7, 8]}, {"responses": [{"player_id": 0, "response": 5}, {"player_id": 1, "response": 5}, {"player_id": 2, "response": 5}, {"player_id": 3, "response": 2}, {"player_id": 4, "response": 6}, {"player_id": 5, "response": 5}, {"player_id": 6, "response": 5}, {"player_id": 7, "response": 5}, {"player_id": 8, "response": 5}, {"player_id": 9, "response": 8}], "mean": 5.1, "mean_ratio": 3.3999999999999995, "winner": 2, "winner_num": 1, "winner_player_id": [3]}, {"responses": [{"player_id": 0, "response": 3}, {"player_id": 1, "response": 3}, {"player_id": 2, "response": 3}, {"player_id": 3, "response": 3}, {"player_id": 4, "response": 1}, {"player_id": 5, "response": 4}, {"player_id": 6, "response": 3}, {"player_id": 7, "response": 1}, {"player_id": 8, "response": 2}, {"player_id": 9, "response": 3}], "mean": 2.6, "mean_ratio": 1.7333333333333334, "winner": 2, "winner_num": 1, "winner_player_id": [8]}, {"responses": [{"player_id": 0, "response": 2}, {"player_id": 1, "response": 1}, {"player_id": 2, "response": 2}, {"player_id": 3, "response": 4}, {"player_id": 4, "response": 2}, {"player_id": 5, "response": 2}, {"player_id": 6, "response": 2}, {"player_id": 7, "response": 2}, {"player_id": 8, "response": 2}, {"player_id": 9, "response": 2}], "mean": 2.1, "mean_ratio": 1.4, "winner": 1, "winner_num": 1, "winner_player_id": [1]}, {"responses": [{"player_id": 0, "response": 2}, {"player_id": 1, "response": 1}, {"player_id": 2, "response": 2}, {"player_id": 3, "response": 1}, {"player_id": 4, "response": 0}, {"player_id": 5, "response": 1}, {"player_id": 6, "response": 1}, {"player_id": 7, "response": 1}, {"player_id": 8, "response": 1}, {"player_id": 9, "response": 1}], "mean": 1.1, "mean_ratio": 0.7333333333333334, "winner": 1, "winner_num": 7, "winner_player_id": [1, 3, 5, 6, 7, 8, 9]}, {"responses": [{"player_id": 0, "response": 0}, {"player_id": 1, "response": 1}, {"player_id": 2, "response": 1}, {"player_id": 3, "response": 0}, {"player_id": 4, "response": 1}, {"player_id": 5, "response": 1}, {"player_id": 6, "response": 50}, {"player_id": 7, "response": 1}, {"player_id": 8, "response": 0}, {"player_id": 9, "response": 1}], "mean": 5.6, "mean_ratio": 3.733333333333333, "winner": 1, "winner_num": 6, "winner_player_id": [1, 2, 4, 5, 7, 9]}, {"responses": [{"player_id": 0, "response": 4}, {"player_id": 1, "response": 4}, {"player_id": 2, "response": 4}, {"player_id": 3, "response": 4}, {"player_id": 4, "response": 4}, {"player_id": 5, "response": 4}, {"player_id": 6, "response": 3}, {"player_id": 7, "response": 4}, {"player_id": 8, "response": 4}, {"player_id": 9, "response": 4}], "mean": 3.9, "mean_ratio": 2.5999999999999996, "winner": 3, "winner_num": 1, "winner_player_id": [6]}, {"responses": [{"player_id": 0, "response": 4}, {"player_id": 1, "response": 3}, {"player_id": 2, "response": 3}, {"player_id": 3, "response": 7}, {"player_id": 4, "response": 2}, {"player_id": 5, "response": 2}, {"player_id": 6, "response": 4}, {"player_id": 7, "response": 2}, {"player_id": 8, "response": 4}, {"player_id": 9, "response": 2}], "mean": 3.3, "mean_ratio": 2.1999999999999997, "winner": 2, "winner_num": 4, "winner_player_id": [4, 5, 7, 9]}, {"responses": [{"player_id": 0, "response": 2}, {"player_id": 1, "response": 2}, {"player_id": 2, "response": 2}, {"player_id": 3, "response": 2}, {"player_id": 4, "response": 2}, {"player_id": 5, "response": 2}, {"player_id": 6, "response": 5}, {"player_id": 7, "response": 2}, {"player_id": 8, "response": 2}, {"player_id": 9, "response": 2}], "mean": 2.3, "mean_ratio": 1.5333333333333332, "winner": 2, "winner_num": 9, "winner_player_id": [0, 1, 2, 3, 4, 5, 7, 8, 9]}, {"responses": [{"player_id": 0, "response": 3}, {"player_id": 1, "response": 7}, {"player_id": 2, "response": 2}, {"player_id": 3, "response": 1}, {"player_id": 4, "response": 2}, {"player_id": 5, "response": 5}, {"player_id": 6, "response": 4}, {"player_id": 7, "response": 2}, {"player_id": 8, "response": 1}, {"player_id": 9, "response": 1}], "mean": 2.8, "mean_ratio": 1.8666666666666665, "winner": 2, "winner_num": 3, "winner_player_id": [2, 4, 7]}, {"responses": [{"player_id": 0, "response": 1}, {"player_id": 1, "response": 5}, {"player_id": 2, "response": 2}, {"player_id": 3, "response": 2}, {"player_id": 4, "response": 2}, {"player_id": 5, "response": 3}, {"player_id": 6, "response": 2}, {"player_id": 7, "response": 3}, {"player_id": 8, "response": 2}, {"player_id": 9, "response": 2}], "mean": 2.4, "mean_ratio": 1.5999999999999999, "winner": 2, "winner_num": 6, "winner_player_id": [2, 3, 4, 6, 8, 9]}, {"responses": [{"player_id": 0, "response": 1}, {"player_id": 1, "response": 4}, {"player_id": 2, "response": 2}, {"player_id": 3, "response": 1}, {"player_id": 4, "response": 1}, {"player_id": 5, "response": 2}, {"player_id": 6, "response": 3}, {"player_id": 7, "response": 2}, {"player_id": 8, "response": 1}, {"player_id": 9, "response": 1}], "mean": 1.8, "mean_ratio": 1.2, "winner": 1, "winner_num": 5, "winner_player_id": [0, 3, 4, 8, 9]}, {"responses": [{"player_id": 0, "response": 1}, {"player_id": 1, "response": 1}, {"player_id": 2, "response": 0}, {"player_id": 3, "response": 1}, {"player_id": 4, "response": 1}, {"player_id": 5, "response": 4}, {"player_id": 6, "response": 12}, {"player_id": 7, "response": 1}, {"player_id": 8, "response": 1}, {"player_id": 9, "response": 5}], "mean": 2.7, "mean_ratio": 1.8, "winner": 1, "winner_num": 6, "winner_player_id": [0, 1, 3, 4, 7, 8]}, {"responses": [{"player_id": 0, "response": 3}, {"player_id": 1, "response": 2}, {"player_id": 2, "response": 3}, {"player_id": 3, "response": 50}, {"player_id": 4, "response": 2}, {"player_id": 5, "response": 3}, {"player_id": 6, "response": 30}, {"player_id": 7, "response": 2}, {"player_id": 8, "response": 40}, {"player_id": 9, "response": 2}], "mean": 13.7, "mean_ratio": 9.133333333333333, "winner": 3, "winner_num": 3, "winner_player_id": [0, 2, 5]}, {"responses": [{"player_id": 0, "response": 50}, {"player_id": 1, "response": 7}, {"player_id": 2, "response": 1}, {"player_id": 3, "response": 9}, {"player_id": 4, "response": 10}, {"player_id": 5, "response": 10}, {"player_id": 6, "response": 15}, {"player_id": 7, "response": 10}, {"player_id": 8, "response": 9}, {"player_id": 9, "response": 4}], "mean": 12.5, "mean_ratio": 8.333333333333332, "winner": 9, "winner_num": 2, "winner_player_id": [3, 8]}]}