{"meta": {"name_exp": "guessing_game", "player_num": 10, "min": 0, "max": 100, "ratio": 0.6666666666666666, "ratio_str": "2/3", "version": "v1", "run": 1, "lang_agent": "<jHLiFlg>", "round": 20}, "round_records": [{"responses": [{"player_id": 0, "response": 33}, {"player_id": 1, "response": 50}, {"player_id": 2, "response": 50}, {"player_id": 3, "response": 50}, {"player_id": 4, "response": 50}, {"player_id": 5, "response": 50}, {"player_id": 6, "response": 67}, {"player_id": 7, "response": 35}, {"player_id": 8, "response": 34}, {"player_id": 9, "response": 33}], "mean": 45.2, "mean_ratio": 30.133333333333333, "winner": 33, "winner_num": 2, "winner_player_id": [0, 9]}, {"responses": [{"player_id": 0, "response": 31}, {"player_id": 1, "response": 31}, {"player_id": 2, "response": 40}, {"player_id": 3, "response": 28}, {"player_id": 4, "response": 32}, {"player_id": 5, "response": 31}, {"player_id": 6, "response": 32}, {"player_id": 7, "response": 31}, {"player_id": 8, "response": 31}, {"player_id": 9, "response": 30}], "mean": 31.7, "mean_ratio": 21.133333333333333, "winner": 28, "winner_num": 1, "winner_player_id": [3]}, {"responses": [{"player_id": 0, "response": 25}, {"player_id": 1, "response": 41}, {"player_id": 2, "response": 35}, {"player_id": 3, "response": 26}, {"player_id": 4, "response": 25}, {"player_id": 5, "response": 22}, {"player_id": 6, "response": 22}, {"player_id": 7, "response": 45}, {"player_id": 8, "response": 35}, {"player_id": 9, "response": 20}], "mean": 29.6, "mean_ratio": 19.733333333333334, "winner": 20, "winner_num": 1, "winner_player_id": [9]}, {"responses": [{"player_id": 0, "response": 23}, {"player_id": 1, "response": 25}, {"player_id": 2, "response": 17}, {"player_id": 3, "response": 18}, {"player_id": 4, "response": 22}, {"player_id": 5, "response": 19}, {"player_id": 6, "response": 17}, {"player_id": 7, "response": 18}, {"player_id": 8, "response": 50}, {"player_id": 9, "response": 15}], "mean": 22.4, "mean_ratio": 14.933333333333332, "winner": 15, "winner_num": 1, "winner_player_id": [9]}, {"responses": [{"player_id": 0, "response": 14}, {"player_id": 1, "response": 18}, {"player_id": 2, "response": 12}, {"player_id": 3, "response": 12}, {"player_id": 4, "response": 19}, {"player_id": 5, "response": 12}, {"player_id": 6, "response": 14}, {"player_id": 7, "response": 16}, {"player_id": 8, "response": 14}, {"player_id": 9, "response": 14}], "mean": 14.5, "mean_ratio": 9.666666666666666, "winner": 12, "winner_num": 3, "winner_player_id": [2, 3, 5]}, {"responses": [{"player_id": 0, "response": 10}, {"player_id": 1, "response": 10}, {"player_id": 2, "response": 10}, {"player_id": 3, "response": 9}, {"player_id": 4, "response": 8}, {"player_id": 5, "response": 8}, {"player_id": 6, "response": 19}, {"player_id": 7, "response": 10}, {"player_id": 8, "response": 10}, {"player_id": 9, "response": 10}], "mean": 10.4, "mean_ratio": 6.933333333333334, "winner": 8, "winner_num": 2, "winner_player_id": [4, 5]}, {"responses": [{"player_id": 0, "response": 5}, {"player_id": 1, "response": 9}, {"player_id": 2, "response": 5}, {"player_id": 3, "response": 5}, {"player_id": 4, "response": 4}, {"player_id": 5, "response": 6}, {"player_id": 6, "response": 7}, {"player_id": 7, "response": 7}, {"player_id": 8, "response": 5}, {"player_id": 9, "response": 8}], "mean": 6.1, "mean_ratio": 4.066666666666666, "winner": 4, "winner_num": 1, "winner_player_id": [4]}, {"responses": [{"player_id": 0, "response": 3}, {"player_id": 1, "response": 3}, {"player_id": 2, "response": 3}, {"player_id": 3, "response": 3}, {"player_id": 4, "response": 3}, {"player_id": 5, "response": 2}, {"player_id": 6, "response": 5}, {"player_id": 7, "response": 3}, {"player_id": 8, "response": 3}, {"player_id": 9, "response": 4}], "mean": 3.2, "mean_ratio": 2.1333333333333333, "winner": 2, "winner_num": 1, "winner_player_id": [5]}, {"responses": [{"player_id": 0, "response": 1}, {"player_id": 1, "response": 2}, {"player_id": 2, "response": 2}, {"player_id": 3, "response": 1}, {"player_id": 4, "response": 1}, {"player_id": 5, "response": 1}, {"player_id": 6, "response": 3}, {"player_id": 7, "response": 2}, {"player_id": 8, "response": 2}, {"player_id": 9, "response": 2}], "mean": 1.7, "mean_ratio": 1.1333333333333333, "winner": 1, "winner_num": 4, "winner_player_id": [0, 3, 4, 5]}, {"responses": [{"player_id": 0, "response": 1}, {"player_id": 1, "response": 1}, {"player_id": 2, "response": 3}, {"player_id": 3, "response": 2}, {"player_id": 4, "response": 1}, {"player_id": 5, "response": 3}, {"player_id": 6, "response": 0}, {"player_id": 7, "response": 0}, {"player_id": 8, "response": 1}, {"player_id": 9, "response": 1}], "mean": 1.3, "mean_ratio": 0.8666666666666667, "winner": 1, "winner_num": 5, "winner_player_id": [0, 1, 4, 8, 9]}, {"responses": [{"player_id": 0, "response": 1}, {"player_id": 1, "response": 0}, {"player_id": 2, "response": 100}, {"player_id": 3, "response": 1}, {"player_id": 4, "response": 1}, {"player_id": 5, "response": 2}, {"player_id": 6, "response": 2}, {"player_id": 7, "response": 1}, {"player_id": 8, "response": 0}, {"player_id": 9, "response": 1}], "mean": 10.9, "mean_ratio": 7.266666666666667, "winner": 2, "winner_num": 2, "winner_player_id": [5, 6]}, {"responses": [{"player_id": 0, "response": 8}, {"player_id": 1, "response": 6}, {"player_id": 2, "response": 7}, {"player_id": 3, "response": 7}, {"player_id": 4, "response": 7}, {"player_id": 5, "response": 8}, {"player_id": 6, "response": 4}, {"player_id": 7, "response": 7}, {"player_id": 8, "response": 7}, {"player_id": 9, "response": 7}], "mean": 6.8, "mean_ratio": 4.533333333333333, "winner": 4, "winner_num": 1, "winner_player_id": [6]}, {"responses": [{"player_id": 0, "response": 2}, {"player_id": 1, "response": 5}, {"player_id": 2, "response": 4}, {"player_id": 3, "response": 5}, {"player_id": 4, "response": 5}, {"player_id": 5, "response": 4}, {"player_id": 6, "response": 4}, {"player_id": 7, "response": 55}, {"player_id": 8, "response": 5}, {"player_id": 9, "response": 5}], "mean": 9.4, "mean_ratio": 6.266666666666667, "winner": 5, "winner_num": 5, "winner_player_id": [1, 3, 4, 8, 9]}, {"responses": [{"player_id": 0, "response": 7}, {"player_id": 1, "response": 6}, {"player_id": 2, "response": 6}, {"player_id": 3, "response": 6}, {"player_id": 4, "response": 6}, {"player_id": 5, "response": 6}, {"player_id": 6, "response": 7}, {"player_id": 7, "response": 9}, {"player_id": 8, "response": 6}, {"player_id": 9, "response": 6}], "mean": 6.5, "mean_ratio": 4.333333333333333, "winner": 6, "winner_num": 7, "winner_player_id": [1, 2, 3, 4, 5, 8, 9]}, {"responses": [{"player_id": 0, "response": 4}, {"player_id": 1, "response": 3}, {"player_id": 2, "response": 70}, {"player_id": 3, "response": 4}, {"player_id": 4, "response": 8}, {"player_id": 5, "response": 4}, {"player_id": 6, "response": 5}, {"player_id": 7, "response": 32}, {"player_id": 8, "response": 4}, {"player_id": 9, "response": 5}], "mean": 13.9, "mean_ratio": 9.266666666666666, "winner": 8, "winner_num": 1, "winner_player_id": [4]}, {"responses": [{"player_id": 0, "response": 14}, {"player_id": 1, "response": 13}, {"player_id": 2, "response": 45}, {"player_id": 3, "response": 8}, {"player_id": 4, "response": 9}, {"player_id": 5, "response": 5}, {"player_id": 6, "response": 8}, {"player_id": 7, "response": 42}, {"player_id": 8, "response": 14}, {"player_id": 9, "response": 9}], "mean": 16.7, "mean_ratio": 11.133333333333333, "winner": 13, "winner_num": 1, "winner_player_id": [1]}, {"responses": [{"player_id": 0, "response": 18}, {"player_id": 1, "response": 10}, {"player_id": 2, "response": 62}, {"player_id": 3, "response": 14}, {"player_id": 4, "response": 12}, {"player_id": 5, "response": 11}, {"player_id": 6, "response": 11}, {"player_id": 7, "response": 50}, {"player_id": 8, "response": 11}, {"player_id": 9, "response": 12}], "mean": 21.1, "mean_ratio": 14.066666666666666, "winner": 14, "winner_num": 1, "winner_player_id": [3]}, {"responses": [{"player_id": 0, "response": 20}, {"player_id": 1, "response": 19}, {"player_id": 2, "response": 85}, {"player_id": 3, "response": 11}, {"player_id": 4, "response": 15}, {"player_id": 5, "response": 12}, {"player_id": 6, "response": 19}, {"player_id": 7, "response": 16}, {"player_id": 8, "response": 14}, {"player_id": 9, "response": 15}], "mean": 22.6, "mean_ratio": 15.066666666666666, "winner": 15, "winner_num": 2, "winner_player_id": [4, 9]}, {"responses": [{"player_id": 0, "response": 16}, {"player_id": 1, "response": 16}, {"player_id": 2, "response": 73}, {"player_id": 3, "response": 16}, {"player_id": 4, "response": 16}, {"player_id": 5, "response": 17}, {"player_id": 6, "response": 17}, {"player_id": 7, "response": 14}, {"player_id": 8, "response": 16}, {"player_id": 9, "response": 14}], "mean": 21.5, "mean_ratio": 14.333333333333332, "winner": 14, "winner_num": 2, "winner_player_id": [7, 9]}, {"responses": [{"player_id": 0, "response": 20}, {"player_id": 1, "response": 15}, {"player_id": 2, "response": 54}, {"player_id": 3, "response": 16}, {"player_id": 4, "response": 17}, {"player_id": 5, "response": 15}, {"player_id": 6, "response": 13}, {"player_id": 7, "response": 14}, {"player_id": 8, "response": 17}, {"player_id": 9, "response": 14}], "mean": 19.5, "mean_ratio": 13.0, "winner": 13, "winner_num": 1, "winner_player_id": [6]}]}