{"meta": {"name_exp": "guessing_game", "player_num": 10, "min": 0, "max": 100, "ratio": 0.6666666666666666, "ratio_str": "2/3", "version": "v1", "run": 2, "lang_agent": "<JLI84K7>", "round": 20}, "round_records": [{"responses": [{"player_id": 0, "response": 40}, {"player_id": 1, "response": 34}, {"player_id": 2, "response": 67}, {"player_id": 3, "response": 67}, {"player_id": 4, "response": 67}, {"player_id": 5, "response": 50}, {"player_id": 6, "response": 67}, {"player_id": 7, "response": 66}, {"player_id": 8, "response": 67}, {"player_id": 9, "response": 70}], "mean": 59.5, "mean_ratio": 39.666666666666664, "winner": 40, "winner_num": 1, "winner_player_id": [0]}, {"responses": [{"player_id": 0, "response": 34}, {"player_id": 1, "response": 41}, {"player_id": 2, "response": 42}, {"player_id": 3, "response": 54}, {"player_id": 4, "response": 40}, {"player_id": 5, "response": 40}, {"player_id": 6, "response": 41}, {"player_id": 7, "response": 40}, {"player_id": 8, "response": 33}, {"player_id": 9, "response": 42}], "mean": 40.7, "mean_ratio": 27.133333333333333, "winner": 33, "winner_num": 1, "winner_player_id": [8]}, {"responses": [{"player_id": 0, "response": 28}, {"player_id": 1, "response": 19}, {"player_id": 2, "response": 29}, {"player_id": 3, "response": 27}, {"player_id": 4, "response": 33}, {"player_id": 5, "response": 30}, {"player_id": 6, "response": 25}, {"player_id": 7, "response": 27}, {"player_id": 8, "response": 25}, {"player_id": 9, "response": 28}], "mean": 27.1, "mean_ratio": 18.066666666666666, "winner": 19, "winner_num": 1, "winner_player_id": [1]}, {"responses": [{"player_id": 0, "response": 18}, {"player_id": 1, "response": 38}, {"player_id": 2, "response": 16}, {"player_id": 3, "response": 20}, {"player_id": 4, "response": 26}, {"player_id": 5, "response": 25}, {"player_id": 6, "response": 20}, {"player_id": 7, "response": 18}, {"player_id": 8, "response": 18}, {"player_id": 9, "response": 31}], "mean": 23, "mean_ratio": 15.333333333333332, "winner": 16, "winner_num": 1, "winner_player_id": [2]}, {"responses": [{"player_id": 0, "response": 17}, {"player_id": 1, "response": 15}, {"player_id": 2, "response": 20}, {"player_id": 3, "response": 14}, {"player_id": 4, "response": 22}, {"player_id": 5, "response": 20}, {"player_id": 6, "response": 16}, {"player_id": 7, "response": 15}, {"player_id": 8, "response": 12}, {"player_id": 9, "response": 30}], "mean": 18.1, "mean_ratio": 12.066666666666666, "winner": 12, "winner_num": 1, "winner_player_id": [8]}, {"responses": [{"player_id": 0, "response": 15}, {"player_id": 1, "response": 12}, {"player_id": 2, "response": 17}, {"player_id": 3, "response": 9}, {"player_id": 4, "response": 18}, {"player_id": 5, "response": 16}, {"player_id": 6, "response": 13}, {"player_id": 7, "response": 10}, {"player_id": 8, "response": 9}, {"player_id": 9, "response": 27}], "mean": 14.6, "mean_ratio": 9.733333333333333, "winner": 10, "winner_num": 1, "winner_player_id": [7]}, {"responses": [{"player_id": 0, "response": 12}, {"player_id": 1, "response": 8}, {"player_id": 2, "response": 14}, {"player_id": 3, "response": 6}, {"player_id": 4, "response": 16}, {"player_id": 5, "response": 13}, {"player_id": 6, "response": 9}, {"player_id": 7, "response": 7}, {"player_id": 8, "response": 7}, {"player_id": 9, "response": 24}], "mean": 11.6, "mean_ratio": 7.7333333333333325, "winner": 8, "winner_num": 1, "winner_player_id": [1]}, {"responses": [{"player_id": 0, "response": 8}, {"player_id": 1, "response": 18}, {"player_id": 2, "response": 9}, {"player_id": 3, "response": 5}, {"player_id": 4, "response": 12}, {"player_id": 5, "response": 10}, {"player_id": 6, "response": 7}, {"player_id": 7, "response": 9}, {"player_id": 8, "response": 6}, {"player_id": 9, "response": 21}], "mean": 10.5, "mean_ratio": 7.0, "winner": 7, "winner_num": 1, "winner_player_id": [6]}, {"responses": [{"player_id": 0, "response": 9}, {"player_id": 1, "response": 8}, {"player_id": 2, "response": 8}, {"player_id": 3, "response": 4}, {"player_id": 4, "response": 10}, {"player_id": 5, "response": 12}, {"player_id": 6, "response": 5}, {"player_id": 7, "response": 6}, {"player_id": 8, "response": 5}, {"player_id": 9, "response": 18}], "mean": 8.5, "mean_ratio": 5.666666666666666, "winner": 6, "winner_num": 1, "winner_player_id": [7]}, {"responses": [{"player_id": 0, "response": 10}, {"player_id": 1, "response": 8}, {"player_id": 2, "response": 7}, {"player_id": 3, "response": 3}, {"player_id": 4, "response": 8}, {"player_id": 5, "response": 8}, {"player_id": 6, "response": 7}, {"player_id": 7, "response": 8}, {"player_id": 8, "response": 4}, {"player_id": 9, "response": 15}], "mean": 7.8, "mean_ratio": 5.199999999999999, "winner": 4, "winner_num": 1, "winner_player_id": [8]}, {"responses": [{"player_id": 0, "response": 9}, {"player_id": 1, "response": 8}, {"player_id": 2, "response": 5}, {"player_id": 3, "response": 2}, {"player_id": 4, "response": 7}, {"player_id": 5, "response": 7}, {"player_id": 6, "response": 6}, {"player_id": 7, "response": 6}, {"player_id": 8, "response": 3}, {"player_id": 9, "response": 10}], "mean": 6.3, "mean_ratio": 4.199999999999999, "winner": 5, "winner_num": 1, "winner_player_id": [2]}, {"responses": [{"player_id": 0, "response": 7}, {"player_id": 1, "response": 9}, {"player_id": 2, "response": 4}, {"player_id": 3, "response": 2}, {"player_id": 4, "response": 6}, {"player_id": 5, "response": 6}, {"player_id": 6, "response": 4}, {"player_id": 7, "response": 5}, {"player_id": 8, "response": 2}, {"player_id": 9, "response": 9}], "mean": 5.4, "mean_ratio": 3.6, "winner": 4, "winner_num": 2, "winner_player_id": [2, 6]}, {"responses": [{"player_id": 0, "response": 6}, {"player_id": 1, "response": 8}, {"player_id": 2, "response": 3}, {"player_id": 3, "response": 2}, {"player_id": 4, "response": 5}, {"player_id": 5, "response": 6}, {"player_id": 6, "response": 3}, {"player_id": 7, "response": 4}, {"player_id": 8, "response": 2}, {"player_id": 9, "response": 6}], "mean": 4.5, "mean_ratio": 3.0, "winner": 3, "winner_num": 2, "winner_player_id": [2, 6]}, {"responses": [{"player_id": 0, "response": 6}, {"player_id": 1, "response": 5}, {"player_id": 2, "response": 2}, {"player_id": 3, "response": 1}, {"player_id": 4, "response": 4}, {"player_id": 5, "response": 5}, {"player_id": 6, "response": 2}, {"player_id": 7, "response": 3}, {"player_id": 8, "response": 1}, {"player_id": 9, "response": 6}], "mean": 3.5, "mean_ratio": 2.333333333333333, "winner": 2, "winner_num": 2, "winner_player_id": [2, 6]}, {"responses": [{"player_id": 0, "response": 5}, {"player_id": 1, "response": 5}, {"player_id": 2, "response": 3}, {"player_id": 3, "response": 1}, {"player_id": 4, "response": 4}, {"player_id": 5, "response": 4}, {"player_id": 6, "response": 2}, {"player_id": 7, "response": 2}, {"player_id": 8, "response": 1}, {"player_id": 9, "response": 4}], "mean": 3.1, "mean_ratio": 2.0666666666666664, "winner": 2, "winner_num": 2, "winner_player_id": [6, 7]}, {"responses": [{"player_id": 0, "response": 4}, {"player_id": 1, "response": 4}, {"player_id": 2, "response": 2}, {"player_id": 3, "response": 1}, {"player_id": 4, "response": 3}, {"player_id": 5, "response": 3}, {"player_id": 6, "response": 1}, {"player_id": 7, "response": 2}, {"player_id": 8, "response": 1}, {"player_id": 9, "response": 3}], "mean": 2.4, "mean_ratio": 1.5999999999999999, "winner": 2, "winner_num": 2, "winner_player_id": [2, 7]}, {"responses": [{"player_id": 0, "response": 5}, {"player_id": 1, "response": 4}, {"player_id": 2, "response": 2}, {"player_id": 3, "response": 0}, {"player_id": 4, "response": 2}, {"player_id": 5, "response": 3}, {"player_id": 6, "response": 2}, {"player_id": 7, "response": 2}, {"player_id": 8, "response": 0}, {"player_id": 9, "response": 2}], "mean": 2.2, "mean_ratio": 1.4666666666666668, "winner": 2, "winner_num": 5, "winner_player_id": [2, 4, 6, 7, 9]}, {"responses": [{"player_id": 0, "response": 4}, {"player_id": 1, "response": 4}, {"player_id": 2, "response": 2}, {"player_id": 3, "response": 0}, {"player_id": 4, "response": 1}, {"player_id": 5, "response": 2}, {"player_id": 6, "response": 1}, {"player_id": 7, "response": 2}, {"player_id": 8, "response": 0}, {"player_id": 9, "response": 2}], "mean": 1.8, "mean_ratio": 1.2, "winner": 1, "winner_num": 2, "winner_player_id": [4, 6]}, {"responses": [{"player_id": 0, "response": 4}, {"player_id": 1, "response": 4}, {"player_id": 2, "response": 1}, {"player_id": 3, "response": 0}, {"player_id": 4, "response": 1}, {"player_id": 5, "response": 2}, {"player_id": 6, "response": 2}, {"player_id": 7, "response": 2}, {"player_id": 8, "response": 0}, {"player_id": 9, "response": 2}], "mean": 1.8, "mean_ratio": 1.2, "winner": 1, "winner_num": 2, "winner_player_id": [2, 4]}, {"responses": [{"player_id": 0, "response": 3}, {"player_id": 1, "response": 4}, {"player_id": 2, "response": 1}, {"player_id": 3, "response": 0}, {"player_id": 4, "response": 1}, {"player_id": 5, "response": 2}, {"player_id": 6, "response": 1}, {"player_id": 7, "response": 2}, {"player_id": 8, "response": 0}, {"player_id": 9, "response": 2}], "mean": 1.6, "mean_ratio": 1.0666666666666667, "winner": 1, "winner_num": 3, "winner_player_id": [2, 4, 6]}]}