{"meta": {"name_exp": "guessing_game", "player_num": 10, "min": 0, "max": 100, "ratio": 0.6666666666666666, "ratio_str": "2/3", "version": "v1", "run": 1, "lang_agent": "<JLI84K7>", "round": 20}, "round_records": [{"responses": [{"player_id": 0, "response": 65}, {"player_id": 1, "response": 67}, {"player_id": 2, "response": 67}, {"player_id": 3, "response": 67}, {"player_id": 4, "response": 68}, {"player_id": 5, "response": 67}, {"player_id": 6, "response": 67}, {"player_id": 7, "response": 52}, {"player_id": 8, "response": 67}, {"player_id": 9, "response": 34}], "mean": 62.1, "mean_ratio": 41.4, "winner": 34, "winner_num": 1, "winner_player_id": [9]}, {"responses": [{"player_id": 0, "response": 39}, {"player_id": 1, "response": 42}, {"player_id": 2, "response": 40}, {"player_id": 3, "response": 42}, {"player_id": 4, "response": 42}, {"player_id": 5, "response": 40}, {"player_id": 6, "response": 41}, {"player_id": 7, "response": 35}, {"player_id": 8, "response": 41}, {"player_id": 9, "response": 27}], "mean": 38.9, "mean_ratio": 25.93333333333333, "winner": 27, "winner_num": 1, "winner_player_id": [9]}, {"responses": [{"player_id": 0, "response": 26}, {"player_id": 1, "response": 30}, {"player_id": 2, "response": 33}, {"player_id": 3, "response": 30}, {"player_id": 4, "response": 28}, {"player_id": 5, "response": 41}, {"player_id": 6, "response": 27}, {"player_id": 7, "response": 29}, {"player_id": 8, "response": 29}, {"player_id": 9, "response": 26}], "mean": 29.9, "mean_ratio": 19.93333333333333, "winner": 26, "winner_num": 2, "winner_player_id": [0, 9]}, {"responses": [{"player_id": 0, "response": 35}, {"player_id": 1, "response": 25}, {"player_id": 2, "response": 20}, {"player_id": 3, "response": 20}, {"player_id": 4, "response": 20}, {"player_id": 5, "response": 24}, {"player_id": 6, "response": 19}, {"player_id": 7, "response": 30}, {"player_id": 8, "response": 20}, {"player_id": 9, "response": 19}], "mean": 23.2, "mean_ratio": 15.466666666666665, "winner": 19, "winner_num": 2, "winner_player_id": [6, 9]}, {"responses": [{"player_id": 0, "response": 15}, {"player_id": 1, "response": 27}, {"player_id": 2, "response": 27}, {"player_id": 3, "response": 15}, {"player_id": 4, "response": 15}, {"player_id": 5, "response": 19}, {"player_id": 6, "response": 23}, {"player_id": 7, "response": 17}, {"player_id": 8, "response": 15}, {"player_id": 9, "response": 14}], "mean": 18.7, "mean_ratio": 12.466666666666665, "winner": 14, "winner_num": 1, "winner_player_id": [9]}, {"responses": [{"player_id": 0, "response": 8}, {"player_id": 1, "response": 22}, {"player_id": 2, "response": 18}, {"player_id": 3, "response": 16}, {"player_id": 4, "response": 14}, {"player_id": 5, "response": 15}, {"player_id": 6, "response": 35}, {"player_id": 7, "response": 20}, {"player_id": 8, "response": 15}, {"player_id": 9, "response": 10}], "mean": 17.3, "mean_ratio": 11.533333333333333, "winner": 10, "winner_num": 1, "winner_player_id": [9]}, {"responses": [{"player_id": 0, "response": 10}, {"player_id": 1, "response": 20}, {"player_id": 2, "response": 12}, {"player_id": 3, "response": 11}, {"player_id": 4, "response": 12}, {"player_id": 5, "response": 20}, {"player_id": 6, "response": 36}, {"player_id": 7, "response": 20}, {"player_id": 8, "response": 12}, {"player_id": 9, "response": 7}], "mean": 16, "mean_ratio": 10.666666666666666, "winner": 11, "winner_num": 1, "winner_player_id": [3]}, {"responses": [{"player_id": 0, "response": 5}, {"player_id": 1, "response": 17}, {"player_id": 2, "response": 16}, {"player_id": 3, "response": 18}, {"player_id": 4, "response": 10}, {"player_id": 5, "response": 15}, {"player_id": 6, "response": 38}, {"player_id": 7, "response": 14}, {"player_id": 8, "response": 12}, {"player_id": 9, "response": 11}], "mean": 15.6, "mean_ratio": 10.399999999999999, "winner": 10, "winner_num": 1, "winner_player_id": [4]}, {"responses": [{"player_id": 0, "response": 7}, {"player_id": 1, "response": 23}, {"player_id": 2, "response": 17}, {"player_id": 3, "response": 25}, {"player_id": 4, "response": 7}, {"player_id": 5, "response": 10}, {"player_id": 6, "response": 44}, {"player_id": 7, "response": 10}, {"player_id": 8, "response": 12}, {"player_id": 9, "response": 7}], "mean": 16.2, "mean_ratio": 10.799999999999999, "winner": 10, "winner_num": 2, "winner_player_id": [5, 7]}, {"responses": [{"player_id": 0, "response": 2}, {"player_id": 1, "response": 29}, {"player_id": 2, "response": 14}, {"player_id": 3, "response": 18}, {"player_id": 4, "response": 11}, {"player_id": 5, "response": 10}, {"player_id": 6, "response": 49}, {"player_id": 7, "response": 7}, {"player_id": 8, "response": 12}, {"player_id": 9, "response": 7}], "mean": 15.9, "mean_ratio": 10.6, "winner": 11, "winner_num": 1, "winner_player_id": [4]}, {"responses": [{"player_id": 0, "response": 20}, {"player_id": 1, "response": 20}, {"player_id": 2, "response": 17}, {"player_id": 3, "response": 22}, {"player_id": 4, "response": 10}, {"player_id": 5, "response": 11}, {"player_id": 6, "response": 50}, {"player_id": 7, "response": 23}, {"player_id": 8, "response": 12}, {"player_id": 9, "response": 7}], "mean": 19.2, "mean_ratio": 12.799999999999999, "winner": 12, "winner_num": 1, "winner_player_id": [8]}, {"responses": [{"player_id": 0, "response": 13}, {"player_id": 1, "response": 27}, {"player_id": 2, "response": 21}, {"player_id": 3, "response": 19}, {"player_id": 4, "response": 13}, {"player_id": 5, "response": 15}, {"player_id": 6, "response": 58}, {"player_id": 7, "response": 10}, {"player_id": 8, "response": 12}, {"player_id": 9, "response": 8}], "mean": 19.6, "mean_ratio": 13.066666666666666, "winner": 13, "winner_num": 2, "winner_player_id": [0, 4]}, {"responses": [{"player_id": 0, "response": 8}, {"player_id": 1, "response": 19}, {"player_id": 2, "response": 16}, {"player_id": 3, "response": 25}, {"player_id": 4, "response": 9}, {"player_id": 5, "response": 11}, {"player_id": 6, "response": 63}, {"player_id": 7, "response": 21}, {"player_id": 8, "response": 13}, {"player_id": 9, "response": 9}], "mean": 19.4, "mean_ratio": 12.933333333333332, "winner": 13, "winner_num": 1, "winner_player_id": [8]}, {"responses": [{"player_id": 0, "response": 10}, {"player_id": 1, "response": 26}, {"player_id": 2, "response": 19}, {"player_id": 3, "response": 19}, {"player_id": 4, "response": 14}, {"player_id": 5, "response": 15}, {"player_id": 6, "response": 62}, {"player_id": 7, "response": 6}, {"player_id": 8, "response": 13}, {"player_id": 9, "response": 9}], "mean": 19.3, "mean_ratio": 12.866666666666667, "winner": 13, "winner_num": 1, "winner_player_id": [8]}, {"responses": [{"player_id": 0, "response": 14}, {"player_id": 1, "response": 32}, {"player_id": 2, "response": 18}, {"player_id": 3, "response": 22}, {"player_id": 4, "response": 9}, {"player_id": 5, "response": 13}, {"player_id": 6, "response": 61}, {"player_id": 7, "response": 21}, {"player_id": 8, "response": 13}, {"player_id": 9, "response": 8}], "mean": 21.1, "mean_ratio": 14.066666666666666, "winner": 14, "winner_num": 1, "winner_player_id": [0]}, {"responses": [{"player_id": 0, "response": 14}, {"player_id": 1, "response": 41}, {"player_id": 2, "response": 23}, {"player_id": 3, "response": 14}, {"player_id": 4, "response": 15}, {"player_id": 5, "response": 59}, {"player_id": 6, "response": 51}, {"player_id": 7, "response": 15}, {"player_id": 8, "response": 14}, {"player_id": 9, "response": 9}], "mean": 25.5, "mean_ratio": 17.0, "winner": 15, "winner_num": 2, "winner_player_id": [4, 7]}, {"responses": [{"player_id": 0, "response": 15}, {"player_id": 1, "response": 38}, {"player_id": 2, "response": 22}, {"player_id": 3, "response": 27}, {"player_id": 4, "response": 11}, {"player_id": 5, "response": 68}, {"player_id": 6, "response": 30}, {"player_id": 7, "response": 35}, {"player_id": 8, "response": 14}, {"player_id": 9, "response": 10}], "mean": 27, "mean_ratio": 18.0, "winner": 15, "winner_num": 1, "winner_player_id": [0]}, {"responses": [{"player_id": 0, "response": 13}, {"player_id": 1, "response": 44}, {"player_id": 2, "response": 19}, {"player_id": 3, "response": 25}, {"player_id": 4, "response": 22}, {"player_id": 5, "response": 18}, {"player_id": 6, "response": 62}, {"player_id": 7, "response": 20}, {"player_id": 8, "response": 14}, {"player_id": 9, "response": 11}], "mean": 24.8, "mean_ratio": 16.53333333333333, "winner": 18, "winner_num": 1, "winner_player_id": [5]}, {"responses": [{"player_id": 0, "response": 18}, {"player_id": 1, "response": 36}, {"player_id": 2, "response": 27}, {"player_id": 3, "response": 17}, {"player_id": 4, "response": 19}, {"player_id": 5, "response": 16}, {"player_id": 6, "response": 70}, {"player_id": 7, "response": 18}, {"player_id": 8, "response": 20}, {"player_id": 9, "response": 12}], "mean": 25.3, "mean_ratio": 16.866666666666667, "winner": 17, "winner_num": 1, "winner_player_id": [3]}, {"responses": [{"player_id": 0, "response": 14}, {"player_id": 1, "response": 45}, {"player_id": 2, "response": 23}, {"player_id": 3, "response": 25}, {"player_id": 4, "response": 14}, {"player_id": 5, "response": 10}, {"player_id": 6, "response": 58}, {"player_id": 7, "response": 21}, {"player_id": 8, "response": 14}, {"player_id": 9, "response": 12}], "mean": 23.6, "mean_ratio": 15.733333333333334, "winner": 14, "winner_num": 3, "winner_player_id": [0, 4, 8]}]}