{"meta": {"name_exp": "guessing_game", "player_num": 10, "min": 0, "max": 100, "ratio": 0.6666666666666666, "ratio_str": "2/3", "version": "v1", "run": 4, "lang_agent": "<JLI84K7>", "round": 20}, "round_records": [{"responses": [{"player_id": 0, "response": 67}, {"player_id": 1, "response": 34}, {"player_id": 2, "response": 67}, {"player_id": 3, "response": 67}, {"player_id": 4, "response": 67}, {"player_id": 5, "response": 67}, {"player_id": 6, "response": 40}, {"player_id": 7, "response": 67}, {"player_id": 8, "response": 67}, {"player_id": 9, "response": 55}], "mean": 59.8, "mean_ratio": 39.86666666666666, "winner": 40, "winner_num": 1, "winner_player_id": [6]}, {"responses": [{"player_id": 0, "response": 39}, {"player_id": 1, "response": 50}, {"player_id": 2, "response": 33}, {"player_id": 3, "response": 38}, {"player_id": 4, "response": 42}, {"player_id": 5, "response": 40}, {"player_id": 6, "response": 37}, {"player_id": 7, "response": 40}, {"player_id": 8, "response": 50}, {"player_id": 9, "response": 45}], "mean": 41.4, "mean_ratio": 27.599999999999998, "winner": 33, "winner_num": 1, "winner_player_id": [2]}, {"responses": [{"player_id": 0, "response": 28}, {"player_id": 1, "response": 30}, {"player_id": 2, "response": 27}, {"player_id": 3, "response": 28}, {"player_id": 4, "response": 28}, {"player_id": 5, "response": 36}, {"player_id": 6, "response": 28}, {"player_id": 7, "response": 25}, {"player_id": 8, "response": 36}, {"player_id": 9, "response": 35}], "mean": 30.1, "mean_ratio": 20.066666666666666, "winner": 25, "winner_num": 1, "winner_player_id": [7]}, {"responses": [{"player_id": 0, "response": 24}, {"player_id": 1, "response": 50}, {"player_id": 2, "response": 23}, {"player_id": 3, "response": 23}, {"player_id": 4, "response": 23}, {"player_id": 5, "response": 29}, {"player_id": 6, "response": 22}, {"player_id": 7, "response": 34}, {"player_id": 8, "response": 45}, {"player_id": 9, "response": 30}], "mean": 30.3, "mean_ratio": 20.2, "winner": 22, "winner_num": 1, "winner_player_id": [6]}, {"responses": [{"player_id": 0, "response": 20}, {"player_id": 1, "response": 36}, {"player_id": 2, "response": 27}, {"player_id": 3, "response": 29}, {"player_id": 4, "response": 22}, {"player_id": 5, "response": 31}, {"player_id": 6, "response": 29}, {"player_id": 7, "response": 25}, {"player_id": 8, "response": 42}, {"player_id": 9, "response": 26}], "mean": 28.7, "mean_ratio": 19.133333333333333, "winner": 20, "winner_num": 1, "winner_player_id": [0]}, {"responses": [{"player_id": 0, "response": 20}, {"player_id": 1, "response": 41}, {"player_id": 2, "response": 24}, {"player_id": 3, "response": 25}, {"player_id": 4, "response": 19}, {"player_id": 5, "response": 26}, {"player_id": 6, "response": 22}, {"player_id": 7, "response": 36}, {"player_id": 8, "response": 35}, {"player_id": 9, "response": 25}], "mean": 27.3, "mean_ratio": 18.2, "winner": 19, "winner_num": 1, "winner_player_id": [4]}, {"responses": [{"player_id": 0, "response": 19}, {"player_id": 1, "response": 37}, {"player_id": 2, "response": 25}, {"player_id": 3, "response": 27}, {"player_id": 4, "response": 18}, {"player_id": 5, "response": 32}, {"player_id": 6, "response": 24}, {"player_id": 7, "response": 24}, {"player_id": 8, "response": 48}, {"player_id": 9, "response": 23}], "mean": 27.7, "mean_ratio": 18.466666666666665, "winner": 18, "winner_num": 1, "winner_player_id": [4]}, {"responses": [{"player_id": 0, "response": 19}, {"player_id": 1, "response": 46}, {"player_id": 2, "response": 24}, {"player_id": 3, "response": 26}, {"player_id": 4, "response": 20}, {"player_id": 5, "response": 25}, {"player_id": 6, "response": 22}, {"player_id": 7, "response": 25}, {"player_id": 8, "response": 37}, {"player_id": 9, "response": 22}], "mean": 26.6, "mean_ratio": 17.733333333333334, "winner": 19, "winner_num": 1, "winner_player_id": [0]}, {"responses": [{"player_id": 0, "response": 17}, {"player_id": 1, "response": 35}, {"player_id": 2, "response": 25}, {"player_id": 3, "response": 25}, {"player_id": 4, "response": 19}, {"player_id": 5, "response": 35}, {"player_id": 6, "response": 21}, {"player_id": 7, "response": 27}, {"player_id": 8, "response": 49}, {"player_id": 9, "response": 19}], "mean": 27.2, "mean_ratio": 18.133333333333333, "winner": 19, "winner_num": 2, "winner_player_id": [4, 9]}, {"responses": [{"player_id": 0, "response": 19}, {"player_id": 1, "response": 35}, {"player_id": 2, "response": 28}, {"player_id": 3, "response": 20}, {"player_id": 4, "response": 20}, {"player_id": 5, "response": 28}, {"player_id": 6, "response": 20}, {"player_id": 7, "response": 18}, {"player_id": 8, "response": 33}, {"player_id": 9, "response": 20}], "mean": 24.1, "mean_ratio": 16.066666666666666, "winner": 18, "winner_num": 1, "winner_player_id": [7]}, {"responses": [{"player_id": 0, "response": 18}, {"player_id": 1, "response": 32}, {"player_id": 2, "response": 25}, {"player_id": 3, "response": 19}, {"player_id": 4, "response": 17}, {"player_id": 5, "response": 19}, {"player_id": 6, "response": 19}, {"player_id": 7, "response": 27}, {"player_id": 8, "response": 39}, {"player_id": 9, "response": 22}], "mean": 23.7, "mean_ratio": 15.799999999999999, "winner": 17, "winner_num": 1, "winner_player_id": [4]}, {"responses": [{"player_id": 0, "response": 14}, {"player_id": 1, "response": 45}, {"player_id": 2, "response": 24}, {"player_id": 3, "response": 21}, {"player_id": 4, "response": 18}, {"player_id": 5, "response": 32}, {"player_id": 6, "response": 18}, {"player_id": 7, "response": 18}, {"player_id": 8, "response": 40}, {"player_id": 9, "response": 16}], "mean": 24.6, "mean_ratio": 16.4, "winner": 16, "winner_num": 1, "winner_player_id": [9]}, {"responses": [{"player_id": 0, "response": 19}, {"player_id": 1, "response": 37}, {"player_id": 2, "response": 30}, {"player_id": 3, "response": 20}, {"player_id": 4, "response": 17}, {"player_id": 5, "response": 21}, {"player_id": 6, "response": 19}, {"player_id": 7, "response": 28}, {"player_id": 8, "response": 42}, {"player_id": 9, "response": 23}], "mean": 25.6, "mean_ratio": 17.066666666666666, "winner": 17, "winner_num": 1, "winner_player_id": [4]}, {"responses": [{"player_id": 0, "response": 18}, {"player_id": 1, "response": 35}, {"player_id": 2, "response": 24}, {"player_id": 3, "response": 25}, {"player_id": 4, "response": 18}, {"player_id": 5, "response": 33}, {"player_id": 6, "response": 22}, {"player_id": 7, "response": 18}, {"player_id": 8, "response": 36}, {"player_id": 9, "response": 17}], "mean": 24.6, "mean_ratio": 16.4, "winner": 17, "winner_num": 1, "winner_player_id": [9]}, {"responses": [{"player_id": 0, "response": 16}, {"player_id": 1, "response": 67}, {"player_id": 2, "response": 24}, {"player_id": 3, "response": 23}, {"player_id": 4, "response": 18}, {"player_id": 5, "response": 26}, {"player_id": 6, "response": 22}, {"player_id": 7, "response": 28}, {"player_id": 8, "response": 45}, {"player_id": 9, "response": 23}], "mean": 29.2, "mean_ratio": 19.466666666666665, "winner": 18, "winner_num": 1, "winner_player_id": [4]}, {"responses": [{"player_id": 0, "response": 17}, {"player_id": 1, "response": 42}, {"player_id": 2, "response": 23}, {"player_id": 3, "response": 29}, {"player_id": 4, "response": 20}, {"player_id": 5, "response": 35}, {"player_id": 6, "response": 22}, {"player_id": 7, "response": 31}, {"player_id": 8, "response": 39}, {"player_id": 9, "response": 19}], "mean": 27.7, "mean_ratio": 18.466666666666665, "winner": 19, "winner_num": 1, "winner_player_id": [9]}, {"responses": [{"player_id": 0, "response": 18}, {"player_id": 1, "response": 32}, {"player_id": 2, "response": 31}, {"player_id": 3, "response": 33}, {"player_id": 4, "response": 17}, {"player_id": 5, "response": 26}, {"player_id": 6, "response": 22}, {"player_id": 7, "response": 28}, {"player_id": 8, "response": 43}, {"player_id": 9, "response": 22}], "mean": 27.2, "mean_ratio": 18.133333333333333, "winner": 18, "winner_num": 1, "winner_player_id": [0]}, {"responses": [{"player_id": 0, "response": 18}, {"player_id": 1, "response": 61}, {"player_id": 2, "response": 29}, {"player_id": 3, "response": 32}, {"player_id": 4, "response": 19}, {"player_id": 5, "response": 29}, {"player_id": 6, "response": 22}, {"player_id": 7, "response": 24}, {"player_id": 8, "response": 42}, {"player_id": 9, "response": 25}], "mean": 30.1, "mean_ratio": 20.066666666666666, "winner": 19, "winner_num": 1, "winner_player_id": [4]}, {"responses": [{"player_id": 0, "response": 20}, {"player_id": 1, "response": 47}, {"player_id": 2, "response": 28}, {"player_id": 3, "response": 28}, {"player_id": 4, "response": 20}, {"player_id": 5, "response": 33}, {"player_id": 6, "response": 22}, {"player_id": 7, "response": 25}, {"player_id": 8, "response": 44}, {"player_id": 9, "response": 26}], "mean": 29.3, "mean_ratio": 19.53333333333333, "winner": 20, "winner_num": 2, "winner_player_id": [0, 4]}, {"responses": [{"player_id": 0, "response": 19}, {"player_id": 1, "response": 40}, {"player_id": 2, "response": 22}, {"player_id": 3, "response": 23}, {"player_id": 4, "response": 20}, {"player_id": 5, "response": 28}, {"player_id": 6, "response": 22}, {"player_id": 7, "response": 27}, {"player_id": 8, "response": 42}, {"player_id": 9, "response": 26}], "mean": 26.9, "mean_ratio": 17.93333333333333, "winner": 19, "winner_num": 1, "winner_player_id": [0]}]}