{"meta": {"name_exp": "guessing_game", "player_num": 10, "min": 0, "max": 100, "ratio": 0.6666666666666666, "ratio_str": "2/3", "version": "v1", "run": 3, "lang_agent": "<JLI84K7>", "round": 20}, "round_records": [{"responses": [{"player_id": 0, "response": 33}, {"player_id": 1, "response": 67}, {"player_id": 2, "response": 67}, {"player_id": 3, "response": 66}, {"player_id": 4, "response": 33}, {"player_id": 5, "response": 67}, {"player_id": 6, "response": 67}, {"player_id": 7, "response": 67}, {"player_id": 8, "response": 67}, {"player_id": 9, "response": 50}], "mean": 58.4, "mean_ratio": 38.93333333333333, "winner": 33, "winner_num": 2, "winner_player_id": [0, 4]}, {"responses": [{"player_id": 0, "response": 37}, {"player_id": 1, "response": 39}, {"player_id": 2, "response": 44}, {"player_id": 3, "response": 32}, {"player_id": 4, "response": 39}, {"player_id": 5, "response": 37}, {"player_id": 6, "response": 39}, {"player_id": 7, "response": 41}, {"player_id": 8, "response": 34}, {"player_id": 9, "response": 40}], "mean": 38.2, "mean_ratio": 25.46666666666667, "winner": 32, "winner_num": 1, "winner_player_id": [3]}, {"responses": [{"player_id": 0, "response": 25}, {"player_id": 1, "response": 27}, {"player_id": 2, "response": 36}, {"player_id": 3, "response": 27}, {"player_id": 4, "response": 27}, {"player_id": 5, "response": 27}, {"player_id": 6, "response": 27}, {"player_id": 7, "response": 33}, {"player_id": 8, "response": 70}, {"player_id": 9, "response": 27}], "mean": 32.6, "mean_ratio": 21.733333333333334, "winner": 25, "winner_num": 1, "winner_player_id": [0]}, {"responses": [{"player_id": 0, "response": 21}, {"player_id": 1, "response": 23}, {"player_id": 2, "response": 29}, {"player_id": 3, "response": 32}, {"player_id": 4, "response": 18}, {"player_id": 5, "response": 22}, {"player_id": 6, "response": 20}, {"player_id": 7, "response": 23}, {"player_id": 8, "response": 32}, {"player_id": 9, "response": 22}], "mean": 24.2, "mean_ratio": 16.133333333333333, "winner": 18, "winner_num": 1, "winner_player_id": [4]}, {"responses": [{"player_id": 0, "response": 18}, {"player_id": 1, "response": 29}, {"player_id": 2, "response": 22}, {"player_id": 3, "response": 18}, {"player_id": 4, "response": 24}, {"player_id": 5, "response": 17}, {"player_id": 6, "response": 13}, {"player_id": 7, "response": 29}, {"player_id": 8, "response": 25}, {"player_id": 9, "response": 18}], "mean": 21.3, "mean_ratio": 14.2, "winner": 13, "winner_num": 1, "winner_player_id": [6]}, {"responses": [{"player_id": 0, "response": 11}, {"player_id": 1, "response": 20}, {"player_id": 2, "response": 29}, {"player_id": 3, "response": 20}, {"player_id": 4, "response": 14}, {"player_id": 5, "response": 11}, {"player_id": 6, "response": 14}, {"player_id": 7, "response": 32}, {"player_id": 8, "response": 33}, {"player_id": 9, "response": 13}], "mean": 19.7, "mean_ratio": 13.133333333333333, "winner": 13, "winner_num": 1, "winner_player_id": [9]}, {"responses": [{"player_id": 0, "response": 10}, {"player_id": 1, "response": 19}, {"player_id": 2, "response": 20}, {"player_id": 3, "response": 16}, {"player_id": 4, "response": 12}, {"player_id": 5, "response": 12}, {"player_id": 6, "response": 14}, {"player_id": 7, "response": 21}, {"player_id": 8, "response": 24}, {"player_id": 9, "response": 10}], "mean": 15.8, "mean_ratio": 10.533333333333333, "winner": 10, "winner_num": 2, "winner_player_id": [0, 9]}, {"responses": [{"player_id": 0, "response": 7}, {"player_id": 1, "response": 15}, {"player_id": 2, "response": 30}, {"player_id": 3, "response": 12}, {"player_id": 4, "response": 9}, {"player_id": 5, "response": 8}, {"player_id": 6, "response": 9}, {"player_id": 7, "response": 32}, {"player_id": 8, "response": 34}, {"player_id": 9, "response": 7}], "mean": 16.3, "mean_ratio": 10.866666666666667, "winner": 12, "winner_num": 1, "winner_player_id": [3]}, {"responses": [{"player_id": 0, "response": 10}, {"player_id": 1, "response": 23}, {"player_id": 2, "response": 22}, {"player_id": 3, "response": 18}, {"player_id": 4, "response": 11}, {"player_id": 5, "response": 12}, {"player_id": 6, "response": 13}, {"player_id": 7, "response": 22}, {"player_id": 8, "response": 26}, {"player_id": 9, "response": 12}], "mean": 16.9, "mean_ratio": 11.266666666666666, "winner": 11, "winner_num": 1, "winner_player_id": [4]}, {"responses": [{"player_id": 0, "response": 10}, {"player_id": 1, "response": 22}, {"player_id": 2, "response": 33}, {"player_id": 3, "response": 32}, {"player_id": 4, "response": 14}, {"player_id": 5, "response": 15}, {"player_id": 6, "response": 12}, {"player_id": 7, "response": 33}, {"player_id": 8, "response": 32}, {"player_id": 9, "response": 9}], "mean": 21.2, "mean_ratio": 14.133333333333333, "winner": 14, "winner_num": 1, "winner_player_id": [4]}, {"responses": [{"player_id": 0, "response": 9}, {"player_id": 1, "response": 27}, {"player_id": 2, "response": 32}, {"player_id": 3, "response": 20}, {"player_id": 4, "response": 9}, {"player_id": 5, "response": 9}, {"player_id": 6, "response": 11}, {"player_id": 7, "response": 23}, {"player_id": 8, "response": 22}, {"player_id": 9, "response": 14}], "mean": 17.6, "mean_ratio": 11.733333333333334, "winner": 11, "winner_num": 1, "winner_player_id": [6]}, {"responses": [{"player_id": 0, "response": 7}, {"player_id": 1, "response": 19}, {"player_id": 2, "response": 42}, {"player_id": 3, "response": 19}, {"player_id": 4, "response": 10}, {"player_id": 5, "response": 12}, {"player_id": 6, "response": 13}, {"player_id": 7, "response": 35}, {"player_id": 8, "response": 32}, {"player_id": 9, "response": 8}], "mean": 19.7, "mean_ratio": 13.133333333333333, "winner": 13, "winner_num": 1, "winner_player_id": [6]}, {"responses": [{"player_id": 0, "response": 9}, {"player_id": 1, "response": 26}, {"player_id": 2, "response": 28}, {"player_id": 3, "response": 22}, {"player_id": 4, "response": 12}, {"player_id": 5, "response": 9}, {"player_id": 6, "response": 11}, {"player_id": 7, "response": 24}, {"player_id": 8, "response": 27}, {"player_id": 9, "response": 15}], "mean": 18.3, "mean_ratio": 12.2, "winner": 12, "winner_num": 1, "winner_player_id": [4]}, {"responses": [{"player_id": 0, "response": 7}, {"player_id": 1, "response": 20}, {"player_id": 2, "response": 25}, {"player_id": 3, "response": 15}, {"player_id": 4, "response": 8}, {"player_id": 5, "response": 14}, {"player_id": 6, "response": 12}, {"player_id": 7, "response": 30}, {"player_id": 8, "response": 26}, {"player_id": 9, "response": 10}], "mean": 16.7, "mean_ratio": 11.133333333333333, "winner": 12, "winner_num": 1, "winner_player_id": [6]}, {"responses": [{"player_id": 0, "response": 8}, {"player_id": 1, "response": 22}, {"player_id": 2, "response": 33}, {"player_id": 3, "response": 19}, {"player_id": 4, "response": 11}, {"player_id": 5, "response": 9}, {"player_id": 6, "response": 13}, {"player_id": 7, "response": 22}, {"player_id": 8, "response": 28}, {"player_id": 9, "response": 13}], "mean": 17.8, "mean_ratio": 11.866666666666667, "winner": 11, "winner_num": 1, "winner_player_id": [4]}, {"responses": [{"player_id": 0, "response": 7}, {"player_id": 1, "response": 35}, {"player_id": 2, "response": 40}, {"player_id": 3, "response": 22}, {"player_id": 4, "response": 13}, {"player_id": 5, "response": 14}, {"player_id": 6, "response": 12}, {"player_id": 7, "response": 33}, {"player_id": 8, "response": 33}, {"player_id": 9, "response": 9}], "mean": 21.8, "mean_ratio": 14.533333333333333, "winner": 14, "winner_num": 1, "winner_player_id": [5]}, {"responses": [{"player_id": 0, "response": 7}, {"player_id": 1, "response": 29}, {"player_id": 2, "response": 30}, {"player_id": 3, "response": 19}, {"player_id": 4, "response": 11}, {"player_id": 5, "response": 15}, {"player_id": 6, "response": 12}, {"player_id": 7, "response": 35}, {"player_id": 8, "response": 26}, {"player_id": 9, "response": 12}], "mean": 19.6, "mean_ratio": 13.066666666666666, "winner": 12, "winner_num": 2, "winner_player_id": [6, 9]}, {"responses": [{"player_id": 0, "response": 7}, {"player_id": 1, "response": 33}, {"player_id": 2, "response": 36}, {"player_id": 3, "response": 16}, {"player_id": 4, "response": 11}, {"player_id": 5, "response": 13}, {"player_id": 6, "response": 13}, {"player_id": 7, "response": 25}, {"player_id": 8, "response": 33}, {"player_id": 9, "response": 9}], "mean": 19.6, "mean_ratio": 13.066666666666666, "winner": 13, "winner_num": 2, "winner_player_id": [5, 6]}, {"responses": [{"player_id": 0, "response": 7}, {"player_id": 1, "response": 30}, {"player_id": 2, "response": 43}, {"player_id": 3, "response": 22}, {"player_id": 4, "response": 13}, {"player_id": 5, "response": 15}, {"player_id": 6, "response": 13}, {"player_id": 7, "response": 32}, {"player_id": 8, "response": 34}, {"player_id": 9, "response": 13}], "mean": 22.2, "mean_ratio": 14.799999999999999, "winner": 15, "winner_num": 1, "winner_player_id": [5]}, {"responses": [{"player_id": 0, "response": 11}, {"player_id": 1, "response": 40}, {"player_id": 2, "response": 38}, {"player_id": 3, "response": 27}, {"player_id": 4, "response": 15}, {"player_id": 5, "response": 15}, {"player_id": 6, "response": 14}, {"player_id": 7, "response": 25}, {"player_id": 8, "response": 33}, {"player_id": 9, "response": 9}], "mean": 22.7, "mean_ratio": 15.133333333333333, "winner": 15, "winner_num": 2, "winner_player_id": [4, 5]}]}