{"meta": {"name_exp": "guessing_game", "player_num": 10, "min": 0, "max": 100, "ratio": 0.6666666666666666, "ratio_str": "2/3", "version": "v1", "run": 5, "lang_agent": "<JLI84K7>", "round": 20}, "round_records": [{"responses": [{"player_id": 0, "response": 34}, {"player_id": 1, "response": 59}, {"player_id": 2, "response": 33}, {"player_id": 3, "response": 67}, {"player_id": 4, "response": 67}, {"player_id": 5, "response": 65}, {"player_id": 6, "response": 67}, {"player_id": 7, "response": 67}, {"player_id": 8, "response": 67}, {"player_id": 9, "response": 67}], "mean": 59.3, "mean_ratio": 39.53333333333333, "winner": 34, "winner_num": 1, "winner_player_id": [0]}, {"responses": [{"player_id": 0, "response": 39}, {"player_id": 1, "response": 40}, {"player_id": 2, "response": 40}, {"player_id": 3, "response": 42}, {"player_id": 4, "response": 40}, {"player_id": 5, "response": 40}, {"player_id": 6, "response": 35}, {"player_id": 7, "response": 40}, {"player_id": 8, "response": 42}, {"player_id": 9, "response": 35}], "mean": 39.3, "mean_ratio": 26.199999999999996, "winner": 35, "winner_num": 2, "winner_player_id": [6, 9]}, {"responses": [{"player_id": 0, "response": 26}, {"player_id": 1, "response": 25}, {"player_id": 2, "response": 23}, {"player_id": 3, "response": 30}, {"player_id": 4, "response": 28}, {"player_id": 5, "response": 27}, {"player_id": 6, "response": 28}, {"player_id": 7, "response": 37}, {"player_id": 8, "response": 28}, {"player_id": 9, "response": 30}], "mean": 28.2, "mean_ratio": 18.799999999999997, "winner": 23, "winner_num": 1, "winner_player_id": [2]}, {"responses": [{"player_id": 0, "response": 24}, {"player_id": 1, "response": 26}, {"player_id": 2, "response": 35}, {"player_id": 3, "response": 22}, {"player_id": 4, "response": 32}, {"player_id": 5, "response": 22}, {"player_id": 6, "response": 23}, {"player_id": 7, "response": 32}, {"player_id": 8, "response": 26}, {"player_id": 9, "response": 26}], "mean": 26.8, "mean_ratio": 17.866666666666667, "winner": 22, "winner_num": 2, "winner_player_id": [3, 5]}, {"responses": [{"player_id": 0, "response": 26}, {"player_id": 1, "response": 25}, {"player_id": 2, "response": 23}, {"player_id": 3, "response": 25}, {"player_id": 4, "response": 26}, {"player_id": 5, "response": 20}, {"player_id": 6, "response": 21}, {"player_id": 7, "response": 32}, {"player_id": 8, "response": 35}, {"player_id": 9, "response": 31}], "mean": 26.4, "mean_ratio": 17.599999999999998, "winner": 20, "winner_num": 1, "winner_player_id": [5]}, {"responses": [{"player_id": 0, "response": 22}, {"player_id": 1, "response": 25}, {"player_id": 2, "response": 35}, {"player_id": 3, "response": 22}, {"player_id": 4, "response": 23}, {"player_id": 5, "response": 18}, {"player_id": 6, "response": 18}, {"player_id": 7, "response": 33}, {"player_id": 8, "response": 23}, {"player_id": 9, "response": 24}], "mean": 24.3, "mean_ratio": 16.2, "winner": 18, "winner_num": 2, "winner_player_id": [5, 6]}, {"responses": [{"player_id": 0, "response": 23}, {"player_id": 1, "response": 15}, {"player_id": 2, "response": 20}, {"player_id": 3, "response": 20}, {"player_id": 4, "response": 18}, {"player_id": 5, "response": 17}, {"player_id": 6, "response": 24}, {"player_id": 7, "response": 29}, {"player_id": 8, "response": 21}, {"player_id": 9, "response": 22}], "mean": 20.9, "mean_ratio": 13.933333333333332, "winner": 15, "winner_num": 1, "winner_player_id": [1]}, {"responses": [{"player_id": 0, "response": 18}, {"player_id": 1, "response": 13}, {"player_id": 2, "response": 27}, {"player_id": 3, "response": 18}, {"player_id": 4, "response": 20}, {"player_id": 5, "response": 12}, {"player_id": 6, "response": 15}, {"player_id": 7, "response": 28}, {"player_id": 8, "response": 27}, {"player_id": 9, "response": 26}], "mean": 20.4, "mean_ratio": 13.599999999999998, "winner": 13, "winner_num": 1, "winner_player_id": [1]}, {"responses": [{"player_id": 0, "response": 24}, {"player_id": 1, "response": 18}, {"player_id": 2, "response": 25}, {"player_id": 3, "response": 15}, {"player_id": 4, "response": 17}, {"player_id": 5, "response": 13}, {"player_id": 6, "response": 17}, {"player_id": 7, "response": 26}, {"player_id": 8, "response": 34}, {"player_id": 9, "response": 18}], "mean": 20.7, "mean_ratio": 13.799999999999999, "winner": 13, "winner_num": 1, "winner_player_id": [5]}, {"responses": [{"player_id": 0, "response": 15}, {"player_id": 1, "response": 14}, {"player_id": 2, "response": 27}, {"player_id": 3, "response": 20}, {"player_id": 4, "response": 16}, {"player_id": 5, "response": 15}, {"player_id": 6, "response": 23}, {"player_id": 7, "response": 25}, {"player_id": 8, "response": 28}, {"player_id": 9, "response": 24}], "mean": 20.7, "mean_ratio": 13.799999999999999, "winner": 14, "winner_num": 1, "winner_player_id": [1]}, {"responses": [{"player_id": 0, "response": 22}, {"player_id": 1, "response": 15}, {"player_id": 2, "response": 23}, {"player_id": 3, "response": 14}, {"player_id": 4, "response": 18}, {"player_id": 5, "response": 14}, {"player_id": 6, "response": 19}, {"player_id": 7, "response": 24}, {"player_id": 8, "response": 32}, {"player_id": 9, "response": 19}], "mean": 20, "mean_ratio": 13.333333333333332, "winner": 14, "winner_num": 2, "winner_player_id": [3, 5]}, {"responses": [{"player_id": 0, "response": 18}, {"player_id": 1, "response": 14}, {"player_id": 2, "response": 22}, {"player_id": 3, "response": 18}, {"player_id": 4, "response": 13}, {"player_id": 5, "response": 13}, {"player_id": 6, "response": 19}, {"player_id": 7, "response": 26}, {"player_id": 8, "response": 27}, {"player_id": 9, "response": 25}], "mean": 19.5, "mean_ratio": 13.0, "winner": 13, "winner_num": 2, "winner_player_id": [4, 5]}, {"responses": [{"player_id": 0, "response": 20}, {"player_id": 1, "response": 13}, {"player_id": 2, "response": 30}, {"player_id": 3, "response": 13}, {"player_id": 4, "response": 18}, {"player_id": 5, "response": 13}, {"player_id": 6, "response": 18}, {"player_id": 7, "response": 24}, {"player_id": 8, "response": 31}, {"player_id": 9, "response": 23}], "mean": 20.3, "mean_ratio": 13.533333333333333, "winner": 13, "winner_num": 3, "winner_player_id": [1, 3, 5]}, {"responses": [{"player_id": 0, "response": 18}, {"player_id": 1, "response": 15}, {"player_id": 2, "response": 23}, {"player_id": 3, "response": 18}, {"player_id": 4, "response": 19}, {"player_id": 5, "response": 13}, {"player_id": 6, "response": 21}, {"player_id": 7, "response": 26}, {"player_id": 8, "response": 30}, {"player_id": 9, "response": 18}], "mean": 20.1, "mean_ratio": 13.4, "winner": 13, "winner_num": 1, "winner_player_id": [5]}, {"responses": [{"player_id": 0, "response": 21}, {"player_id": 1, "response": 14}, {"player_id": 2, "response": 25}, {"player_id": 3, "response": 14}, {"player_id": 4, "response": 18}, {"player_id": 5, "response": 13}, {"player_id": 6, "response": 18}, {"player_id": 7, "response": 23}, {"player_id": 8, "response": 26}, {"player_id": 9, "response": 17}], "mean": 18.9, "mean_ratio": 12.599999999999998, "winner": 13, "winner_num": 1, "winner_player_id": [5]}, {"responses": [{"player_id": 0, "response": 15}, {"player_id": 1, "response": 12}, {"player_id": 2, "response": 14}, {"player_id": 3, "response": 15}, {"player_id": 4, "response": 13}, {"player_id": 5, "response": 13}, {"player_id": 6, "response": 19}, {"player_id": 7, "response": 25}, {"player_id": 8, "response": 23}, {"player_id": 9, "response": 16}], "mean": 16.5, "mean_ratio": 11.0, "winner": 12, "winner_num": 1, "winner_player_id": [1]}, {"responses": [{"player_id": 0, "response": 18}, {"player_id": 1, "response": 13}, {"player_id": 2, "response": 16}, {"player_id": 3, "response": 14}, {"player_id": 4, "response": 12}, {"player_id": 5, "response": 13}, {"player_id": 6, "response": 25}, {"player_id": 7, "response": 22}, {"player_id": 8, "response": 27}, {"player_id": 9, "response": 13}], "mean": 17.3, "mean_ratio": 11.533333333333333, "winner": 12, "winner_num": 1, "winner_player_id": [4]}, {"responses": [{"player_id": 0, "response": 21}, {"player_id": 1, "response": 12}, {"player_id": 2, "response": 25}, {"player_id": 3, "response": 14}, {"player_id": 4, "response": 16}, {"player_id": 5, "response": 13}, {"player_id": 6, "response": 18}, {"player_id": 7, "response": 67}, {"player_id": 8, "response": 30}, {"player_id": 9, "response": 14}], "mean": 23, "mean_ratio": 15.333333333333332, "winner": 16, "winner_num": 1, "winner_player_id": [4]}, {"responses": [{"player_id": 0, "response": 20}, {"player_id": 1, "response": 14}, {"player_id": 2, "response": 31}, {"player_id": 3, "response": 15}, {"player_id": 4, "response": 21}, {"player_id": 5, "response": 14}, {"player_id": 6, "response": 32}, {"player_id": 7, "response": 40}, {"player_id": 8, "response": 32}, {"player_id": 9, "response": 22}], "mean": 24.1, "mean_ratio": 16.066666666666666, "winner": 15, "winner_num": 1, "winner_player_id": [3]}, {"responses": [{"player_id": 0, "response": 17}, {"player_id": 1, "response": 17}, {"player_id": 2, "response": 25}, {"player_id": 3, "response": 16}, {"player_id": 4, "response": 17}, {"player_id": 5, "response": 14}, {"player_id": 6, "response": 27}, {"player_id": 7, "response": 38}, {"player_id": 8, "response": 29}, {"player_id": 9, "response": 27}], "mean": 22.7, "mean_ratio": 15.133333333333333, "winner": 16, "winner_num": 1, "winner_player_id": [3]}]}