{"meta": {"name_exp": "guessing_game", "player_num": 10, "min": 0, "max": 100, "ratio": 0.6666666666666666, "ratio_str": "2/3", "version": "v1", "run": 5, "lang_agent": "<my9FQ38>", "round": 20}, "round_records": [{"responses": [{"player_id": 0, "response": 22}, {"player_id": 1, "response": 42}, {"player_id": 2, "response": 33}, {"player_id": 3, "response": 35}, {"player_id": 4, "response": 30}, {"player_id": 5, "response": 10}, {"player_id": 6, "response": 50}, {"player_id": 7, "response": 23}, {"player_id": 8, "response": 42}, {"player_id": 9, "response": 33}], "mean": 32, "mean_ratio": 21.333333333333332, "winner": 22, "winner_num": 1, "winner_player_id": [0]}, {"responses": [{"player_id": 0, "response": 14}, {"player_id": 1, "response": 28}, {"player_id": 2, "response": 22}, {"player_id": 3, "response": 28}, {"player_id": 4, "response": 20}, {"player_id": 5, "response": 17}, {"player_id": 6, "response": 33}, {"player_id": 7, "response": 15}, {"player_id": 8, "response": 28}, {"player_id": 9, "response": 22}], "mean": 22.7, "mean_ratio": 15.133333333333333, "winner": 15, "winner_num": 1, "winner_player_id": [7]}, {"responses": [{"player_id": 0, "response": 10}, {"player_id": 1, "response": 18}, {"player_id": 2, "response": 14}, {"player_id": 3, "response": 20}, {"player_id": 4, "response": 13}, {"player_id": 5, "response": 12}, {"player_id": 6, "response": 22}, {"player_id": 7, "response": 10}, {"player_id": 8, "response": 18}, {"player_id": 9, "response": 14}], "mean": 15.1, "mean_ratio": 10.066666666666666, "winner": 10, "winner_num": 2, "winner_player_id": [0, 7]}, {"responses": [{"player_id": 0, "response": 7}, {"player_id": 1, "response": 12}, {"player_id": 2, "response": 9}, {"player_id": 3, "response": 13}, {"player_id": 4, "response": 8}, {"player_id": 5, "response": 8}, {"player_id": 6, "response": 14}, {"player_id": 7, "response": 7}, {"player_id": 8, "response": 12}, {"player_id": 9, "response": 9}], "mean": 9.9, "mean_ratio": 6.6, "winner": 7, "winner_num": 2, "winner_player_id": [0, 7]}, {"responses": [{"player_id": 0, "response": 5}, {"player_id": 1, "response": 8}, {"player_id": 2, "response": 6}, {"player_id": 3, "response": 8}, {"player_id": 4, "response": 5}, {"player_id": 5, "response": 6}, {"player_id": 6, "response": 10}, {"player_id": 7, "response": 5}, {"player_id": 8, "response": 8}, {"player_id": 9, "response": 6}], "mean": 6.7, "mean_ratio": 4.466666666666667, "winner": 5, "winner_num": 3, "winner_player_id": [0, 4, 7]}, {"responses": [{"player_id": 0, "response": 4}, {"player_id": 1, "response": 6}, {"player_id": 2, "response": 4}, {"player_id": 3, "response": 5}, {"player_id": 4, "response": 3}, {"player_id": 5, "response": 4}, {"player_id": 6, "response": 7}, {"player_id": 7, "response": 3}, {"player_id": 8, "response": 5}, {"player_id": 9, "response": 4}], "mean": 4.5, "mean_ratio": 3.0, "winner": 3, "winner_num": 2, "winner_player_id": [4, 7]}, {"responses": [{"player_id": 0, "response": 3}, {"player_id": 1, "response": 4}, {"player_id": 2, "response": 3}, {"player_id": 3, "response": 3}, {"player_id": 4, "response": 2}, {"player_id": 5, "response": 3}, {"player_id": 6, "response": 4}, {"player_id": 7, "response": 2}, {"player_id": 8, "response": 3}, {"player_id": 9, "response": 3}], "mean": 3, "mean_ratio": 2.0, "winner": 2, "winner_num": 2, "winner_player_id": [4, 7]}, {"responses": [{"player_id": 0, "response": 2}, {"player_id": 1, "response": 2}, {"player_id": 2, "response": 2}, {"player_id": 3, "response": 2}, {"player_id": 4, "response": 1}, {"player_id": 5, "response": 2}, {"player_id": 6, "response": 2}, {"player_id": 7, "response": 1}, {"player_id": 8, "response": 2}, {"player_id": 9, "response": 2}], "mean": 1.8, "mean_ratio": 1.2, "winner": 1, "winner_num": 2, "winner_player_id": [4, 7]}, {"responses": [{"player_id": 0, "response": 1}, {"player_id": 1, "response": 1}, {"player_id": 2, "response": 1}, {"player_id": 3, "response": 1}, {"player_id": 4, "response": 1}, {"player_id": 5, "response": 1}, {"player_id": 6, "response": 1}, {"player_id": 7, "response": 1}, {"player_id": 8, "response": 1}, {"player_id": 9, "response": 1}], "mean": 1, "mean_ratio": 0.6666666666666666, "winner": 1, "winner_num": 10, "winner_player_id": [0, 1, 2, 3, 4, 5, 6, 7, 8, 9]}, {"responses": [{"player_id": 0, "response": 1}, {"player_id": 1, "response": 1}, {"player_id": 2, "response": 0}, {"player_id": 3, "response": 1}, {"player_id": 4, "response": 0}, {"player_id": 5, "response": 0}, {"player_id": 6, "response": 0}, {"player_id": 7, "response": 0}, {"player_id": 8, "response": 1}, {"player_id": 9, "response": 0}], "mean": 0.4, "mean_ratio": 0.26666666666666666, "winner": 0, "winner_num": 6, "winner_player_id": [2, 4, 5, 6, 7, 9]}, {"responses": [{"player_id": 0, "response": 0}, {"player_id": 1, "response": 0}, {"player_id": 2, "response": 0}, {"player_id": 3, "response": 0}, {"player_id": 4, "response": 0}, {"player_id": 5, "response": 0}, {"player_id": 6, "response": 0}, {"player_id": 7, "response": 0}, {"player_id": 8, "response": 0}, {"player_id": 9, "response": 0}], "mean": 0, "mean_ratio": 0.0, "winner": 0, "winner_num": 10, "winner_player_id": [0, 1, 2, 3, 4, 5, 6, 7, 8, 9]}, {"responses": [{"player_id": 0, "response": 0}, {"player_id": 1, "response": 0}, {"player_id": 2, "response": 0}, {"player_id": 3, "response": 0}, {"player_id": 4, "response": 0}, {"player_id": 5, "response": 0}, {"player_id": 6, "response": 0}, {"player_id": 7, "response": 0}, {"player_id": 8, "response": 0}, {"player_id": 9, "response": 0}], "mean": 0, "mean_ratio": 0.0, "winner": 0, "winner_num": 10, "winner_player_id": [0, 1, 2, 3, 4, 5, 6, 7, 8, 9]}, {"responses": [{"player_id": 0, "response": 0}, {"player_id": 1, "response": 0}, {"player_id": 2, "response": 0}, {"player_id": 3, "response": 0}, {"player_id": 4, "response": 0}, {"player_id": 5, "response": 0}, {"player_id": 6, "response": 0}, {"player_id": 7, "response": 0}, {"player_id": 8, "response": 0}, {"player_id": 9, "response": 0}], "mean": 0, "mean_ratio": 0.0, "winner": 0, "winner_num": 10, "winner_player_id": [0, 1, 2, 3, 4, 5, 6, 7, 8, 9]}, {"responses": [{"player_id": 0, "response": 0}, {"player_id": 1, "response": 0}, {"player_id": 2, "response": 0}, {"player_id": 3, "response": 0}, {"player_id": 4, "response": 0}, {"player_id": 5, "response": 0}, {"player_id": 6, "response": 0}, {"player_id": 7, "response": 0}, {"player_id": 8, "response": 0}, {"player_id": 9, "response": 0}], "mean": 0, "mean_ratio": 0.0, "winner": 0, "winner_num": 10, "winner_player_id": [0, 1, 2, 3, 4, 5, 6, 7, 8, 9]}, {"responses": [{"player_id": 0, "response": 0}, {"player_id": 1, "response": 0}, {"player_id": 2, "response": 0}, {"player_id": 3, "response": 0}, {"player_id": 4, "response": 0}, {"player_id": 5, "response": 0}, {"player_id": 6, "response": 0}, {"player_id": 7, "response": 0}, {"player_id": 8, "response": 0}, {"player_id": 9, "response": 0}], "mean": 0, "mean_ratio": 0.0, "winner": 0, "winner_num": 10, "winner_player_id": [0, 1, 2, 3, 4, 5, 6, 7, 8, 9]}, {"responses": [{"player_id": 0, "response": 0}, {"player_id": 1, "response": 0}, {"player_id": 2, "response": 0}, {"player_id": 3, "response": 0}, {"player_id": 4, "response": 0}, {"player_id": 5, "response": 0}, {"player_id": 6, "response": 0}, {"player_id": 7, "response": 0}, {"player_id": 8, "response": 0}, {"player_id": 9, "response": 0}], "mean": 0, "mean_ratio": 0.0, "winner": 0, "winner_num": 10, "winner_player_id": [0, 1, 2, 3, 4, 5, 6, 7, 8, 9]}, {"responses": [{"player_id": 0, "response": 0}, {"player_id": 1, "response": 0}, {"player_id": 2, "response": 0}, {"player_id": 3, "response": 0}, {"player_id": 4, "response": 0}, {"player_id": 5, "response": 0}, {"player_id": 6, "response": 0}, {"player_id": 7, "response": 0}, {"player_id": 8, "response": 0}, {"player_id": 9, "response": 0}], "mean": 0, "mean_ratio": 0.0, "winner": 0, "winner_num": 10, "winner_player_id": [0, 1, 2, 3, 4, 5, 6, 7, 8, 9]}, {"responses": [{"player_id": 0, "response": 0}, {"player_id": 1, "response": 0}, {"player_id": 2, "response": 0}, {"player_id": 3, "response": 0}, {"player_id": 4, "response": 0}, {"player_id": 5, "response": 0}, {"player_id": 6, "response": 0}, {"player_id": 7, "response": 0}, {"player_id": 8, "response": 0}, {"player_id": 9, "response": 0}], "mean": 0, "mean_ratio": 0.0, "winner": 0, "winner_num": 10, "winner_player_id": [0, 1, 2, 3, 4, 5, 6, 7, 8, 9]}, {"responses": [{"player_id": 0, "response": 0}, {"player_id": 1, "response": 0}, {"player_id": 2, "response": 0}, {"player_id": 3, "response": 0}, {"player_id": 4, "response": 0}, {"player_id": 5, "response": 0}, {"player_id": 6, "response": 0}, {"player_id": 7, "response": 0}, {"player_id": 8, "response": 0}, {"player_id": 9, "response": 0}], "mean": 0, "mean_ratio": 0.0, "winner": 0, "winner_num": 10, "winner_player_id": [0, 1, 2, 3, 4, 5, 6, 7, 8, 9]}, {"responses": [{"player_id": 0, "response": 0}, {"player_id": 1, "response": 0}, {"player_id": 2, "response": 0}, {"player_id": 3, "response": 0}, {"player_id": 4, "response": 0}, {"player_id": 5, "response": 0}, {"player_id": 6, "response": 0}, {"player_id": 7, "response": 0}, {"player_id": 8, "response": 0}, {"player_id": 9, "response": 0}], "mean": 0, "mean_ratio": 0.0, "winner": 0, "winner_num": 10, "winner_player_id": [0, 1, 2, 3, 4, 5, 6, 7, 8, 9]}]}