{"meta": {"name_exp": "guessing_game", "player_num": 10, "min": 0, "max": 100, "ratio": 0.6666666666666666, "ratio_str": "2/3", "version": "v1", "run": 1, "lang_agent": "<my9FQ38>", "round": 20}, "round_records": [{"responses": [{"player_id": 0, "response": 22}, {"player_id": 1, "response": 33}, {"player_id": 2, "response": 28}, {"player_id": 3, "response": 33}, {"player_id": 4, "response": 28}, {"player_id": 5, "response": 10}, {"player_id": 6, "response": 33}, {"player_id": 7, "response": 20}, {"player_id": 8, "response": 5}, {"player_id": 9, "response": 33}], "mean": 24.5, "mean_ratio": 16.333333333333332, "winner": 20, "winner_num": 1, "winner_player_id": [7]}, {"responses": [{"player_id": 0, "response": 16}, {"player_id": 1, "response": 22}, {"player_id": 2, "response": 16}, {"player_id": 3, "response": 22}, {"player_id": 4, "response": 16}, {"player_id": 5, "response": 15}, {"player_id": 6, "response": 22}, {"player_id": 7, "response": 12}, {"player_id": 8, "response": 10}, {"player_id": 9, "response": 22}], "mean": 17.3, "mean_ratio": 11.533333333333333, "winner": 12, "winner_num": 1, "winner_player_id": [7]}, {"responses": [{"player_id": 0, "response": 13}, {"player_id": 1, "response": 14}, {"player_id": 2, "response": 10}, {"player_id": 3, "response": 14}, {"player_id": 4, "response": 12}, {"player_id": 5, "response": 8}, {"player_id": 6, "response": 15}, {"player_id": 7, "response": 8}, {"player_id": 8, "response": 8}, {"player_id": 9, "response": 15}], "mean": 11.7, "mean_ratio": 7.799999999999999, "winner": 8, "winner_num": 3, "winner_player_id": [5, 7, 8]}, {"responses": [{"player_id": 0, "response": 10}, {"player_id": 1, "response": 9}, {"player_id": 2, "response": 8}, {"player_id": 3, "response": 9}, {"player_id": 4, "response": 9}, {"player_id": 5, "response": 5}, {"player_id": 6, "response": 10}, {"player_id": 7, "response": 5}, {"player_id": 8, "response": 6}, {"player_id": 9, "response": 10}], "mean": 8.1, "mean_ratio": 5.3999999999999995, "winner": 5, "winner_num": 2, "winner_player_id": [5, 7]}, {"responses": [{"player_id": 0, "response": 8}, {"player_id": 1, "response": 6}, {"player_id": 2, "response": 6}, {"player_id": 3, "response": 6}, {"player_id": 4, "response": 7}, {"player_id": 5, "response": 3}, {"player_id": 6, "response": 7}, {"player_id": 7, "response": 3}, {"player_id": 8, "response": 4}, {"player_id": 9, "response": 7}], "mean": 5.7, "mean_ratio": 3.8, "winner": 4, "winner_num": 1, "winner_player_id": [8]}, {"responses": [{"player_id": 0, "response": 6}, {"player_id": 1, "response": 4}, {"player_id": 2, "response": 4}, {"player_id": 3, "response": 4}, {"player_id": 4, "response": 5}, {"player_id": 5, "response": 2}, {"player_id": 6, "response": 4}, {"player_id": 7, "response": 2}, {"player_id": 8, "response": 3}, {"player_id": 9, "response": 4}], "mean": 3.8, "mean_ratio": 2.533333333333333, "winner": 3, "winner_num": 1, "winner_player_id": [8]}, {"responses": [{"player_id": 0, "response": 4}, {"player_id": 1, "response": 2}, {"player_id": 2, "response": 3}, {"player_id": 3, "response": 2}, {"player_id": 4, "response": 3}, {"player_id": 5, "response": 1}, {"player_id": 6, "response": 2}, {"player_id": 7, "response": 1}, {"player_id": 8, "response": 2}, {"player_id": 9, "response": 2}], "mean": 2.2, "mean_ratio": 1.4666666666666668, "winner": 1, "winner_num": 2, "winner_player_id": [5, 7]}, {"responses": [{"player_id": 0, "response": 3}, {"player_id": 1, "response": 1}, {"player_id": 2, "response": 2}, {"player_id": 3, "response": 1}, {"player_id": 4, "response": 2}, {"player_id": 5, "response": 1}, {"player_id": 6, "response": 1}, {"player_id": 7, "response": 1}, {"player_id": 8, "response": 1}, {"player_id": 9, "response": 1}], "mean": 1.4, "mean_ratio": 0.9333333333333332, "winner": 1, "winner_num": 7, "winner_player_id": [1, 3, 5, 6, 7, 8, 9]}, {"responses": [{"player_id": 0, "response": 2}, {"player_id": 1, "response": 0}, {"player_id": 2, "response": 1}, {"player_id": 3, "response": 0}, {"player_id": 4, "response": 1}, {"player_id": 5, "response": 0}, {"player_id": 6, "response": 0}, {"player_id": 7, "response": 0}, {"player_id": 8, "response": 1}, {"player_id": 9, "response": 0}], "mean": 0.5, "mean_ratio": 0.3333333333333333, "winner": 0, "winner_num": 6, "winner_player_id": [1, 3, 5, 6, 7, 9]}, {"responses": [{"player_id": 0, "response": 1}, {"player_id": 1, "response": 0}, {"player_id": 2, "response": 0}, {"player_id": 3, "response": 0}, {"player_id": 4, "response": 0}, {"player_id": 5, "response": 0}, {"player_id": 6, "response": 0}, {"player_id": 7, "response": 0}, {"player_id": 8, "response": 0}, {"player_id": 9, "response": 0}], "mean": 0.1, "mean_ratio": 0.06666666666666667, "winner": 0, "winner_num": 9, "winner_player_id": [1, 2, 3, 4, 5, 6, 7, 8, 9]}, {"responses": [{"player_id": 0, "response": 0}, {"player_id": 1, "response": 0}, {"player_id": 2, "response": 0}, {"player_id": 3, "response": 0}, {"player_id": 4, "response": 0}, {"player_id": 5, "response": 0}, {"player_id": 6, "response": 0}, {"player_id": 7, "response": 0}, {"player_id": 8, "response": 0}, {"player_id": 9, "response": 0}], "mean": 0, "mean_ratio": 0.0, "winner": 0, "winner_num": 10, "winner_player_id": [0, 1, 2, 3, 4, 5, 6, 7, 8, 9]}, {"responses": [{"player_id": 0, "response": 0}, {"player_id": 1, "response": 0}, {"player_id": 2, "response": 0}, {"player_id": 3, "response": 0}, {"player_id": 4, "response": 0}, {"player_id": 5, "response": 0}, {"player_id": 6, "response": 0}, {"player_id": 7, "response": 0}, {"player_id": 8, "response": 0}, {"player_id": 9, "response": 0}], "mean": 0, "mean_ratio": 0.0, "winner": 0, "winner_num": 10, "winner_player_id": [0, 1, 2, 3, 4, 5, 6, 7, 8, 9]}, {"responses": [{"player_id": 0, "response": 0}, {"player_id": 1, "response": 0}, {"player_id": 2, "response": 0}, {"player_id": 3, "response": 0}, {"player_id": 4, "response": 0}, {"player_id": 5, "response": 0}, {"player_id": 6, "response": 0}, {"player_id": 7, "response": 0}, {"player_id": 8, "response": 0}, {"player_id": 9, "response": 0}], "mean": 0, "mean_ratio": 0.0, "winner": 0, "winner_num": 10, "winner_player_id": [0, 1, 2, 3, 4, 5, 6, 7, 8, 9]}, {"responses": [{"player_id": 0, "response": 0}, {"player_id": 1, "response": 0}, {"player_id": 2, "response": 0}, {"player_id": 3, "response": 0}, {"player_id": 4, "response": 0}, {"player_id": 5, "response": 0}, {"player_id": 6, "response": 0}, {"player_id": 7, "response": 0}, {"player_id": 8, "response": 0}, {"player_id": 9, "response": 0}], "mean": 0, "mean_ratio": 0.0, "winner": 0, "winner_num": 10, "winner_player_id": [0, 1, 2, 3, 4, 5, 6, 7, 8, 9]}, {"responses": [{"player_id": 0, "response": 0}, {"player_id": 1, "response": 0}, {"player_id": 2, "response": 0}, {"player_id": 3, "response": 0}, {"player_id": 4, "response": 0}, {"player_id": 5, "response": 0}, {"player_id": 6, "response": 0}, {"player_id": 7, "response": 0}, {"player_id": 8, "response": 0}, {"player_id": 9, "response": 0}], "mean": 0, "mean_ratio": 0.0, "winner": 0, "winner_num": 10, "winner_player_id": [0, 1, 2, 3, 4, 5, 6, 7, 8, 9]}, {"responses": [{"player_id": 0, "response": 0}, {"player_id": 1, "response": 0}, {"player_id": 2, "response": 0}, {"player_id": 3, "response": 0}, {"player_id": 4, "response": 0}, {"player_id": 5, "response": 0}, {"player_id": 6, "response": 0}, {"player_id": 7, "response": 0}, {"player_id": 8, "response": 0}, {"player_id": 9, "response": 0}], "mean": 0, "mean_ratio": 0.0, "winner": 0, "winner_num": 10, "winner_player_id": [0, 1, 2, 3, 4, 5, 6, 7, 8, 9]}, {"responses": [{"player_id": 0, "response": 0}, {"player_id": 1, "response": 0}, {"player_id": 2, "response": 0}, {"player_id": 3, "response": 0}, {"player_id": 4, "response": 0}, {"player_id": 5, "response": 0}, {"player_id": 6, "response": 0}, {"player_id": 7, "response": 0}, {"player_id": 8, "response": 0}, {"player_id": 9, "response": 0}], "mean": 0, "mean_ratio": 0.0, "winner": 0, "winner_num": 10, "winner_player_id": [0, 1, 2, 3, 4, 5, 6, 7, 8, 9]}, {"responses": [{"player_id": 0, "response": 0}, {"player_id": 1, "response": 0}, {"player_id": 2, "response": 0}, {"player_id": 3, "response": 0}, {"player_id": 4, "response": 0}, {"player_id": 5, "response": 0}, {"player_id": 6, "response": 0}, {"player_id": 7, "response": 0}, {"player_id": 8, "response": 0}, {"player_id": 9, "response": 0}], "mean": 0, "mean_ratio": 0.0, "winner": 0, "winner_num": 10, "winner_player_id": [0, 1, 2, 3, 4, 5, 6, 7, 8, 9]}, {"responses": [{"player_id": 0, "response": 0}, {"player_id": 1, "response": 0}, {"player_id": 2, "response": 0}, {"player_id": 3, "response": 0}, {"player_id": 4, "response": 0}, {"player_id": 5, "response": 0}, {"player_id": 6, "response": 0}, {"player_id": 7, "response": 0}, {"player_id": 8, "response": 0}, {"player_id": 9, "response": 0}], "mean": 0, "mean_ratio": 0.0, "winner": 0, "winner_num": 10, "winner_player_id": [0, 1, 2, 3, 4, 5, 6, 7, 8, 9]}, {"responses": [{"player_id": 0, "response": 0}, {"player_id": 1, "response": 0}, {"player_id": 2, "response": 0}, {"player_id": 3, "response": 0}, {"player_id": 4, "response": 0}, {"player_id": 5, "response": 0}, {"player_id": 6, "response": 0}, {"player_id": 7, "response": 0}, {"player_id": 8, "response": 0}, {"player_id": 9, "response": 0}], "mean": 0, "mean_ratio": 0.0, "winner": 0, "winner_num": 10, "winner_player_id": [0, 1, 2, 3, 4, 5, 6, 7, 8, 9]}]}