{"meta": {"name_exp": "guessing_game", "player_num": 10, "min": 0, "max": 100, "ratio": 0.6666666666666666, "ratio_str": "2/3", "version": "v1", "run": 2, "lang_agent": "<my9FQ38>", "round": 20}, "round_records": [{"responses": [{"player_id": 0, "response": 10}, {"player_id": 1, "response": 5}, {"player_id": 2, "response": 33}, {"player_id": 3, "response": 33}, {"player_id": 4, "response": 33}, {"player_id": 5, "response": 28}, {"player_id": 6, "response": 33}, {"player_id": 7, "response": 33}, {"player_id": 8, "response": 33}, {"player_id": 9, "response": 33}], "mean": 27.4, "mean_ratio": 18.266666666666666, "winner": 10, "winner_num": 1, "winner_player_id": [0]}, {"responses": [{"player_id": 0, "response": 12}, {"player_id": 1, "response": 10}, {"player_id": 2, "response": 22}, {"player_id": 3, "response": 22}, {"player_id": 4, "response": 22}, {"player_id": 5, "response": 18}, {"player_id": 6, "response": 22}, {"player_id": 7, "response": 22}, {"player_id": 8, "response": 22}, {"player_id": 9, "response": 22}], "mean": 19.4, "mean_ratio": 12.933333333333332, "winner": 12, "winner_num": 1, "winner_player_id": [0]}, {"responses": [{"player_id": 0, "response": 8}, {"player_id": 1, "response": 8}, {"player_id": 2, "response": 15}, {"player_id": 3, "response": 15}, {"player_id": 4, "response": 16}, {"player_id": 5, "response": 14}, {"player_id": 6, "response": 16}, {"player_id": 7, "response": 16}, {"player_id": 8, "response": 16}, {"player_id": 9, "response": 16}], "mean": 14, "mean_ratio": 9.333333333333332, "winner": 8, "winner_num": 2, "winner_player_id": [0, 1]}, {"responses": [{"player_id": 0, "response": 6}, {"player_id": 1, "response": 6}, {"player_id": 2, "response": 10}, {"player_id": 3, "response": 10}, {"player_id": 4, "response": 12}, {"player_id": 5, "response": 10}, {"player_id": 6, "response": 13}, {"player_id": 7, "response": 12}, {"player_id": 8, "response": 13}, {"player_id": 9, "response": 13}], "mean": 10.5, "mean_ratio": 7.0, "winner": 6, "winner_num": 2, "winner_player_id": [0, 1]}, {"responses": [{"player_id": 0, "response": 4}, {"player_id": 1, "response": 4}, {"player_id": 2, "response": 8}, {"player_id": 3, "response": 8}, {"player_id": 4, "response": 9}, {"player_id": 5, "response": 8}, {"player_id": 6, "response": 9}, {"player_id": 7, "response": 9}, {"player_id": 8, "response": 10}, {"player_id": 9, "response": 9}], "mean": 7.8, "mean_ratio": 5.199999999999999, "winner": 4, "winner_num": 2, "winner_player_id": [0, 1]}, {"responses": [{"player_id": 0, "response": 3}, {"player_id": 1, "response": 3}, {"player_id": 2, "response": 5}, {"player_id": 3, "response": 5}, {"player_id": 4, "response": 6}, {"player_id": 5, "response": 6}, {"player_id": 6, "response": 7}, {"player_id": 7, "response": 6}, {"player_id": 8, "response": 8}, {"player_id": 9, "response": 6}], "mean": 5.5, "mean_ratio": 3.6666666666666665, "winner": 3, "winner_num": 2, "winner_player_id": [0, 1]}, {"responses": [{"player_id": 0, "response": 2}, {"player_id": 1, "response": 2}, {"player_id": 2, "response": 3}, {"player_id": 3, "response": 3}, {"player_id": 4, "response": 4}, {"player_id": 5, "response": 4}, {"player_id": 6, "response": 5}, {"player_id": 7, "response": 4}, {"player_id": 8, "response": 5}, {"player_id": 9, "response": 4}], "mean": 3.6, "mean_ratio": 2.4, "winner": 2, "winner_num": 2, "winner_player_id": [0, 1]}, {"responses": [{"player_id": 0, "response": 1}, {"player_id": 1, "response": 1}, {"player_id": 2, "response": 2}, {"player_id": 3, "response": 2}, {"player_id": 4, "response": 2}, {"player_id": 5, "response": 2}, {"player_id": 6, "response": 3}, {"player_id": 7, "response": 2}, {"player_id": 8, "response": 3}, {"player_id": 9, "response": 2}], "mean": 2, "mean_ratio": 1.3333333333333333, "winner": 1, "winner_num": 2, "winner_player_id": [0, 1]}, {"responses": [{"player_id": 0, "response": 1}, {"player_id": 1, "response": 1}, {"player_id": 2, "response": 1}, {"player_id": 3, "response": 1}, {"player_id": 4, "response": 1}, {"player_id": 5, "response": 1}, {"player_id": 6, "response": 2}, {"player_id": 7, "response": 1}, {"player_id": 8, "response": 2}, {"player_id": 9, "response": 1}], "mean": 1.2, "mean_ratio": 0.7999999999999999, "winner": 1, "winner_num": 8, "winner_player_id": [0, 1, 2, 3, 4, 5, 7, 9]}, {"responses": [{"player_id": 0, "response": 0}, {"player_id": 1, "response": 0}, {"player_id": 2, "response": 0}, {"player_id": 3, "response": 1}, {"player_id": 4, "response": 0}, {"player_id": 5, "response": 0}, {"player_id": 6, "response": 1}, {"player_id": 7, "response": 0}, {"player_id": 8, "response": 1}, {"player_id": 9, "response": 0}], "mean": 0.3, "mean_ratio": 0.19999999999999998, "winner": 0, "winner_num": 7, "winner_player_id": [0, 1, 2, 4, 5, 7, 9]}, {"responses": [{"player_id": 0, "response": 0}, {"player_id": 1, "response": 0}, {"player_id": 2, "response": 0}, {"player_id": 3, "response": 0}, {"player_id": 4, "response": 0}, {"player_id": 5, "response": 0}, {"player_id": 6, "response": 0}, {"player_id": 7, "response": 0}, {"player_id": 8, "response": 0}, {"player_id": 9, "response": 0}], "mean": 0, "mean_ratio": 0.0, "winner": 0, "winner_num": 10, "winner_player_id": [0, 1, 2, 3, 4, 5, 6, 7, 8, 9]}, {"responses": [{"player_id": 0, "response": 0}, {"player_id": 1, "response": 0}, {"player_id": 2, "response": 0}, {"player_id": 3, "response": 0}, {"player_id": 4, "response": 0}, {"player_id": 5, "response": 0}, {"player_id": 6, "response": 0}, {"player_id": 7, "response": 0}, {"player_id": 8, "response": 0}, {"player_id": 9, "response": 0}], "mean": 0, "mean_ratio": 0.0, "winner": 0, "winner_num": 10, "winner_player_id": [0, 1, 2, 3, 4, 5, 6, 7, 8, 9]}, {"responses": [{"player_id": 0, "response": 0}, {"player_id": 1, "response": 0}, {"player_id": 2, "response": 0}, {"player_id": 3, "response": 0}, {"player_id": 4, "response": 0}, {"player_id": 5, "response": 0}, {"player_id": 6, "response": 0}, {"player_id": 7, "response": 0}, {"player_id": 8, "response": 0}, {"player_id": 9, "response": 0}], "mean": 0, "mean_ratio": 0.0, "winner": 0, "winner_num": 10, "winner_player_id": [0, 1, 2, 3, 4, 5, 6, 7, 8, 9]}, {"responses": [{"player_id": 0, "response": 0}, {"player_id": 1, "response": 0}, {"player_id": 2, "response": 0}, {"player_id": 3, "response": 0}, {"player_id": 4, "response": 0}, {"player_id": 5, "response": 0}, {"player_id": 6, "response": 0}, {"player_id": 7, "response": 0}, {"player_id": 8, "response": 0}, {"player_id": 9, "response": 0}], "mean": 0, "mean_ratio": 0.0, "winner": 0, "winner_num": 10, "winner_player_id": [0, 1, 2, 3, 4, 5, 6, 7, 8, 9]}, {"responses": [{"player_id": 0, "response": 0}, {"player_id": 1, "response": 0}, {"player_id": 2, "response": 0}, {"player_id": 3, "response": 0}, {"player_id": 4, "response": 0}, {"player_id": 5, "response": 0}, {"player_id": 6, "response": 0}, {"player_id": 7, "response": 0}, {"player_id": 8, "response": 0}, {"player_id": 9, "response": 0}], "mean": 0, "mean_ratio": 0.0, "winner": 0, "winner_num": 10, "winner_player_id": [0, 1, 2, 3, 4, 5, 6, 7, 8, 9]}, {"responses": [{"player_id": 0, "response": 0}, {"player_id": 1, "response": 0}, {"player_id": 2, "response": 0}, {"player_id": 3, "response": 0}, {"player_id": 4, "response": 0}, {"player_id": 5, "response": 0}, {"player_id": 6, "response": 0}, {"player_id": 7, "response": 0}, {"player_id": 8, "response": 0}, {"player_id": 9, "response": 0}], "mean": 0, "mean_ratio": 0.0, "winner": 0, "winner_num": 10, "winner_player_id": [0, 1, 2, 3, 4, 5, 6, 7, 8, 9]}, {"responses": [{"player_id": 0, "response": 0}, {"player_id": 1, "response": 0}, {"player_id": 2, "response": 0}, {"player_id": 3, "response": 0}, {"player_id": 4, "response": 0}, {"player_id": 5, "response": 0}, {"player_id": 6, "response": 0}, {"player_id": 7, "response": 0}, {"player_id": 8, "response": 0}, {"player_id": 9, "response": 0}], "mean": 0, "mean_ratio": 0.0, "winner": 0, "winner_num": 10, "winner_player_id": [0, 1, 2, 3, 4, 5, 6, 7, 8, 9]}, {"responses": [{"player_id": 0, "response": 0}, {"player_id": 1, "response": 0}, {"player_id": 2, "response": 0}, {"player_id": 3, "response": 0}, {"player_id": 4, "response": 0}, {"player_id": 5, "response": 0}, {"player_id": 6, "response": 0}, {"player_id": 7, "response": 0}, {"player_id": 8, "response": 0}, {"player_id": 9, "response": 0}], "mean": 0, "mean_ratio": 0.0, "winner": 0, "winner_num": 10, "winner_player_id": [0, 1, 2, 3, 4, 5, 6, 7, 8, 9]}, {"responses": [{"player_id": 0, "response": 0}, {"player_id": 1, "response": 0}, {"player_id": 2, "response": 0}, {"player_id": 3, "response": 0}, {"player_id": 4, "response": 0}, {"player_id": 5, "response": 0}, {"player_id": 6, "response": 0}, {"player_id": 7, "response": 0}, {"player_id": 8, "response": 0}, {"player_id": 9, "response": 0}], "mean": 0, "mean_ratio": 0.0, "winner": 0, "winner_num": 10, "winner_player_id": [0, 1, 2, 3, 4, 5, 6, 7, 8, 9]}, {"responses": [{"player_id": 0, "response": 0}, {"player_id": 1, "response": 0}, {"player_id": 2, "response": 0}, {"player_id": 3, "response": 0}, {"player_id": 4, "response": 0}, {"player_id": 5, "response": 0}, {"player_id": 6, "response": 0}, {"player_id": 7, "response": 0}, {"player_id": 8, "response": 0}, {"player_id": 9, "response": 0}], "mean": 0, "mean_ratio": 0.0, "winner": 0, "winner_num": 10, "winner_player_id": [0, 1, 2, 3, 4, 5, 6, 7, 8, 9]}]}