{"meta": {"name_exp": "guessing_game", "player_num": 10, "min": 0, "max": 100, "ratio": 0.6666666666666666, "ratio_str": "2/3", "version": "v1", "run": 1, "lang_agent": "<pKbLE9I>", "round": 20}, "round_records": [{"responses": [{"player_id": 0, "response": 66}, {"player_id": 1, "response": 50}, {"player_id": 2, "response": 33}, {"player_id": 3, "response": 50}, {"player_id": 4, "response": 66}, {"player_id": 5, "response": 66}, {"player_id": 6, "response": 33}, {"player_id": 7, "response": 33}, {"player_id": 8, "response": 50}, {"player_id": 9, "response": 33}], "mean": 48, "mean_ratio": 32.0, "winner": 33, "winner_num": 4, "winner_player_id": [2, 6, 7, 9]}, {"responses": [{"player_id": 0, "response": 40}, {"player_id": 1, "response": 33}, {"player_id": 2, "response": 22}, {"player_id": 3, "response": 33}, {"player_id": 4, "response": 40}, {"player_id": 5, "response": 40}, {"player_id": 6, "response": 21}, {"player_id": 7, "response": 30}, {"player_id": 8, "response": 30}, {"player_id": 9, "response": 22}], "mean": 31.1, "mean_ratio": 20.733333333333334, "winner": 21, "winner_num": 1, "winner_player_id": [6]}, {"responses": [{"player_id": 0, "response": 25}, {"player_id": 1, "response": 20}, {"player_id": 2, "response": 16}, {"player_id": 3, "response": 22}, {"player_id": 4, "response": 25}, {"player_id": 5, "response": 27}, {"player_id": 6, "response": 15}, {"player_id": 7, "response": 20}, {"player_id": 8, "response": 25}, {"player_id": 9, "response": 15}], "mean": 21, "mean_ratio": 14.0, "winner": 15, "winner_num": 2, "winner_player_id": [6, 9]}, {"responses": [{"player_id": 0, "response": 16}, {"player_id": 1, "response": 13}, {"player_id": 2, "response": 13}, {"player_id": 3, "response": 18}, {"player_id": 4, "response": 18}, {"player_id": 5, "response": 20}, {"player_id": 6, "response": 12}, {"player_id": 7, "response": 13}, {"player_id": 8, "response": 20}, {"player_id": 9, "response": 12}], "mean": 15.5, "mean_ratio": 10.333333333333332, "winner": 12, "winner_num": 2, "winner_player_id": [6, 9]}, {"responses": [{"player_id": 0, "response": 10}, {"player_id": 1, "response": 9}, {"player_id": 2, "response": 9}, {"player_id": 3, "response": 14}, {"player_id": 4, "response": 13}, {"player_id": 5, "response": 16}, {"player_id": 6, "response": 10}, {"player_id": 7, "response": 10}, {"player_id": 8, "response": 15}, {"player_id": 9, "response": 10}], "mean": 11.6, "mean_ratio": 7.7333333333333325, "winner": 9, "winner_num": 2, "winner_player_id": [1, 2]}, {"responses": [{"player_id": 0, "response": 8}, {"player_id": 1, "response": 7}, {"player_id": 2, "response": 7}, {"player_id": 3, "response": 12}, {"player_id": 4, "response": 10}, {"player_id": 5, "response": 10}, {"player_id": 6, "response": 7}, {"player_id": 7, "response": 8}, {"player_id": 8, "response": 10}, {"player_id": 9, "response": 8}], "mean": 8.7, "mean_ratio": 5.799999999999999, "winner": 7, "winner_num": 3, "winner_player_id": [1, 2, 6]}, {"responses": [{"player_id": 0, "response": 6}, {"player_id": 1, "response": 6}, {"player_id": 2, "response": 6}, {"player_id": 3, "response": 9}, {"player_id": 4, "response": 7}, {"player_id": 5, "response": 8}, {"player_id": 6, "response": 6}, {"player_id": 7, "response": 6}, {"player_id": 8, "response": 8}, {"player_id": 9, "response": 6}], "mean": 6.8, "mean_ratio": 4.533333333333333, "winner": 6, "winner_num": 6, "winner_player_id": [0, 1, 2, 6, 7, 9]}, {"responses": [{"player_id": 0, "response": 5}, {"player_id": 1, "response": 5}, {"player_id": 2, "response": 5}, {"player_id": 3, "response": 8}, {"player_id": 4, "response": 5}, {"player_id": 5, "response": 6}, {"player_id": 6, "response": 6}, {"player_id": 7, "response": 4}, {"player_id": 8, "response": 6}, {"player_id": 9, "response": 5}], "mean": 5.5, "mean_ratio": 3.6666666666666665, "winner": 4, "winner_num": 1, "winner_player_id": [7]}, {"responses": [{"player_id": 0, "response": 4}, {"player_id": 1, "response": 4}, {"player_id": 2, "response": 4}, {"player_id": 3, "response": 6}, {"player_id": 4, "response": 4}, {"player_id": 5, "response": 4}, {"player_id": 6, "response": 4}, {"player_id": 7, "response": 3}, {"player_id": 8, "response": 5}, {"player_id": 9, "response": 4}], "mean": 4.2, "mean_ratio": 2.8, "winner": 3, "winner_num": 1, "winner_player_id": [7]}, {"responses": [{"player_id": 0, "response": 3}, {"player_id": 1, "response": 3}, {"player_id": 2, "response": 3}, {"player_id": 3, "response": 5}, {"player_id": 4, "response": 3}, {"player_id": 5, "response": 3}, {"player_id": 6, "response": 3}, {"player_id": 7, "response": 2}, {"player_id": 8, "response": 4}, {"player_id": 9, "response": 3}], "mean": 3.2, "mean_ratio": 2.1333333333333333, "winner": 2, "winner_num": 1, "winner_player_id": [7]}, {"responses": [{"player_id": 0, "response": 2}, {"player_id": 1, "response": 2}, {"player_id": 2, "response": 2}, {"player_id": 3, "response": 4}, {"player_id": 4, "response": 2}, {"player_id": 5, "response": 2}, {"player_id": 6, "response": 2}, {"player_id": 7, "response": 2}, {"player_id": 8, "response": 3}, {"player_id": 9, "response": 2}], "mean": 2.3, "mean_ratio": 1.5333333333333332, "winner": 2, "winner_num": 8, "winner_player_id": [0, 1, 2, 4, 5, 6, 7, 9]}, {"responses": [{"player_id": 0, "response": 2}, {"player_id": 1, "response": 2}, {"player_id": 2, "response": 2}, {"player_id": 3, "response": 3}, {"player_id": 4, "response": 2}, {"player_id": 5, "response": 2}, {"player_id": 6, "response": 2}, {"player_id": 7, "response": 2}, {"player_id": 8, "response": 2}, {"player_id": 9, "response": 2}], "mean": 2.1, "mean_ratio": 1.4, "winner": 2, "winner_num": 9, "winner_player_id": [0, 1, 2, 4, 5, 6, 7, 8, 9]}, {"responses": [{"player_id": 0, "response": 2}, {"player_id": 1, "response": 2}, {"player_id": 2, "response": 2}, {"player_id": 3, "response": 2}, {"player_id": 4, "response": 2}, {"player_id": 5, "response": 2}, {"player_id": 6, "response": 2}, {"player_id": 7, "response": 2}, {"player_id": 8, "response": 2}, {"player_id": 9, "response": 2}], "mean": 2, "mean_ratio": 1.3333333333333333, "winner": 2, "winner_num": 10, "winner_player_id": [0, 1, 2, 3, 4, 5, 6, 7, 8, 9]}, {"responses": [{"player_id": 0, "response": 2}, {"player_id": 1, "response": 2}, {"player_id": 2, "response": 2}, {"player_id": 3, "response": 2}, {"player_id": 4, "response": 2}, {"player_id": 5, "response": 2}, {"player_id": 6, "response": 2}, {"player_id": 7, "response": 2}, {"player_id": 8, "response": 2}, {"player_id": 9, "response": 2}], "mean": 2, "mean_ratio": 1.3333333333333333, "winner": 2, "winner_num": 10, "winner_player_id": [0, 1, 2, 3, 4, 5, 6, 7, 8, 9]}, {"responses": [{"player_id": 0, "response": 2}, {"player_id": 1, "response": 2}, {"player_id": 2, "response": 2}, {"player_id": 3, "response": 2}, {"player_id": 4, "response": 2}, {"player_id": 5, "response": 2}, {"player_id": 6, "response": 2}, {"player_id": 7, "response": 2}, {"player_id": 8, "response": 2}, {"player_id": 9, "response": 2}], "mean": 2, "mean_ratio": 1.3333333333333333, "winner": 2, "winner_num": 10, "winner_player_id": [0, 1, 2, 3, 4, 5, 6, 7, 8, 9]}, {"responses": [{"player_id": 0, "response": 2}, {"player_id": 1, "response": 2}, {"player_id": 2, "response": 2}, {"player_id": 3, "response": 2}, {"player_id": 4, "response": 2}, {"player_id": 5, "response": 2}, {"player_id": 6, "response": 2}, {"player_id": 7, "response": 2}, {"player_id": 8, "response": 2}, {"player_id": 9, "response": 2}], "mean": 2, "mean_ratio": 1.3333333333333333, "winner": 2, "winner_num": 10, "winner_player_id": [0, 1, 2, 3, 4, 5, 6, 7, 8, 9]}, {"responses": [{"player_id": 0, "response": 2}, {"player_id": 1, "response": 2}, {"player_id": 2, "response": 2}, {"player_id": 3, "response": 2}, {"player_id": 4, "response": 2}, {"player_id": 5, "response": 2}, {"player_id": 6, "response": 2}, {"player_id": 7, "response": 2}, {"player_id": 8, "response": 2}, {"player_id": 9, "response": 2}], "mean": 2, "mean_ratio": 1.3333333333333333, "winner": 2, "winner_num": 10, "winner_player_id": [0, 1, 2, 3, 4, 5, 6, 7, 8, 9]}, {"responses": [{"player_id": 0, "response": 2}, {"player_id": 1, "response": 2}, {"player_id": 2, "response": 2}, {"player_id": 3, "response": 2}, {"player_id": 4, "response": 2}, {"player_id": 5, "response": 2}, {"player_id": 6, "response": 2}, {"player_id": 7, "response": 2}, {"player_id": 8, "response": 2}, {"player_id": 9, "response": 2}], "mean": 2, "mean_ratio": 1.3333333333333333, "winner": 2, "winner_num": 10, "winner_player_id": [0, 1, 2, 3, 4, 5, 6, 7, 8, 9]}, {"responses": [{"player_id": 0, "response": 2}, {"player_id": 1, "response": 2}, {"player_id": 2, "response": 2}, {"player_id": 3, "response": 2}, {"player_id": 4, "response": 2}, {"player_id": 5, "response": 2}, {"player_id": 6, "response": 2}, {"player_id": 7, "response": 2}, {"player_id": 8, "response": 2}, {"player_id": 9, "response": 2}], "mean": 2, "mean_ratio": 1.3333333333333333, "winner": 2, "winner_num": 10, "winner_player_id": [0, 1, 2, 3, 4, 5, 6, 7, 8, 9]}, {"responses": [{"player_id": 0, "response": 2}, {"player_id": 1, "response": 2}, {"player_id": 2, "response": 2}, {"player_id": 3, "response": 2}, {"player_id": 4, "response": 2}, {"player_id": 5, "response": 2}, {"player_id": 6, "response": 2}, {"player_id": 7, "response": 2}, {"player_id": 8, "response": 2}, {"player_id": 9, "response": 2}], "mean": 2, "mean_ratio": 1.3333333333333333, "winner": 2, "winner_num": 10, "winner_player_id": [0, 1, 2, 3, 4, 5, 6, 7, 8, 9]}]}