{"meta": {"name_exp": "guessing_game", "player_num": 10, "min": 0, "max": 100, "ratio": 0.6666666666666666, "ratio_str": "2/3", "version": "v1", "run": 4, "lang_agent": "<pKbLE9I>", "round": 20}, "round_records": [{"responses": [{"player_id": 0, "response": 33}, {"player_id": 1, "response": 33}, {"player_id": 2, "response": 33}, {"player_id": 3, "response": 33}, {"player_id": 4, "response": 33}, {"player_id": 5, "response": 33}, {"player_id": 6, "response": 33}, {"player_id": 7, "response": 33}, {"player_id": 8, "response": 66}, {"player_id": 9, "response": 33}], "mean": 36.3, "mean_ratio": 24.199999999999996, "winner": 33, "winner_num": 9, "winner_player_id": [0, 1, 2, 3, 4, 5, 6, 7, 9]}, {"responses": [{"player_id": 0, "response": 22}, {"player_id": 1, "response": 22}, {"player_id": 2, "response": 22}, {"player_id": 3, "response": 16}, {"player_id": 4, "response": 22}, {"player_id": 5, "response": 25}, {"player_id": 6, "response": 20}, {"player_id": 7, "response": 22}, {"player_id": 8, "response": 20}, {"player_id": 9, "response": 22}], "mean": 21.3, "mean_ratio": 14.2, "winner": 16, "winner_num": 1, "winner_player_id": [3]}, {"responses": [{"player_id": 0, "response": 15}, {"player_id": 1, "response": 15}, {"player_id": 2, "response": 15}, {"player_id": 3, "response": 15}, {"player_id": 4, "response": 15}, {"player_id": 5, "response": 15}, {"player_id": 6, "response": 15}, {"player_id": 7, "response": 15}, {"player_id": 8, "response": 13}, {"player_id": 9, "response": 15}], "mean": 14.8, "mean_ratio": 9.866666666666667, "winner": 13, "winner_num": 1, "winner_player_id": [8]}, {"responses": [{"player_id": 0, "response": 12}, {"player_id": 1, "response": 10}, {"player_id": 2, "response": 12}, {"player_id": 3, "response": 12}, {"player_id": 4, "response": 12}, {"player_id": 5, "response": 10}, {"player_id": 6, "response": 12}, {"player_id": 7, "response": 12}, {"player_id": 8, "response": 10}, {"player_id": 9, "response": 10}], "mean": 11.2, "mean_ratio": 7.466666666666666, "winner": 10, "winner_num": 4, "winner_player_id": [1, 5, 8, 9]}, {"responses": [{"player_id": 0, "response": 9}, {"player_id": 1, "response": 5}, {"player_id": 2, "response": 7}, {"player_id": 3, "response": 6}, {"player_id": 4, "response": 9}, {"player_id": 5, "response": 8}, {"player_id": 6, "response": 10}, {"player_id": 7, "response": 7}, {"player_id": 8, "response": 8}, {"player_id": 9, "response": 9}], "mean": 7.8, "mean_ratio": 5.199999999999999, "winner": 5, "winner_num": 1, "winner_player_id": [1]}, {"responses": [{"player_id": 0, "response": 7}, {"player_id": 1, "response": 4}, {"player_id": 2, "response": 5}, {"player_id": 3, "response": 4}, {"player_id": 4, "response": 6}, {"player_id": 5, "response": 7}, {"player_id": 6, "response": 6}, {"player_id": 7, "response": 5}, {"player_id": 8, "response": 6}, {"player_id": 9, "response": 6}], "mean": 5.6, "mean_ratio": 3.733333333333333, "winner": 4, "winner_num": 2, "winner_player_id": [1, 3]}, {"responses": [{"player_id": 0, "response": 6}, {"player_id": 1, "response": 3}, {"player_id": 2, "response": 4}, {"player_id": 3, "response": 3}, {"player_id": 4, "response": 4}, {"player_id": 5, "response": 5}, {"player_id": 6, "response": 4}, {"player_id": 7, "response": 4}, {"player_id": 8, "response": 4}, {"player_id": 9, "response": 4}], "mean": 4.1, "mean_ratio": 2.733333333333333, "winner": 3, "winner_num": 2, "winner_player_id": [1, 3]}, {"responses": [{"player_id": 0, "response": 5}, {"player_id": 1, "response": 2}, {"player_id": 2, "response": 3}, {"player_id": 3, "response": 2}, {"player_id": 4, "response": 3}, {"player_id": 5, "response": 3}, {"player_id": 6, "response": 3}, {"player_id": 7, "response": 3}, {"player_id": 8, "response": 3}, {"player_id": 9, "response": 3}], "mean": 3, "mean_ratio": 2.0, "winner": 2, "winner_num": 2, "winner_player_id": [1, 3]}, {"responses": [{"player_id": 0, "response": 3}, {"player_id": 1, "response": 2}, {"player_id": 2, "response": 2}, {"player_id": 3, "response": 2}, {"player_id": 4, "response": 2}, {"player_id": 5, "response": 2}, {"player_id": 6, "response": 2}, {"player_id": 7, "response": 2}, {"player_id": 8, "response": 2}, {"player_id": 9, "response": 2}], "mean": 2.1, "mean_ratio": 1.4, "winner": 2, "winner_num": 9, "winner_player_id": [1, 2, 3, 4, 5, 6, 7, 8, 9]}, {"responses": [{"player_id": 0, "response": 2}, {"player_id": 1, "response": 1}, {"player_id": 2, "response": 1}, {"player_id": 3, "response": 2}, {"player_id": 4, "response": 2}, {"player_id": 5, "response": 2}, {"player_id": 6, "response": 2}, {"player_id": 7, "response": 2}, {"player_id": 8, "response": 2}, {"player_id": 9, "response": 2}], "mean": 1.8, "mean_ratio": 1.2, "winner": 1, "winner_num": 2, "winner_player_id": [1, 2]}, {"responses": [{"player_id": 0, "response": 1}, {"player_id": 1, "response": 1}, {"player_id": 2, "response": 1}, {"player_id": 3, "response": 1}, {"player_id": 4, "response": 1}, {"player_id": 5, "response": 1}, {"player_id": 6, "response": 1}, {"player_id": 7, "response": 1}, {"player_id": 8, "response": 1}, {"player_id": 9, "response": 1}], "mean": 1, "mean_ratio": 0.6666666666666666, "winner": 1, "winner_num": 10, "winner_player_id": [0, 1, 2, 3, 4, 5, 6, 7, 8, 9]}, {"responses": [{"player_id": 0, "response": 1}, {"player_id": 1, "response": 1}, {"player_id": 2, "response": 1}, {"player_id": 3, "response": 1}, {"player_id": 4, "response": 1}, {"player_id": 5, "response": 1}, {"player_id": 6, "response": 1}, {"player_id": 7, "response": 1}, {"player_id": 8, "response": 1}, {"player_id": 9, "response": 1}], "mean": 1, "mean_ratio": 0.6666666666666666, "winner": 1, "winner_num": 10, "winner_player_id": [0, 1, 2, 3, 4, 5, 6, 7, 8, 9]}, {"responses": [{"player_id": 0, "response": 1}, {"player_id": 1, "response": 1}, {"player_id": 2, "response": 1}, {"player_id": 3, "response": 1}, {"player_id": 4, "response": 1}, {"player_id": 5, "response": 1}, {"player_id": 6, "response": 1}, {"player_id": 7, "response": 1}, {"player_id": 8, "response": 1}, {"player_id": 9, "response": 1}], "mean": 1, "mean_ratio": 0.6666666666666666, "winner": 1, "winner_num": 10, "winner_player_id": [0, 1, 2, 3, 4, 5, 6, 7, 8, 9]}, {"responses": [{"player_id": 0, "response": 1}, {"player_id": 1, "response": 1}, {"player_id": 2, "response": 1}, {"player_id": 3, "response": 1}, {"player_id": 4, "response": 1}, {"player_id": 5, "response": 1}, {"player_id": 6, "response": 1}, {"player_id": 7, "response": 1}, {"player_id": 8, "response": 1}, {"player_id": 9, "response": 1}], "mean": 1, "mean_ratio": 0.6666666666666666, "winner": 1, "winner_num": 10, "winner_player_id": [0, 1, 2, 3, 4, 5, 6, 7, 8, 9]}, {"responses": [{"player_id": 0, "response": 1}, {"player_id": 1, "response": 1}, {"player_id": 2, "response": 1}, {"player_id": 3, "response": 1}, {"player_id": 4, "response": 1}, {"player_id": 5, "response": 1}, {"player_id": 6, "response": 1}, {"player_id": 7, "response": 1}, {"player_id": 8, "response": 1}, {"player_id": 9, "response": 1}], "mean": 1, "mean_ratio": 0.6666666666666666, "winner": 1, "winner_num": 10, "winner_player_id": [0, 1, 2, 3, 4, 5, 6, 7, 8, 9]}, {"responses": [{"player_id": 0, "response": 1}, {"player_id": 1, "response": 1}, {"player_id": 2, "response": 1}, {"player_id": 3, "response": 1}, {"player_id": 4, "response": 1}, {"player_id": 5, "response": 1}, {"player_id": 6, "response": 1}, {"player_id": 7, "response": 1}, {"player_id": 8, "response": 1}, {"player_id": 9, "response": 1}], "mean": 1, "mean_ratio": 0.6666666666666666, "winner": 1, "winner_num": 10, "winner_player_id": [0, 1, 2, 3, 4, 5, 6, 7, 8, 9]}, {"responses": [{"player_id": 0, "response": 1}, {"player_id": 1, "response": 1}, {"player_id": 2, "response": 1}, {"player_id": 3, "response": 1}, {"player_id": 4, "response": 1}, {"player_id": 5, "response": 1}, {"player_id": 6, "response": 1}, {"player_id": 7, "response": 1}, {"player_id": 8, "response": 1}, {"player_id": 9, "response": 1}], "mean": 1, "mean_ratio": 0.6666666666666666, "winner": 1, "winner_num": 10, "winner_player_id": [0, 1, 2, 3, 4, 5, 6, 7, 8, 9]}, {"responses": [{"player_id": 0, "response": 1}, {"player_id": 1, "response": 1}, {"player_id": 2, "response": 1}, {"player_id": 3, "response": 1}, {"player_id": 4, "response": 1}, {"player_id": 5, "response": 1}, {"player_id": 6, "response": 1}, {"player_id": 7, "response": 1}, {"player_id": 8, "response": 1}, {"player_id": 9, "response": 1}], "mean": 1, "mean_ratio": 0.6666666666666666, "winner": 1, "winner_num": 10, "winner_player_id": [0, 1, 2, 3, 4, 5, 6, 7, 8, 9]}, {"responses": [{"player_id": 0, "response": 1}, {"player_id": 1, "response": 1}, {"player_id": 2, "response": 1}, {"player_id": 3, "response": 1}, {"player_id": 4, "response": 1}, {"player_id": 5, "response": 1}, {"player_id": 6, "response": 1}, {"player_id": 7, "response": 1}, {"player_id": 8, "response": 1}, {"player_id": 9, "response": 1}], "mean": 1, "mean_ratio": 0.6666666666666666, "winner": 1, "winner_num": 10, "winner_player_id": [0, 1, 2, 3, 4, 5, 6, 7, 8, 9]}, {"responses": [{"player_id": 0, "response": 1}, {"player_id": 1, "response": 1}, {"player_id": 2, "response": 1}, {"player_id": 3, "response": 1}, {"player_id": 4, "response": 1}, {"player_id": 5, "response": 1}, {"player_id": 6, "response": 1}, {"player_id": 7, "response": 1}, {"player_id": 8, "response": 1}, {"player_id": 9, "response": 1}], "mean": 1, "mean_ratio": 0.6666666666666666, "winner": 1, "winner_num": 10, "winner_player_id": [0, 1, 2, 3, 4, 5, 6, 7, 8, 9]}]}