{"meta": {"name_exp": "guessing_game", "player_num": 10, "min": 0, "max": 100, "ratio": 0.6666666666666666, "ratio_str": "2/3", "version": "v1", "run": 2, "lang_agent": "<pKbLE9I>", "round": 20}, "round_records": [{"responses": [{"player_id": 0, "response": 33}, {"player_id": 1, "response": 33}, {"player_id": 2, "response": 33}, {"player_id": 3, "response": 33}, {"player_id": 4, "response": 33}, {"player_id": 5, "response": 33}, {"player_id": 6, "response": 66}, {"player_id": 7, "response": 33}, {"player_id": 8, "response": 21}, {"player_id": 9, "response": 32}], "mean": 35, "mean_ratio": 23.333333333333332, "winner": 21, "winner_num": 1, "winner_player_id": [8]}, {"responses": [{"player_id": 0, "response": 22}, {"player_id": 1, "response": 22}, {"player_id": 2, "response": 22}, {"player_id": 3, "response": 22}, {"player_id": 4, "response": 22}, {"player_id": 5, "response": 22}, {"player_id": 6, "response": 25}, {"player_id": 7, "response": 22}, {"player_id": 8, "response": 15}, {"player_id": 9, "response": 20}], "mean": 21.4, "mean_ratio": 14.266666666666666, "winner": 15, "winner_num": 1, "winner_player_id": [8]}, {"responses": [{"player_id": 0, "response": 14}, {"player_id": 1, "response": 14}, {"player_id": 2, "response": 14}, {"player_id": 3, "response": 16}, {"player_id": 4, "response": 14}, {"player_id": 5, "response": 14}, {"player_id": 6, "response": 16}, {"player_id": 7, "response": 16}, {"player_id": 8, "response": 10}, {"player_id": 9, "response": 13}], "mean": 14.1, "mean_ratio": 9.399999999999999, "winner": 10, "winner_num": 1, "winner_player_id": [8]}, {"responses": [{"player_id": 0, "response": 10}, {"player_id": 1, "response": 10}, {"player_id": 2, "response": 9}, {"player_id": 3, "response": 12}, {"player_id": 4, "response": 10}, {"player_id": 5, "response": 10}, {"player_id": 6, "response": 12}, {"player_id": 7, "response": 12}, {"player_id": 8, "response": 8}, {"player_id": 9, "response": 9}], "mean": 10.2, "mean_ratio": 6.799999999999999, "winner": 8, "winner_num": 1, "winner_player_id": [8]}, {"responses": [{"player_id": 0, "response": 8}, {"player_id": 1, "response": 8}, {"player_id": 2, "response": 7}, {"player_id": 3, "response": 9}, {"player_id": 4, "response": 8}, {"player_id": 5, "response": 8}, {"player_id": 6, "response": 9}, {"player_id": 7, "response": 8}, {"player_id": 8, "response": 6}, {"player_id": 9, "response": 6}], "mean": 7.7, "mean_ratio": 5.133333333333333, "winner": 6, "winner_num": 2, "winner_player_id": [8, 9]}, {"responses": [{"player_id": 0, "response": 6}, {"player_id": 1, "response": 5}, {"player_id": 2, "response": 5}, {"player_id": 3, "response": 6}, {"player_id": 4, "response": 6}, {"player_id": 5, "response": 6}, {"player_id": 6, "response": 6}, {"player_id": 7, "response": 6}, {"player_id": 8, "response": 5}, {"player_id": 9, "response": 5}], "mean": 5.6, "mean_ratio": 3.733333333333333, "winner": 5, "winner_num": 4, "winner_player_id": [1, 2, 8, 9]}, {"responses": [{"player_id": 0, "response": 4}, {"player_id": 1, "response": 4}, {"player_id": 2, "response": 4}, {"player_id": 3, "response": 4}, {"player_id": 4, "response": 4}, {"player_id": 5, "response": 5}, {"player_id": 6, "response": 4}, {"player_id": 7, "response": 4}, {"player_id": 8, "response": 4}, {"player_id": 9, "response": 4}], "mean": 4.1, "mean_ratio": 2.733333333333333, "winner": 4, "winner_num": 9, "winner_player_id": [0, 1, 2, 3, 4, 6, 7, 8, 9]}, {"responses": [{"player_id": 0, "response": 3}, {"player_id": 1, "response": 3}, {"player_id": 2, "response": 3}, {"player_id": 3, "response": 3}, {"player_id": 4, "response": 3}, {"player_id": 5, "response": 4}, {"player_id": 6, "response": 3}, {"player_id": 7, "response": 3}, {"player_id": 8, "response": 3}, {"player_id": 9, "response": 3}], "mean": 3.1, "mean_ratio": 2.0666666666666664, "winner": 3, "winner_num": 9, "winner_player_id": [0, 1, 2, 3, 4, 6, 7, 8, 9]}, {"responses": [{"player_id": 0, "response": 2}, {"player_id": 1, "response": 2}, {"player_id": 2, "response": 2}, {"player_id": 3, "response": 2}, {"player_id": 4, "response": 2}, {"player_id": 5, "response": 3}, {"player_id": 6, "response": 3}, {"player_id": 7, "response": 3}, {"player_id": 8, "response": 3}, {"player_id": 9, "response": 2}], "mean": 2.4, "mean_ratio": 1.5999999999999999, "winner": 2, "winner_num": 6, "winner_player_id": [0, 1, 2, 3, 4, 9]}, {"responses": [{"player_id": 0, "response": 2}, {"player_id": 1, "response": 2}, {"player_id": 2, "response": 2}, {"player_id": 3, "response": 2}, {"player_id": 4, "response": 2}, {"player_id": 5, "response": 2}, {"player_id": 6, "response": 2}, {"player_id": 7, "response": 2}, {"player_id": 8, "response": 2}, {"player_id": 9, "response": 2}], "mean": 2, "mean_ratio": 1.3333333333333333, "winner": 2, "winner_num": 10, "winner_player_id": [0, 1, 2, 3, 4, 5, 6, 7, 8, 9]}, {"responses": [{"player_id": 0, "response": 2}, {"player_id": 1, "response": 2}, {"player_id": 2, "response": 2}, {"player_id": 3, "response": 2}, {"player_id": 4, "response": 1}, {"player_id": 5, "response": 1}, {"player_id": 6, "response": 1}, {"player_id": 7, "response": 2}, {"player_id": 8, "response": 2}, {"player_id": 9, "response": 2}], "mean": 1.7, "mean_ratio": 1.1333333333333333, "winner": 1, "winner_num": 3, "winner_player_id": [4, 5, 6]}, {"responses": [{"player_id": 0, "response": 1}, {"player_id": 1, "response": 1}, {"player_id": 2, "response": 1}, {"player_id": 3, "response": 1}, {"player_id": 4, "response": 1}, {"player_id": 5, "response": 1}, {"player_id": 6, "response": 1}, {"player_id": 7, "response": 1}, {"player_id": 8, "response": 1}, {"player_id": 9, "response": 1}], "mean": 1, "mean_ratio": 0.6666666666666666, "winner": 1, "winner_num": 10, "winner_player_id": [0, 1, 2, 3, 4, 5, 6, 7, 8, 9]}, {"responses": [{"player_id": 0, "response": 1}, {"player_id": 1, "response": 1}, {"player_id": 2, "response": 1}, {"player_id": 3, "response": 1}, {"player_id": 4, "response": 1}, {"player_id": 5, "response": 1}, {"player_id": 6, "response": 1}, {"player_id": 7, "response": 1}, {"player_id": 8, "response": 0}, {"player_id": 9, "response": 1}], "mean": 0.9, "mean_ratio": 0.6, "winner": 1, "winner_num": 9, "winner_player_id": [0, 1, 2, 3, 4, 5, 6, 7, 9]}, {"responses": [{"player_id": 0, "response": 1}, {"player_id": 1, "response": 1}, {"player_id": 2, "response": 1}, {"player_id": 3, "response": 1}, {"player_id": 4, "response": 1}, {"player_id": 5, "response": 1}, {"player_id": 6, "response": 1}, {"player_id": 7, "response": 1}, {"player_id": 8, "response": 0}, {"player_id": 9, "response": 1}], "mean": 0.9, "mean_ratio": 0.6, "winner": 1, "winner_num": 9, "winner_player_id": [0, 1, 2, 3, 4, 5, 6, 7, 9]}, {"responses": [{"player_id": 0, "response": 1}, {"player_id": 1, "response": 1}, {"player_id": 2, "response": 1}, {"player_id": 3, "response": 1}, {"player_id": 4, "response": 1}, {"player_id": 5, "response": 1}, {"player_id": 6, "response": 1}, {"player_id": 7, "response": 1}, {"player_id": 8, "response": 1}, {"player_id": 9, "response": 1}], "mean": 1, "mean_ratio": 0.6666666666666666, "winner": 1, "winner_num": 10, "winner_player_id": [0, 1, 2, 3, 4, 5, 6, 7, 8, 9]}, {"responses": [{"player_id": 0, "response": 1}, {"player_id": 1, "response": 1}, {"player_id": 2, "response": 1}, {"player_id": 3, "response": 1}, {"player_id": 4, "response": 1}, {"player_id": 5, "response": 1}, {"player_id": 6, "response": 1}, {"player_id": 7, "response": 1}, {"player_id": 8, "response": 1}, {"player_id": 9, "response": 1}], "mean": 1, "mean_ratio": 0.6666666666666666, "winner": 1, "winner_num": 10, "winner_player_id": [0, 1, 2, 3, 4, 5, 6, 7, 8, 9]}, {"responses": [{"player_id": 0, "response": 1}, {"player_id": 1, "response": 1}, {"player_id": 2, "response": 1}, {"player_id": 3, "response": 1}, {"player_id": 4, "response": 1}, {"player_id": 5, "response": 1}, {"player_id": 6, "response": 1}, {"player_id": 7, "response": 1}, {"player_id": 8, "response": 1}, {"player_id": 9, "response": 1}], "mean": 1, "mean_ratio": 0.6666666666666666, "winner": 1, "winner_num": 10, "winner_player_id": [0, 1, 2, 3, 4, 5, 6, 7, 8, 9]}, {"responses": [{"player_id": 0, "response": 1}, {"player_id": 1, "response": 1}, {"player_id": 2, "response": 1}, {"player_id": 3, "response": 1}, {"player_id": 4, "response": 1}, {"player_id": 5, "response": 1}, {"player_id": 6, "response": 1}, {"player_id": 7, "response": 1}, {"player_id": 8, "response": 1}, {"player_id": 9, "response": 1}], "mean": 1, "mean_ratio": 0.6666666666666666, "winner": 1, "winner_num": 10, "winner_player_id": [0, 1, 2, 3, 4, 5, 6, 7, 8, 9]}, {"responses": [{"player_id": 0, "response": 1}, {"player_id": 1, "response": 1}, {"player_id": 2, "response": 1}, {"player_id": 3, "response": 1}, {"player_id": 4, "response": 1}, {"player_id": 5, "response": 1}, {"player_id": 6, "response": 1}, {"player_id": 7, "response": 1}, {"player_id": 8, "response": 1}, {"player_id": 9, "response": 1}], "mean": 1, "mean_ratio": 0.6666666666666666, "winner": 1, "winner_num": 10, "winner_player_id": [0, 1, 2, 3, 4, 5, 6, 7, 8, 9]}, {"responses": [{"player_id": 0, "response": 1}, {"player_id": 1, "response": 1}, {"player_id": 2, "response": 1}, {"player_id": 3, "response": 1}, {"player_id": 4, "response": 1}, {"player_id": 5, "response": 1}, {"player_id": 6, "response": 1}, {"player_id": 7, "response": 1}, {"player_id": 8, "response": 1}, {"player_id": 9, "response": 1}], "mean": 1, "mean_ratio": 0.6666666666666666, "winner": 1, "winner_num": 10, "winner_player_id": [0, 1, 2, 3, 4, 5, 6, 7, 8, 9]}]}