{"meta": {"name_exp": "guessing_game", "player_num": 10, "min": 0, "max": 100, "ratio": 0.6666666666666666, "ratio_str": "2/3", "version": "v1", "run": 5, "lang_agent": "<pKbLE9I>", "round": 20}, "round_records": [{"responses": [{"player_id": 0, "response": 33}, {"player_id": 1, "response": 50}, {"player_id": 2, "response": 33}, {"player_id": 3, "response": 33}, {"player_id": 4, "response": 33}, {"player_id": 5, "response": 33}, {"player_id": 6, "response": 33}, {"player_id": 7, "response": 33}, {"player_id": 8, "response": 50}, {"player_id": 9, "response": 33}], "mean": 36.4, "mean_ratio": 24.266666666666666, "winner": 33, "winner_num": 8, "winner_player_id": [0, 2, 3, 4, 5, 6, 7, 9]}, {"responses": [{"player_id": 0, "response": 25}, {"player_id": 1, "response": 25}, {"player_id": 2, "response": 25}, {"player_id": 3, "response": 22}, {"player_id": 4, "response": 22}, {"player_id": 5, "response": 22}, {"player_id": 6, "response": 22}, {"player_id": 7, "response": 20}, {"player_id": 8, "response": 25}, {"player_id": 9, "response": 25}], "mean": 23.3, "mean_ratio": 15.533333333333333, "winner": 20, "winner_num": 1, "winner_player_id": [7]}, {"responses": [{"player_id": 0, "response": 18}, {"player_id": 1, "response": 16}, {"player_id": 2, "response": 22}, {"player_id": 3, "response": 16}, {"player_id": 4, "response": 16}, {"player_id": 5, "response": 18}, {"player_id": 6, "response": 18}, {"player_id": 7, "response": 15}, {"player_id": 8, "response": 15}, {"player_id": 9, "response": 16}], "mean": 17, "mean_ratio": 11.333333333333332, "winner": 15, "winner_num": 2, "winner_player_id": [7, 8]}, {"responses": [{"player_id": 0, "response": 16}, {"player_id": 1, "response": 10}, {"player_id": 2, "response": 10}, {"player_id": 3, "response": 13}, {"player_id": 4, "response": 12}, {"player_id": 5, "response": 14}, {"player_id": 6, "response": 15}, {"player_id": 7, "response": 10}, {"player_id": 8, "response": 10}, {"player_id": 9, "response": 13}], "mean": 12.3, "mean_ratio": 8.2, "winner": 10, "winner_num": 4, "winner_player_id": [1, 2, 7, 8]}, {"responses": [{"player_id": 0, "response": 12}, {"player_id": 1, "response": 8}, {"player_id": 2, "response": 8}, {"player_id": 3, "response": 9}, {"player_id": 4, "response": 10}, {"player_id": 5, "response": 6}, {"player_id": 6, "response": 7}, {"player_id": 7, "response": 8}, {"player_id": 8, "response": 8}, {"player_id": 9, "response": 10}], "mean": 8.6, "mean_ratio": 5.7333333333333325, "winner": 6, "winner_num": 1, "winner_player_id": [5]}, {"responses": [{"player_id": 0, "response": 5}, {"player_id": 1, "response": 7}, {"player_id": 2, "response": 6}, {"player_id": 3, "response": 8}, {"player_id": 4, "response": 5}, {"player_id": 5, "response": 5}, {"player_id": 6, "response": 5}, {"player_id": 7, "response": 5}, {"player_id": 8, "response": 7}, {"player_id": 9, "response": 5}], "mean": 5.8, "mean_ratio": 3.8666666666666663, "winner": 5, "winner_num": 6, "winner_player_id": [0, 4, 5, 6, 7, 9]}, {"responses": [{"player_id": 0, "response": 4}, {"player_id": 1, "response": 4}, {"player_id": 2, "response": 5}, {"player_id": 3, "response": 4}, {"player_id": 4, "response": 4}, {"player_id": 5, "response": 4}, {"player_id": 6, "response": 4}, {"player_id": 7, "response": 4}, {"player_id": 8, "response": 4}, {"player_id": 9, "response": 4}], "mean": 4.1, "mean_ratio": 2.733333333333333, "winner": 4, "winner_num": 9, "winner_player_id": [0, 1, 3, 4, 5, 6, 7, 8, 9]}, {"responses": [{"player_id": 0, "response": 3}, {"player_id": 1, "response": 3}, {"player_id": 2, "response": 4}, {"player_id": 3, "response": 3}, {"player_id": 4, "response": 3}, {"player_id": 5, "response": 3}, {"player_id": 6, "response": 3}, {"player_id": 7, "response": 3}, {"player_id": 8, "response": 3}, {"player_id": 9, "response": 4}], "mean": 3.2, "mean_ratio": 2.1333333333333333, "winner": 3, "winner_num": 8, "winner_player_id": [0, 1, 3, 4, 5, 6, 7, 8]}, {"responses": [{"player_id": 0, "response": 2}, {"player_id": 1, "response": 2}, {"player_id": 2, "response": 3}, {"player_id": 3, "response": 2}, {"player_id": 4, "response": 2}, {"player_id": 5, "response": 3}, {"player_id": 6, "response": 3}, {"player_id": 7, "response": 3}, {"player_id": 8, "response": 2}, {"player_id": 9, "response": 3}], "mean": 2.5, "mean_ratio": 1.6666666666666665, "winner": 2, "winner_num": 5, "winner_player_id": [0, 1, 3, 4, 8]}, {"responses": [{"player_id": 0, "response": 2}, {"player_id": 1, "response": 2}, {"player_id": 2, "response": 2}, {"player_id": 3, "response": 2}, {"player_id": 4, "response": 2}, {"player_id": 5, "response": 2}, {"player_id": 6, "response": 2}, {"player_id": 7, "response": 2}, {"player_id": 8, "response": 2}, {"player_id": 9, "response": 2}], "mean": 2, "mean_ratio": 1.3333333333333333, "winner": 2, "winner_num": 10, "winner_player_id": [0, 1, 2, 3, 4, 5, 6, 7, 8, 9]}, {"responses": [{"player_id": 0, "response": 1}, {"player_id": 1, "response": 1}, {"player_id": 2, "response": 2}, {"player_id": 3, "response": 1}, {"player_id": 4, "response": 1}, {"player_id": 5, "response": 2}, {"player_id": 6, "response": 2}, {"player_id": 7, "response": 1}, {"player_id": 8, "response": 2}, {"player_id": 9, "response": 1}], "mean": 1.4, "mean_ratio": 0.9333333333333332, "winner": 1, "winner_num": 6, "winner_player_id": [0, 1, 3, 4, 7, 9]}, {"responses": [{"player_id": 0, "response": 1}, {"player_id": 1, "response": 1}, {"player_id": 2, "response": 1}, {"player_id": 3, "response": 1}, {"player_id": 4, "response": 1}, {"player_id": 5, "response": 1}, {"player_id": 6, "response": 1}, {"player_id": 7, "response": 1}, {"player_id": 8, "response": 1}, {"player_id": 9, "response": 0}], "mean": 0.9, "mean_ratio": 0.6, "winner": 1, "winner_num": 9, "winner_player_id": [0, 1, 2, 3, 4, 5, 6, 7, 8]}, {"responses": [{"player_id": 0, "response": 1}, {"player_id": 1, "response": 1}, {"player_id": 2, "response": 1}, {"player_id": 3, "response": 1}, {"player_id": 4, "response": 1}, {"player_id": 5, "response": 1}, {"player_id": 6, "response": 1}, {"player_id": 7, "response": 1}, {"player_id": 8, "response": 1}, {"player_id": 9, "response": 0}], "mean": 0.9, "mean_ratio": 0.6, "winner": 1, "winner_num": 9, "winner_player_id": [0, 1, 2, 3, 4, 5, 6, 7, 8]}, {"responses": [{"player_id": 0, "response": 1}, {"player_id": 1, "response": 1}, {"player_id": 2, "response": 1}, {"player_id": 3, "response": 1}, {"player_id": 4, "response": 1}, {"player_id": 5, "response": 1}, {"player_id": 6, "response": 1}, {"player_id": 7, "response": 1}, {"player_id": 8, "response": 1}, {"player_id": 9, "response": 0}], "mean": 0.9, "mean_ratio": 0.6, "winner": 1, "winner_num": 9, "winner_player_id": [0, 1, 2, 3, 4, 5, 6, 7, 8]}, {"responses": [{"player_id": 0, "response": 1}, {"player_id": 1, "response": 1}, {"player_id": 2, "response": 1}, {"player_id": 3, "response": 1}, {"player_id": 4, "response": 1}, {"player_id": 5, "response": 1}, {"player_id": 6, "response": 1}, {"player_id": 7, "response": 1}, {"player_id": 8, "response": 1}, {"player_id": 9, "response": 0}], "mean": 0.9, "mean_ratio": 0.6, "winner": 1, "winner_num": 9, "winner_player_id": [0, 1, 2, 3, 4, 5, 6, 7, 8]}, {"responses": [{"player_id": 0, "response": 1}, {"player_id": 1, "response": 1}, {"player_id": 2, "response": 1}, {"player_id": 3, "response": 1}, {"player_id": 4, "response": 1}, {"player_id": 5, "response": 1}, {"player_id": 6, "response": 1}, {"player_id": 7, "response": 1}, {"player_id": 8, "response": 1}, {"player_id": 9, "response": 0}], "mean": 0.9, "mean_ratio": 0.6, "winner": 1, "winner_num": 9, "winner_player_id": [0, 1, 2, 3, 4, 5, 6, 7, 8]}, {"responses": [{"player_id": 0, "response": 1}, {"player_id": 1, "response": 1}, {"player_id": 2, "response": 1}, {"player_id": 3, "response": 1}, {"player_id": 4, "response": 1}, {"player_id": 5, "response": 1}, {"player_id": 6, "response": 1}, {"player_id": 7, "response": 1}, {"player_id": 8, "response": 1}, {"player_id": 9, "response": 1}], "mean": 1, "mean_ratio": 0.6666666666666666, "winner": 1, "winner_num": 10, "winner_player_id": [0, 1, 2, 3, 4, 5, 6, 7, 8, 9]}, {"responses": [{"player_id": 0, "response": 1}, {"player_id": 1, "response": 1}, {"player_id": 2, "response": 1}, {"player_id": 3, "response": 1}, {"player_id": 4, "response": 1}, {"player_id": 5, "response": 1}, {"player_id": 6, "response": 1}, {"player_id": 7, "response": 1}, {"player_id": 8, "response": 1}, {"player_id": 9, "response": 1}], "mean": 1, "mean_ratio": 0.6666666666666666, "winner": 1, "winner_num": 10, "winner_player_id": [0, 1, 2, 3, 4, 5, 6, 7, 8, 9]}, {"responses": [{"player_id": 0, "response": 1}, {"player_id": 1, "response": 1}, {"player_id": 2, "response": 1}, {"player_id": 3, "response": 1}, {"player_id": 4, "response": 1}, {"player_id": 5, "response": 1}, {"player_id": 6, "response": 1}, {"player_id": 7, "response": 1}, {"player_id": 8, "response": 1}, {"player_id": 9, "response": 1}], "mean": 1, "mean_ratio": 0.6666666666666666, "winner": 1, "winner_num": 10, "winner_player_id": [0, 1, 2, 3, 4, 5, 6, 7, 8, 9]}, {"responses": [{"player_id": 0, "response": 1}, {"player_id": 1, "response": 1}, {"player_id": 2, "response": 1}, {"player_id": 3, "response": 1}, {"player_id": 4, "response": 1}, {"player_id": 5, "response": 1}, {"player_id": 6, "response": 1}, {"player_id": 7, "response": 1}, {"player_id": 8, "response": 1}, {"player_id": 9, "response": 1}], "mean": 1, "mean_ratio": 0.6666666666666666, "winner": 1, "winner_num": 10, "winner_player_id": [0, 1, 2, 3, 4, 5, 6, 7, 8, 9]}]}