{"meta": {"name_exp": "guessing_game", "player_num": 10, "min": 0, "max": 100, "ratio": 0.6666666666666666, "ratio_str": "2/3", "version": "v1", "run": 2, "lang_agent": "<qqOBXB0>", "round": 20}, "round_records": [{"responses": [{"player_id": 0, "response": 22}, {"player_id": 1, "response": 50}, {"player_id": 2, "response": 50}, {"player_id": 3, "response": 22}, {"player_id": 4, "response": 50}, {"player_id": 5, "response": 22}, {"player_id": 6, "response": 50}, {"player_id": 7, "response": 22}, {"player_id": 8, "response": 50}, {"player_id": 9, "response": 25}], "mean": 36.3, "mean_ratio": 24.199999999999996, "winner": 25, "winner_num": 1, "winner_player_id": [9]}, {"responses": [{"player_id": 0, "response": 23}, {"player_id": 1, "response": 24}, {"player_id": 2, "response": 24}, {"player_id": 3, "response": 23}, {"player_id": 4, "response": 24}, {"player_id": 5, "response": 24}, {"player_id": 6, "response": 24}, {"player_id": 7, "response": 23}, {"player_id": 8, "response": 24}, {"player_id": 9, "response": 24}], "mean": 23.7, "mean_ratio": 15.799999999999999, "winner": 23, "winner_num": 3, "winner_player_id": [0, 3, 7]}, {"responses": [{"player_id": 0, "response": 15}, {"player_id": 1, "response": 15}, {"player_id": 2, "response": 20}, {"player_id": 3, "response": 15}, {"player_id": 4, "response": 15}, {"player_id": 5, "response": 15}, {"player_id": 6, "response": 15}, {"player_id": 7, "response": 15}, {"player_id": 8, "response": 19}, {"player_id": 9, "response": 21}], "mean": 16.5, "mean_ratio": 11.0, "winner": 15, "winner_num": 7, "winner_player_id": [0, 1, 3, 4, 5, 6, 7]}, {"responses": [{"player_id": 0, "response": 12}, {"player_id": 1, "response": 12}, {"player_id": 2, "response": 13}, {"player_id": 3, "response": 13}, {"player_id": 4, "response": 12}, {"player_id": 5, "response": 13}, {"player_id": 6, "response": 12}, {"player_id": 7, "response": 13}, {"player_id": 8, "response": 13}, {"player_id": 9, "response": 18}], "mean": 13.1, "mean_ratio": 8.733333333333333, "winner": 12, "winner_num": 4, "winner_player_id": [0, 1, 4, 6]}, {"responses": [{"player_id": 0, "response": 15}, {"player_id": 1, "response": 10}, {"player_id": 2, "response": 9}, {"player_id": 3, "response": 22}, {"player_id": 4, "response": 10}, {"player_id": 5, "response": 10}, {"player_id": 6, "response": 11}, {"player_id": 7, "response": 12}, {"player_id": 8, "response": 9}, {"player_id": 9, "response": 10}], "mean": 11.8, "mean_ratio": 7.866666666666667, "winner": 9, "winner_num": 2, "winner_player_id": [2, 8]}, {"responses": [{"player_id": 0, "response": 9}, {"player_id": 1, "response": 9}, {"player_id": 2, "response": 7}, {"player_id": 3, "response": 8}, {"player_id": 4, "response": 8}, {"player_id": 5, "response": 7}, {"player_id": 6, "response": 10}, {"player_id": 7, "response": 8}, {"player_id": 8, "response": 8}, {"player_id": 9, "response": 8}], "mean": 8.2, "mean_ratio": 5.466666666666666, "winner": 7, "winner_num": 2, "winner_player_id": [2, 5]}, {"responses": [{"player_id": 0, "response": 8}, {"player_id": 1, "response": 8}, {"player_id": 2, "response": 8}, {"player_id": 3, "response": 7}, {"player_id": 4, "response": 7}, {"player_id": 5, "response": 8}, {"player_id": 6, "response": 8}, {"player_id": 7, "response": 7}, {"player_id": 8, "response": 7}, {"player_id": 9, "response": 15}], "mean": 8.3, "mean_ratio": 5.533333333333333, "winner": 7, "winner_num": 4, "winner_player_id": [3, 4, 7, 8]}, {"responses": [{"player_id": 0, "response": 7}, {"player_id": 1, "response": 6}, {"player_id": 2, "response": 7}, {"player_id": 3, "response": 8}, {"player_id": 4, "response": 8}, {"player_id": 5, "response": 6}, {"player_id": 6, "response": 7}, {"player_id": 7, "response": 6}, {"player_id": 8, "response": 6}, {"player_id": 9, "response": 5}], "mean": 6.6, "mean_ratio": 4.3999999999999995, "winner": 5, "winner_num": 1, "winner_player_id": [9]}, {"responses": [{"player_id": 0, "response": 5}, {"player_id": 1, "response": 5}, {"player_id": 2, "response": 4}, {"player_id": 3, "response": 5}, {"player_id": 4, "response": 5}, {"player_id": 5, "response": 5}, {"player_id": 6, "response": 6}, {"player_id": 7, "response": 5}, {"player_id": 8, "response": 5}, {"player_id": 9, "response": 6}], "mean": 5.1, "mean_ratio": 3.3999999999999995, "winner": 4, "winner_num": 1, "winner_player_id": [2]}, {"responses": [{"player_id": 0, "response": 4}, {"player_id": 1, "response": 3}, {"player_id": 2, "response": 4}, {"player_id": 3, "response": 7}, {"player_id": 4, "response": 7}, {"player_id": 5, "response": 4}, {"player_id": 6, "response": 4}, {"player_id": 7, "response": 7}, {"player_id": 8, "response": 4}, {"player_id": 9, "response": 4}], "mean": 4.8, "mean_ratio": 3.1999999999999997, "winner": 3, "winner_num": 1, "winner_player_id": [1]}, {"responses": [{"player_id": 0, "response": 4}, {"player_id": 1, "response": 15}, {"player_id": 2, "response": 3}, {"player_id": 3, "response": 5}, {"player_id": 4, "response": 3}, {"player_id": 5, "response": 5}, {"player_id": 6, "response": 3}, {"player_id": 7, "response": 3}, {"player_id": 8, "response": 3}, {"player_id": 9, "response": 5}], "mean": 4.9, "mean_ratio": 3.2666666666666666, "winner": 3, "winner_num": 5, "winner_player_id": [2, 4, 6, 7, 8]}, {"responses": [{"player_id": 0, "response": 3}, {"player_id": 1, "response": 3}, {"player_id": 2, "response": 3}, {"player_id": 3, "response": 3}, {"player_id": 4, "response": 3}, {"player_id": 5, "response": 3}, {"player_id": 6, "response": 3}, {"player_id": 7, "response": 3}, {"player_id": 8, "response": 3}, {"player_id": 9, "response": 3}], "mean": 3, "mean_ratio": 2.0, "winner": 3, "winner_num": 10, "winner_player_id": [0, 1, 2, 3, 4, 5, 6, 7, 8, 9]}, {"responses": [{"player_id": 0, "response": 2}, {"player_id": 1, "response": 2}, {"player_id": 2, "response": 2}, {"player_id": 3, "response": 3}, {"player_id": 4, "response": 2}, {"player_id": 5, "response": 2}, {"player_id": 6, "response": 2}, {"player_id": 7, "response": 2}, {"player_id": 8, "response": 2}, {"player_id": 9, "response": 2}], "mean": 2.1, "mean_ratio": 1.4, "winner": 2, "winner_num": 9, "winner_player_id": [0, 1, 2, 4, 5, 6, 7, 8, 9]}, {"responses": [{"player_id": 0, "response": 2}, {"player_id": 1, "response": 1}, {"player_id": 2, "response": 1}, {"player_id": 3, "response": 2}, {"player_id": 4, "response": 1}, {"player_id": 5, "response": 2}, {"player_id": 6, "response": 2}, {"player_id": 7, "response": 2}, {"player_id": 8, "response": 2}, {"player_id": 9, "response": 1}], "mean": 1.6, "mean_ratio": 1.0666666666666667, "winner": 1, "winner_num": 4, "winner_player_id": [1, 2, 4, 9]}, {"responses": [{"player_id": 0, "response": 1}, {"player_id": 1, "response": 1}, {"player_id": 2, "response": 1}, {"player_id": 3, "response": 1}, {"player_id": 4, "response": 1}, {"player_id": 5, "response": 1}, {"player_id": 6, "response": 1}, {"player_id": 7, "response": 1}, {"player_id": 8, "response": 1}, {"player_id": 9, "response": 1}], "mean": 1, "mean_ratio": 0.6666666666666666, "winner": 1, "winner_num": 10, "winner_player_id": [0, 1, 2, 3, 4, 5, 6, 7, 8, 9]}, {"responses": [{"player_id": 0, "response": 1}, {"player_id": 1, "response": 1}, {"player_id": 2, "response": 1}, {"player_id": 3, "response": 1}, {"player_id": 4, "response": 1}, {"player_id": 5, "response": 1}, {"player_id": 6, "response": 1}, {"player_id": 7, "response": 1}, {"player_id": 8, "response": 1}, {"player_id": 9, "response": 1}], "mean": 1, "mean_ratio": 0.6666666666666666, "winner": 1, "winner_num": 10, "winner_player_id": [0, 1, 2, 3, 4, 5, 6, 7, 8, 9]}, {"responses": [{"player_id": 0, "response": 1}, {"player_id": 1, "response": 1}, {"player_id": 2, "response": 1}, {"player_id": 3, "response": 1}, {"player_id": 4, "response": 1}, {"player_id": 5, "response": 1}, {"player_id": 6, "response": 1}, {"player_id": 7, "response": 1}, {"player_id": 8, "response": 1}, {"player_id": 9, "response": 1}], "mean": 1, "mean_ratio": 0.6666666666666666, "winner": 1, "winner_num": 10, "winner_player_id": [0, 1, 2, 3, 4, 5, 6, 7, 8, 9]}, {"responses": [{"player_id": 0, "response": 1}, {"player_id": 1, "response": 1}, {"player_id": 2, "response": 1}, {"player_id": 3, "response": 1}, {"player_id": 4, "response": 1}, {"player_id": 5, "response": 1}, {"player_id": 6, "response": 1}, {"player_id": 7, "response": 1}, {"player_id": 8, "response": 1}, {"player_id": 9, "response": 1}], "mean": 1, "mean_ratio": 0.6666666666666666, "winner": 1, "winner_num": 10, "winner_player_id": [0, 1, 2, 3, 4, 5, 6, 7, 8, 9]}, {"responses": [{"player_id": 0, "response": 1}, {"player_id": 1, "response": 1}, {"player_id": 2, "response": 1}, {"player_id": 3, "response": 1}, {"player_id": 4, "response": 1}, {"player_id": 5, "response": 1}, {"player_id": 6, "response": 1}, {"player_id": 7, "response": 1}, {"player_id": 8, "response": 1}, {"player_id": 9, "response": 1}], "mean": 1, "mean_ratio": 0.6666666666666666, "winner": 1, "winner_num": 10, "winner_player_id": [0, 1, 2, 3, 4, 5, 6, 7, 8, 9]}, {"responses": [{"player_id": 0, "response": 1}, {"player_id": 1, "response": 1}, {"player_id": 2, "response": 1}, {"player_id": 3, "response": 1}, {"player_id": 4, "response": 1}, {"player_id": 5, "response": 1}, {"player_id": 6, "response": 1}, {"player_id": 7, "response": 1}, {"player_id": 8, "response": 1}, {"player_id": 9, "response": 1}], "mean": 1, "mean_ratio": 0.6666666666666666, "winner": 1, "winner_num": 10, "winner_player_id": [0, 1, 2, 3, 4, 5, 6, 7, 8, 9]}]}