{"meta": {"name_exp": "guessing_game", "player_num": 10, "min": 0, "max": 100, "ratio": 0.6666666666666666, "ratio_str": "2/3", "version": "v1", "run": 5, "lang_agent": "<qqOBXB0>", "round": 20}, "round_records": [{"responses": [{"player_id": 0, "response": 50}, {"player_id": 1, "response": 22}, {"player_id": 2, "response": 50}, {"player_id": 3, "response": 22}, {"player_id": 4, "response": 50}, {"player_id": 5, "response": 50}, {"player_id": 6, "response": 50}, {"player_id": 7, "response": 33}, {"player_id": 8, "response": 50}, {"player_id": 9, "response": 50}], "mean": 42.7, "mean_ratio": 28.46666666666667, "winner": 33, "winner_num": 1, "winner_player_id": [7]}, {"responses": [{"player_id": 0, "response": 29}, {"player_id": 1, "response": 29}, {"player_id": 2, "response": 25}, {"player_id": 3, "response": 28}, {"player_id": 4, "response": 25}, {"player_id": 5, "response": 28}, {"player_id": 6, "response": 29}, {"player_id": 7, "response": 28}, {"player_id": 8, "response": 29}, {"player_id": 9, "response": 29}], "mean": 27.9, "mean_ratio": 18.599999999999998, "winner": 25, "winner_num": 2, "winner_player_id": [2, 4]}, {"responses": [{"player_id": 0, "response": 23}, {"player_id": 1, "response": 21}, {"player_id": 2, "response": 22}, {"player_id": 3, "response": 18}, {"player_id": 4, "response": 22}, {"player_id": 5, "response": 22}, {"player_id": 6, "response": 22}, {"player_id": 7, "response": 21}, {"player_id": 8, "response": 22}, {"player_id": 9, "response": 18}], "mean": 21.1, "mean_ratio": 14.066666666666666, "winner": 18, "winner_num": 2, "winner_player_id": [3, 9]}, {"responses": [{"player_id": 0, "response": 17}, {"player_id": 1, "response": 15}, {"player_id": 2, "response": 18}, {"player_id": 3, "response": 15}, {"player_id": 4, "response": 15}, {"player_id": 5, "response": 15}, {"player_id": 6, "response": 15}, {"player_id": 7, "response": 15}, {"player_id": 8, "response": 15}, {"player_id": 9, "response": 15}], "mean": 15.5, "mean_ratio": 10.333333333333332, "winner": 15, "winner_num": 8, "winner_player_id": [1, 3, 4, 5, 6, 7, 8, 9]}, {"responses": [{"player_id": 0, "response": 13}, {"player_id": 1, "response": 14}, {"player_id": 2, "response": 12}, {"player_id": 3, "response": 13}, {"player_id": 4, "response": 13}, {"player_id": 5, "response": 13}, {"player_id": 6, "response": 14}, {"player_id": 7, "response": 13}, {"player_id": 8, "response": 14}, {"player_id": 9, "response": 13}], "mean": 13.2, "mean_ratio": 8.799999999999999, "winner": 12, "winner_num": 1, "winner_player_id": [2]}, {"responses": [{"player_id": 0, "response": 9}, {"player_id": 1, "response": 13}, {"player_id": 2, "response": 9}, {"player_id": 3, "response": 9}, {"player_id": 4, "response": 11}, {"player_id": 5, "response": 9}, {"player_id": 6, "response": 13}, {"player_id": 7, "response": 12}, {"player_id": 8, "response": 13}, {"player_id": 9, "response": 9}], "mean": 10.7, "mean_ratio": 7.133333333333333, "winner": 9, "winner_num": 5, "winner_player_id": [0, 2, 3, 5, 9]}, {"responses": [{"player_id": 0, "response": 8}, {"player_id": 1, "response": 8}, {"player_id": 2, "response": 8}, {"player_id": 3, "response": 10}, {"player_id": 4, "response": 8}, {"player_id": 5, "response": 8}, {"player_id": 6, "response": 8}, {"player_id": 7, "response": 10}, {"player_id": 8, "response": 8}, {"player_id": 9, "response": 8}], "mean": 8.4, "mean_ratio": 5.6, "winner": 8, "winner_num": 8, "winner_player_id": [0, 1, 2, 4, 5, 6, 8, 9]}, {"responses": [{"player_id": 0, "response": 7}, {"player_id": 1, "response": 7}, {"player_id": 2, "response": 7}, {"player_id": 3, "response": 7}, {"player_id": 4, "response": 7}, {"player_id": 5, "response": 7}, {"player_id": 6, "response": 7}, {"player_id": 7, "response": 7}, {"player_id": 8, "response": 7}, {"player_id": 9, "response": 7}], "mean": 7, "mean_ratio": 4.666666666666666, "winner": 7, "winner_num": 10, "winner_player_id": [0, 1, 2, 3, 4, 5, 6, 7, 8, 9]}, {"responses": [{"player_id": 0, "response": 7}, {"player_id": 1, "response": 6}, {"player_id": 2, "response": 7}, {"player_id": 3, "response": 8}, {"player_id": 4, "response": 6}, {"player_id": 5, "response": 7}, {"player_id": 6, "response": 5}, {"player_id": 7, "response": 9}, {"player_id": 8, "response": 7}, {"player_id": 9, "response": 5}], "mean": 6.7, "mean_ratio": 4.466666666666667, "winner": 5, "winner_num": 2, "winner_player_id": [6, 9]}, {"responses": [{"player_id": 0, "response": 6}, {"player_id": 1, "response": 5}, {"player_id": 2, "response": 5}, {"player_id": 3, "response": 6}, {"player_id": 4, "response": 5}, {"player_id": 5, "response": 5}, {"player_id": 6, "response": 5}, {"player_id": 7, "response": 5}, {"player_id": 8, "response": 5}, {"player_id": 9, "response": 6}], "mean": 5.3, "mean_ratio": 3.533333333333333, "winner": 5, "winner_num": 7, "winner_player_id": [1, 2, 4, 5, 6, 7, 8]}, {"responses": [{"player_id": 0, "response": 5}, {"player_id": 1, "response": 5}, {"player_id": 2, "response": 4}, {"player_id": 3, "response": 5}, {"player_id": 4, "response": 4}, {"player_id": 5, "response": 5}, {"player_id": 6, "response": 4}, {"player_id": 7, "response": 7}, {"player_id": 8, "response": 5}, {"player_id": 9, "response": 5}], "mean": 4.9, "mean_ratio": 3.2666666666666666, "winner": 4, "winner_num": 3, "winner_player_id": [2, 4, 6]}, {"responses": [{"player_id": 0, "response": 4}, {"player_id": 1, "response": 4}, {"player_id": 2, "response": 4}, {"player_id": 3, "response": 3}, {"player_id": 4, "response": 3}, {"player_id": 5, "response": 4}, {"player_id": 6, "response": 4}, {"player_id": 7, "response": 4}, {"player_id": 8, "response": 4}, {"player_id": 9, "response": 4}], "mean": 3.8, "mean_ratio": 2.533333333333333, "winner": 3, "winner_num": 2, "winner_player_id": [3, 4]}, {"responses": [{"player_id": 0, "response": 3}, {"player_id": 1, "response": 3}, {"player_id": 2, "response": 3}, {"player_id": 3, "response": 2}, {"player_id": 4, "response": 3}, {"player_id": 5, "response": 3}, {"player_id": 6, "response": 3}, {"player_id": 7, "response": 3}, {"player_id": 8, "response": 3}, {"player_id": 9, "response": 3}], "mean": 2.9, "mean_ratio": 1.9333333333333331, "winner": 2, "winner_num": 1, "winner_player_id": [3]}, {"responses": [{"player_id": 0, "response": 2}, {"player_id": 1, "response": 2}, {"player_id": 2, "response": 2}, {"player_id": 3, "response": 1}, {"player_id": 4, "response": 2}, {"player_id": 5, "response": 2}, {"player_id": 6, "response": 2}, {"player_id": 7, "response": 2}, {"player_id": 8, "response": 2}, {"player_id": 9, "response": 2}], "mean": 1.9, "mean_ratio": 1.2666666666666666, "winner": 1, "winner_num": 1, "winner_player_id": [3]}, {"responses": [{"player_id": 0, "response": 1}, {"player_id": 1, "response": 1}, {"player_id": 2, "response": 1}, {"player_id": 3, "response": 1}, {"player_id": 4, "response": 1}, {"player_id": 5, "response": 1}, {"player_id": 6, "response": 1}, {"player_id": 7, "response": 1}, {"player_id": 8, "response": 1}, {"player_id": 9, "response": 1}], "mean": 1, "mean_ratio": 0.6666666666666666, "winner": 1, "winner_num": 10, "winner_player_id": [0, 1, 2, 3, 4, 5, 6, 7, 8, 9]}, {"responses": [{"player_id": 0, "response": 1}, {"player_id": 1, "response": 1}, {"player_id": 2, "response": 1}, {"player_id": 3, "response": 1}, {"player_id": 4, "response": 1}, {"player_id": 5, "response": 1}, {"player_id": 6, "response": 1}, {"player_id": 7, "response": 1}, {"player_id": 8, "response": 1}, {"player_id": 9, "response": 1}], "mean": 1, "mean_ratio": 0.6666666666666666, "winner": 1, "winner_num": 10, "winner_player_id": [0, 1, 2, 3, 4, 5, 6, 7, 8, 9]}, {"responses": [{"player_id": 0, "response": 1}, {"player_id": 1, "response": 1}, {"player_id": 2, "response": 1}, {"player_id": 3, "response": 1}, {"player_id": 4, "response": 1}, {"player_id": 5, "response": 1}, {"player_id": 6, "response": 1}, {"player_id": 7, "response": 1}, {"player_id": 8, "response": 1}, {"player_id": 9, "response": 1}], "mean": 1, "mean_ratio": 0.6666666666666666, "winner": 1, "winner_num": 10, "winner_player_id": [0, 1, 2, 3, 4, 5, 6, 7, 8, 9]}, {"responses": [{"player_id": 0, "response": 1}, {"player_id": 1, "response": 1}, {"player_id": 2, "response": 1}, {"player_id": 3, "response": 1}, {"player_id": 4, "response": 1}, {"player_id": 5, "response": 1}, {"player_id": 6, "response": 1}, {"player_id": 7, "response": 1}, {"player_id": 8, "response": 1}, {"player_id": 9, "response": 1}], "mean": 1, "mean_ratio": 0.6666666666666666, "winner": 1, "winner_num": 10, "winner_player_id": [0, 1, 2, 3, 4, 5, 6, 7, 8, 9]}, {"responses": [{"player_id": 0, "response": 1}, {"player_id": 1, "response": 1}, {"player_id": 2, "response": 1}, {"player_id": 3, "response": 1}, {"player_id": 4, "response": 1}, {"player_id": 5, "response": 1}, {"player_id": 6, "response": 1}, {"player_id": 7, "response": 1}, {"player_id": 8, "response": 1}, {"player_id": 9, "response": 1}], "mean": 1, "mean_ratio": 0.6666666666666666, "winner": 1, "winner_num": 10, "winner_player_id": [0, 1, 2, 3, 4, 5, 6, 7, 8, 9]}, {"responses": [{"player_id": 0, "response": 1}, {"player_id": 1, "response": 1}, {"player_id": 2, "response": 1}, {"player_id": 3, "response": 1}, {"player_id": 4, "response": 1}, {"player_id": 5, "response": 1}, {"player_id": 6, "response": 1}, {"player_id": 7, "response": 1}, {"player_id": 8, "response": 1}, {"player_id": 9, "response": 1}], "mean": 1, "mean_ratio": 0.6666666666666666, "winner": 1, "winner_num": 10, "winner_player_id": [0, 1, 2, 3, 4, 5, 6, 7, 8, 9]}]}