{"meta": {"name_exp": "guessing_game", "player_num": 10, "min": 0, "max": 100, "ratio": 0.6666666666666666, "ratio_str": "2/3", "version": "v1", "run": 3, "lang_agent": "<qqOBXB0>", "round": 20}, "round_records": [{"responses": [{"player_id": 0, "response": 50}, {"player_id": 1, "response": 50}, {"player_id": 2, "response": 33}, {"player_id": 3, "response": 50}, {"player_id": 4, "response": 50}, {"player_id": 5, "response": 50}, {"player_id": 6, "response": 50}, {"player_id": 7, "response": 50}, {"player_id": 8, "response": 50}, {"player_id": 9, "response": 50}], "mean": 48.3, "mean_ratio": 32.199999999999996, "winner": 33, "winner_num": 1, "winner_player_id": [2]}, {"responses": [{"player_id": 0, "response": 33}, {"player_id": 1, "response": 32}, {"player_id": 2, "response": 33}, {"player_id": 3, "response": 35}, {"player_id": 4, "response": 30}, {"player_id": 5, "response": 33}, {"player_id": 6, "response": 32}, {"player_id": 7, "response": 33}, {"player_id": 8, "response": 33}, {"player_id": 9, "response": 32}], "mean": 32.6, "mean_ratio": 21.733333333333334, "winner": 30, "winner_num": 1, "winner_player_id": [4]}, {"responses": [{"player_id": 0, "response": 22}, {"player_id": 1, "response": 22}, {"player_id": 2, "response": 21}, {"player_id": 3, "response": 22}, {"player_id": 4, "response": 22}, {"player_id": 5, "response": 22}, {"player_id": 6, "response": 22}, {"player_id": 7, "response": 22}, {"player_id": 8, "response": 22}, {"player_id": 9, "response": 22}], "mean": 21.9, "mean_ratio": 14.599999999999998, "winner": 21, "winner_num": 1, "winner_player_id": [2]}, {"responses": [{"player_id": 0, "response": 15}, {"player_id": 1, "response": 15}, {"player_id": 2, "response": 22}, {"player_id": 3, "response": 18}, {"player_id": 4, "response": 18}, {"player_id": 5, "response": 15}, {"player_id": 6, "response": 18}, {"player_id": 7, "response": 15}, {"player_id": 8, "response": 15}, {"player_id": 9, "response": 15}], "mean": 16.6, "mean_ratio": 11.066666666666666, "winner": 15, "winner_num": 6, "winner_player_id": [0, 1, 5, 7, 8, 9]}, {"responses": [{"player_id": 0, "response": 14}, {"player_id": 1, "response": 13}, {"player_id": 2, "response": 15}, {"player_id": 3, "response": 12}, {"player_id": 4, "response": 13}, {"player_id": 5, "response": 13}, {"player_id": 6, "response": 14}, {"player_id": 7, "response": 14}, {"player_id": 8, "response": 18}, {"player_id": 9, "response": 14}], "mean": 14, "mean_ratio": 9.333333333333332, "winner": 12, "winner_num": 1, "winner_player_id": [3]}, {"responses": [{"player_id": 0, "response": 10}, {"player_id": 1, "response": 14}, {"player_id": 2, "response": 10}, {"player_id": 3, "response": 15}, {"player_id": 4, "response": 11}, {"player_id": 5, "response": 9}, {"player_id": 6, "response": 11}, {"player_id": 7, "response": 10}, {"player_id": 8, "response": 13}, {"player_id": 9, "response": 13}], "mean": 11.6, "mean_ratio": 7.7333333333333325, "winner": 9, "winner_num": 1, "winner_player_id": [5]}, {"responses": [{"player_id": 0, "response": 8}, {"player_id": 1, "response": 8}, {"player_id": 2, "response": 8}, {"player_id": 3, "response": 10}, {"player_id": 4, "response": 8}, {"player_id": 5, "response": 8}, {"player_id": 6, "response": 8}, {"player_id": 7, "response": 8}, {"player_id": 8, "response": 8}, {"player_id": 9, "response": 8}], "mean": 8.2, "mean_ratio": 5.466666666666666, "winner": 8, "winner_num": 9, "winner_player_id": [0, 1, 2, 4, 5, 6, 7, 8, 9]}, {"responses": [{"player_id": 0, "response": 7}, {"player_id": 1, "response": 7}, {"player_id": 2, "response": 7}, {"player_id": 3, "response": 7}, {"player_id": 4, "response": 5}, {"player_id": 5, "response": 6}, {"player_id": 6, "response": 7}, {"player_id": 7, "response": 7}, {"player_id": 8, "response": 6}, {"player_id": 9, "response": 7}], "mean": 6.6, "mean_ratio": 4.3999999999999995, "winner": 5, "winner_num": 1, "winner_player_id": [4]}, {"responses": [{"player_id": 0, "response": 5}, {"player_id": 1, "response": 5}, {"player_id": 2, "response": 6}, {"player_id": 3, "response": 3}, {"player_id": 4, "response": 5}, {"player_id": 5, "response": 5}, {"player_id": 6, "response": 5}, {"player_id": 7, "response": 5}, {"player_id": 8, "response": 5}, {"player_id": 9, "response": 5}], "mean": 4.9, "mean_ratio": 3.2666666666666666, "winner": 3, "winner_num": 1, "winner_player_id": [3]}, {"responses": [{"player_id": 0, "response": 3}, {"player_id": 1, "response": 3}, {"player_id": 2, "response": 3}, {"player_id": 3, "response": 4}, {"player_id": 4, "response": 3}, {"player_id": 5, "response": 3}, {"player_id": 6, "response": 3}, {"player_id": 7, "response": 3}, {"player_id": 8, "response": 4}, {"player_id": 9, "response": 3}], "mean": 3.2, "mean_ratio": 2.1333333333333333, "winner": 3, "winner_num": 8, "winner_player_id": [0, 1, 2, 4, 5, 6, 7, 9]}, {"responses": [{"player_id": 0, "response": 2}, {"player_id": 1, "response": 17}, {"player_id": 2, "response": 2}, {"player_id": 3, "response": 2}, {"player_id": 4, "response": 2}, {"player_id": 5, "response": 2}, {"player_id": 6, "response": 2}, {"player_id": 7, "response": 2}, {"player_id": 8, "response": 3}, {"player_id": 9, "response": 2}], "mean": 3.6, "mean_ratio": 2.4, "winner": 2, "winner_num": 8, "winner_player_id": [0, 2, 3, 4, 5, 6, 7, 9]}, {"responses": [{"player_id": 0, "response": 2}, {"player_id": 1, "response": 2}, {"player_id": 2, "response": 2}, {"player_id": 3, "response": 3}, {"player_id": 4, "response": 2}, {"player_id": 5, "response": 2}, {"player_id": 6, "response": 2}, {"player_id": 7, "response": 2}, {"player_id": 8, "response": 2}, {"player_id": 9, "response": 2}], "mean": 2.1, "mean_ratio": 1.4, "winner": 2, "winner_num": 9, "winner_player_id": [0, 1, 2, 4, 5, 6, 7, 8, 9]}, {"responses": [{"player_id": 0, "response": 1}, {"player_id": 1, "response": 1}, {"player_id": 2, "response": 1}, {"player_id": 3, "response": 2}, {"player_id": 4, "response": 1}, {"player_id": 5, "response": 1}, {"player_id": 6, "response": 1}, {"player_id": 7, "response": 1}, {"player_id": 8, "response": 2}, {"player_id": 9, "response": 1}], "mean": 1.2, "mean_ratio": 0.7999999999999999, "winner": 1, "winner_num": 8, "winner_player_id": [0, 1, 2, 4, 5, 6, 7, 9]}, {"responses": [{"player_id": 0, "response": 1}, {"player_id": 1, "response": 1}, {"player_id": 2, "response": 1}, {"player_id": 3, "response": 1}, {"player_id": 4, "response": 1}, {"player_id": 5, "response": 1}, {"player_id": 6, "response": 1}, {"player_id": 7, "response": 1}, {"player_id": 8, "response": 1}, {"player_id": 9, "response": 1}], "mean": 1, "mean_ratio": 0.6666666666666666, "winner": 1, "winner_num": 10, "winner_player_id": [0, 1, 2, 3, 4, 5, 6, 7, 8, 9]}, {"responses": [{"player_id": 0, "response": 1}, {"player_id": 1, "response": 1}, {"player_id": 2, "response": 1}, {"player_id": 3, "response": 1}, {"player_id": 4, "response": 1}, {"player_id": 5, "response": 1}, {"player_id": 6, "response": 1}, {"player_id": 7, "response": 1}, {"player_id": 8, "response": 1}, {"player_id": 9, "response": 1}], "mean": 1, "mean_ratio": 0.6666666666666666, "winner": 1, "winner_num": 10, "winner_player_id": [0, 1, 2, 3, 4, 5, 6, 7, 8, 9]}, {"responses": [{"player_id": 0, "response": 1}, {"player_id": 1, "response": 1}, {"player_id": 2, "response": 1}, {"player_id": 3, "response": 1}, {"player_id": 4, "response": 1}, {"player_id": 5, "response": 1}, {"player_id": 6, "response": 1}, {"player_id": 7, "response": 1}, {"player_id": 8, "response": 1}, {"player_id": 9, "response": 1}], "mean": 1, "mean_ratio": 0.6666666666666666, "winner": 1, "winner_num": 10, "winner_player_id": [0, 1, 2, 3, 4, 5, 6, 7, 8, 9]}, {"responses": [{"player_id": 0, "response": 1}, {"player_id": 1, "response": 1}, {"player_id": 2, "response": 1}, {"player_id": 3, "response": 1}, {"player_id": 4, "response": 1}, {"player_id": 5, "response": 1}, {"player_id": 6, "response": 1}, {"player_id": 7, "response": 1}, {"player_id": 8, "response": 1}, {"player_id": 9, "response": 1}], "mean": 1, "mean_ratio": 0.6666666666666666, "winner": 1, "winner_num": 10, "winner_player_id": [0, 1, 2, 3, 4, 5, 6, 7, 8, 9]}, {"responses": [{"player_id": 0, "response": 1}, {"player_id": 1, "response": 1}, {"player_id": 2, "response": 1}, {"player_id": 3, "response": 1}, {"player_id": 4, "response": 1}, {"player_id": 5, "response": 1}, {"player_id": 6, "response": 1}, {"player_id": 7, "response": 1}, {"player_id": 8, "response": 1}, {"player_id": 9, "response": 1}], "mean": 1, "mean_ratio": 0.6666666666666666, "winner": 1, "winner_num": 10, "winner_player_id": [0, 1, 2, 3, 4, 5, 6, 7, 8, 9]}, {"responses": [{"player_id": 0, "response": 1}, {"player_id": 1, "response": 1}, {"player_id": 2, "response": 1}, {"player_id": 3, "response": 1}, {"player_id": 4, "response": 1}, {"player_id": 5, "response": 1}, {"player_id": 6, "response": 1}, {"player_id": 7, "response": 1}, {"player_id": 8, "response": 1}, {"player_id": 9, "response": 1}], "mean": 1, "mean_ratio": 0.6666666666666666, "winner": 1, "winner_num": 10, "winner_player_id": [0, 1, 2, 3, 4, 5, 6, 7, 8, 9]}, {"responses": [{"player_id": 0, "response": 1}, {"player_id": 1, "response": 1}, {"player_id": 2, "response": 1}, {"player_id": 3, "response": 1}, {"player_id": 4, "response": 1}, {"player_id": 5, "response": 1}, {"player_id": 6, "response": 1}, {"player_id": 7, "response": 1}, {"player_id": 8, "response": 1}, {"player_id": 9, "response": 1}], "mean": 1, "mean_ratio": 0.6666666666666666, "winner": 1, "winner_num": 10, "winner_player_id": [0, 1, 2, 3, 4, 5, 6, 7, 8, 9]}]}