{"meta": {"name_exp": "guessing_game", "player_num": 10, "min": 0, "max": 100, "ratio": 0.6666666666666666, "ratio_str": "2/3", "version": "v1", "run": 4, "lang_agent": "<qqOBXB0>", "round": 20}, "round_records": [{"responses": [{"player_id": 0, "response": 50}, {"player_id": 1, "response": 50}, {"player_id": 2, "response": 50}, {"player_id": 3, "response": 22}, {"player_id": 4, "response": 50}, {"player_id": 5, "response": 50}, {"player_id": 6, "response": 50}, {"player_id": 7, "response": 22}, {"player_id": 8, "response": 22}, {"player_id": 9, "response": 50}], "mean": 41.6, "mean_ratio": 27.733333333333334, "winner": 22, "winner_num": 3, "winner_player_id": [3, 7, 8]}, {"responses": [{"player_id": 0, "response": 29}, {"player_id": 1, "response": 28}, {"player_id": 2, "response": 25}, {"player_id": 3, "response": 22}, {"player_id": 4, "response": 25}, {"player_id": 5, "response": 25}, {"player_id": 6, "response": 23}, {"player_id": 7, "response": 22}, {"player_id": 8, "response": 22}, {"player_id": 9, "response": 25}], "mean": 24.6, "mean_ratio": 16.4, "winner": 22, "winner_num": 3, "winner_player_id": [3, 7, 8]}, {"responses": [{"player_id": 0, "response": 17}, {"player_id": 1, "response": 20}, {"player_id": 2, "response": 17}, {"player_id": 3, "response": 15}, {"player_id": 4, "response": 15}, {"player_id": 5, "response": 15}, {"player_id": 6, "response": 18}, {"player_id": 7, "response": 22}, {"player_id": 8, "response": 17}, {"player_id": 9, "response": 16}], "mean": 17.2, "mean_ratio": 11.466666666666665, "winner": 15, "winner_num": 3, "winner_player_id": [3, 4, 5]}, {"responses": [{"player_id": 0, "response": 14}, {"player_id": 1, "response": 18}, {"player_id": 2, "response": 12}, {"player_id": 3, "response": 15}, {"player_id": 4, "response": 12}, {"player_id": 5, "response": 14}, {"player_id": 6, "response": 12}, {"player_id": 7, "response": 15}, {"player_id": 8, "response": 15}, {"player_id": 9, "response": 12}], "mean": 13.9, "mean_ratio": 9.266666666666666, "winner": 12, "winner_num": 4, "winner_player_id": [2, 4, 6, 9]}, {"responses": [{"player_id": 0, "response": 11}, {"player_id": 1, "response": 11}, {"player_id": 2, "response": 15}, {"player_id": 3, "response": 11}, {"player_id": 4, "response": 11}, {"player_id": 5, "response": 10}, {"player_id": 6, "response": 13}, {"player_id": 7, "response": 11}, {"player_id": 8, "response": 22}, {"player_id": 9, "response": 11}], "mean": 12.6, "mean_ratio": 8.399999999999999, "winner": 10, "winner_num": 1, "winner_player_id": [5]}, {"responses": [{"player_id": 0, "response": 9}, {"player_id": 1, "response": 9}, {"player_id": 2, "response": 9}, {"player_id": 3, "response": 9}, {"player_id": 4, "response": 9}, {"player_id": 5, "response": 8}, {"player_id": 6, "response": 9}, {"player_id": 7, "response": 9}, {"player_id": 8, "response": 9}, {"player_id": 9, "response": 9}], "mean": 8.9, "mean_ratio": 5.933333333333334, "winner": 8, "winner_num": 1, "winner_player_id": [5]}, {"responses": [{"player_id": 0, "response": 7}, {"player_id": 1, "response": 7}, {"player_id": 2, "response": 7}, {"player_id": 3, "response": 7}, {"player_id": 4, "response": 7}, {"player_id": 5, "response": 7}, {"player_id": 6, "response": 7}, {"player_id": 7, "response": 7}, {"player_id": 8, "response": 7}, {"player_id": 9, "response": 7}], "mean": 7, "mean_ratio": 4.666666666666666, "winner": 7, "winner_num": 10, "winner_player_id": [0, 1, 2, 3, 4, 5, 6, 7, 8, 9]}, {"responses": [{"player_id": 0, "response": 6}, {"player_id": 1, "response": 7}, {"player_id": 2, "response": 7}, {"player_id": 3, "response": 7}, {"player_id": 4, "response": 7}, {"player_id": 5, "response": 5}, {"player_id": 6, "response": 8}, {"player_id": 7, "response": 8}, {"player_id": 8, "response": 8}, {"player_id": 9, "response": 6}], "mean": 6.9, "mean_ratio": 4.6, "winner": 5, "winner_num": 1, "winner_player_id": [5]}, {"responses": [{"player_id": 0, "response": 5}, {"player_id": 1, "response": 5}, {"player_id": 2, "response": 5}, {"player_id": 3, "response": 5}, {"player_id": 4, "response": 6}, {"player_id": 5, "response": 5}, {"player_id": 6, "response": 6}, {"player_id": 7, "response": 7}, {"player_id": 8, "response": 5}, {"player_id": 9, "response": 5}], "mean": 5.4, "mean_ratio": 3.6, "winner": 5, "winner_num": 7, "winner_player_id": [0, 1, 2, 3, 5, 8, 9]}, {"responses": [{"player_id": 0, "response": 4}, {"player_id": 1, "response": 4}, {"player_id": 2, "response": 4}, {"player_id": 3, "response": 5}, {"player_id": 4, "response": 5}, {"player_id": 5, "response": 4}, {"player_id": 6, "response": 4}, {"player_id": 7, "response": 4}, {"player_id": 8, "response": 5}, {"player_id": 9, "response": 4}], "mean": 4.3, "mean_ratio": 2.8666666666666663, "winner": 4, "winner_num": 7, "winner_player_id": [0, 1, 2, 5, 6, 7, 9]}, {"responses": [{"player_id": 0, "response": 3}, {"player_id": 1, "response": 3}, {"player_id": 2, "response": 3}, {"player_id": 3, "response": 5}, {"player_id": 4, "response": 3}, {"player_id": 5, "response": 3}, {"player_id": 6, "response": 5}, {"player_id": 7, "response": 4}, {"player_id": 8, "response": 7}, {"player_id": 9, "response": 3}], "mean": 3.9, "mean_ratio": 2.5999999999999996, "winner": 3, "winner_num": 6, "winner_player_id": [0, 1, 2, 4, 5, 9]}, {"responses": [{"player_id": 0, "response": 3}, {"player_id": 1, "response": 3}, {"player_id": 2, "response": 3}, {"player_id": 3, "response": 3}, {"player_id": 4, "response": 3}, {"player_id": 5, "response": 3}, {"player_id": 6, "response": 3}, {"player_id": 7, "response": 3}, {"player_id": 8, "response": 3}, {"player_id": 9, "response": 3}], "mean": 3, "mean_ratio": 2.0, "winner": 3, "winner_num": 10, "winner_player_id": [0, 1, 2, 3, 4, 5, 6, 7, 8, 9]}, {"responses": [{"player_id": 0, "response": 2}, {"player_id": 1, "response": 2}, {"player_id": 2, "response": 2}, {"player_id": 3, "response": 3}, {"player_id": 4, "response": 2}, {"player_id": 5, "response": 2}, {"player_id": 6, "response": 2}, {"player_id": 7, "response": 2}, {"player_id": 8, "response": 3}, {"player_id": 9, "response": 2}], "mean": 2.2, "mean_ratio": 1.4666666666666668, "winner": 2, "winner_num": 8, "winner_player_id": [0, 1, 2, 4, 5, 6, 7, 9]}, {"responses": [{"player_id": 0, "response": 2}, {"player_id": 1, "response": 2}, {"player_id": 2, "response": 2}, {"player_id": 3, "response": 2}, {"player_id": 4, "response": 2}, {"player_id": 5, "response": 2}, {"player_id": 6, "response": 1}, {"player_id": 7, "response": 2}, {"player_id": 8, "response": 2}, {"player_id": 9, "response": 2}], "mean": 1.9, "mean_ratio": 1.2666666666666666, "winner": 1, "winner_num": 1, "winner_player_id": [6]}, {"responses": [{"player_id": 0, "response": 1}, {"player_id": 1, "response": 1}, {"player_id": 2, "response": 1}, {"player_id": 3, "response": 1}, {"player_id": 4, "response": 1}, {"player_id": 5, "response": 1}, {"player_id": 6, "response": 2}, {"player_id": 7, "response": 1}, {"player_id": 8, "response": 1}, {"player_id": 9, "response": 1}], "mean": 1.1, "mean_ratio": 0.7333333333333334, "winner": 1, "winner_num": 9, "winner_player_id": [0, 1, 2, 3, 4, 5, 7, 8, 9]}, {"responses": [{"player_id": 0, "response": 1}, {"player_id": 1, "response": 1}, {"player_id": 2, "response": 1}, {"player_id": 3, "response": 1}, {"player_id": 4, "response": 1}, {"player_id": 5, "response": 1}, {"player_id": 6, "response": 1}, {"player_id": 7, "response": 1}, {"player_id": 8, "response": 1}, {"player_id": 9, "response": 1}], "mean": 1, "mean_ratio": 0.6666666666666666, "winner": 1, "winner_num": 10, "winner_player_id": [0, 1, 2, 3, 4, 5, 6, 7, 8, 9]}, {"responses": [{"player_id": 0, "response": 1}, {"player_id": 1, "response": 1}, {"player_id": 2, "response": 1}, {"player_id": 3, "response": 1}, {"player_id": 4, "response": 1}, {"player_id": 5, "response": 1}, {"player_id": 6, "response": 1}, {"player_id": 7, "response": 1}, {"player_id": 8, "response": 1}, {"player_id": 9, "response": 1}], "mean": 1, "mean_ratio": 0.6666666666666666, "winner": 1, "winner_num": 10, "winner_player_id": [0, 1, 2, 3, 4, 5, 6, 7, 8, 9]}, {"responses": [{"player_id": 0, "response": 1}, {"player_id": 1, "response": 1}, {"player_id": 2, "response": 1}, {"player_id": 3, "response": 1}, {"player_id": 4, "response": 1}, {"player_id": 5, "response": 1}, {"player_id": 6, "response": 1}, {"player_id": 7, "response": 1}, {"player_id": 8, "response": 1}, {"player_id": 9, "response": 1}], "mean": 1, "mean_ratio": 0.6666666666666666, "winner": 1, "winner_num": 10, "winner_player_id": [0, 1, 2, 3, 4, 5, 6, 7, 8, 9]}, {"responses": [{"player_id": 0, "response": 1}, {"player_id": 1, "response": 1}, {"player_id": 2, "response": 1}, {"player_id": 3, "response": 1}, {"player_id": 4, "response": 1}, {"player_id": 5, "response": 1}, {"player_id": 6, "response": 1}, {"player_id": 7, "response": 1}, {"player_id": 8, "response": 1}, {"player_id": 9, "response": 1}], "mean": 1, "mean_ratio": 0.6666666666666666, "winner": 1, "winner_num": 10, "winner_player_id": [0, 1, 2, 3, 4, 5, 6, 7, 8, 9]}, {"responses": [{"player_id": 0, "response": 1}, {"player_id": 1, "response": 1}, {"player_id": 2, "response": 1}, {"player_id": 3, "response": 1}, {"player_id": 4, "response": 1}, {"player_id": 5, "response": 1}, {"player_id": 6, "response": 1}, {"player_id": 7, "response": 1}, {"player_id": 8, "response": 1}, {"player_id": 9, "response": 1}], "mean": 1, "mean_ratio": 0.6666666666666666, "winner": 1, "winner_num": 10, "winner_player_id": [0, 1, 2, 3, 4, 5, 6, 7, 8, 9]}]}