{"meta": {"name_exp": "guessing_game", "player_num": 10, "min": 0, "max": 100, "ratio": 0.6666666666666666, "ratio_str": "2/3", "version": "v1", "run": 1, "lang_agent": "<RfelEFA>", "round": 20}, "round_records": [{"responses": [{"player_id": 0, "response": 33}, {"player_id": 1, "response": 25}, {"player_id": 2, "response": 33}, {"player_id": 3, "response": 33}, {"player_id": 4, "response": 33}, {"player_id": 5, "response": 45}, {"player_id": 6, "response": 33}, {"player_id": 7, "response": 40}, {"player_id": 8, "response": 33}, {"player_id": 9, "response": 33}], "mean": 34.1, "mean_ratio": 22.733333333333334, "winner": 25, "winner_num": 1, "winner_player_id": [1]}, {"responses": [{"player_id": 0, "response": 23}, {"player_id": 1, "response": 30}, {"player_id": 2, "response": 28}, {"player_id": 3, "response": 23}, {"player_id": 4, "response": 24}, {"player_id": 5, "response": 30}, {"player_id": 6, "response": 23}, {"player_id": 7, "response": 28}, {"player_id": 8, "response": 23}, {"player_id": 9, "response": 30}], "mean": 26.2, "mean_ratio": 17.466666666666665, "winner": 23, "winner_num": 4, "winner_player_id": [0, 3, 6, 8]}, {"responses": [{"player_id": 0, "response": 18}, {"player_id": 1, "response": 25}, {"player_id": 2, "response": 23}, {"player_id": 3, "response": 22}, {"player_id": 4, "response": 19}, {"player_id": 5, "response": 27}, {"player_id": 6, "response": 20}, {"player_id": 7, "response": 66}, {"player_id": 8, "response": 23}, {"player_id": 9, "response": 25}], "mean": 26.8, "mean_ratio": 17.866666666666667, "winner": 18, "winner_num": 1, "winner_player_id": [0]}, {"responses": [{"player_id": 0, "response": 20}, {"player_id": 1, "response": 23}, {"player_id": 2, "response": 22}, {"player_id": 3, "response": 20}, {"player_id": 4, "response": 16}, {"player_id": 5, "response": 35}, {"player_id": 6, "response": 18}, {"player_id": 7, "response": 35}, {"player_id": 8, "response": 22}, {"player_id": 9, "response": 23}], "mean": 23.4, "mean_ratio": 15.599999999999998, "winner": 16, "winner_num": 1, "winner_player_id": [4]}, {"responses": [{"player_id": 0, "response": 22}, {"player_id": 1, "response": 20}, {"player_id": 2, "response": 18}, {"player_id": 3, "response": 22}, {"player_id": 4, "response": 17}, {"player_id": 5, "response": 20}, {"player_id": 6, "response": 20}, {"player_id": 7, "response": 32}, {"player_id": 8, "response": 20}, {"player_id": 9, "response": 21}], "mean": 21.2, "mean_ratio": 14.133333333333333, "winner": 17, "winner_num": 1, "winner_player_id": [4]}, {"responses": [{"player_id": 0, "response": 20}, {"player_id": 1, "response": 22}, {"player_id": 2, "response": 17}, {"player_id": 3, "response": 16}, {"player_id": 4, "response": 15}, {"player_id": 5, "response": 15}, {"player_id": 6, "response": 16}, {"player_id": 7, "response": 26}, {"player_id": 8, "response": 22}, {"player_id": 9, "response": 30}], "mean": 19.9, "mean_ratio": 13.266666666666666, "winner": 15, "winner_num": 2, "winner_player_id": [4, 5]}, {"responses": [{"player_id": 0, "response": 15}, {"player_id": 1, "response": 22}, {"player_id": 2, "response": 14}, {"player_id": 3, "response": 15}, {"player_id": 4, "response": 12}, {"player_id": 5, "response": 25}, {"player_id": 6, "response": 18}, {"player_id": 7, "response": 19}, {"player_id": 8, "response": 18}, {"player_id": 9, "response": 15}], "mean": 17.3, "mean_ratio": 11.533333333333333, "winner": 12, "winner_num": 1, "winner_player_id": [4]}, {"responses": [{"player_id": 0, "response": 12}, {"player_id": 1, "response": 20}, {"player_id": 2, "response": 13}, {"player_id": 3, "response": 14}, {"player_id": 4, "response": 11}, {"player_id": 5, "response": 40}, {"player_id": 6, "response": 15}, {"player_id": 7, "response": 20}, {"player_id": 8, "response": 15}, {"player_id": 9, "response": 14}], "mean": 17.4, "mean_ratio": 11.599999999999998, "winner": 12, "winner_num": 1, "winner_player_id": [0]}, {"responses": [{"player_id": 0, "response": 12}, {"player_id": 1, "response": 20}, {"player_id": 2, "response": 11}, {"player_id": 3, "response": 14}, {"player_id": 4, "response": 12}, {"player_id": 5, "response": 18}, {"player_id": 6, "response": 18}, {"player_id": 7, "response": 25}, {"player_id": 8, "response": 25}, {"player_id": 9, "response": 15}], "mean": 17, "mean_ratio": 11.333333333333332, "winner": 11, "winner_num": 1, "winner_player_id": [2]}, {"responses": [{"player_id": 0, "response": 11}, {"player_id": 1, "response": 10}, {"player_id": 2, "response": 10}, {"player_id": 3, "response": 13}, {"player_id": 4, "response": 13}, {"player_id": 5, "response": 30}, {"player_id": 6, "response": 14}, {"player_id": 7, "response": 45}, {"player_id": 8, "response": 20}, {"player_id": 9, "response": 20}], "mean": 18.6, "mean_ratio": 12.4, "winner": 13, "winner_num": 2, "winner_player_id": [3, 4]}, {"responses": [{"player_id": 0, "response": 16}, {"player_id": 1, "response": 22}, {"player_id": 2, "response": 10}, {"player_id": 3, "response": 15}, {"player_id": 4, "response": 15}, {"player_id": 5, "response": 42}, {"player_id": 6, "response": 16}, {"player_id": 7, "response": 25}, {"player_id": 8, "response": 25}, {"player_id": 9, "response": 20}], "mean": 20.6, "mean_ratio": 13.733333333333334, "winner": 15, "winner_num": 2, "winner_player_id": [3, 4]}, {"responses": [{"player_id": 0, "response": 15}, {"player_id": 1, "response": 20}, {"player_id": 2, "response": 15}, {"player_id": 3, "response": 16}, {"player_id": 4, "response": 18}, {"player_id": 5, "response": 22}, {"player_id": 6, "response": 22}, {"player_id": 7, "response": 15}, {"player_id": 8, "response": 33}, {"player_id": 9, "response": 22}], "mean": 19.8, "mean_ratio": 13.2, "winner": 15, "winner_num": 3, "winner_player_id": [0, 2, 7]}, {"responses": [{"player_id": 0, "response": 16}, {"player_id": 1, "response": 20}, {"player_id": 2, "response": 12}, {"player_id": 3, "response": 15}, {"player_id": 4, "response": 16}, {"player_id": 5, "response": 20}, {"player_id": 6, "response": 20}, {"player_id": 7, "response": 14}, {"player_id": 8, "response": 21}, {"player_id": 9, "response": 25}], "mean": 17.9, "mean_ratio": 11.933333333333332, "winner": 12, "winner_num": 1, "winner_player_id": [2]}, {"responses": [{"player_id": 0, "response": 13}, {"player_id": 1, "response": 15}, {"player_id": 2, "response": 10}, {"player_id": 3, "response": 18}, {"player_id": 4, "response": 15}, {"player_id": 5, "response": 31}, {"player_id": 6, "response": 15}, {"player_id": 7, "response": 16}, {"player_id": 8, "response": 24}, {"player_id": 9, "response": 15}], "mean": 17.2, "mean_ratio": 11.466666666666665, "winner": 10, "winner_num": 1, "winner_player_id": [2]}, {"responses": [{"player_id": 0, "response": 13}, {"player_id": 1, "response": 18}, {"player_id": 2, "response": 10}, {"player_id": 3, "response": 15}, {"player_id": 4, "response": 13}, {"player_id": 5, "response": 32}, {"player_id": 6, "response": 13}, {"player_id": 7, "response": 17}, {"player_id": 8, "response": 18}, {"player_id": 9, "response": 15}], "mean": 16.4, "mean_ratio": 10.933333333333332, "winner": 10, "winner_num": 1, "winner_player_id": [2]}, {"responses": [{"player_id": 0, "response": 10}, {"player_id": 1, "response": 15}, {"player_id": 2, "response": 10}, {"player_id": 3, "response": 14}, {"player_id": 4, "response": 15}, {"player_id": 5, "response": 50}, {"player_id": 6, "response": 10}, {"player_id": 7, "response": 14}, {"player_id": 8, "response": 20}, {"player_id": 9, "response": 15}], "mean": 17.3, "mean_ratio": 11.533333333333333, "winner": 10, "winner_num": 3, "winner_player_id": [0, 2, 6]}, {"responses": [{"player_id": 0, "response": 10}, {"player_id": 1, "response": 15}, {"player_id": 2, "response": 10}, {"player_id": 3, "response": 14}, {"player_id": 4, "response": 14}, {"player_id": 5, "response": 20}, {"player_id": 6, "response": 14}, {"player_id": 7, "response": 15}, {"player_id": 8, "response": 23}, {"player_id": 9, "response": 20}], "mean": 15.5, "mean_ratio": 10.333333333333332, "winner": 10, "winner_num": 2, "winner_player_id": [0, 2]}, {"responses": [{"player_id": 0, "response": 10}, {"player_id": 1, "response": 14}, {"player_id": 2, "response": 10}, {"player_id": 3, "response": 15}, {"player_id": 4, "response": 10}, {"player_id": 5, "response": 25}, {"player_id": 6, "response": 13}, {"player_id": 7, "response": 12}, {"player_id": 8, "response": 15}, {"player_id": 9, "response": 14}], "mean": 13.8, "mean_ratio": 9.2, "winner": 10, "winner_num": 3, "winner_player_id": [0, 2, 4]}, {"responses": [{"player_id": 0, "response": 10}, {"player_id": 1, "response": 12}, {"player_id": 2, "response": 10}, {"player_id": 3, "response": 12}, {"player_id": 4, "response": 10}, {"player_id": 5, "response": 15}, {"player_id": 6, "response": 11}, {"player_id": 7, "response": 11}, {"player_id": 8, "response": 20}, {"player_id": 9, "response": 12}], "mean": 12.3, "mean_ratio": 8.2, "winner": 10, "winner_num": 3, "winner_player_id": [0, 2, 4]}, {"responses": [{"player_id": 0, "response": 13}, {"player_id": 1, "response": 12}, {"player_id": 2, "response": 10}, {"player_id": 3, "response": 13}, {"player_id": 4, "response": 15}, {"player_id": 5, "response": 45}, {"player_id": 6, "response": 10}, {"player_id": 7, "response": 20}, {"player_id": 8, "response": 17}, {"player_id": 9, "response": 11}], "mean": 16.6, "mean_ratio": 11.066666666666666, "winner": 11, "winner_num": 1, "winner_player_id": [9]}]}