{"meta": {"name_exp": "guessing_game", "player_num": 10, "min": 0, "max": 100, "ratio": 0.6666666666666666, "ratio_str": "2/3", "version": "v1", "run": 3, "lang_agent": "<RfelEFA>", "round": 20}, "round_records": [{"responses": [{"player_id": 0, "response": 33}, {"player_id": 1, "response": 50}, {"player_id": 2, "response": 33}, {"player_id": 3, "response": 33}, {"player_id": 4, "response": 22}, {"player_id": 5, "response": 22}, {"player_id": 6, "response": 33}, {"player_id": 7, "response": 33}, {"player_id": 8, "response": 40}, {"player_id": 9, "response": 33}], "mean": 33.2, "mean_ratio": 22.133333333333333, "winner": 22, "winner_num": 2, "winner_player_id": [4, 5]}, {"responses": [{"player_id": 0, "response": 45}, {"player_id": 1, "response": 40}, {"player_id": 2, "response": 20}, {"player_id": 3, "response": 25}, {"player_id": 4, "response": 45}, {"player_id": 5, "response": 24}, {"player_id": 6, "response": 24}, {"player_id": 7, "response": 25}, {"player_id": 8, "response": 31}, {"player_id": 9, "response": 25}], "mean": 30.4, "mean_ratio": 20.266666666666666, "winner": 20, "winner_num": 1, "winner_player_id": [2]}, {"responses": [{"player_id": 0, "response": 30}, {"player_id": 1, "response": 30}, {"player_id": 2, "response": 30}, {"player_id": 3, "response": 20}, {"player_id": 4, "response": 20}, {"player_id": 5, "response": 19}, {"player_id": 6, "response": 25}, {"player_id": 7, "response": 20}, {"player_id": 8, "response": 27}, {"player_id": 9, "response": 21}], "mean": 24.2, "mean_ratio": 16.133333333333333, "winner": 19, "winner_num": 1, "winner_player_id": [5]}, {"responses": [{"player_id": 0, "response": 35}, {"player_id": 1, "response": 25}, {"player_id": 2, "response": 18}, {"player_id": 3, "response": 27}, {"player_id": 4, "response": 20}, {"player_id": 5, "response": 24}, {"player_id": 6, "response": 18}, {"player_id": 7, "response": 15}, {"player_id": 8, "response": 23}, {"player_id": 9, "response": 20}], "mean": 22.5, "mean_ratio": 15.0, "winner": 15, "winner_num": 1, "winner_player_id": [7]}, {"responses": [{"player_id": 0, "response": 20}, {"player_id": 1, "response": 20}, {"player_id": 2, "response": 21}, {"player_id": 3, "response": 18}, {"player_id": 4, "response": 20}, {"player_id": 5, "response": 30}, {"player_id": 6, "response": 15}, {"player_id": 7, "response": 20}, {"player_id": 8, "response": 20}, {"player_id": 9, "response": 15}], "mean": 19.9, "mean_ratio": 13.266666666666666, "winner": 15, "winner_num": 2, "winner_player_id": [6, 9]}, {"responses": [{"player_id": 0, "response": 15}, {"player_id": 1, "response": 18}, {"player_id": 2, "response": 18}, {"player_id": 3, "response": 15}, {"player_id": 4, "response": 20}, {"player_id": 5, "response": 19}, {"player_id": 6, "response": 12}, {"player_id": 7, "response": 18}, {"player_id": 8, "response": 25}, {"player_id": 9, "response": 20}], "mean": 18, "mean_ratio": 12.0, "winner": 12, "winner_num": 1, "winner_player_id": [6]}, {"responses": [{"player_id": 0, "response": 25}, {"player_id": 1, "response": 15}, {"player_id": 2, "response": 15}, {"player_id": 3, "response": 12}, {"player_id": 4, "response": 20}, {"player_id": 5, "response": 12}, {"player_id": 6, "response": 12}, {"player_id": 7, "response": 15}, {"player_id": 8, "response": 18}, {"player_id": 9, "response": 15}], "mean": 15.9, "mean_ratio": 10.6, "winner": 12, "winner_num": 3, "winner_player_id": [3, 5, 6]}, {"responses": [{"player_id": 0, "response": 10}, {"player_id": 1, "response": 12}, {"player_id": 2, "response": 15}, {"player_id": 3, "response": 11}, {"player_id": 4, "response": 20}, {"player_id": 5, "response": 13}, {"player_id": 6, "response": 10}, {"player_id": 7, "response": 13}, {"player_id": 8, "response": 15}, {"player_id": 9, "response": 12}], "mean": 13.1, "mean_ratio": 8.733333333333333, "winner": 10, "winner_num": 2, "winner_player_id": [0, 6]}, {"responses": [{"player_id": 0, "response": 12}, {"player_id": 1, "response": 10}, {"player_id": 2, "response": 12}, {"player_id": 3, "response": 10}, {"player_id": 4, "response": 10}, {"player_id": 5, "response": 12}, {"player_id": 6, "response": 10}, {"player_id": 7, "response": 12}, {"player_id": 8, "response": 13}, {"player_id": 9, "response": 15}], "mean": 11.6, "mean_ratio": 7.7333333333333325, "winner": 10, "winner_num": 4, "winner_player_id": [1, 3, 4, 6]}, {"responses": [{"player_id": 0, "response": 18}, {"player_id": 1, "response": 20}, {"player_id": 2, "response": 15}, {"player_id": 3, "response": 8}, {"player_id": 4, "response": 10}, {"player_id": 5, "response": 8}, {"player_id": 6, "response": 10}, {"player_id": 7, "response": 10}, {"player_id": 8, "response": 14}, {"player_id": 9, "response": 10}], "mean": 12.3, "mean_ratio": 8.2, "winner": 8, "winner_num": 2, "winner_player_id": [3, 5]}, {"responses": [{"player_id": 0, "response": 20}, {"player_id": 1, "response": 30}, {"player_id": 2, "response": 10}, {"player_id": 3, "response": 8}, {"player_id": 4, "response": 20}, {"player_id": 5, "response": 8}, {"player_id": 6, "response": 10}, {"player_id": 7, "response": 10}, {"player_id": 8, "response": 16}, {"player_id": 9, "response": 12}], "mean": 14.4, "mean_ratio": 9.6, "winner": 10, "winner_num": 3, "winner_player_id": [2, 6, 7]}, {"responses": [{"player_id": 0, "response": 20}, {"player_id": 1, "response": 40}, {"player_id": 2, "response": 18}, {"player_id": 3, "response": 10}, {"player_id": 4, "response": 24}, {"player_id": 5, "response": 13}, {"player_id": 6, "response": 10}, {"player_id": 7, "response": 12}, {"player_id": 8, "response": 20}, {"player_id": 9, "response": 15}], "mean": 18.2, "mean_ratio": 12.133333333333333, "winner": 12, "winner_num": 1, "winner_player_id": [7]}, {"responses": [{"player_id": 0, "response": 25}, {"player_id": 1, "response": 50}, {"player_id": 2, "response": 10}, {"player_id": 3, "response": 10}, {"player_id": 4, "response": 20}, {"player_id": 5, "response": 15}, {"player_id": 6, "response": 10}, {"player_id": 7, "response": 15}, {"player_id": 8, "response": 21}, {"player_id": 9, "response": 13}], "mean": 18.9, "mean_ratio": 12.599999999999998, "winner": 13, "winner_num": 1, "winner_player_id": [9]}, {"responses": [{"player_id": 0, "response": 32}, {"player_id": 1, "response": 25}, {"player_id": 2, "response": 15}, {"player_id": 3, "response": 10}, {"player_id": 4, "response": 20}, {"player_id": 5, "response": 12}, {"player_id": 6, "response": 10}, {"player_id": 7, "response": 18}, {"player_id": 8, "response": 35}, {"player_id": 9, "response": 15}], "mean": 19.2, "mean_ratio": 12.799999999999999, "winner": 12, "winner_num": 1, "winner_player_id": [5]}, {"responses": [{"player_id": 0, "response": 20}, {"player_id": 1, "response": 20}, {"player_id": 2, "response": 20}, {"player_id": 3, "response": 13}, {"player_id": 4, "response": 20}, {"player_id": 5, "response": 13}, {"player_id": 6, "response": 10}, {"player_id": 7, "response": 20}, {"player_id": 8, "response": 22}, {"player_id": 9, "response": 20}], "mean": 17.8, "mean_ratio": 11.866666666666667, "winner": 13, "winner_num": 2, "winner_player_id": [3, 5]}, {"responses": [{"player_id": 0, "response": 25}, {"player_id": 1, "response": 15}, {"player_id": 2, "response": 22}, {"player_id": 3, "response": 14}, {"player_id": 4, "response": 22}, {"player_id": 5, "response": 12}, {"player_id": 6, "response": 10}, {"player_id": 7, "response": 18}, {"player_id": 8, "response": 24}, {"player_id": 9, "response": 16}], "mean": 17.8, "mean_ratio": 11.866666666666667, "winner": 12, "winner_num": 1, "winner_player_id": [5]}, {"responses": [{"player_id": 0, "response": 15}, {"player_id": 1, "response": 10}, {"player_id": 2, "response": 22}, {"player_id": 3, "response": 12}, {"player_id": 4, "response": 20}, {"player_id": 5, "response": 12}, {"player_id": 6, "response": 10}, {"player_id": 7, "response": 50}, {"player_id": 8, "response": 20}, {"player_id": 9, "response": 15}], "mean": 18.6, "mean_ratio": 12.4, "winner": 12, "winner_num": 2, "winner_player_id": [3, 5]}, {"responses": [{"player_id": 0, "response": 20}, {"player_id": 1, "response": 15}, {"player_id": 2, "response": 15}, {"player_id": 3, "response": 12}, {"player_id": 4, "response": 26}, {"player_id": 5, "response": 14}, {"player_id": 6, "response": 10}, {"player_id": 7, "response": 16}, {"player_id": 8, "response": 22}, {"player_id": 9, "response": 13}], "mean": 16.3, "mean_ratio": 10.866666666666667, "winner": 10, "winner_num": 1, "winner_player_id": [6]}, {"responses": [{"player_id": 0, "response": 15}, {"player_id": 1, "response": 12}, {"player_id": 2, "response": 35}, {"player_id": 3, "response": 11}, {"player_id": 4, "response": 20}, {"player_id": 5, "response": 16}, {"player_id": 6, "response": 10}, {"player_id": 7, "response": 24}, {"player_id": 8, "response": 17}, {"player_id": 9, "response": 12}], "mean": 17.2, "mean_ratio": 11.466666666666665, "winner": 11, "winner_num": 1, "winner_player_id": [3]}, {"responses": [{"player_id": 0, "response": 20}, {"player_id": 1, "response": 10}, {"player_id": 2, "response": 20}, {"player_id": 3, "response": 10}, {"player_id": 4, "response": 30}, {"player_id": 5, "response": 22}, {"player_id": 6, "response": 10}, {"player_id": 7, "response": 15}, {"player_id": 8, "response": 25}, {"player_id": 9, "response": 30}], "mean": 19.2, "mean_ratio": 12.799999999999999, "winner": 15, "winner_num": 1, "winner_player_id": [7]}]}