{"meta": {"name_exp": "guessing_game", "player_num": 10, "min": 0, "max": 100, "ratio": 0.6666666666666666, "ratio_str": "2/3", "version": "v1", "run": 5, "lang_agent": "<RfelEFA>", "round": 20}, "round_records": [{"responses": [{"player_id": 0, "response": 22}, {"player_id": 1, "response": 33}, {"player_id": 2, "response": 33}, {"player_id": 3, "response": 30}, {"player_id": 4, "response": 33}, {"player_id": 5, "response": 33}, {"player_id": 6, "response": 33}, {"player_id": 7, "response": 50}, {"player_id": 8, "response": 46}, {"player_id": 9, "response": 22}], "mean": 33.5, "mean_ratio": 22.333333333333332, "winner": 22, "winner_num": 2, "winner_player_id": [0, 9]}, {"responses": [{"player_id": 0, "response": 23}, {"player_id": 1, "response": 21}, {"player_id": 2, "response": 24}, {"player_id": 3, "response": 25}, {"player_id": 4, "response": 23}, {"player_id": 5, "response": 25}, {"player_id": 6, "response": 25}, {"player_id": 7, "response": 30}, {"player_id": 8, "response": 25}, {"player_id": 9, "response": 25}], "mean": 24.6, "mean_ratio": 16.4, "winner": 21, "winner_num": 1, "winner_player_id": [1]}, {"responses": [{"player_id": 0, "response": 33}, {"player_id": 1, "response": 20}, {"player_id": 2, "response": 18}, {"player_id": 3, "response": 20}, {"player_id": 4, "response": 21}, {"player_id": 5, "response": 20}, {"player_id": 6, "response": 17}, {"player_id": 7, "response": 45}, {"player_id": 8, "response": 20}, {"player_id": 9, "response": 20}], "mean": 23.4, "mean_ratio": 15.599999999999998, "winner": 17, "winner_num": 1, "winner_player_id": [6]}, {"responses": [{"player_id": 0, "response": 25}, {"player_id": 1, "response": 25}, {"player_id": 2, "response": 17}, {"player_id": 3, "response": 23}, {"player_id": 4, "response": 18}, {"player_id": 5, "response": 20}, {"player_id": 6, "response": 15}, {"player_id": 7, "response": 20}, {"player_id": 8, "response": 16}, {"player_id": 9, "response": 25}], "mean": 20.4, "mean_ratio": 13.599999999999998, "winner": 15, "winner_num": 1, "winner_player_id": [6]}, {"responses": [{"player_id": 0, "response": 22}, {"player_id": 1, "response": 24}, {"player_id": 2, "response": 15}, {"player_id": 3, "response": 28}, {"player_id": 4, "response": 15}, {"player_id": 5, "response": 20}, {"player_id": 6, "response": 15}, {"player_id": 7, "response": 35}, {"player_id": 8, "response": 15}, {"player_id": 9, "response": 16}], "mean": 20.5, "mean_ratio": 13.666666666666666, "winner": 15, "winner_num": 4, "winner_player_id": [2, 4, 6, 8]}, {"responses": [{"player_id": 0, "response": 20}, {"player_id": 1, "response": 23}, {"player_id": 2, "response": 16}, {"player_id": 3, "response": 18}, {"player_id": 4, "response": 17}, {"player_id": 5, "response": 20}, {"player_id": 6, "response": 15}, {"player_id": 7, "response": 12}, {"player_id": 8, "response": 15}, {"player_id": 9, "response": 22}], "mean": 17.8, "mean_ratio": 11.866666666666667, "winner": 12, "winner_num": 1, "winner_player_id": [7]}, {"responses": [{"player_id": 0, "response": 21}, {"player_id": 1, "response": 21}, {"player_id": 2, "response": 16}, {"player_id": 3, "response": 12}, {"player_id": 4, "response": 25}, {"player_id": 5, "response": 20}, {"player_id": 6, "response": 12}, {"player_id": 7, "response": 10}, {"player_id": 8, "response": 15}, {"player_id": 9, "response": 17}], "mean": 16.9, "mean_ratio": 11.266666666666666, "winner": 12, "winner_num": 2, "winner_player_id": [3, 6]}, {"responses": [{"player_id": 0, "response": 20}, {"player_id": 1, "response": 12}, {"player_id": 2, "response": 14}, {"player_id": 3, "response": 20}, {"player_id": 4, "response": 30}, {"player_id": 5, "response": 15}, {"player_id": 6, "response": 15}, {"player_id": 7, "response": 40}, {"player_id": 8, "response": 13}, {"player_id": 9, "response": 12}], "mean": 19.1, "mean_ratio": 12.733333333333334, "winner": 13, "winner_num": 1, "winner_player_id": [8]}, {"responses": [{"player_id": 0, "response": 15}, {"player_id": 1, "response": 20}, {"player_id": 2, "response": 17}, {"player_id": 3, "response": 30}, {"player_id": 4, "response": 18}, {"player_id": 5, "response": 13}, {"player_id": 6, "response": 12}, {"player_id": 7, "response": 55}, {"player_id": 8, "response": 15}, {"player_id": 9, "response": 14}], "mean": 20.9, "mean_ratio": 13.933333333333332, "winner": 14, "winner_num": 1, "winner_player_id": [9]}, {"responses": [{"player_id": 0, "response": 23}, {"player_id": 1, "response": 20}, {"player_id": 2, "response": 17}, {"player_id": 3, "response": 25}, {"player_id": 4, "response": 15}, {"player_id": 5, "response": 12}, {"player_id": 6, "response": 20}, {"player_id": 7, "response": 25}, {"player_id": 8, "response": 15}, {"player_id": 9, "response": 25}], "mean": 19.7, "mean_ratio": 13.133333333333333, "winner": 12, "winner_num": 1, "winner_player_id": [5]}, {"responses": [{"player_id": 0, "response": 30}, {"player_id": 1, "response": 20}, {"player_id": 2, "response": 14}, {"player_id": 3, "response": 30}, {"player_id": 4, "response": 20}, {"player_id": 5, "response": 12}, {"player_id": 6, "response": 20}, {"player_id": 7, "response": 30}, {"player_id": 8, "response": 15}, {"player_id": 9, "response": 50}], "mean": 24.1, "mean_ratio": 16.066666666666666, "winner": 15, "winner_num": 1, "winner_player_id": [8]}, {"responses": [{"player_id": 0, "response": 25}, {"player_id": 1, "response": 21}, {"player_id": 2, "response": 18}, {"player_id": 3, "response": 25}, {"player_id": 4, "response": 15}, {"player_id": 5, "response": 14}, {"player_id": 6, "response": 25}, {"player_id": 7, "response": 25}, {"player_id": 8, "response": 20}, {"player_id": 9, "response": 30}], "mean": 21.8, "mean_ratio": 14.533333333333333, "winner": 15, "winner_num": 1, "winner_player_id": [4]}, {"responses": [{"player_id": 0, "response": 25}, {"player_id": 1, "response": 22}, {"player_id": 2, "response": 12}, {"player_id": 3, "response": 20}, {"player_id": 4, "response": 14}, {"player_id": 5, "response": 12}, {"player_id": 6, "response": 15}, {"player_id": 7, "response": 60}, {"player_id": 8, "response": 15}, {"player_id": 9, "response": 30}], "mean": 22.5, "mean_ratio": 15.0, "winner": 15, "winner_num": 2, "winner_player_id": [6, 8]}, {"responses": [{"player_id": 0, "response": 23}, {"player_id": 1, "response": 20}, {"player_id": 2, "response": 15}, {"player_id": 3, "response": 30}, {"player_id": 4, "response": 15}, {"player_id": 5, "response": 14}, {"player_id": 6, "response": 15}, {"player_id": 7, "response": 40}, {"player_id": 8, "response": 15}, {"player_id": 9, "response": 18}], "mean": 20.5, "mean_ratio": 13.666666666666666, "winner": 14, "winner_num": 1, "winner_player_id": [5]}, {"responses": [{"player_id": 0, "response": 22}, {"player_id": 1, "response": 21}, {"player_id": 2, "response": 16}, {"player_id": 3, "response": 40}, {"player_id": 4, "response": 20}, {"player_id": 5, "response": 15}, {"player_id": 6, "response": 15}, {"player_id": 7, "response": 15}, {"player_id": 8, "response": 20}, {"player_id": 9, "response": 16}], "mean": 20, "mean_ratio": 13.333333333333332, "winner": 15, "winner_num": 3, "winner_player_id": [5, 6, 7]}, {"responses": [{"player_id": 0, "response": 20}, {"player_id": 1, "response": 20}, {"player_id": 2, "response": 15}, {"player_id": 3, "response": 20}, {"player_id": 4, "response": 15}, {"player_id": 5, "response": 15}, {"player_id": 6, "response": 15}, {"player_id": 7, "response": 30}, {"player_id": 8, "response": 20}, {"player_id": 9, "response": 17}], "mean": 18.7, "mean_ratio": 12.466666666666665, "winner": 15, "winner_num": 4, "winner_player_id": [2, 4, 5, 6]}, {"responses": [{"player_id": 0, "response": 21}, {"player_id": 1, "response": 20}, {"player_id": 2, "response": 18}, {"player_id": 3, "response": 15}, {"player_id": 4, "response": 15}, {"player_id": 5, "response": 15}, {"player_id": 6, "response": 15}, {"player_id": 7, "response": 25}, {"player_id": 8, "response": 15}, {"player_id": 9, "response": 15}], "mean": 17.4, "mean_ratio": 11.599999999999998, "winner": 15, "winner_num": 6, "winner_player_id": [3, 4, 5, 6, 8, 9]}, {"responses": [{"player_id": 0, "response": 20}, {"player_id": 1, "response": 20}, {"player_id": 2, "response": 16}, {"player_id": 3, "response": 16}, {"player_id": 4, "response": 12}, {"player_id": 5, "response": 15}, {"player_id": 6, "response": 15}, {"player_id": 7, "response": 20}, {"player_id": 8, "response": 15}, {"player_id": 9, "response": 20}], "mean": 16.9, "mean_ratio": 11.266666666666666, "winner": 12, "winner_num": 1, "winner_player_id": [4]}, {"responses": [{"player_id": 0, "response": 19}, {"player_id": 1, "response": 20}, {"player_id": 2, "response": 15}, {"player_id": 3, "response": 18}, {"player_id": 4, "response": 18}, {"player_id": 5, "response": 15}, {"player_id": 6, "response": 15}, {"player_id": 7, "response": 15}, {"player_id": 8, "response": 15}, {"player_id": 9, "response": 14}], "mean": 16.4, "mean_ratio": 10.933333333333332, "winner": 14, "winner_num": 1, "winner_player_id": [9]}, {"responses": [{"player_id": 0, "response": 20}, {"player_id": 1, "response": 20}, {"player_id": 2, "response": 17}, {"player_id": 3, "response": 23}, {"player_id": 4, "response": 17}, {"player_id": 5, "response": 15}, {"player_id": 6, "response": 15}, {"player_id": 7, "response": 25}, {"player_id": 8, "response": 15}, {"player_id": 9, "response": 14}], "mean": 18.1, "mean_ratio": 12.066666666666666, "winner": 14, "winner_num": 1, "winner_player_id": [9]}]}