{"meta": {"name_exp": "guessing_game", "player_num": 10, "min": 0, "max": 100, "ratio": 0.6666666666666666, "ratio_str": "2/3", "version": "v1", "run": 2, "lang_agent": "<RfelEFA>", "round": 20}, "round_records": [{"responses": [{"player_id": 0, "response": 22}, {"player_id": 1, "response": 33}, {"player_id": 2, "response": 33}, {"player_id": 3, "response": 33}, {"player_id": 4, "response": 33}, {"player_id": 5, "response": 33}, {"player_id": 6, "response": 33}, {"player_id": 7, "response": 33}, {"player_id": 8, "response": 33}, {"player_id": 9, "response": 33}], "mean": 31.9, "mean_ratio": 21.266666666666666, "winner": 22, "winner_num": 1, "winner_player_id": [0]}, {"responses": [{"player_id": 0, "response": 21}, {"player_id": 1, "response": 21}, {"player_id": 2, "response": 20}, {"player_id": 3, "response": 21}, {"player_id": 4, "response": 25}, {"player_id": 5, "response": 22}, {"player_id": 6, "response": 28}, {"player_id": 7, "response": 24}, {"player_id": 8, "response": 27}, {"player_id": 9, "response": 19}], "mean": 22.8, "mean_ratio": 15.2, "winner": 19, "winner_num": 1, "winner_player_id": [9]}, {"responses": [{"player_id": 0, "response": 20}, {"player_id": 1, "response": 20}, {"player_id": 2, "response": 25}, {"player_id": 3, "response": 15}, {"player_id": 4, "response": 15}, {"player_id": 5, "response": 18}, {"player_id": 6, "response": 20}, {"player_id": 7, "response": 22}, {"player_id": 8, "response": 18}, {"player_id": 9, "response": 15}], "mean": 18.8, "mean_ratio": 12.533333333333333, "winner": 15, "winner_num": 3, "winner_player_id": [3, 4, 9]}, {"responses": [{"player_id": 0, "response": 17}, {"player_id": 1, "response": 15}, {"player_id": 2, "response": 20}, {"player_id": 3, "response": 12}, {"player_id": 4, "response": 15}, {"player_id": 5, "response": 15}, {"player_id": 6, "response": 25}, {"player_id": 7, "response": 18}, {"player_id": 8, "response": 15}, {"player_id": 9, "response": 14}], "mean": 16.6, "mean_ratio": 11.066666666666666, "winner": 12, "winner_num": 1, "winner_player_id": [3]}, {"responses": [{"player_id": 0, "response": 15}, {"player_id": 1, "response": 14}, {"player_id": 2, "response": 15}, {"player_id": 3, "response": 10}, {"player_id": 4, "response": 10}, {"player_id": 5, "response": 14}, {"player_id": 6, "response": 15}, {"player_id": 7, "response": 15}, {"player_id": 8, "response": 14}, {"player_id": 9, "response": 13}], "mean": 13.5, "mean_ratio": 9.0, "winner": 10, "winner_num": 2, "winner_player_id": [3, 4]}, {"responses": [{"player_id": 0, "response": 11}, {"player_id": 1, "response": 13}, {"player_id": 2, "response": 12}, {"player_id": 3, "response": 12}, {"player_id": 4, "response": 10}, {"player_id": 5, "response": 12}, {"player_id": 6, "response": 20}, {"player_id": 7, "response": 12}, {"player_id": 8, "response": 12}, {"player_id": 9, "response": 12}], "mean": 12.6, "mean_ratio": 8.399999999999999, "winner": 10, "winner_num": 1, "winner_player_id": [4]}, {"responses": [{"player_id": 0, "response": 10}, {"player_id": 1, "response": 12}, {"player_id": 2, "response": 13}, {"player_id": 3, "response": 10}, {"player_id": 4, "response": 10}, {"player_id": 5, "response": 10}, {"player_id": 6, "response": 15}, {"player_id": 7, "response": 11}, {"player_id": 8, "response": 6}, {"player_id": 9, "response": 12}], "mean": 10.9, "mean_ratio": 7.266666666666667, "winner": 6, "winner_num": 1, "winner_player_id": [8]}, {"responses": [{"player_id": 0, "response": 10}, {"player_id": 1, "response": 10}, {"player_id": 2, "response": 9}, {"player_id": 3, "response": 10}, {"player_id": 4, "response": 10}, {"player_id": 5, "response": 8}, {"player_id": 6, "response": 20}, {"player_id": 7, "response": 9}, {"player_id": 8, "response": 6}, {"player_id": 9, "response": 10}], "mean": 10.2, "mean_ratio": 6.799999999999999, "winner": 6, "winner_num": 1, "winner_player_id": [8]}, {"responses": [{"player_id": 0, "response": 15}, {"player_id": 1, "response": 11}, {"player_id": 2, "response": 8}, {"player_id": 3, "response": 9}, {"player_id": 4, "response": 10}, {"player_id": 5, "response": 7}, {"player_id": 6, "response": 15}, {"player_id": 7, "response": 6}, {"player_id": 8, "response": 7}, {"player_id": 9, "response": 9}], "mean": 9.7, "mean_ratio": 6.466666666666666, "winner": 6, "winner_num": 1, "winner_player_id": [7]}, {"responses": [{"player_id": 0, "response": 20}, {"player_id": 1, "response": 10}, {"player_id": 2, "response": 7}, {"player_id": 3, "response": 8}, {"player_id": 4, "response": 8}, {"player_id": 5, "response": 6}, {"player_id": 6, "response": 12}, {"player_id": 7, "response": 6}, {"player_id": 8, "response": 8}, {"player_id": 9, "response": 7}], "mean": 9.2, "mean_ratio": 6.133333333333333, "winner": 6, "winner_num": 2, "winner_player_id": [5, 7]}, {"responses": [{"player_id": 0, "response": 10}, {"player_id": 1, "response": 8}, {"player_id": 2, "response": 5}, {"player_id": 3, "response": 8}, {"player_id": 4, "response": 6}, {"player_id": 5, "response": 6}, {"player_id": 6, "response": 18}, {"player_id": 7, "response": 6}, {"player_id": 8, "response": 6}, {"player_id": 9, "response": 5}], "mean": 7.8, "mean_ratio": 5.199999999999999, "winner": 5, "winner_num": 2, "winner_player_id": [2, 9]}, {"responses": [{"player_id": 0, "response": 5}, {"player_id": 1, "response": 6}, {"player_id": 2, "response": 5}, {"player_id": 3, "response": 7}, {"player_id": 4, "response": 6}, {"player_id": 5, "response": 6}, {"player_id": 6, "response": 7}, {"player_id": 7, "response": 5}, {"player_id": 8, "response": 5}, {"player_id": 9, "response": 5}], "mean": 5.7, "mean_ratio": 3.8, "winner": 5, "winner_num": 5, "winner_player_id": [0, 2, 7, 8, 9]}, {"responses": [{"player_id": 0, "response": 5}, {"player_id": 1, "response": 5}, {"player_id": 2, "response": 5}, {"player_id": 3, "response": 8}, {"player_id": 4, "response": 5}, {"player_id": 5, "response": 4}, {"player_id": 6, "response": 5}, {"player_id": 7, "response": 4}, {"player_id": 8, "response": 5}, {"player_id": 9, "response": 5}], "mean": 5.1, "mean_ratio": 3.3999999999999995, "winner": 4, "winner_num": 2, "winner_player_id": [5, 7]}, {"responses": [{"player_id": 0, "response": 5}, {"player_id": 1, "response": 4}, {"player_id": 2, "response": 5}, {"player_id": 3, "response": 4}, {"player_id": 4, "response": 5}, {"player_id": 5, "response": 4}, {"player_id": 6, "response": 3}, {"player_id": 7, "response": 4}, {"player_id": 8, "response": 4}, {"player_id": 9, "response": 4}], "mean": 4.2, "mean_ratio": 2.8, "winner": 3, "winner_num": 1, "winner_player_id": [6]}, {"responses": [{"player_id": 0, "response": 5}, {"player_id": 1, "response": 4}, {"player_id": 2, "response": 3}, {"player_id": 3, "response": 4}, {"player_id": 4, "response": 4}, {"player_id": 5, "response": 4}, {"player_id": 6, "response": 4}, {"player_id": 7, "response": 3}, {"player_id": 8, "response": 4}, {"player_id": 9, "response": 5}], "mean": 4, "mean_ratio": 2.6666666666666665, "winner": 3, "winner_num": 2, "winner_player_id": [2, 7]}, {"responses": [{"player_id": 0, "response": 2}, {"player_id": 1, "response": 3}, {"player_id": 2, "response": 3}, {"player_id": 3, "response": 3}, {"player_id": 4, "response": 3}, {"player_id": 5, "response": 3}, {"player_id": 6, "response": 4}, {"player_id": 7, "response": 4}, {"player_id": 8, "response": 4}, {"player_id": 9, "response": 5}], "mean": 3.4, "mean_ratio": 2.2666666666666666, "winner": 2, "winner_num": 1, "winner_player_id": [0]}, {"responses": [{"player_id": 0, "response": 2}, {"player_id": 1, "response": 2}, {"player_id": 2, "response": 2}, {"player_id": 3, "response": 3}, {"player_id": 4, "response": 2}, {"player_id": 5, "response": 3}, {"player_id": 6, "response": 2}, {"player_id": 7, "response": 3}, {"player_id": 8, "response": 2}, {"player_id": 9, "response": 5}], "mean": 2.6, "mean_ratio": 1.7333333333333334, "winner": 2, "winner_num": 6, "winner_player_id": [0, 1, 2, 4, 6, 8]}, {"responses": [{"player_id": 0, "response": 3}, {"player_id": 1, "response": 2}, {"player_id": 2, "response": 2}, {"player_id": 3, "response": 2}, {"player_id": 4, "response": 2}, {"player_id": 5, "response": 2}, {"player_id": 6, "response": 3}, {"player_id": 7, "response": 2}, {"player_id": 8, "response": 2}, {"player_id": 9, "response": 5}], "mean": 2.5, "mean_ratio": 1.6666666666666665, "winner": 2, "winner_num": 7, "winner_player_id": [1, 2, 3, 4, 5, 7, 8]}, {"responses": [{"player_id": 0, "response": 3}, {"player_id": 1, "response": 2}, {"player_id": 2, "response": 2}, {"player_id": 3, "response": 2}, {"player_id": 4, "response": 2}, {"player_id": 5, "response": 2}, {"player_id": 6, "response": 2}, {"player_id": 7, "response": 2}, {"player_id": 8, "response": 2}, {"player_id": 9, "response": 6}], "mean": 2.5, "mean_ratio": 1.6666666666666665, "winner": 2, "winner_num": 8, "winner_player_id": [1, 2, 3, 4, 5, 6, 7, 8]}, {"responses": [{"player_id": 0, "response": 2}, {"player_id": 1, "response": 2}, {"player_id": 2, "response": 2}, {"player_id": 3, "response": 2}, {"player_id": 4, "response": 2}, {"player_id": 5, "response": 2}, {"player_id": 6, "response": 3}, {"player_id": 7, "response": 2}, {"player_id": 8, "response": 2}, {"player_id": 9, "response": 5}], "mean": 2.4, "mean_ratio": 1.5999999999999999, "winner": 2, "winner_num": 8, "winner_player_id": [0, 1, 2, 3, 4, 5, 7, 8]}]}