{"meta": {"name_exp": "guessing_game", "player_num": 10, "min": 0, "max": 100, "ratio": 0.6666666666666666, "ratio_str": "2/3", "version": "v1", "run": 4, "lang_agent": "<RfelEFA>", "round": 20}, "round_records": [{"responses": [{"player_id": 0, "response": 33}, {"player_id": 1, "response": 30}, {"player_id": 2, "response": 33}, {"player_id": 3, "response": 33}, {"player_id": 4, "response": 33}, {"player_id": 5, "response": 30}, {"player_id": 6, "response": 50}, {"player_id": 7, "response": 45}, {"player_id": 8, "response": 33}, {"player_id": 9, "response": 20}], "mean": 34, "mean_ratio": 22.666666666666664, "winner": 20, "winner_num": 1, "winner_player_id": [9]}, {"responses": [{"player_id": 0, "response": 25}, {"player_id": 1, "response": 26}, {"player_id": 2, "response": 26}, {"player_id": 3, "response": 20}, {"player_id": 4, "response": 23}, {"player_id": 5, "response": 25}, {"player_id": 6, "response": 33}, {"player_id": 7, "response": 25}, {"player_id": 8, "response": 25}, {"player_id": 9, "response": 30}], "mean": 25.8, "mean_ratio": 17.2, "winner": 20, "winner_num": 1, "winner_player_id": [3]}, {"responses": [{"player_id": 0, "response": 20}, {"player_id": 1, "response": 28}, {"player_id": 2, "response": 25}, {"player_id": 3, "response": 15}, {"player_id": 4, "response": 20}, {"player_id": 5, "response": 20}, {"player_id": 6, "response": 23}, {"player_id": 7, "response": 20}, {"player_id": 8, "response": 17}, {"player_id": 9, "response": 25}], "mean": 21.3, "mean_ratio": 14.2, "winner": 15, "winner_num": 1, "winner_player_id": [3]}, {"responses": [{"player_id": 0, "response": 20}, {"player_id": 1, "response": 20}, {"player_id": 2, "response": 20}, {"player_id": 3, "response": 16}, {"player_id": 4, "response": 15}, {"player_id": 5, "response": 17}, {"player_id": 6, "response": 20}, {"player_id": 7, "response": 15}, {"player_id": 8, "response": 15}, {"player_id": 9, "response": 14}], "mean": 17.2, "mean_ratio": 11.466666666666665, "winner": 14, "winner_num": 1, "winner_player_id": [9]}, {"responses": [{"player_id": 0, "response": 15}, {"player_id": 1, "response": 15}, {"player_id": 2, "response": 15}, {"player_id": 3, "response": 16}, {"player_id": 4, "response": 12}, {"player_id": 5, "response": 15}, {"player_id": 6, "response": 18}, {"player_id": 7, "response": 10}, {"player_id": 8, "response": 13}, {"player_id": 9, "response": 10}], "mean": 13.9, "mean_ratio": 9.266666666666666, "winner": 10, "winner_num": 2, "winner_player_id": [7, 9]}, {"responses": [{"player_id": 0, "response": 20}, {"player_id": 1, "response": 12}, {"player_id": 2, "response": 10}, {"player_id": 3, "response": 14}, {"player_id": 4, "response": 9}, {"player_id": 5, "response": 12}, {"player_id": 6, "response": 6}, {"player_id": 7, "response": 12}, {"player_id": 8, "response": 12}, {"player_id": 9, "response": 10}], "mean": 11.7, "mean_ratio": 7.799999999999999, "winner": 9, "winner_num": 1, "winner_player_id": [4]}, {"responses": [{"player_id": 0, "response": 15}, {"player_id": 1, "response": 8}, {"player_id": 2, "response": 8}, {"player_id": 3, "response": 9}, {"player_id": 4, "response": 8}, {"player_id": 5, "response": 10}, {"player_id": 6, "response": 5}, {"player_id": 7, "response": 9}, {"player_id": 8, "response": 11}, {"player_id": 9, "response": 8}], "mean": 9.1, "mean_ratio": 6.066666666666666, "winner": 5, "winner_num": 1, "winner_player_id": [6]}, {"responses": [{"player_id": 0, "response": 10}, {"player_id": 1, "response": 7}, {"player_id": 2, "response": 7}, {"player_id": 3, "response": 5}, {"player_id": 4, "response": 7}, {"player_id": 5, "response": 11}, {"player_id": 6, "response": 4}, {"player_id": 7, "response": 8}, {"player_id": 8, "response": 9}, {"player_id": 9, "response": 7}], "mean": 7.5, "mean_ratio": 5.0, "winner": 5, "winner_num": 1, "winner_player_id": [3]}, {"responses": [{"player_id": 0, "response": 8}, {"player_id": 1, "response": 7}, {"player_id": 2, "response": 7}, {"player_id": 3, "response": 4}, {"player_id": 4, "response": 7}, {"player_id": 5, "response": 8}, {"player_id": 6, "response": 6}, {"player_id": 7, "response": 6}, {"player_id": 8, "response": 8}, {"player_id": 9, "response": 5}], "mean": 6.6, "mean_ratio": 4.3999999999999995, "winner": 4, "winner_num": 1, "winner_player_id": [3]}, {"responses": [{"player_id": 0, "response": 8}, {"player_id": 1, "response": 5}, {"player_id": 2, "response": 6}, {"player_id": 3, "response": 4}, {"player_id": 4, "response": 5}, {"player_id": 5, "response": 7}, {"player_id": 6, "response": 7}, {"player_id": 7, "response": 7}, {"player_id": 8, "response": 7}, {"player_id": 9, "response": 4}], "mean": 6, "mean_ratio": 4.0, "winner": 4, "winner_num": 2, "winner_player_id": [3, 9]}, {"responses": [{"player_id": 0, "response": 5}, {"player_id": 1, "response": 4}, {"player_id": 2, "response": 4}, {"player_id": 3, "response": 5}, {"player_id": 4, "response": 5}, {"player_id": 5, "response": 6}, {"player_id": 6, "response": 5}, {"player_id": 7, "response": 35}, {"player_id": 8, "response": 5}, {"player_id": 9, "response": 3}], "mean": 7.7, "mean_ratio": 5.133333333333333, "winner": 5, "winner_num": 5, "winner_player_id": [0, 3, 4, 6, 8]}, {"responses": [{"player_id": 0, "response": 10}, {"player_id": 1, "response": 6}, {"player_id": 2, "response": 6}, {"player_id": 3, "response": 4}, {"player_id": 4, "response": 6}, {"player_id": 5, "response": 5}, {"player_id": 6, "response": 5}, {"player_id": 7, "response": 5}, {"player_id": 8, "response": 9}, {"player_id": 9, "response": 4}], "mean": 6, "mean_ratio": 4.0, "winner": 4, "winner_num": 2, "winner_player_id": [3, 9]}, {"responses": [{"player_id": 0, "response": 15}, {"player_id": 1, "response": 5}, {"player_id": 2, "response": 5}, {"player_id": 3, "response": 4}, {"player_id": 4, "response": 8}, {"player_id": 5, "response": 5}, {"player_id": 6, "response": 4}, {"player_id": 7, "response": 6}, {"player_id": 8, "response": 6}, {"player_id": 9, "response": 3}], "mean": 6.1, "mean_ratio": 4.066666666666666, "winner": 4, "winner_num": 2, "winner_player_id": [3, 6]}, {"responses": [{"player_id": 0, "response": 10}, {"player_id": 1, "response": 5}, {"player_id": 2, "response": 6}, {"player_id": 3, "response": 4}, {"player_id": 4, "response": 4}, {"player_id": 5, "response": 5}, {"player_id": 6, "response": 4}, {"player_id": 7, "response": 30}, {"player_id": 8, "response": 4}, {"player_id": 9, "response": 4}], "mean": 7.6, "mean_ratio": 5.066666666666666, "winner": 5, "winner_num": 2, "winner_player_id": [1, 5]}, {"responses": [{"player_id": 0, "response": 6}, {"player_id": 1, "response": 5}, {"player_id": 2, "response": 15}, {"player_id": 3, "response": 5}, {"player_id": 4, "response": 10}, {"player_id": 5, "response": 6}, {"player_id": 6, "response": 5}, {"player_id": 7, "response": 10}, {"player_id": 8, "response": 33}, {"player_id": 9, "response": 4}], "mean": 9.9, "mean_ratio": 6.6, "winner": 6, "winner_num": 2, "winner_player_id": [0, 5]}, {"responses": [{"player_id": 0, "response": 20}, {"player_id": 1, "response": 5}, {"player_id": 2, "response": 4}, {"player_id": 3, "response": 4}, {"player_id": 4, "response": 50}, {"player_id": 5, "response": 6}, {"player_id": 6, "response": 10}, {"player_id": 7, "response": 5}, {"player_id": 8, "response": 50}, {"player_id": 9, "response": 7}], "mean": 16.1, "mean_ratio": 10.733333333333334, "winner": 10, "winner_num": 1, "winner_player_id": [6]}, {"responses": [{"player_id": 0, "response": 15}, {"player_id": 1, "response": 5}, {"player_id": 2, "response": 5}, {"player_id": 3, "response": 13}, {"player_id": 4, "response": 60}, {"player_id": 5, "response": 4}, {"player_id": 6, "response": 7}, {"player_id": 7, "response": 30}, {"player_id": 8, "response": 30}, {"player_id": 9, "response": 5}], "mean": 17.4, "mean_ratio": 11.599999999999998, "winner": 13, "winner_num": 1, "winner_player_id": [3]}, {"responses": [{"player_id": 0, "response": 10}, {"player_id": 1, "response": 10}, {"player_id": 2, "response": 10}, {"player_id": 3, "response": 15}, {"player_id": 4, "response": 30}, {"player_id": 5, "response": 8}, {"player_id": 6, "response": 5}, {"player_id": 7, "response": 25}, {"player_id": 8, "response": 20}, {"player_id": 9, "response": 20}], "mean": 15.3, "mean_ratio": 10.2, "winner": 10, "winner_num": 3, "winner_player_id": [0, 1, 2]}, {"responses": [{"player_id": 0, "response": 12}, {"player_id": 1, "response": 8}, {"player_id": 2, "response": 30}, {"player_id": 3, "response": 10}, {"player_id": 4, "response": 20}, {"player_id": 5, "response": 5}, {"player_id": 6, "response": 20}, {"player_id": 7, "response": 15}, {"player_id": 8, "response": 12}, {"player_id": 9, "response": 10}], "mean": 14.2, "mean_ratio": 9.466666666666665, "winner": 10, "winner_num": 2, "winner_player_id": [3, 9]}, {"responses": [{"player_id": 0, "response": 10}, {"player_id": 1, "response": 8}, {"player_id": 2, "response": 10}, {"player_id": 3, "response": 25}, {"player_id": 4, "response": 33}, {"player_id": 5, "response": 4}, {"player_id": 6, "response": 10}, {"player_id": 7, "response": 20}, {"player_id": 8, "response": 10}, {"player_id": 9, "response": 10}], "mean": 14, "mean_ratio": 9.333333333333332, "winner": 10, "winner_num": 5, "winner_player_id": [0, 2, 6, 8, 9]}]}