{"meta": {"name_exp": "guessing_game", "player_num": 10, "min": 0, "max": 100, "ratio": 0.6666666666666666, "ratio_str": "2/3", "version": "v1", "run": 3, "lang_agent": "<X9x73kd>", "round": 20}, "round_records": [{"responses": [{"player_id": 0, "response": 33}, {"player_id": 1, "response": 33}, {"player_id": 2, "response": 33}, {"player_id": 3, "response": 33}, {"player_id": 4, "response": 42}, {"player_id": 5, "response": 32}, {"player_id": 6, "response": 31}, {"player_id": 7, "response": 32}, {"player_id": 8, "response": 34}, {"player_id": 9, "response": 33}], "mean": 33.6, "mean_ratio": 22.4, "winner": 31, "winner_num": 1, "winner_player_id": [6]}, {"responses": [{"player_id": 0, "response": 25}, {"player_id": 1, "response": 22}, {"player_id": 2, "response": 20}, {"player_id": 3, "response": 29}, {"player_id": 4, "response": 25}, {"player_id": 5, "response": 28}, {"player_id": 6, "response": 22}, {"player_id": 7, "response": 22}, {"player_id": 8, "response": 22}, {"player_id": 9, "response": 22}], "mean": 23.7, "mean_ratio": 15.799999999999999, "winner": 20, "winner_num": 1, "winner_player_id": [2]}, {"responses": [{"player_id": 0, "response": 17}, {"player_id": 1, "response": 18}, {"player_id": 2, "response": 18}, {"player_id": 3, "response": 18}, {"player_id": 4, "response": 18}, {"player_id": 5, "response": 18}, {"player_id": 6, "response": 18}, {"player_id": 7, "response": 18}, {"player_id": 8, "response": 18}, {"player_id": 9, "response": 17}], "mean": 17.8, "mean_ratio": 11.866666666666667, "winner": 17, "winner_num": 2, "winner_player_id": [0, 9]}, {"responses": [{"player_id": 0, "response": 12}, {"player_id": 1, "response": 10}, {"player_id": 2, "response": 12}, {"player_id": 3, "response": 12}, {"player_id": 4, "response": 12}, {"player_id": 5, "response": 12}, {"player_id": 6, "response": 12}, {"player_id": 7, "response": 12}, {"player_id": 8, "response": 12}, {"player_id": 9, "response": 12}], "mean": 11.8, "mean_ratio": 7.866666666666667, "winner": 10, "winner_num": 1, "winner_player_id": [1]}, {"responses": [{"player_id": 0, "response": 8}, {"player_id": 1, "response": 8}, {"player_id": 2, "response": 8}, {"player_id": 3, "response": 8}, {"player_id": 4, "response": 8}, {"player_id": 5, "response": 6}, {"player_id": 6, "response": 6}, {"player_id": 7, "response": 8}, {"player_id": 8, "response": 8}, {"player_id": 9, "response": 8}], "mean": 7.6, "mean_ratio": 5.066666666666666, "winner": 6, "winner_num": 2, "winner_player_id": [5, 6]}, {"responses": [{"player_id": 0, "response": 5}, {"player_id": 1, "response": 5}, {"player_id": 2, "response": 5}, {"player_id": 3, "response": 5}, {"player_id": 4, "response": 5}, {"player_id": 5, "response": 5}, {"player_id": 6, "response": 5}, {"player_id": 7, "response": 5}, {"player_id": 8, "response": 5}, {"player_id": 9, "response": 5}], "mean": 5, "mean_ratio": 3.333333333333333, "winner": 5, "winner_num": 10, "winner_player_id": [0, 1, 2, 3, 4, 5, 6, 7, 8, 9]}, {"responses": [{"player_id": 0, "response": 4}, {"player_id": 1, "response": 4}, {"player_id": 2, "response": 4}, {"player_id": 3, "response": 3}, {"player_id": 4, "response": 3}, {"player_id": 5, "response": 4}, {"player_id": 6, "response": 4}, {"player_id": 7, "response": 4}, {"player_id": 8, "response": 4}, {"player_id": 9, "response": 4}], "mean": 3.8, "mean_ratio": 2.533333333333333, "winner": 3, "winner_num": 2, "winner_player_id": [3, 4]}, {"responses": [{"player_id": 0, "response": 3}, {"player_id": 1, "response": 3}, {"player_id": 2, "response": 2}, {"player_id": 3, "response": 2}, {"player_id": 4, "response": 2}, {"player_id": 5, "response": 3}, {"player_id": 6, "response": 3}, {"player_id": 7, "response": 2}, {"player_id": 8, "response": 2}, {"player_id": 9, "response": 3}], "mean": 2.5, "mean_ratio": 1.6666666666666665, "winner": 2, "winner_num": 5, "winner_player_id": [2, 3, 4, 7, 8]}, {"responses": [{"player_id": 0, "response": 2}, {"player_id": 1, "response": 2}, {"player_id": 2, "response": 1}, {"player_id": 3, "response": 1}, {"player_id": 4, "response": 1}, {"player_id": 5, "response": 2}, {"player_id": 6, "response": 2}, {"player_id": 7, "response": 1}, {"player_id": 8, "response": 1}, {"player_id": 9, "response": 2}], "mean": 1.5, "mean_ratio": 1.0, "winner": 1, "winner_num": 5, "winner_player_id": [2, 3, 4, 7, 8]}, {"responses": [{"player_id": 0, "response": 1}, {"player_id": 1, "response": 1}, {"player_id": 2, "response": 0}, {"player_id": 3, "response": 0}, {"player_id": 4, "response": 0}, {"player_id": 5, "response": 1}, {"player_id": 6, "response": 1}, {"player_id": 7, "response": 0}, {"player_id": 8, "response": 1}, {"player_id": 9, "response": 1}], "mean": 0.6, "mean_ratio": 0.39999999999999997, "winner": 0, "winner_num": 4, "winner_player_id": [2, 3, 4, 7]}, {"responses": [{"player_id": 0, "response": 0}, {"player_id": 1, "response": 0}, {"player_id": 2, "response": 0}, {"player_id": 3, "response": 0}, {"player_id": 4, "response": 0}, {"player_id": 5, "response": 0}, {"player_id": 6, "response": 0}, {"player_id": 7, "response": 0}, {"player_id": 8, "response": 0}, {"player_id": 9, "response": 0}], "mean": 0, "mean_ratio": 0.0, "winner": 0, "winner_num": 10, "winner_player_id": [0, 1, 2, 3, 4, 5, 6, 7, 8, 9]}, {"responses": [{"player_id": 0, "response": 0}, {"player_id": 1, "response": 0}, {"player_id": 2, "response": 0}, {"player_id": 3, "response": 0}, {"player_id": 4, "response": 0}, {"player_id": 5, "response": 0}, {"player_id": 6, "response": 0}, {"player_id": 7, "response": 0}, {"player_id": 8, "response": 0}, {"player_id": 9, "response": 0}], "mean": 0, "mean_ratio": 0.0, "winner": 0, "winner_num": 10, "winner_player_id": [0, 1, 2, 3, 4, 5, 6, 7, 8, 9]}, {"responses": [{"player_id": 0, "response": 0}, {"player_id": 1, "response": 0}, {"player_id": 2, "response": 0}, {"player_id": 3, "response": 0}, {"player_id": 4, "response": 0}, {"player_id": 5, "response": 0}, {"player_id": 6, "response": 0}, {"player_id": 7, "response": 0}, {"player_id": 8, "response": 0}, {"player_id": 9, "response": 0}], "mean": 0, "mean_ratio": 0.0, "winner": 0, "winner_num": 10, "winner_player_id": [0, 1, 2, 3, 4, 5, 6, 7, 8, 9]}, {"responses": [{"player_id": 0, "response": 0}, {"player_id": 1, "response": 0}, {"player_id": 2, "response": 0}, {"player_id": 3, "response": 0}, {"player_id": 4, "response": 0}, {"player_id": 5, "response": 0}, {"player_id": 6, "response": 0}, {"player_id": 7, "response": 0}, {"player_id": 8, "response": 0}, {"player_id": 9, "response": 0}], "mean": 0, "mean_ratio": 0.0, "winner": 0, "winner_num": 10, "winner_player_id": [0, 1, 2, 3, 4, 5, 6, 7, 8, 9]}, {"responses": [{"player_id": 0, "response": 0}, {"player_id": 1, "response": 0}, {"player_id": 2, "response": 0}, {"player_id": 3, "response": 0}, {"player_id": 4, "response": 0}, {"player_id": 5, "response": 0}, {"player_id": 6, "response": 0}, {"player_id": 7, "response": 0}, {"player_id": 8, "response": 0}, {"player_id": 9, "response": 0}], "mean": 0, "mean_ratio": 0.0, "winner": 0, "winner_num": 10, "winner_player_id": [0, 1, 2, 3, 4, 5, 6, 7, 8, 9]}, {"responses": [{"player_id": 0, "response": 0}, {"player_id": 1, "response": 0}, {"player_id": 2, "response": 0}, {"player_id": 3, "response": 0}, {"player_id": 4, "response": 0}, {"player_id": 5, "response": 0}, {"player_id": 6, "response": 0}, {"player_id": 7, "response": 0}, {"player_id": 8, "response": 0}, {"player_id": 9, "response": 0}], "mean": 0, "mean_ratio": 0.0, "winner": 0, "winner_num": 10, "winner_player_id": [0, 1, 2, 3, 4, 5, 6, 7, 8, 9]}, {"responses": [{"player_id": 0, "response": 0}, {"player_id": 1, "response": 0}, {"player_id": 2, "response": 0}, {"player_id": 3, "response": 0}, {"player_id": 4, "response": 0}, {"player_id": 5, "response": 0}, {"player_id": 6, "response": 0}, {"player_id": 7, "response": 0}, {"player_id": 8, "response": 0}, {"player_id": 9, "response": 0}], "mean": 0, "mean_ratio": 0.0, "winner": 0, "winner_num": 10, "winner_player_id": [0, 1, 2, 3, 4, 5, 6, 7, 8, 9]}, {"responses": [{"player_id": 0, "response": 0}, {"player_id": 1, "response": 0}, {"player_id": 2, "response": 0}, {"player_id": 3, "response": 0}, {"player_id": 4, "response": 0}, {"player_id": 5, "response": 0}, {"player_id": 6, "response": 0}, {"player_id": 7, "response": 0}, {"player_id": 8, "response": 0}, {"player_id": 9, "response": 0}], "mean": 0, "mean_ratio": 0.0, "winner": 0, "winner_num": 10, "winner_player_id": [0, 1, 2, 3, 4, 5, 6, 7, 8, 9]}, {"responses": [{"player_id": 0, "response": 0}, {"player_id": 1, "response": 0}, {"player_id": 2, "response": 0}, {"player_id": 3, "response": 0}, {"player_id": 4, "response": 0}, {"player_id": 5, "response": 0}, {"player_id": 6, "response": 0}, {"player_id": 7, "response": 0}, {"player_id": 8, "response": 0}, {"player_id": 9, "response": 0}], "mean": 0, "mean_ratio": 0.0, "winner": 0, "winner_num": 10, "winner_player_id": [0, 1, 2, 3, 4, 5, 6, 7, 8, 9]}, {"responses": [{"player_id": 0, "response": 0}, {"player_id": 1, "response": 0}, {"player_id": 2, "response": 0}, {"player_id": 3, "response": 0}, {"player_id": 4, "response": 0}, {"player_id": 5, "response": 0}, {"player_id": 6, "response": 0}, {"player_id": 7, "response": 0}, {"player_id": 8, "response": 0}, {"player_id": 9, "response": 0}], "mean": 0, "mean_ratio": 0.0, "winner": 0, "winner_num": 10, "winner_player_id": [0, 1, 2, 3, 4, 5, 6, 7, 8, 9]}]}