{"meta": {"name_exp": "guessing_game", "player_num": 10, "min": 0, "max": 100, "ratio": 0.6666666666666666, "ratio_str": "2/3", "version": "v1", "run": 4, "lang_agent": "<X9x73kd>", "round": 20}, "round_records": [{"responses": [{"player_id": 0, "response": 33}, {"player_id": 1, "response": 67}, {"player_id": 2, "response": 33}, {"player_id": 3, "response": 33}, {"player_id": 4, "response": 25}, {"player_id": 5, "response": 47}, {"player_id": 6, "response": 33}, {"player_id": 7, "response": 34}, {"player_id": 8, "response": 44}, {"player_id": 9, "response": 32}], "mean": 38.1, "mean_ratio": 25.4, "winner": 25, "winner_num": 1, "winner_player_id": [4]}, {"responses": [{"player_id": 0, "response": 26}, {"player_id": 1, "response": 25}, {"player_id": 2, "response": 22}, {"player_id": 3, "response": 27}, {"player_id": 4, "response": 23}, {"player_id": 5, "response": 27}, {"player_id": 6, "response": 25}, {"player_id": 7, "response": 29}, {"player_id": 8, "response": 29}, {"player_id": 9, "response": 22}], "mean": 25.5, "mean_ratio": 17.0, "winner": 22, "winner_num": 2, "winner_player_id": [2, 9]}, {"responses": [{"player_id": 0, "response": 18}, {"player_id": 1, "response": 17}, {"player_id": 2, "response": 20}, {"player_id": 3, "response": 20}, {"player_id": 4, "response": 16}, {"player_id": 5, "response": 20}, {"player_id": 6, "response": 16}, {"player_id": 7, "response": 20}, {"player_id": 8, "response": 15}, {"player_id": 9, "response": 18}], "mean": 18, "mean_ratio": 12.0, "winner": 15, "winner_num": 1, "winner_player_id": [8]}, {"responses": [{"player_id": 0, "response": 10}, {"player_id": 1, "response": 13}, {"player_id": 2, "response": 10}, {"player_id": 3, "response": 10}, {"player_id": 4, "response": 10}, {"player_id": 5, "response": 10}, {"player_id": 6, "response": 10}, {"player_id": 7, "response": 10}, {"player_id": 8, "response": 10}, {"player_id": 9, "response": 10}], "mean": 10.3, "mean_ratio": 6.866666666666667, "winner": 10, "winner_num": 9, "winner_player_id": [0, 2, 3, 4, 5, 6, 7, 8, 9]}, {"responses": [{"player_id": 0, "response": 8}, {"player_id": 1, "response": 5}, {"player_id": 2, "response": 8}, {"player_id": 3, "response": 7}, {"player_id": 4, "response": 8}, {"player_id": 5, "response": 8}, {"player_id": 6, "response": 8}, {"player_id": 7, "response": 8}, {"player_id": 8, "response": 8}, {"player_id": 9, "response": 8}], "mean": 7.6, "mean_ratio": 5.066666666666666, "winner": 5, "winner_num": 1, "winner_player_id": [1]}, {"responses": [{"player_id": 0, "response": 4}, {"player_id": 1, "response": 4}, {"player_id": 2, "response": 4}, {"player_id": 3, "response": 4}, {"player_id": 4, "response": 5}, {"player_id": 5, "response": 4}, {"player_id": 6, "response": 6}, {"player_id": 7, "response": 4}, {"player_id": 8, "response": 4}, {"player_id": 9, "response": 4}], "mean": 4.3, "mean_ratio": 2.8666666666666663, "winner": 4, "winner_num": 8, "winner_player_id": [0, 1, 2, 3, 5, 7, 8, 9]}, {"responses": [{"player_id": 0, "response": 3}, {"player_id": 1, "response": 3}, {"player_id": 2, "response": 3}, {"player_id": 3, "response": 3}, {"player_id": 4, "response": 3}, {"player_id": 5, "response": 3}, {"player_id": 6, "response": 3}, {"player_id": 7, "response": 3}, {"player_id": 8, "response": 3}, {"player_id": 9, "response": 3}], "mean": 3, "mean_ratio": 2.0, "winner": 3, "winner_num": 10, "winner_player_id": [0, 1, 2, 3, 4, 5, 6, 7, 8, 9]}, {"responses": [{"player_id": 0, "response": 2}, {"player_id": 1, "response": 2}, {"player_id": 2, "response": 2}, {"player_id": 3, "response": 2}, {"player_id": 4, "response": 2}, {"player_id": 5, "response": 2}, {"player_id": 6, "response": 2}, {"player_id": 7, "response": 2}, {"player_id": 8, "response": 2}, {"player_id": 9, "response": 2}], "mean": 2, "mean_ratio": 1.3333333333333333, "winner": 2, "winner_num": 10, "winner_player_id": [0, 1, 2, 3, 4, 5, 6, 7, 8, 9]}, {"responses": [{"player_id": 0, "response": 1}, {"player_id": 1, "response": 1}, {"player_id": 2, "response": 1}, {"player_id": 3, "response": 1}, {"player_id": 4, "response": 1}, {"player_id": 5, "response": 1}, {"player_id": 6, "response": 1}, {"player_id": 7, "response": 1}, {"player_id": 8, "response": 1}, {"player_id": 9, "response": 1}], "mean": 1, "mean_ratio": 0.6666666666666666, "winner": 1, "winner_num": 10, "winner_player_id": [0, 1, 2, 3, 4, 5, 6, 7, 8, 9]}, {"responses": [{"player_id": 0, "response": 0}, {"player_id": 1, "response": 0}, {"player_id": 2, "response": 0}, {"player_id": 3, "response": 0}, {"player_id": 4, "response": 0}, {"player_id": 5, "response": 0}, {"player_id": 6, "response": 0}, {"player_id": 7, "response": 0}, {"player_id": 8, "response": 0}, {"player_id": 9, "response": 0}], "mean": 0, "mean_ratio": 0.0, "winner": 0, "winner_num": 10, "winner_player_id": [0, 1, 2, 3, 4, 5, 6, 7, 8, 9]}, {"responses": [{"player_id": 0, "response": 0}, {"player_id": 1, "response": 0}, {"player_id": 2, "response": 0}, {"player_id": 3, "response": 0}, {"player_id": 4, "response": 0}, {"player_id": 5, "response": 0}, {"player_id": 6, "response": 0}, {"player_id": 7, "response": 0}, {"player_id": 8, "response": 0}, {"player_id": 9, "response": 0}], "mean": 0, "mean_ratio": 0.0, "winner": 0, "winner_num": 10, "winner_player_id": [0, 1, 2, 3, 4, 5, 6, 7, 8, 9]}, {"responses": [{"player_id": 0, "response": 0}, {"player_id": 1, "response": 0}, {"player_id": 2, "response": 0}, {"player_id": 3, "response": 0}, {"player_id": 4, "response": 0}, {"player_id": 5, "response": 0}, {"player_id": 6, "response": 0}, {"player_id": 7, "response": 0}, {"player_id": 8, "response": 0}, {"player_id": 9, "response": 0}], "mean": 0, "mean_ratio": 0.0, "winner": 0, "winner_num": 10, "winner_player_id": [0, 1, 2, 3, 4, 5, 6, 7, 8, 9]}, {"responses": [{"player_id": 0, "response": 0}, {"player_id": 1, "response": 0}, {"player_id": 2, "response": 0}, {"player_id": 3, "response": 0}, {"player_id": 4, "response": 0}, {"player_id": 5, "response": 0}, {"player_id": 6, "response": 0}, {"player_id": 7, "response": 0}, {"player_id": 8, "response": 0}, {"player_id": 9, "response": 0}], "mean": 0, "mean_ratio": 0.0, "winner": 0, "winner_num": 10, "winner_player_id": [0, 1, 2, 3, 4, 5, 6, 7, 8, 9]}, {"responses": [{"player_id": 0, "response": 0}, {"player_id": 1, "response": 0}, {"player_id": 2, "response": 0}, {"player_id": 3, "response": 0}, {"player_id": 4, "response": 0}, {"player_id": 5, "response": 0}, {"player_id": 6, "response": 0}, {"player_id": 7, "response": 0}, {"player_id": 8, "response": 0}, {"player_id": 9, "response": 0}], "mean": 0, "mean_ratio": 0.0, "winner": 0, "winner_num": 10, "winner_player_id": [0, 1, 2, 3, 4, 5, 6, 7, 8, 9]}, {"responses": [{"player_id": 0, "response": 0}, {"player_id": 1, "response": 0}, {"player_id": 2, "response": 0}, {"player_id": 3, "response": 0}, {"player_id": 4, "response": 0}, {"player_id": 5, "response": 0}, {"player_id": 6, "response": 0}, {"player_id": 7, "response": 0}, {"player_id": 8, "response": 0}, {"player_id": 9, "response": 0}], "mean": 0, "mean_ratio": 0.0, "winner": 0, "winner_num": 10, "winner_player_id": [0, 1, 2, 3, 4, 5, 6, 7, 8, 9]}, {"responses": [{"player_id": 0, "response": 0}, {"player_id": 1, "response": 0}, {"player_id": 2, "response": 0}, {"player_id": 3, "response": 0}, {"player_id": 4, "response": 0}, {"player_id": 5, "response": 0}, {"player_id": 6, "response": 0}, {"player_id": 7, "response": 0}, {"player_id": 8, "response": 1}, {"player_id": 9, "response": 0}], "mean": 0.1, "mean_ratio": 0.06666666666666667, "winner": 0, "winner_num": 9, "winner_player_id": [0, 1, 2, 3, 4, 5, 6, 7, 9]}, {"responses": [{"player_id": 0, "response": 0}, {"player_id": 1, "response": 0}, {"player_id": 2, "response": 0}, {"player_id": 3, "response": 0}, {"player_id": 4, "response": 0}, {"player_id": 5, "response": 0}, {"player_id": 6, "response": 0}, {"player_id": 7, "response": 0}, {"player_id": 8, "response": 0}, {"player_id": 9, "response": 0}], "mean": 0, "mean_ratio": 0.0, "winner": 0, "winner_num": 10, "winner_player_id": [0, 1, 2, 3, 4, 5, 6, 7, 8, 9]}, {"responses": [{"player_id": 0, "response": 0}, {"player_id": 1, "response": 0}, {"player_id": 2, "response": 0}, {"player_id": 3, "response": 0}, {"player_id": 4, "response": 0}, {"player_id": 5, "response": 0}, {"player_id": 6, "response": 0}, {"player_id": 7, "response": 0}, {"player_id": 8, "response": 0}, {"player_id": 9, "response": 0}], "mean": 0, "mean_ratio": 0.0, "winner": 0, "winner_num": 10, "winner_player_id": [0, 1, 2, 3, 4, 5, 6, 7, 8, 9]}, {"responses": [{"player_id": 0, "response": 0}, {"player_id": 1, "response": 0}, {"player_id": 2, "response": 0}, {"player_id": 3, "response": 0}, {"player_id": 4, "response": 0}, {"player_id": 5, "response": 0}, {"player_id": 6, "response": 0}, {"player_id": 7, "response": 0}, {"player_id": 8, "response": 0}, {"player_id": 9, "response": 0}], "mean": 0, "mean_ratio": 0.0, "winner": 0, "winner_num": 10, "winner_player_id": [0, 1, 2, 3, 4, 5, 6, 7, 8, 9]}, {"responses": [{"player_id": 0, "response": 0}, {"player_id": 1, "response": 0}, {"player_id": 2, "response": 0}, {"player_id": 3, "response": 0}, {"player_id": 4, "response": 0}, {"player_id": 5, "response": 0}, {"player_id": 6, "response": 0}, {"player_id": 7, "response": 0}, {"player_id": 8, "response": 0}, {"player_id": 9, "response": 0}], "mean": 0, "mean_ratio": 0.0, "winner": 0, "winner_num": 10, "winner_player_id": [0, 1, 2, 3, 4, 5, 6, 7, 8, 9]}]}