{"meta": {"name_exp": "guessing_game", "player_num": 10, "min": 0, "max": 100, "ratio": 0.6666666666666666, "ratio_str": "2/3", "version": "v1", "run": 3, "lang_agent": "<xoEciVX>", "round": 20}, "round_records": [{"responses": [{"player_id": 0, "response": 44}, {"player_id": 1, "response": 33}, {"player_id": 2, "response": 33}, {"player_id": 3, "response": 33}, {"player_id": 4, "response": 33}, {"player_id": 5, "response": 44}, {"player_id": 6, "response": 44}, {"player_id": 7, "response": 44}, {"player_id": 8, "response": 44}, {"player_id": 9, "response": 33}], "mean": 38.5, "mean_ratio": 25.666666666666664, "winner": 33, "winner_num": 5, "winner_player_id": [1, 2, 3, 4, 9]}, {"responses": [{"player_id": 0, "response": 67}, {"player_id": 1, "response": 25}, {"player_id": 2, "response": 25}, {"player_id": 3, "response": 25}, {"player_id": 4, "response": 25}, {"player_id": 5, "response": 22}, {"player_id": 6, "response": 30}, {"player_id": 7, "response": 35}, {"player_id": 8, "response": 30}, {"player_id": 9, "response": 26}], "mean": 31, "mean_ratio": 20.666666666666664, "winner": 22, "winner_num": 1, "winner_player_id": [5]}, {"responses": [{"player_id": 0, "response": 25}, {"player_id": 1, "response": 21}, {"player_id": 2, "response": 22}, {"player_id": 3, "response": 21}, {"player_id": 4, "response": 21}, {"player_id": 5, "response": 25}, {"player_id": 6, "response": 22}, {"player_id": 7, "response": 23}, {"player_id": 8, "response": 22}, {"player_id": 9, "response": 20}], "mean": 22.2, "mean_ratio": 14.799999999999999, "winner": 20, "winner_num": 1, "winner_player_id": [9]}, {"responses": [{"player_id": 0, "response": 15}, {"player_id": 1, "response": 15}, {"player_id": 2, "response": 18}, {"player_id": 3, "response": 18}, {"player_id": 4, "response": 17}, {"player_id": 5, "response": 15}, {"player_id": 6, "response": 15}, {"player_id": 7, "response": 18}, {"player_id": 8, "response": 15}, {"player_id": 9, "response": 16}], "mean": 16.2, "mean_ratio": 10.799999999999999, "winner": 15, "winner_num": 5, "winner_player_id": [0, 1, 5, 6, 8]}, {"responses": [{"player_id": 0, "response": 14}, {"player_id": 1, "response": 14}, {"player_id": 2, "response": 15}, {"player_id": 3, "response": 14}, {"player_id": 4, "response": 13}, {"player_id": 5, "response": 12}, {"player_id": 6, "response": 14}, {"player_id": 7, "response": 13}, {"player_id": 8, "response": 10}, {"player_id": 9, "response": 12}], "mean": 13.1, "mean_ratio": 8.733333333333333, "winner": 10, "winner_num": 1, "winner_player_id": [8]}, {"responses": [{"player_id": 0, "response": 16}, {"player_id": 1, "response": 12}, {"player_id": 2, "response": 12}, {"player_id": 3, "response": 11}, {"player_id": 4, "response": 9}, {"player_id": 5, "response": 10}, {"player_id": 6, "response": 12}, {"player_id": 7, "response": 11}, {"player_id": 8, "response": 8}, {"player_id": 9, "response": 10}], "mean": 11.1, "mean_ratio": 7.3999999999999995, "winner": 8, "winner_num": 1, "winner_player_id": [8]}, {"responses": [{"player_id": 0, "response": 10}, {"player_id": 1, "response": 10}, {"player_id": 2, "response": 10}, {"player_id": 3, "response": 9}, {"player_id": 4, "response": 7}, {"player_id": 5, "response": 5}, {"player_id": 6, "response": 10}, {"player_id": 7, "response": 7}, {"player_id": 8, "response": 6}, {"player_id": 9, "response": 8}], "mean": 8.2, "mean_ratio": 5.466666666666666, "winner": 5, "winner_num": 1, "winner_player_id": [5]}, {"responses": [{"player_id": 0, "response": 5}, {"player_id": 1, "response": 5}, {"player_id": 2, "response": 8}, {"player_id": 3, "response": 6}, {"player_id": 4, "response": 5}, {"player_id": 5, "response": 4}, {"player_id": 6, "response": 8}, {"player_id": 7, "response": 6}, {"player_id": 8, "response": 4}, {"player_id": 9, "response": 7}], "mean": 5.8, "mean_ratio": 3.8666666666666663, "winner": 4, "winner_num": 2, "winner_player_id": [5, 8]}, {"responses": [{"player_id": 0, "response": 4}, {"player_id": 1, "response": 6}, {"player_id": 2, "response": 6}, {"player_id": 3, "response": 4}, {"player_id": 4, "response": 3}, {"player_id": 5, "response": 3}, {"player_id": 6, "response": 4}, {"player_id": 7, "response": 4}, {"player_id": 8, "response": 3}, {"player_id": 9, "response": 5}], "mean": 4.2, "mean_ratio": 2.8, "winner": 3, "winner_num": 3, "winner_player_id": [4, 5, 8]}, {"responses": [{"player_id": 0, "response": 2}, {"player_id": 1, "response": 2}, {"player_id": 2, "response": 5}, {"player_id": 3, "response": 2}, {"player_id": 4, "response": 2}, {"player_id": 5, "response": 2}, {"player_id": 6, "response": 2}, {"player_id": 7, "response": 3}, {"player_id": 8, "response": 2}, {"player_id": 9, "response": 3}], "mean": 2.5, "mean_ratio": 1.6666666666666665, "winner": 2, "winner_num": 7, "winner_player_id": [0, 1, 3, 4, 5, 6, 8]}, {"responses": [{"player_id": 0, "response": 2}, {"player_id": 1, "response": 3}, {"player_id": 2, "response": 1}, {"player_id": 3, "response": 1}, {"player_id": 4, "response": 1}, {"player_id": 5, "response": 1}, {"player_id": 6, "response": 1}, {"player_id": 7, "response": 2}, {"player_id": 8, "response": 1}, {"player_id": 9, "response": 1}], "mean": 1.4, "mean_ratio": 0.9333333333333332, "winner": 1, "winner_num": 7, "winner_player_id": [2, 3, 4, 5, 6, 8, 9]}, {"responses": [{"player_id": 0, "response": 2}, {"player_id": 1, "response": 1}, {"player_id": 2, "response": 3}, {"player_id": 3, "response": 1}, {"player_id": 4, "response": 1}, {"player_id": 5, "response": 0}, {"player_id": 6, "response": 1}, {"player_id": 7, "response": 1}, {"player_id": 8, "response": 1}, {"player_id": 9, "response": 1}], "mean": 1.2, "mean_ratio": 0.7999999999999999, "winner": 1, "winner_num": 7, "winner_player_id": [1, 3, 4, 6, 7, 8, 9]}, {"responses": [{"player_id": 0, "response": 1}, {"player_id": 1, "response": 1}, {"player_id": 2, "response": 2}, {"player_id": 3, "response": 1}, {"player_id": 4, "response": 0}, {"player_id": 5, "response": 1}, {"player_id": 6, "response": 0}, {"player_id": 7, "response": 1}, {"player_id": 8, "response": 1}, {"player_id": 9, "response": 2}], "mean": 1, "mean_ratio": 0.6666666666666666, "winner": 1, "winner_num": 6, "winner_player_id": [0, 1, 3, 5, 7, 8]}, {"responses": [{"player_id": 0, "response": 1}, {"player_id": 1, "response": 1}, {"player_id": 2, "response": 1}, {"player_id": 3, "response": 1}, {"player_id": 4, "response": 0}, {"player_id": 5, "response": 0}, {"player_id": 6, "response": 1}, {"player_id": 7, "response": 1}, {"player_id": 8, "response": 1}, {"player_id": 9, "response": 1}], "mean": 0.8, "mean_ratio": 0.5333333333333333, "winner": 1, "winner_num": 8, "winner_player_id": [0, 1, 2, 3, 6, 7, 8, 9]}, {"responses": [{"player_id": 0, "response": 1}, {"player_id": 1, "response": 0}, {"player_id": 2, "response": 2}, {"player_id": 3, "response": 1}, {"player_id": 4, "response": 1}, {"player_id": 5, "response": 0}, {"player_id": 6, "response": 0}, {"player_id": 7, "response": 1}, {"player_id": 8, "response": 1}, {"player_id": 9, "response": 1}], "mean": 0.8, "mean_ratio": 0.5333333333333333, "winner": 1, "winner_num": 6, "winner_player_id": [0, 3, 4, 7, 8, 9]}, {"responses": [{"player_id": 0, "response": 1}, {"player_id": 1, "response": 1}, {"player_id": 2, "response": 5}, {"player_id": 3, "response": 1}, {"player_id": 4, "response": 1}, {"player_id": 5, "response": 1}, {"player_id": 6, "response": 1}, {"player_id": 7, "response": 1}, {"player_id": 8, "response": 1}, {"player_id": 9, "response": 1}], "mean": 1.4, "mean_ratio": 0.9333333333333332, "winner": 1, "winner_num": 9, "winner_player_id": [0, 1, 3, 4, 5, 6, 7, 8, 9]}, {"responses": [{"player_id": 0, "response": 1}, {"player_id": 1, "response": 0}, {"player_id": 2, "response": 0}, {"player_id": 3, "response": 1}, {"player_id": 4, "response": 1}, {"player_id": 5, "response": 2}, {"player_id": 6, "response": 1}, {"player_id": 7, "response": 1}, {"player_id": 8, "response": 1}, {"player_id": 9, "response": 1}], "mean": 0.9, "mean_ratio": 0.6, "winner": 1, "winner_num": 7, "winner_player_id": [0, 3, 4, 6, 7, 8, 9]}, {"responses": [{"player_id": 0, "response": 1}, {"player_id": 1, "response": 0}, {"player_id": 2, "response": 3}, {"player_id": 3, "response": 1}, {"player_id": 4, "response": 2}, {"player_id": 5, "response": 1}, {"player_id": 6, "response": 1}, {"player_id": 7, "response": 1}, {"player_id": 8, "response": 1}, {"player_id": 9, "response": 1}], "mean": 1.2, "mean_ratio": 0.7999999999999999, "winner": 1, "winner_num": 7, "winner_player_id": [0, 3, 5, 6, 7, 8, 9]}, {"responses": [{"player_id": 0, "response": 1}, {"player_id": 1, "response": 0}, {"player_id": 2, "response": 2}, {"player_id": 3, "response": 1}, {"player_id": 4, "response": 1}, {"player_id": 5, "response": 1}, {"player_id": 6, "response": 1}, {"player_id": 7, "response": 1}, {"player_id": 8, "response": 1}, {"player_id": 9, "response": 1}], "mean": 1, "mean_ratio": 0.6666666666666666, "winner": 1, "winner_num": 8, "winner_player_id": [0, 3, 4, 5, 6, 7, 8, 9]}, {"responses": [{"player_id": 0, "response": 1}, {"player_id": 1, "response": 2}, {"player_id": 2, "response": 33}, {"player_id": 3, "response": 0}, {"player_id": 4, "response": 1}, {"player_id": 5, "response": 0}, {"player_id": 6, "response": 1}, {"player_id": 7, "response": 1}, {"player_id": 8, "response": 1}, {"player_id": 9, "response": 1}], "mean": 4.1, "mean_ratio": 2.733333333333333, "winner": 2, "winner_num": 1, "winner_player_id": [1]}]}