{"meta": {"name_exp": "guessing_game", "player_num": 10, "min": 0, "max": 100, "ratio": 0.6666666666666666, "ratio_str": "2/3", "version": "v1", "run": 2, "lang_agent": "<xoEciVX>", "round": 20}, "round_records": [{"responses": [{"player_id": 0, "response": 44}, {"player_id": 1, "response": 44}, {"player_id": 2, "response": 44}, {"player_id": 3, "response": 50}, {"player_id": 4, "response": 34}, {"player_id": 5, "response": 44}, {"player_id": 6, "response": 30}, {"player_id": 7, "response": 44}, {"player_id": 8, "response": 33}, {"player_id": 9, "response": 34}], "mean": 40.1, "mean_ratio": 26.733333333333334, "winner": 30, "winner_num": 1, "winner_player_id": [6]}, {"responses": [{"player_id": 0, "response": 33}, {"player_id": 1, "response": 30}, {"player_id": 2, "response": 28}, {"player_id": 3, "response": 25}, {"player_id": 4, "response": 20}, {"player_id": 5, "response": 20}, {"player_id": 6, "response": 25}, {"player_id": 7, "response": 35}, {"player_id": 8, "response": 25}, {"player_id": 9, "response": 26}], "mean": 26.7, "mean_ratio": 17.799999999999997, "winner": 20, "winner_num": 2, "winner_player_id": [4, 5]}, {"responses": [{"player_id": 0, "response": 20}, {"player_id": 1, "response": 20}, {"player_id": 2, "response": 18}, {"player_id": 3, "response": 20}, {"player_id": 4, "response": 18}, {"player_id": 5, "response": 18}, {"player_id": 6, "response": 18}, {"player_id": 7, "response": 22}, {"player_id": 8, "response": 20}, {"player_id": 9, "response": 20}], "mean": 19.4, "mean_ratio": 12.933333333333332, "winner": 18, "winner_num": 4, "winner_player_id": [2, 4, 5, 6]}, {"responses": [{"player_id": 0, "response": 15}, {"player_id": 1, "response": 17}, {"player_id": 2, "response": 15}, {"player_id": 3, "response": 15}, {"player_id": 4, "response": 15}, {"player_id": 5, "response": 15}, {"player_id": 6, "response": 15}, {"player_id": 7, "response": 15}, {"player_id": 8, "response": 17}, {"player_id": 9, "response": 17}], "mean": 15.6, "mean_ratio": 10.399999999999999, "winner": 15, "winner_num": 7, "winner_player_id": [0, 2, 3, 4, 5, 6, 7]}, {"responses": [{"player_id": 0, "response": 10}, {"player_id": 1, "response": 14}, {"player_id": 2, "response": 14}, {"player_id": 3, "response": 14}, {"player_id": 4, "response": 12}, {"player_id": 5, "response": 14}, {"player_id": 6, "response": 13}, {"player_id": 7, "response": 11}, {"player_id": 8, "response": 13}, {"player_id": 9, "response": 15}], "mean": 13, "mean_ratio": 8.666666666666666, "winner": 10, "winner_num": 1, "winner_player_id": [0]}, {"responses": [{"player_id": 0, "response": 10}, {"player_id": 1, "response": 12}, {"player_id": 2, "response": 11}, {"player_id": 3, "response": 13}, {"player_id": 4, "response": 7}, {"player_id": 5, "response": 10}, {"player_id": 6, "response": 9}, {"player_id": 7, "response": 12}, {"player_id": 8, "response": 12}, {"player_id": 9, "response": 12}], "mean": 10.8, "mean_ratio": 7.2, "winner": 7, "winner_num": 1, "winner_player_id": [4]}, {"responses": [{"player_id": 0, "response": 8}, {"player_id": 1, "response": 8}, {"player_id": 2, "response": 6}, {"player_id": 3, "response": 8}, {"player_id": 4, "response": 6}, {"player_id": 5, "response": 8}, {"player_id": 6, "response": 8}, {"player_id": 7, "response": 8}, {"player_id": 8, "response": 10}, {"player_id": 9, "response": 8}], "mean": 7.8, "mean_ratio": 5.199999999999999, "winner": 6, "winner_num": 2, "winner_player_id": [2, 4]}, {"responses": [{"player_id": 0, "response": 7}, {"player_id": 1, "response": 7}, {"player_id": 2, "response": 8}, {"player_id": 3, "response": 7}, {"player_id": 4, "response": 5}, {"player_id": 5, "response": 6}, {"player_id": 6, "response": 7}, {"player_id": 7, "response": 5}, {"player_id": 8, "response": 8}, {"player_id": 9, "response": 6}], "mean": 6.6, "mean_ratio": 4.3999999999999995, "winner": 5, "winner_num": 2, "winner_player_id": [4, 7]}, {"responses": [{"player_id": 0, "response": 5}, {"player_id": 1, "response": 5}, {"player_id": 2, "response": 4}, {"player_id": 3, "response": 5}, {"player_id": 4, "response": 4}, {"player_id": 5, "response": 4}, {"player_id": 6, "response": 6}, {"player_id": 7, "response": 4}, {"player_id": 8, "response": 7}, {"player_id": 9, "response": 5}], "mean": 4.9, "mean_ratio": 3.2666666666666666, "winner": 4, "winner_num": 4, "winner_player_id": [2, 4, 5, 7]}, {"responses": [{"player_id": 0, "response": 4}, {"player_id": 1, "response": 4}, {"player_id": 2, "response": 5}, {"player_id": 3, "response": 4}, {"player_id": 4, "response": 3}, {"player_id": 5, "response": 3}, {"player_id": 6, "response": 4}, {"player_id": 7, "response": 5}, {"player_id": 8, "response": 5}, {"player_id": 9, "response": 4}], "mean": 4.1, "mean_ratio": 2.733333333333333, "winner": 3, "winner_num": 2, "winner_player_id": [4, 5]}, {"responses": [{"player_id": 0, "response": 3}, {"player_id": 1, "response": 3}, {"player_id": 2, "response": 5}, {"player_id": 3, "response": 2}, {"player_id": 4, "response": 2}, {"player_id": 5, "response": 3}, {"player_id": 6, "response": 2}, {"player_id": 7, "response": 6}, {"player_id": 8, "response": 3}, {"player_id": 9, "response": 3}], "mean": 3.2, "mean_ratio": 2.1333333333333333, "winner": 2, "winner_num": 3, "winner_player_id": [3, 4, 6]}, {"responses": [{"player_id": 0, "response": 2}, {"player_id": 1, "response": 2}, {"player_id": 2, "response": 1}, {"player_id": 3, "response": 2}, {"player_id": 4, "response": 2}, {"player_id": 5, "response": 2}, {"player_id": 6, "response": 2}, {"player_id": 7, "response": 2}, {"player_id": 8, "response": 2}, {"player_id": 9, "response": 2}], "mean": 1.9, "mean_ratio": 1.2666666666666666, "winner": 1, "winner_num": 1, "winner_player_id": [2]}, {"responses": [{"player_id": 0, "response": 2}, {"player_id": 1, "response": 1}, {"player_id": 2, "response": 2}, {"player_id": 3, "response": 3}, {"player_id": 4, "response": 1}, {"player_id": 5, "response": 3}, {"player_id": 6, "response": 1}, {"player_id": 7, "response": 1}, {"player_id": 8, "response": 2}, {"player_id": 9, "response": 2}], "mean": 1.8, "mean_ratio": 1.2, "winner": 1, "winner_num": 4, "winner_player_id": [1, 4, 6, 7]}, {"responses": [{"player_id": 0, "response": 2}, {"player_id": 1, "response": 2}, {"player_id": 2, "response": 2}, {"player_id": 3, "response": 2}, {"player_id": 4, "response": 2}, {"player_id": 5, "response": 2}, {"player_id": 6, "response": 2}, {"player_id": 7, "response": 2}, {"player_id": 8, "response": 1}, {"player_id": 9, "response": 1}], "mean": 1.8, "mean_ratio": 1.2, "winner": 1, "winner_num": 2, "winner_player_id": [8, 9]}, {"responses": [{"player_id": 0, "response": 1}, {"player_id": 1, "response": 0}, {"player_id": 2, "response": 2}, {"player_id": 3, "response": 3}, {"player_id": 4, "response": 0}, {"player_id": 5, "response": 1}, {"player_id": 6, "response": 1}, {"player_id": 7, "response": 0}, {"player_id": 8, "response": 1}, {"player_id": 9, "response": 2}], "mean": 1.1, "mean_ratio": 0.7333333333333334, "winner": 1, "winner_num": 4, "winner_player_id": [0, 5, 6, 8]}, {"responses": [{"player_id": 0, "response": 1}, {"player_id": 1, "response": 2}, {"player_id": 2, "response": 1}, {"player_id": 3, "response": 1}, {"player_id": 4, "response": 1}, {"player_id": 5, "response": 1}, {"player_id": 6, "response": 1}, {"player_id": 7, "response": 1}, {"player_id": 8, "response": 1}, {"player_id": 9, "response": 1}], "mean": 1.1, "mean_ratio": 0.7333333333333334, "winner": 1, "winner_num": 9, "winner_player_id": [0, 2, 3, 4, 5, 6, 7, 8, 9]}, {"responses": [{"player_id": 0, "response": 0}, {"player_id": 1, "response": 5}, {"player_id": 2, "response": 1}, {"player_id": 3, "response": 1}, {"player_id": 4, "response": 1}, {"player_id": 5, "response": 0}, {"player_id": 6, "response": 0}, {"player_id": 7, "response": 1}, {"player_id": 8, "response": 1}, {"player_id": 9, "response": 2}], "mean": 1.2, "mean_ratio": 0.7999999999999999, "winner": 1, "winner_num": 5, "winner_player_id": [2, 3, 4, 7, 8]}, {"responses": [{"player_id": 0, "response": 1}, {"player_id": 1, "response": 3}, {"player_id": 2, "response": 2}, {"player_id": 3, "response": 0}, {"player_id": 4, "response": 1}, {"player_id": 5, "response": 1}, {"player_id": 6, "response": 1}, {"player_id": 7, "response": 2}, {"player_id": 8, "response": 1}, {"player_id": 9, "response": 1}], "mean": 1.3, "mean_ratio": 0.8666666666666667, "winner": 1, "winner_num": 6, "winner_player_id": [0, 4, 5, 6, 8, 9]}, {"responses": [{"player_id": 0, "response": 1}, {"player_id": 1, "response": 2}, {"player_id": 2, "response": 2}, {"player_id": 3, "response": 1}, {"player_id": 4, "response": 1}, {"player_id": 5, "response": 2}, {"player_id": 6, "response": 2}, {"player_id": 7, "response": 1}, {"player_id": 8, "response": 1}, {"player_id": 9, "response": 3}], "mean": 1.6, "mean_ratio": 1.0666666666666667, "winner": 1, "winner_num": 5, "winner_player_id": [0, 3, 4, 7, 8]}, {"responses": [{"player_id": 0, "response": 1}, {"player_id": 1, "response": 35}, {"player_id": 2, "response": 1}, {"player_id": 3, "response": 2}, {"player_id": 4, "response": 1}, {"player_id": 5, "response": 1}, {"player_id": 6, "response": 0}, {"player_id": 7, "response": 1}, {"player_id": 8, "response": 1}, {"player_id": 9, "response": 1}], "mean": 4.4, "mean_ratio": 2.9333333333333336, "winner": 2, "winner_num": 1, "winner_player_id": [3]}]}