{"meta": {"name_exp": "guessing_game", "player_num": 10, "min": 0, "max": 100, "ratio": 0.6666666666666666, "ratio_str": "2/3", "version": "v1", "run": 5, "lang_agent": "<xoEciVX>", "round": 20}, "round_records": [{"responses": [{"player_id": 0, "response": 44}, {"player_id": 1, "response": 30}, {"player_id": 2, "response": 44}, {"player_id": 3, "response": 44}, {"player_id": 4, "response": 67}, {"player_id": 5, "response": 33}, {"player_id": 6, "response": 33}, {"player_id": 7, "response": 32}, {"player_id": 8, "response": 33}, {"player_id": 9, "response": 44}], "mean": 40.4, "mean_ratio": 26.93333333333333, "winner": 30, "winner_num": 1, "winner_player_id": [1]}, {"responses": [{"player_id": 0, "response": 35}, {"player_id": 1, "response": 25}, {"player_id": 2, "response": 33}, {"player_id": 3, "response": 25}, {"player_id": 4, "response": 20}, {"player_id": 5, "response": 25}, {"player_id": 6, "response": 27}, {"player_id": 7, "response": 25}, {"player_id": 8, "response": 25}, {"player_id": 9, "response": 25}], "mean": 26.5, "mean_ratio": 17.666666666666664, "winner": 20, "winner_num": 1, "winner_player_id": [4]}, {"responses": [{"player_id": 0, "response": 22}, {"player_id": 1, "response": 18}, {"player_id": 2, "response": 22}, {"player_id": 3, "response": 20}, {"player_id": 4, "response": 20}, {"player_id": 5, "response": 18}, {"player_id": 6, "response": 18}, {"player_id": 7, "response": 20}, {"player_id": 8, "response": 18}, {"player_id": 9, "response": 18}], "mean": 19.4, "mean_ratio": 12.933333333333332, "winner": 18, "winner_num": 5, "winner_player_id": [1, 5, 6, 8, 9]}, {"responses": [{"player_id": 0, "response": 17}, {"player_id": 1, "response": 15}, {"player_id": 2, "response": 15}, {"player_id": 3, "response": 15}, {"player_id": 4, "response": 15}, {"player_id": 5, "response": 15}, {"player_id": 6, "response": 15}, {"player_id": 7, "response": 15}, {"player_id": 8, "response": 15}, {"player_id": 9, "response": 15}], "mean": 15.2, "mean_ratio": 10.133333333333333, "winner": 15, "winner_num": 9, "winner_player_id": [1, 2, 3, 4, 5, 6, 7, 8, 9]}, {"responses": [{"player_id": 0, "response": 12}, {"player_id": 1, "response": 12}, {"player_id": 2, "response": 10}, {"player_id": 3, "response": 12}, {"player_id": 4, "response": 14}, {"player_id": 5, "response": 13}, {"player_id": 6, "response": 14}, {"player_id": 7, "response": 14}, {"player_id": 8, "response": 12}, {"player_id": 9, "response": 15}], "mean": 12.8, "mean_ratio": 8.533333333333333, "winner": 10, "winner_num": 1, "winner_player_id": [2]}, {"responses": [{"player_id": 0, "response": 11}, {"player_id": 1, "response": 10}, {"player_id": 2, "response": 8}, {"player_id": 3, "response": 10}, {"player_id": 4, "response": 12}, {"player_id": 5, "response": 12}, {"player_id": 6, "response": 9}, {"player_id": 7, "response": 12}, {"player_id": 8, "response": 7}, {"player_id": 9, "response": 8}], "mean": 9.9, "mean_ratio": 6.6, "winner": 7, "winner_num": 1, "winner_player_id": [8]}, {"responses": [{"player_id": 0, "response": 8}, {"player_id": 1, "response": 8}, {"player_id": 2, "response": 5}, {"player_id": 3, "response": 5}, {"player_id": 4, "response": 10}, {"player_id": 5, "response": 8}, {"player_id": 6, "response": 8}, {"player_id": 7, "response": 8}, {"player_id": 8, "response": 5}, {"player_id": 9, "response": 6}], "mean": 7.1, "mean_ratio": 4.7333333333333325, "winner": 5, "winner_num": 3, "winner_player_id": [2, 3, 8]}, {"responses": [{"player_id": 0, "response": 6}, {"player_id": 1, "response": 5}, {"player_id": 2, "response": 4}, {"player_id": 3, "response": 4}, {"player_id": 4, "response": 7}, {"player_id": 5, "response": 6}, {"player_id": 6, "response": 5}, {"player_id": 7, "response": 7}, {"player_id": 8, "response": 4}, {"player_id": 9, "response": 5}], "mean": 5.3, "mean_ratio": 3.533333333333333, "winner": 4, "winner_num": 3, "winner_player_id": [2, 3, 8]}, {"responses": [{"player_id": 0, "response": 5}, {"player_id": 1, "response": 4}, {"player_id": 2, "response": 4}, {"player_id": 3, "response": 3}, {"player_id": 4, "response": 6}, {"player_id": 5, "response": 5}, {"player_id": 6, "response": 4}, {"player_id": 7, "response": 5}, {"player_id": 8, "response": 3}, {"player_id": 9, "response": 4}], "mean": 4.3, "mean_ratio": 2.8666666666666663, "winner": 3, "winner_num": 2, "winner_player_id": [3, 8]}, {"responses": [{"player_id": 0, "response": 3}, {"player_id": 1, "response": 3}, {"player_id": 2, "response": 2}, {"player_id": 3, "response": 2}, {"player_id": 4, "response": 2}, {"player_id": 5, "response": 3}, {"player_id": 6, "response": 3}, {"player_id": 7, "response": 4}, {"player_id": 8, "response": 2}, {"player_id": 9, "response": 2}], "mean": 2.6, "mean_ratio": 1.7333333333333334, "winner": 2, "winner_num": 5, "winner_player_id": [2, 3, 4, 8, 9]}, {"responses": [{"player_id": 0, "response": 2}, {"player_id": 1, "response": 2}, {"player_id": 2, "response": 2}, {"player_id": 3, "response": 1}, {"player_id": 4, "response": 2}, {"player_id": 5, "response": 2}, {"player_id": 6, "response": 2}, {"player_id": 7, "response": 3}, {"player_id": 8, "response": 1}, {"player_id": 9, "response": 1}], "mean": 1.8, "mean_ratio": 1.2, "winner": 1, "winner_num": 3, "winner_player_id": [3, 8, 9]}, {"responses": [{"player_id": 0, "response": 1}, {"player_id": 1, "response": 2}, {"player_id": 2, "response": 1}, {"player_id": 3, "response": 1}, {"player_id": 4, "response": 0}, {"player_id": 5, "response": 1}, {"player_id": 6, "response": 1}, {"player_id": 7, "response": 2}, {"player_id": 8, "response": 1}, {"player_id": 9, "response": 1}], "mean": 1.1, "mean_ratio": 0.7333333333333334, "winner": 1, "winner_num": 7, "winner_player_id": [0, 2, 3, 5, 6, 8, 9]}, {"responses": [{"player_id": 0, "response": 0}, {"player_id": 1, "response": 1}, {"player_id": 2, "response": 1}, {"player_id": 3, "response": 1}, {"player_id": 4, "response": 0}, {"player_id": 5, "response": 1}, {"player_id": 6, "response": 0}, {"player_id": 7, "response": 1}, {"player_id": 8, "response": 1}, {"player_id": 9, "response": 0}], "mean": 0.6, "mean_ratio": 0.39999999999999997, "winner": 0, "winner_num": 4, "winner_player_id": [0, 4, 6, 9]}, {"responses": [{"player_id": 0, "response": 0}, {"player_id": 1, "response": 0}, {"player_id": 2, "response": 1}, {"player_id": 3, "response": 0}, {"player_id": 4, "response": 0}, {"player_id": 5, "response": 1}, {"player_id": 6, "response": 0}, {"player_id": 7, "response": 0}, {"player_id": 8, "response": 0}, {"player_id": 9, "response": 0}], "mean": 0.2, "mean_ratio": 0.13333333333333333, "winner": 0, "winner_num": 8, "winner_player_id": [0, 1, 3, 4, 6, 7, 8, 9]}, {"responses": [{"player_id": 0, "response": 0}, {"player_id": 1, "response": 0}, {"player_id": 2, "response": 1}, {"player_id": 3, "response": 0}, {"player_id": 4, "response": 2}, {"player_id": 5, "response": 0}, {"player_id": 6, "response": 0}, {"player_id": 7, "response": 1}, {"player_id": 8, "response": 0}, {"player_id": 9, "response": 0}], "mean": 0.4, "mean_ratio": 0.26666666666666666, "winner": 0, "winner_num": 7, "winner_player_id": [0, 1, 3, 5, 6, 8, 9]}, {"responses": [{"player_id": 0, "response": 0}, {"player_id": 1, "response": 1}, {"player_id": 2, "response": 1}, {"player_id": 3, "response": 0}, {"player_id": 4, "response": 0}, {"player_id": 5, "response": 0}, {"player_id": 6, "response": 0}, {"player_id": 7, "response": 1}, {"player_id": 8, "response": 0}, {"player_id": 9, "response": 0}], "mean": 0.3, "mean_ratio": 0.19999999999999998, "winner": 0, "winner_num": 7, "winner_player_id": [0, 3, 4, 5, 6, 8, 9]}, {"responses": [{"player_id": 0, "response": 0}, {"player_id": 1, "response": 0}, {"player_id": 2, "response": 0}, {"player_id": 3, "response": 1}, {"player_id": 4, "response": 0}, {"player_id": 5, "response": 0}, {"player_id": 6, "response": 0}, {"player_id": 7, "response": 1}, {"player_id": 8, "response": 0}, {"player_id": 9, "response": 0}], "mean": 0.2, "mean_ratio": 0.13333333333333333, "winner": 0, "winner_num": 8, "winner_player_id": [0, 1, 2, 4, 5, 6, 8, 9]}, {"responses": [{"player_id": 0, "response": 0}, {"player_id": 1, "response": 0}, {"player_id": 2, "response": 0}, {"player_id": 3, "response": 0}, {"player_id": 4, "response": 1}, {"player_id": 5, "response": 1}, {"player_id": 6, "response": 0}, {"player_id": 7, "response": 0}, {"player_id": 8, "response": 0}, {"player_id": 9, "response": 0}], "mean": 0.2, "mean_ratio": 0.13333333333333333, "winner": 0, "winner_num": 8, "winner_player_id": [0, 1, 2, 3, 6, 7, 8, 9]}, {"responses": [{"player_id": 0, "response": 0}, {"player_id": 1, "response": 0}, {"player_id": 2, "response": 0}, {"player_id": 3, "response": 0}, {"player_id": 4, "response": 1}, {"player_id": 5, "response": 1}, {"player_id": 6, "response": 0}, {"player_id": 7, "response": 0}, {"player_id": 8, "response": 0}, {"player_id": 9, "response": 0}], "mean": 0.2, "mean_ratio": 0.13333333333333333, "winner": 0, "winner_num": 8, "winner_player_id": [0, 1, 2, 3, 6, 7, 8, 9]}, {"responses": [{"player_id": 0, "response": 0}, {"player_id": 1, "response": 0}, {"player_id": 2, "response": 0}, {"player_id": 3, "response": 0}, {"player_id": 4, "response": 1}, {"player_id": 5, "response": 0}, {"player_id": 6, "response": 0}, {"player_id": 7, "response": 1}, {"player_id": 8, "response": 0}, {"player_id": 9, "response": 0}], "mean": 0.2, "mean_ratio": 0.13333333333333333, "winner": 0, "winner_num": 8, "winner_player_id": [0, 1, 2, 3, 5, 6, 8, 9]}]}