{"meta": {"name_exp": "guessing_game", "player_num": 10, "min": 0, "max": 100, "ratio": 0.6666666666666666, "ratio_str": "2/3", "version": "v1", "run": 4, "lang_agent": "<xoEciVX>", "round": 20}, "round_records": [{"responses": [{"player_id": 0, "response": 33}, {"player_id": 1, "response": 33}, {"player_id": 2, "response": 67}, {"player_id": 3, "response": 34}, {"player_id": 4, "response": 22}, {"player_id": 5, "response": 44}, {"player_id": 6, "response": 44}, {"player_id": 7, "response": 33}, {"player_id": 8, "response": 30}, {"player_id": 9, "response": 40}], "mean": 38, "mean_ratio": 25.333333333333332, "winner": 22, "winner_num": 1, "winner_player_id": [4]}, {"responses": [{"player_id": 0, "response": 26}, {"player_id": 1, "response": 34}, {"player_id": 2, "response": 58}, {"player_id": 3, "response": 28}, {"player_id": 4, "response": 25}, {"player_id": 5, "response": 18}, {"player_id": 6, "response": 50}, {"player_id": 7, "response": 50}, {"player_id": 8, "response": 30}, {"player_id": 9, "response": 23}], "mean": 34.2, "mean_ratio": 22.8, "winner": 23, "winner_num": 1, "winner_player_id": [9]}, {"responses": [{"player_id": 0, "response": 22}, {"player_id": 1, "response": 22}, {"player_id": 2, "response": 25}, {"player_id": 3, "response": 22}, {"player_id": 4, "response": 22}, {"player_id": 5, "response": 25}, {"player_id": 6, "response": 25}, {"player_id": 7, "response": 24}, {"player_id": 8, "response": 24}, {"player_id": 9, "response": 25}], "mean": 23.6, "mean_ratio": 15.733333333333334, "winner": 22, "winner_num": 4, "winner_player_id": [0, 1, 3, 4]}, {"responses": [{"player_id": 0, "response": 18}, {"player_id": 1, "response": 20}, {"player_id": 2, "response": 20}, {"player_id": 3, "response": 17}, {"player_id": 4, "response": 22}, {"player_id": 5, "response": 18}, {"player_id": 6, "response": 16}, {"player_id": 7, "response": 18}, {"player_id": 8, "response": 18}, {"player_id": 9, "response": 20}], "mean": 18.7, "mean_ratio": 12.466666666666665, "winner": 16, "winner_num": 1, "winner_player_id": [6]}, {"responses": [{"player_id": 0, "response": 15}, {"player_id": 1, "response": 18}, {"player_id": 2, "response": 15}, {"player_id": 3, "response": 15}, {"player_id": 4, "response": 14}, {"player_id": 5, "response": 14}, {"player_id": 6, "response": 15}, {"player_id": 7, "response": 14}, {"player_id": 8, "response": 16}, {"player_id": 9, "response": 14}], "mean": 15, "mean_ratio": 10.0, "winner": 14, "winner_num": 4, "winner_player_id": [4, 5, 7, 9]}, {"responses": [{"player_id": 0, "response": 10}, {"player_id": 1, "response": 15}, {"player_id": 2, "response": 8}, {"player_id": 3, "response": 11}, {"player_id": 4, "response": 14}, {"player_id": 5, "response": 12}, {"player_id": 6, "response": 10}, {"player_id": 7, "response": 10}, {"player_id": 8, "response": 15}, {"player_id": 9, "response": 12}], "mean": 11.7, "mean_ratio": 7.799999999999999, "winner": 8, "winner_num": 1, "winner_player_id": [2]}, {"responses": [{"player_id": 0, "response": 6}, {"player_id": 1, "response": 6}, {"player_id": 2, "response": 10}, {"player_id": 3, "response": 6}, {"player_id": 4, "response": 7}, {"player_id": 5, "response": 9}, {"player_id": 6, "response": 8}, {"player_id": 7, "response": 6}, {"player_id": 8, "response": 10}, {"player_id": 9, "response": 10}], "mean": 7.8, "mean_ratio": 5.199999999999999, "winner": 6, "winner_num": 4, "winner_player_id": [0, 1, 3, 7]}, {"responses": [{"player_id": 0, "response": 5}, {"player_id": 1, "response": 5}, {"player_id": 2, "response": 5}, {"player_id": 3, "response": 5}, {"player_id": 4, "response": 6}, {"player_id": 5, "response": 7}, {"player_id": 6, "response": 6}, {"player_id": 7, "response": 4}, {"player_id": 8, "response": 5}, {"player_id": 9, "response": 5}], "mean": 5.3, "mean_ratio": 3.533333333333333, "winner": 4, "winner_num": 1, "winner_player_id": [7]}, {"responses": [{"player_id": 0, "response": 4}, {"player_id": 1, "response": 4}, {"player_id": 2, "response": 3}, {"player_id": 3, "response": 4}, {"player_id": 4, "response": 4}, {"player_id": 5, "response": 5}, {"player_id": 6, "response": 4}, {"player_id": 7, "response": 4}, {"player_id": 8, "response": 4}, {"player_id": 9, "response": 4}], "mean": 4, "mean_ratio": 2.6666666666666665, "winner": 3, "winner_num": 1, "winner_player_id": [2]}, {"responses": [{"player_id": 0, "response": 2}, {"player_id": 1, "response": 5}, {"player_id": 2, "response": 3}, {"player_id": 3, "response": 2}, {"player_id": 4, "response": 3}, {"player_id": 5, "response": 2}, {"player_id": 6, "response": 3}, {"player_id": 7, "response": 2}, {"player_id": 8, "response": 3}, {"player_id": 9, "response": 3}], "mean": 2.8, "mean_ratio": 1.8666666666666665, "winner": 2, "winner_num": 4, "winner_player_id": [0, 3, 5, 7]}, {"responses": [{"player_id": 0, "response": 1}, {"player_id": 1, "response": 2}, {"player_id": 2, "response": 2}, {"player_id": 3, "response": 1}, {"player_id": 4, "response": 2}, {"player_id": 5, "response": 2}, {"player_id": 6, "response": 2}, {"player_id": 7, "response": 2}, {"player_id": 8, "response": 2}, {"player_id": 9, "response": 1}], "mean": 1.7, "mean_ratio": 1.1333333333333333, "winner": 1, "winner_num": 3, "winner_player_id": [0, 3, 9]}, {"responses": [{"player_id": 0, "response": 1}, {"player_id": 1, "response": 1}, {"player_id": 2, "response": 1}, {"player_id": 3, "response": 1}, {"player_id": 4, "response": 2}, {"player_id": 5, "response": 1}, {"player_id": 6, "response": 1}, {"player_id": 7, "response": 1}, {"player_id": 8, "response": 1}, {"player_id": 9, "response": 1}], "mean": 1.1, "mean_ratio": 0.7333333333333334, "winner": 1, "winner_num": 9, "winner_player_id": [0, 1, 2, 3, 5, 6, 7, 8, 9]}, {"responses": [{"player_id": 0, "response": 1}, {"player_id": 1, "response": 1}, {"player_id": 2, "response": 1}, {"player_id": 3, "response": 1}, {"player_id": 4, "response": 1}, {"player_id": 5, "response": 1}, {"player_id": 6, "response": 1}, {"player_id": 7, "response": 1}, {"player_id": 8, "response": 1}, {"player_id": 9, "response": 1}], "mean": 1, "mean_ratio": 0.6666666666666666, "winner": 1, "winner_num": 10, "winner_player_id": [0, 1, 2, 3, 4, 5, 6, 7, 8, 9]}, {"responses": [{"player_id": 0, "response": 1}, {"player_id": 1, "response": 1}, {"player_id": 2, "response": 1}, {"player_id": 3, "response": 1}, {"player_id": 4, "response": 0}, {"player_id": 5, "response": 1}, {"player_id": 6, "response": 0}, {"player_id": 7, "response": 1}, {"player_id": 8, "response": 1}, {"player_id": 9, "response": 1}], "mean": 0.8, "mean_ratio": 0.5333333333333333, "winner": 1, "winner_num": 8, "winner_player_id": [0, 1, 2, 3, 5, 7, 8, 9]}, {"responses": [{"player_id": 0, "response": 1}, {"player_id": 1, "response": 1}, {"player_id": 2, "response": 1}, {"player_id": 3, "response": 1}, {"player_id": 4, "response": 0}, {"player_id": 5, "response": 1}, {"player_id": 6, "response": 0}, {"player_id": 7, "response": 1}, {"player_id": 8, "response": 0}, {"player_id": 9, "response": 1}], "mean": 0.7, "mean_ratio": 0.4666666666666666, "winner": 0, "winner_num": 3, "winner_player_id": [4, 6, 8]}, {"responses": [{"player_id": 0, "response": 0}, {"player_id": 1, "response": 1}, {"player_id": 2, "response": 1}, {"player_id": 3, "response": 0}, {"player_id": 4, "response": 0}, {"player_id": 5, "response": 1}, {"player_id": 6, "response": 0}, {"player_id": 7, "response": 0}, {"player_id": 8, "response": 0}, {"player_id": 9, "response": 1}], "mean": 0.4, "mean_ratio": 0.26666666666666666, "winner": 0, "winner_num": 6, "winner_player_id": [0, 3, 4, 6, 7, 8]}, {"responses": [{"player_id": 0, "response": 0}, {"player_id": 1, "response": 0}, {"player_id": 2, "response": 0}, {"player_id": 3, "response": 0}, {"player_id": 4, "response": 0}, {"player_id": 5, "response": 0}, {"player_id": 6, "response": 0}, {"player_id": 7, "response": 0}, {"player_id": 8, "response": 0}, {"player_id": 9, "response": 0}], "mean": 0, "mean_ratio": 0.0, "winner": 0, "winner_num": 10, "winner_player_id": [0, 1, 2, 3, 4, 5, 6, 7, 8, 9]}, {"responses": [{"player_id": 0, "response": 0}, {"player_id": 1, "response": 0}, {"player_id": 2, "response": 0}, {"player_id": 3, "response": 0}, {"player_id": 4, "response": 0}, {"player_id": 5, "response": 0}, {"player_id": 6, "response": 0}, {"player_id": 7, "response": 0}, {"player_id": 8, "response": 0}, {"player_id": 9, "response": 1}], "mean": 0.1, "mean_ratio": 0.06666666666666667, "winner": 0, "winner_num": 9, "winner_player_id": [0, 1, 2, 3, 4, 5, 6, 7, 8]}, {"responses": [{"player_id": 0, "response": 0}, {"player_id": 1, "response": 1}, {"player_id": 2, "response": 0}, {"player_id": 3, "response": 0}, {"player_id": 4, "response": 0}, {"player_id": 5, "response": 0}, {"player_id": 6, "response": 0}, {"player_id": 7, "response": 0}, {"player_id": 8, "response": 0}, {"player_id": 9, "response": 1}], "mean": 0.2, "mean_ratio": 0.13333333333333333, "winner": 0, "winner_num": 8, "winner_player_id": [0, 2, 3, 4, 5, 6, 7, 8]}, {"responses": [{"player_id": 0, "response": 0}, {"player_id": 1, "response": 0}, {"player_id": 2, "response": 0}, {"player_id": 3, "response": 0}, {"player_id": 4, "response": 0}, {"player_id": 5, "response": 0}, {"player_id": 6, "response": 0}, {"player_id": 7, "response": 0}, {"player_id": 8, "response": 0}, {"player_id": 9, "response": 1}], "mean": 0.1, "mean_ratio": 0.06666666666666667, "winner": 0, "winner_num": 9, "winner_player_id": [0, 1, 2, 3, 4, 5, 6, 7, 8]}]}