{"meta": {"name_exp": "guessing_game", "player_num": 10, "min": 0, "max": 100, "ratio": 0.6666666666666666, "ratio_str": "2/3", "version": "v1", "run": 1, "lang_agent": "<xoEciVX>", "round": 20}, "round_records": [{"responses": [{"player_id": 0, "response": 42}, {"player_id": 1, "response": 36}, {"player_id": 2, "response": 44}, {"player_id": 3, "response": 33}, {"player_id": 4, "response": 44}, {"player_id": 5, "response": 44}, {"player_id": 6, "response": 33}, {"player_id": 7, "response": 67}, {"player_id": 8, "response": 44}, {"player_id": 9, "response": 44}], "mean": 43.1, "mean_ratio": 28.733333333333334, "winner": 33, "winner_num": 2, "winner_player_id": [3, 6]}, {"responses": [{"player_id": 0, "response": 28}, {"player_id": 1, "response": 29}, {"player_id": 2, "response": 50}, {"player_id": 3, "response": 30}, {"player_id": 4, "response": 50}, {"player_id": 5, "response": 35}, {"player_id": 6, "response": 29}, {"player_id": 7, "response": 30}, {"player_id": 8, "response": 30}, {"player_id": 9, "response": 45}], "mean": 35.6, "mean_ratio": 23.733333333333334, "winner": 28, "winner_num": 1, "winner_player_id": [0]}, {"responses": [{"player_id": 0, "response": 25}, {"player_id": 1, "response": 24}, {"player_id": 2, "response": 24}, {"player_id": 3, "response": 25}, {"player_id": 4, "response": 20}, {"player_id": 5, "response": 25}, {"player_id": 6, "response": 23}, {"player_id": 7, "response": 25}, {"player_id": 8, "response": 23}, {"player_id": 9, "response": 24}], "mean": 23.8, "mean_ratio": 15.866666666666667, "winner": 20, "winner_num": 1, "winner_player_id": [4]}, {"responses": [{"player_id": 0, "response": 18}, {"player_id": 1, "response": 17}, {"player_id": 2, "response": 22}, {"player_id": 3, "response": 17}, {"player_id": 4, "response": 17}, {"player_id": 5, "response": 18}, {"player_id": 6, "response": 15}, {"player_id": 7, "response": 17}, {"player_id": 8, "response": 18}, {"player_id": 9, "response": 25}], "mean": 18.4, "mean_ratio": 12.266666666666666, "winner": 15, "winner_num": 1, "winner_player_id": [6]}, {"responses": [{"player_id": 0, "response": 12}, {"player_id": 1, "response": 12}, {"player_id": 2, "response": 14}, {"player_id": 3, "response": 14}, {"player_id": 4, "response": 16}, {"player_id": 5, "response": 12}, {"player_id": 6, "response": 13}, {"player_id": 7, "response": 13}, {"player_id": 8, "response": 14}, {"player_id": 9, "response": 16}], "mean": 13.6, "mean_ratio": 9.066666666666666, "winner": 12, "winner_num": 3, "winner_player_id": [0, 1, 5]}, {"responses": [{"player_id": 0, "response": 10}, {"player_id": 1, "response": 10}, {"player_id": 2, "response": 10}, {"player_id": 3, "response": 10}, {"player_id": 4, "response": 10}, {"player_id": 5, "response": 10}, {"player_id": 6, "response": 10}, {"player_id": 7, "response": 10}, {"player_id": 8, "response": 10}, {"player_id": 9, "response": 10}], "mean": 10, "mean_ratio": 6.666666666666666, "winner": 10, "winner_num": 10, "winner_player_id": [0, 1, 2, 3, 4, 5, 6, 7, 8, 9]}, {"responses": [{"player_id": 0, "response": 8}, {"player_id": 1, "response": 7}, {"player_id": 2, "response": 7}, {"player_id": 3, "response": 6}, {"player_id": 4, "response": 10}, {"player_id": 5, "response": 8}, {"player_id": 6, "response": 7}, {"player_id": 7, "response": 8}, {"player_id": 8, "response": 7}, {"player_id": 9, "response": 7}], "mean": 7.5, "mean_ratio": 5.0, "winner": 6, "winner_num": 1, "winner_player_id": [3]}, {"responses": [{"player_id": 0, "response": 6}, {"player_id": 1, "response": 5}, {"player_id": 2, "response": 5}, {"player_id": 3, "response": 5}, {"player_id": 4, "response": 5}, {"player_id": 5, "response": 5}, {"player_id": 6, "response": 5}, {"player_id": 7, "response": 7}, {"player_id": 8, "response": 6}, {"player_id": 9, "response": 5}], "mean": 5.4, "mean_ratio": 3.6, "winner": 5, "winner_num": 7, "winner_player_id": [1, 2, 3, 4, 5, 6, 9]}, {"responses": [{"player_id": 0, "response": 4}, {"player_id": 1, "response": 4}, {"player_id": 2, "response": 4}, {"player_id": 3, "response": 4}, {"player_id": 4, "response": 5}, {"player_id": 5, "response": 4}, {"player_id": 6, "response": 4}, {"player_id": 7, "response": 4}, {"player_id": 8, "response": 4}, {"player_id": 9, "response": 4}], "mean": 4.1, "mean_ratio": 2.733333333333333, "winner": 4, "winner_num": 9, "winner_player_id": [0, 1, 2, 3, 5, 6, 7, 8, 9]}, {"responses": [{"player_id": 0, "response": 3}, {"player_id": 1, "response": 3}, {"player_id": 2, "response": 4}, {"player_id": 3, "response": 3}, {"player_id": 4, "response": 4}, {"player_id": 5, "response": 3}, {"player_id": 6, "response": 3}, {"player_id": 7, "response": 3}, {"player_id": 8, "response": 3}, {"player_id": 9, "response": 3}], "mean": 3.2, "mean_ratio": 2.1333333333333333, "winner": 3, "winner_num": 8, "winner_player_id": [0, 1, 3, 5, 6, 7, 8, 9]}, {"responses": [{"player_id": 0, "response": 2}, {"player_id": 1, "response": 2}, {"player_id": 2, "response": 4}, {"player_id": 3, "response": 3}, {"player_id": 4, "response": 2}, {"player_id": 5, "response": 2}, {"player_id": 6, "response": 3}, {"player_id": 7, "response": 3}, {"player_id": 8, "response": 2}, {"player_id": 9, "response": 2}], "mean": 2.5, "mean_ratio": 1.6666666666666665, "winner": 2, "winner_num": 6, "winner_player_id": [0, 1, 4, 5, 8, 9]}, {"responses": [{"player_id": 0, "response": 3}, {"player_id": 1, "response": 2}, {"player_id": 2, "response": 2}, {"player_id": 3, "response": 1}, {"player_id": 4, "response": 1}, {"player_id": 5, "response": 2}, {"player_id": 6, "response": 2}, {"player_id": 7, "response": 1}, {"player_id": 8, "response": 1}, {"player_id": 9, "response": 2}], "mean": 1.7, "mean_ratio": 1.1333333333333333, "winner": 1, "winner_num": 4, "winner_player_id": [3, 4, 7, 8]}, {"responses": [{"player_id": 0, "response": 2}, {"player_id": 1, "response": 1}, {"player_id": 2, "response": 1}, {"player_id": 3, "response": 1}, {"player_id": 4, "response": 1}, {"player_id": 5, "response": 1}, {"player_id": 6, "response": 2}, {"player_id": 7, "response": 1}, {"player_id": 8, "response": 0}, {"player_id": 9, "response": 1}], "mean": 1.1, "mean_ratio": 0.7333333333333334, "winner": 1, "winner_num": 7, "winner_player_id": [1, 2, 3, 4, 5, 7, 9]}, {"responses": [{"player_id": 0, "response": 1}, {"player_id": 1, "response": 1}, {"player_id": 2, "response": 1}, {"player_id": 3, "response": 0}, {"player_id": 4, "response": 1}, {"player_id": 5, "response": 0}, {"player_id": 6, "response": 1}, {"player_id": 7, "response": 0}, {"player_id": 8, "response": 1}, {"player_id": 9, "response": 1}], "mean": 0.7, "mean_ratio": 0.4666666666666666, "winner": 0, "winner_num": 3, "winner_player_id": [3, 5, 7]}, {"responses": [{"player_id": 0, "response": 1}, {"player_id": 1, "response": 0}, {"player_id": 2, "response": 0}, {"player_id": 3, "response": 0}, {"player_id": 4, "response": 0}, {"player_id": 5, "response": 0}, {"player_id": 6, "response": 1}, {"player_id": 7, "response": 0}, {"player_id": 8, "response": 0}, {"player_id": 9, "response": 0}], "mean": 0.2, "mean_ratio": 0.13333333333333333, "winner": 0, "winner_num": 8, "winner_player_id": [1, 2, 3, 4, 5, 7, 8, 9]}, {"responses": [{"player_id": 0, "response": 0}, {"player_id": 1, "response": 0}, {"player_id": 2, "response": 0}, {"player_id": 3, "response": 0}, {"player_id": 4, "response": 1}, {"player_id": 5, "response": 0}, {"player_id": 6, "response": 0}, {"player_id": 7, "response": 0}, {"player_id": 8, "response": 0}, {"player_id": 9, "response": 0}], "mean": 0.1, "mean_ratio": 0.06666666666666667, "winner": 0, "winner_num": 9, "winner_player_id": [0, 1, 2, 3, 5, 6, 7, 8, 9]}, {"responses": [{"player_id": 0, "response": 0}, {"player_id": 1, "response": 0}, {"player_id": 2, "response": 0}, {"player_id": 3, "response": 0}, {"player_id": 4, "response": 0}, {"player_id": 5, "response": 0}, {"player_id": 6, "response": 0}, {"player_id": 7, "response": 0}, {"player_id": 8, "response": 0}, {"player_id": 9, "response": 0}], "mean": 0, "mean_ratio": 0.0, "winner": 0, "winner_num": 10, "winner_player_id": [0, 1, 2, 3, 4, 5, 6, 7, 8, 9]}, {"responses": [{"player_id": 0, "response": 0}, {"player_id": 1, "response": 0}, {"player_id": 2, "response": 0}, {"player_id": 3, "response": 0}, {"player_id": 4, "response": 0}, {"player_id": 5, "response": 0}, {"player_id": 6, "response": 0}, {"player_id": 7, "response": 0}, {"player_id": 8, "response": 0}, {"player_id": 9, "response": 0}], "mean": 0, "mean_ratio": 0.0, "winner": 0, "winner_num": 10, "winner_player_id": [0, 1, 2, 3, 4, 5, 6, 7, 8, 9]}, {"responses": [{"player_id": 0, "response": 0}, {"player_id": 1, "response": 0}, {"player_id": 2, "response": 0}, {"player_id": 3, "response": 0}, {"player_id": 4, "response": 0}, {"player_id": 5, "response": 0}, {"player_id": 6, "response": 0}, {"player_id": 7, "response": 0}, {"player_id": 8, "response": 0}, {"player_id": 9, "response": 0}], "mean": 0, "mean_ratio": 0.0, "winner": 0, "winner_num": 10, "winner_player_id": [0, 1, 2, 3, 4, 5, 6, 7, 8, 9]}, {"responses": [{"player_id": 0, "response": 0}, {"player_id": 1, "response": 0}, {"player_id": 2, "response": 0}, {"player_id": 3, "response": 0}, {"player_id": 4, "response": 0}, {"player_id": 5, "response": 0}, {"player_id": 6, "response": 0}, {"player_id": 7, "response": 0}, {"player_id": 8, "response": 0}, {"player_id": 9, "response": 0}], "mean": 0, "mean_ratio": 0.0, "winner": 0, "winner_num": 10, "winner_player_id": [0, 1, 2, 3, 4, 5, 6, 7, 8, 9]}]}