{"meta": {"name_exp": "guessing_game", "player_num": 10, "min": 0, "max": 100, "ratio": 0.6666666666666666, "ratio_str": "2/3", "version": "v1", "run": 5, "lang_agent": "<Z3cCMo0>", "round": 20}, "round_records": [{"responses": [{"player_id": 0, "response": 50}, {"player_id": 1, "response": 50}, {"player_id": 2, "response": 50}, {"player_id": 3, "response": 50}, {"player_id": 4, "response": 50}, {"player_id": 5, "response": 50}, {"player_id": 6, "response": 50}, {"player_id": 7, "response": 50}, {"player_id": 8, "response": 50}, {"player_id": 9, "response": 50}], "mean": 50, "mean_ratio": 33.33333333333333, "winner": 50, "winner_num": 10, "winner_player_id": [0, 1, 2, 3, 4, 5, 6, 7, 8, 9]}, {"responses": [{"player_id": 0, "response": 40}, {"player_id": 1, "response": 55}, {"player_id": 2, "response": 55}, {"player_id": 3, "response": 60}, {"player_id": 4, "response": 55}, {"player_id": 5, "response": 55}, {"player_id": 6, "response": 55}, {"player_id": 7, "response": 55}, {"player_id": 8, "response": 40}, {"player_id": 9, "response": 55}], "mean": 52.5, "mean_ratio": 35.0, "winner": 40, "winner_num": 2, "winner_player_id": [0, 8]}, {"responses": [{"player_id": 0, "response": 55}, {"player_id": 1, "response": 45}, {"player_id": 2, "response": 45}, {"player_id": 3, "response": 45}, {"player_id": 4, "response": 48}, {"player_id": 5, "response": 62}, {"player_id": 6, "response": 60}, {"player_id": 7, "response": 48}, {"player_id": 8, "response": 55}, {"player_id": 9, "response": 48}], "mean": 51.1, "mean_ratio": 34.06666666666666, "winner": 45, "winner_num": 3, "winner_player_id": [1, 2, 3]}, {"responses": [{"player_id": 0, "response": 48}, {"player_id": 1, "response": 42}, {"player_id": 2, "response": 49}, {"player_id": 3, "response": 40}, {"player_id": 4, "response": 42}, {"player_id": 5, "response": 40}, {"player_id": 6, "response": 40}, {"player_id": 7, "response": 40}, {"player_id": 8, "response": 42}, {"player_id": 9, "response": 53}], "mean": 43.6, "mean_ratio": 29.066666666666666, "winner": 40, "winner_num": 4, "winner_player_id": [3, 5, 6, 7]}, {"responses": [{"player_id": 0, "response": 38}, {"player_id": 1, "response": 38}, {"player_id": 2, "response": 42}, {"player_id": 3, "response": 55}, {"player_id": 4, "response": 38}, {"player_id": 5, "response": 45}, {"player_id": 6, "response": 45}, {"player_id": 7, "response": 38}, {"player_id": 8, "response": 38}, {"player_id": 9, "response": 37}], "mean": 41.4, "mean_ratio": 27.599999999999998, "winner": 37, "winner_num": 1, "winner_player_id": [9]}, {"responses": [{"player_id": 0, "response": 42}, {"player_id": 1, "response": 33}, {"player_id": 2, "response": 38}, {"player_id": 3, "response": 35}, {"player_id": 4, "response": 40}, {"player_id": 5, "response": 38}, {"player_id": 6, "response": 35}, {"player_id": 7, "response": 42}, {"player_id": 8, "response": 45}, {"player_id": 9, "response": 45}], "mean": 39.3, "mean_ratio": 26.199999999999996, "winner": 33, "winner_num": 1, "winner_player_id": [1]}, {"responses": [{"player_id": 0, "response": 34}, {"player_id": 1, "response": 35}, {"player_id": 2, "response": 30}, {"player_id": 3, "response": 30}, {"player_id": 4, "response": 35}, {"player_id": 5, "response": 33}, {"player_id": 6, "response": 33}, {"player_id": 7, "response": 35}, {"player_id": 8, "response": 28}, {"player_id": 9, "response": 31}], "mean": 32.4, "mean_ratio": 21.599999999999998, "winner": 28, "winner_num": 1, "winner_player_id": [8]}, {"responses": [{"player_id": 0, "response": 30}, {"player_id": 1, "response": 30}, {"player_id": 2, "response": 35}, {"player_id": 3, "response": 28}, {"player_id": 4, "response": 30}, {"player_id": 5, "response": 30}, {"player_id": 6, "response": 30}, {"player_id": 7, "response": 30}, {"player_id": 8, "response": 32}, {"player_id": 9, "response": 38}], "mean": 31.3, "mean_ratio": 20.866666666666667, "winner": 28, "winner_num": 1, "winner_player_id": [3]}, {"responses": [{"player_id": 0, "response": 25}, {"player_id": 1, "response": 25}, {"player_id": 2, "response": 30}, {"player_id": 3, "response": 25}, {"player_id": 4, "response": 25}, {"player_id": 5, "response": 33}, {"player_id": 6, "response": 25}, {"player_id": 7, "response": 29}, {"player_id": 8, "response": 27}, {"player_id": 9, "response": 33}], "mean": 27.7, "mean_ratio": 18.466666666666665, "winner": 25, "winner_num": 5, "winner_player_id": [0, 1, 3, 4, 6]}, {"responses": [{"player_id": 0, "response": 28}, {"player_id": 1, "response": 29}, {"player_id": 2, "response": 28}, {"player_id": 3, "response": 30}, {"player_id": 4, "response": 26}, {"player_id": 5, "response": 26}, {"player_id": 6, "response": 30}, {"player_id": 7, "response": 26}, {"player_id": 8, "response": 29}, {"player_id": 9, "response": 28}], "mean": 28, "mean_ratio": 18.666666666666664, "winner": 26, "winner_num": 3, "winner_player_id": [4, 5, 7]}, {"responses": [{"player_id": 0, "response": 29}, {"player_id": 1, "response": 30}, {"player_id": 2, "response": 33}, {"player_id": 3, "response": 24}, {"player_id": 4, "response": 29}, {"player_id": 5, "response": 30}, {"player_id": 6, "response": 28}, {"player_id": 7, "response": 29}, {"player_id": 8, "response": 26}, {"player_id": 9, "response": 30}], "mean": 28.8, "mean_ratio": 19.2, "winner": 24, "winner_num": 1, "winner_player_id": [3]}, {"responses": [{"player_id": 0, "response": 29}, {"player_id": 1, "response": 24}, {"player_id": 2, "response": 25}, {"player_id": 3, "response": 22}, {"player_id": 4, "response": 30}, {"player_id": 5, "response": 24}, {"player_id": 6, "response": 35}, {"player_id": 7, "response": 30}, {"player_id": 8, "response": 30}, {"player_id": 9, "response": 23}], "mean": 27.2, "mean_ratio": 18.133333333333333, "winner": 22, "winner_num": 1, "winner_player_id": [3]}, {"responses": [{"player_id": 0, "response": 24}, {"player_id": 1, "response": 22}, {"player_id": 2, "response": 28}, {"player_id": 3, "response": 26}, {"player_id": 4, "response": 25}, {"player_id": 5, "response": 29}, {"player_id": 6, "response": 25}, {"player_id": 7, "response": 25}, {"player_id": 8, "response": 25}, {"player_id": 9, "response": 20}], "mean": 24.9, "mean_ratio": 16.599999999999998, "winner": 20, "winner_num": 1, "winner_player_id": [9]}, {"responses": [{"player_id": 0, "response": 23}, {"player_id": 1, "response": 21}, {"player_id": 2, "response": 23}, {"player_id": 3, "response": 23}, {"player_id": 4, "response": 22}, {"player_id": 5, "response": 21}, {"player_id": 6, "response": 23}, {"player_id": 7, "response": 22}, {"player_id": 8, "response": 20}, {"player_id": 9, "response": 25}], "mean": 22.3, "mean_ratio": 14.866666666666667, "winner": 20, "winner_num": 1, "winner_player_id": [8]}, {"responses": [{"player_id": 0, "response": 22}, {"player_id": 1, "response": 24}, {"player_id": 2, "response": 22}, {"player_id": 3, "response": 21}, {"player_id": 4, "response": 20}, {"player_id": 5, "response": 25}, {"player_id": 6, "response": 22}, {"player_id": 7, "response": 24}, {"player_id": 8, "response": 22}, {"player_id": 9, "response": 22}], "mean": 22.4, "mean_ratio": 14.933333333333332, "winner": 20, "winner_num": 1, "winner_player_id": [4]}, {"responses": [{"player_id": 0, "response": 30}, {"player_id": 1, "response": 22}, {"player_id": 2, "response": 20}, {"player_id": 3, "response": 26}, {"player_id": 4, "response": 30}, {"player_id": 5, "response": 22}, {"player_id": 6, "response": 24}, {"player_id": 7, "response": 28}, {"player_id": 8, "response": 28}, {"player_id": 9, "response": 28}], "mean": 25.8, "mean_ratio": 17.2, "winner": 20, "winner_num": 1, "winner_player_id": [2]}, {"responses": [{"player_id": 0, "response": 25}, {"player_id": 1, "response": 23}, {"player_id": 2, "response": 25}, {"player_id": 3, "response": 24}, {"player_id": 4, "response": 25}, {"player_id": 5, "response": 28}, {"player_id": 6, "response": 21}, {"player_id": 7, "response": 24}, {"player_id": 8, "response": 21}, {"player_id": 9, "response": 23}], "mean": 23.9, "mean_ratio": 15.933333333333332, "winner": 21, "winner_num": 2, "winner_player_id": [6, 8]}, {"responses": [{"player_id": 0, "response": 24}, {"player_id": 1, "response": 24}, {"player_id": 2, "response": 22}, {"player_id": 3, "response": 20}, {"player_id": 4, "response": 28}, {"player_id": 5, "response": 24}, {"player_id": 6, "response": 28}, {"player_id": 7, "response": 26}, {"player_id": 8, "response": 24}, {"player_id": 9, "response": 25}], "mean": 24.5, "mean_ratio": 16.333333333333332, "winner": 20, "winner_num": 1, "winner_player_id": [3]}, {"responses": [{"player_id": 0, "response": 20}, {"player_id": 1, "response": 20}, {"player_id": 2, "response": 22}, {"player_id": 3, "response": 25}, {"player_id": 4, "response": 23}, {"player_id": 5, "response": 29}, {"player_id": 6, "response": 23}, {"player_id": 7, "response": 24}, {"player_id": 8, "response": 33}, {"player_id": 9, "response": 22}], "mean": 24.1, "mean_ratio": 16.066666666666666, "winner": 20, "winner_num": 2, "winner_player_id": [0, 1]}, {"responses": [{"player_id": 0, "response": 20}, {"player_id": 1, "response": 22}, {"player_id": 2, "response": 30}, {"player_id": 3, "response": 27}, {"player_id": 4, "response": 24}, {"player_id": 5, "response": 22}, {"player_id": 6, "response": 22}, {"player_id": 7, "response": 20}, {"player_id": 8, "response": 20}, {"player_id": 9, "response": 24}], "mean": 23.1, "mean_ratio": 15.4, "winner": 20, "winner_num": 3, "winner_player_id": [0, 7, 8]}]}