{"meta": {"name_exp": "guessing_game", "player_num": 10, "min": 0, "max": 100, "ratio": 0.6666666666666666, "ratio_str": "2/3", "version": "v1", "run": 2, "lang_agent": "<Z3cCMo0>", "round": 20}, "round_records": [{"responses": [{"player_id": 0, "response": 50}, {"player_id": 1, "response": 50}, {"player_id": 2, "response": 50}, {"player_id": 3, "response": 50}, {"player_id": 4, "response": 50}, {"player_id": 5, "response": 50}, {"player_id": 6, "response": 50}, {"player_id": 7, "response": 50}, {"player_id": 8, "response": 50}, {"player_id": 9, "response": 50}], "mean": 50, "mean_ratio": 33.33333333333333, "winner": 50, "winner_num": 10, "winner_player_id": [0, 1, 2, 3, 4, 5, 6, 7, 8, 9]}, {"responses": [{"player_id": 0, "response": 55}, {"player_id": 1, "response": 40}, {"player_id": 2, "response": 40}, {"player_id": 3, "response": 40}, {"player_id": 4, "response": 55}, {"player_id": 5, "response": 45}, {"player_id": 6, "response": 40}, {"player_id": 7, "response": 55}, {"player_id": 8, "response": 55}, {"player_id": 9, "response": 60}], "mean": 48.5, "mean_ratio": 32.33333333333333, "winner": 40, "winner_num": 4, "winner_player_id": [1, 2, 3, 6]}, {"responses": [{"player_id": 0, "response": 60}, {"player_id": 1, "response": 45}, {"player_id": 2, "response": 55}, {"player_id": 3, "response": 55}, {"player_id": 4, "response": 45}, {"player_id": 5, "response": 42}, {"player_id": 6, "response": 55}, {"player_id": 7, "response": 60}, {"player_id": 8, "response": 45}, {"player_id": 9, "response": 45}], "mean": 50.7, "mean_ratio": 33.8, "winner": 42, "winner_num": 1, "winner_player_id": [5]}, {"responses": [{"player_id": 0, "response": 45}, {"player_id": 1, "response": 38}, {"player_id": 2, "response": 45}, {"player_id": 3, "response": 45}, {"player_id": 4, "response": 38}, {"player_id": 5, "response": 40}, {"player_id": 6, "response": 45}, {"player_id": 7, "response": 45}, {"player_id": 8, "response": 38}, {"player_id": 9, "response": 35}], "mean": 41.4, "mean_ratio": 27.599999999999998, "winner": 35, "winner_num": 1, "winner_player_id": [9]}, {"responses": [{"player_id": 0, "response": 55}, {"player_id": 1, "response": 33}, {"player_id": 2, "response": 30}, {"player_id": 3, "response": 36}, {"player_id": 4, "response": 30}, {"player_id": 5, "response": 38}, {"player_id": 6, "response": 38}, {"player_id": 7, "response": 40}, {"player_id": 8, "response": 33}, {"player_id": 9, "response": 55}], "mean": 38.8, "mean_ratio": 25.866666666666664, "winner": 30, "winner_num": 2, "winner_player_id": [2, 4]}, {"responses": [{"player_id": 0, "response": 40}, {"player_id": 1, "response": 28}, {"player_id": 2, "response": 40}, {"player_id": 3, "response": 32}, {"player_id": 4, "response": 33}, {"player_id": 5, "response": 36}, {"player_id": 6, "response": 33}, {"player_id": 7, "response": 32}, {"player_id": 8, "response": 28}, {"player_id": 9, "response": 40}], "mean": 34.2, "mean_ratio": 22.8, "winner": 28, "winner_num": 2, "winner_player_id": [1, 8]}, {"responses": [{"player_id": 0, "response": 32}, {"player_id": 1, "response": 26}, {"player_id": 2, "response": 32}, {"player_id": 3, "response": 25}, {"player_id": 4, "response": 31}, {"player_id": 5, "response": 32}, {"player_id": 6, "response": 29}, {"player_id": 7, "response": 30}, {"player_id": 8, "response": 30}, {"player_id": 9, "response": 32}], "mean": 29.9, "mean_ratio": 19.93333333333333, "winner": 25, "winner_num": 1, "winner_player_id": [3]}, {"responses": [{"player_id": 0, "response": 30}, {"player_id": 1, "response": 24}, {"player_id": 2, "response": 28}, {"player_id": 3, "response": 30}, {"player_id": 4, "response": 29}, {"player_id": 5, "response": 28}, {"player_id": 6, "response": 27}, {"player_id": 7, "response": 33}, {"player_id": 8, "response": 29}, {"player_id": 9, "response": 28}], "mean": 28.6, "mean_ratio": 19.066666666666666, "winner": 24, "winner_num": 1, "winner_player_id": [1]}, {"responses": [{"player_id": 0, "response": 28}, {"player_id": 1, "response": 27}, {"player_id": 2, "response": 25}, {"player_id": 3, "response": 29}, {"player_id": 4, "response": 27}, {"player_id": 5, "response": 32}, {"player_id": 6, "response": 29}, {"player_id": 7, "response": 28}, {"player_id": 8, "response": 23}, {"player_id": 9, "response": 25}], "mean": 27.3, "mean_ratio": 18.2, "winner": 23, "winner_num": 1, "winner_player_id": [8]}, {"responses": [{"player_id": 0, "response": 30}, {"player_id": 1, "response": 23}, {"player_id": 2, "response": 30}, {"player_id": 3, "response": 22}, {"player_id": 4, "response": 24}, {"player_id": 5, "response": 25}, {"player_id": 6, "response": 23}, {"player_id": 7, "response": 25}, {"player_id": 8, "response": 25}, {"player_id": 9, "response": 30}], "mean": 25.7, "mean_ratio": 17.133333333333333, "winner": 22, "winner_num": 1, "winner_player_id": [3]}, {"responses": [{"player_id": 0, "response": 25}, {"player_id": 1, "response": 22}, {"player_id": 2, "response": 25}, {"player_id": 3, "response": 25}, {"player_id": 4, "response": 28}, {"player_id": 5, "response": 30}, {"player_id": 6, "response": 33}, {"player_id": 7, "response": 30}, {"player_id": 8, "response": 23}, {"player_id": 9, "response": 22}], "mean": 26.3, "mean_ratio": 17.53333333333333, "winner": 22, "winner_num": 2, "winner_player_id": [1, 9]}, {"responses": [{"player_id": 0, "response": 28}, {"player_id": 1, "response": 28}, {"player_id": 2, "response": 22}, {"player_id": 3, "response": 20}, {"player_id": 4, "response": 23}, {"player_id": 5, "response": 26}, {"player_id": 6, "response": 28}, {"player_id": 7, "response": 28}, {"player_id": 8, "response": 28}, {"player_id": 9, "response": 27}], "mean": 25.8, "mean_ratio": 17.2, "winner": 20, "winner_num": 1, "winner_player_id": [3]}, {"responses": [{"player_id": 0, "response": 23}, {"player_id": 1, "response": 20}, {"player_id": 2, "response": 24}, {"player_id": 3, "response": 27}, {"player_id": 4, "response": 28}, {"player_id": 5, "response": 23}, {"player_id": 6, "response": 25}, {"player_id": 7, "response": 21}, {"player_id": 8, "response": 21}, {"player_id": 9, "response": 24}], "mean": 23.6, "mean_ratio": 15.733333333333334, "winner": 20, "winner_num": 1, "winner_player_id": [1]}, {"responses": [{"player_id": 0, "response": 24}, {"player_id": 1, "response": 25}, {"player_id": 2, "response": 20}, {"player_id": 3, "response": 24}, {"player_id": 4, "response": 26}, {"player_id": 5, "response": 28}, {"player_id": 6, "response": 24}, {"player_id": 7, "response": 24}, {"player_id": 8, "response": 23}, {"player_id": 9, "response": 21}], "mean": 23.9, "mean_ratio": 15.933333333333332, "winner": 20, "winner_num": 1, "winner_player_id": [2]}, {"responses": [{"player_id": 0, "response": 30}, {"player_id": 1, "response": 21}, {"player_id": 2, "response": 28}, {"player_id": 3, "response": 21}, {"player_id": 4, "response": 21}, {"player_id": 5, "response": 24}, {"player_id": 6, "response": 22}, {"player_id": 7, "response": 23}, {"player_id": 8, "response": 28}, {"player_id": 9, "response": 22}], "mean": 24, "mean_ratio": 16.0, "winner": 21, "winner_num": 3, "winner_player_id": [1, 3, 4]}, {"responses": [{"player_id": 0, "response": 22}, {"player_id": 1, "response": 24}, {"player_id": 2, "response": 25}, {"player_id": 3, "response": 25}, {"player_id": 4, "response": 25}, {"player_id": 5, "response": 33}, {"player_id": 6, "response": 29}, {"player_id": 7, "response": 28}, {"player_id": 8, "response": 24}, {"player_id": 9, "response": 25}], "mean": 26, "mean_ratio": 17.333333333333332, "winner": 22, "winner_num": 1, "winner_player_id": [0]}, {"responses": [{"player_id": 0, "response": 26}, {"player_id": 1, "response": 30}, {"player_id": 2, "response": 23}, {"player_id": 3, "response": 23}, {"player_id": 4, "response": 30}, {"player_id": 5, "response": 25}, {"player_id": 6, "response": 25}, {"player_id": 7, "response": 25}, {"player_id": 8, "response": 22}, {"player_id": 9, "response": 28}], "mean": 25.7, "mean_ratio": 17.133333333333333, "winner": 22, "winner_num": 1, "winner_player_id": [8]}, {"responses": [{"player_id": 0, "response": 25}, {"player_id": 1, "response": 22}, {"player_id": 2, "response": 23}, {"player_id": 3, "response": 30}, {"player_id": 4, "response": 22}, {"player_id": 5, "response": 22}, {"player_id": 6, "response": 24}, {"player_id": 7, "response": 20}, {"player_id": 8, "response": 25}, {"player_id": 9, "response": 30}], "mean": 24.3, "mean_ratio": 16.2, "winner": 20, "winner_num": 1, "winner_player_id": [7]}, {"responses": [{"player_id": 0, "response": 24}, {"player_id": 1, "response": 30}, {"player_id": 2, "response": 25}, {"player_id": 3, "response": 20}, {"player_id": 4, "response": 27}, {"player_id": 5, "response": 27}, {"player_id": 6, "response": 29}, {"player_id": 7, "response": 24}, {"player_id": 8, "response": 23}, {"player_id": 9, "response": 24}], "mean": 25.3, "mean_ratio": 16.866666666666667, "winner": 20, "winner_num": 1, "winner_player_id": [3]}, {"responses": [{"player_id": 0, "response": 25}, {"player_id": 1, "response": 26}, {"player_id": 2, "response": 27}, {"player_id": 3, "response": 24}, {"player_id": 4, "response": 24}, {"player_id": 5, "response": 25}, {"player_id": 6, "response": 30}, {"player_id": 7, "response": 22}, {"player_id": 8, "response": 20}, {"player_id": 9, "response": 25}], "mean": 24.8, "mean_ratio": 16.53333333333333, "winner": 20, "winner_num": 1, "winner_player_id": [8]}]}