{"meta": {"name_exp": "guessing_game", "player_num": 10, "min": 0, "max": 100, "ratio": 0.6666666666666666, "ratio_str": "2/3", "version": "v1", "run": 3, "lang_agent": "<Z3cCMo0>", "round": 20}, "round_records": [{"responses": [{"player_id": 0, "response": 50}, {"player_id": 1, "response": 50}, {"player_id": 2, "response": 50}, {"player_id": 3, "response": 50}, {"player_id": 4, "response": 50}, {"player_id": 5, "response": 50}, {"player_id": 6, "response": 50}, {"player_id": 7, "response": 50}, {"player_id": 8, "response": 50}, {"player_id": 9, "response": 50}], "mean": 50, "mean_ratio": 33.33333333333333, "winner": 50, "winner_num": 10, "winner_player_id": [0, 1, 2, 3, 4, 5, 6, 7, 8, 9]}, {"responses": [{"player_id": 0, "response": 40}, {"player_id": 1, "response": 55}, {"player_id": 2, "response": 60}, {"player_id": 3, "response": 40}, {"player_id": 4, "response": 40}, {"player_id": 5, "response": 55}, {"player_id": 6, "response": 55}, {"player_id": 7, "response": 40}, {"player_id": 8, "response": 40}, {"player_id": 9, "response": 45}], "mean": 47, "mean_ratio": 31.333333333333332, "winner": 40, "winner_num": 5, "winner_player_id": [0, 3, 4, 7, 8]}, {"responses": [{"player_id": 0, "response": 45}, {"player_id": 1, "response": 45}, {"player_id": 2, "response": 45}, {"player_id": 3, "response": 55}, {"player_id": 4, "response": 55}, {"player_id": 5, "response": 60}, {"player_id": 6, "response": 42}, {"player_id": 7, "response": 55}, {"player_id": 8, "response": 45}, {"player_id": 9, "response": 55}], "mean": 50.2, "mean_ratio": 33.46666666666667, "winner": 42, "winner_num": 1, "winner_player_id": [6]}, {"responses": [{"player_id": 0, "response": 38}, {"player_id": 1, "response": 38}, {"player_id": 2, "response": 38}, {"player_id": 3, "response": 45}, {"player_id": 4, "response": 36}, {"player_id": 5, "response": 65}, {"player_id": 6, "response": 38}, {"player_id": 7, "response": 45}, {"player_id": 8, "response": 42}, {"player_id": 9, "response": 40}], "mean": 42.5, "mean_ratio": 28.333333333333332, "winner": 36, "winner_num": 1, "winner_player_id": [4]}, {"responses": [{"player_id": 0, "response": 33}, {"player_id": 1, "response": 32}, {"player_id": 2, "response": 33}, {"player_id": 3, "response": 36}, {"player_id": 4, "response": 34}, {"player_id": 5, "response": 40}, {"player_id": 6, "response": 33}, {"player_id": 7, "response": 38}, {"player_id": 8, "response": 38}, {"player_id": 9, "response": 34}], "mean": 35.1, "mean_ratio": 23.4, "winner": 32, "winner_num": 1, "winner_player_id": [1]}, {"responses": [{"player_id": 0, "response": 30}, {"player_id": 1, "response": 37}, {"player_id": 2, "response": 40}, {"player_id": 3, "response": 40}, {"player_id": 4, "response": 30}, {"player_id": 5, "response": 45}, {"player_id": 6, "response": 40}, {"player_id": 7, "response": 32}, {"player_id": 8, "response": 33}, {"player_id": 9, "response": 30}], "mean": 35.7, "mean_ratio": 23.8, "winner": 30, "winner_num": 3, "winner_player_id": [0, 4, 9]}, {"responses": [{"player_id": 0, "response": 28}, {"player_id": 1, "response": 33}, {"player_id": 2, "response": 28}, {"player_id": 3, "response": 55}, {"player_id": 4, "response": 28}, {"player_id": 5, "response": 25}, {"player_id": 6, "response": 28}, {"player_id": 7, "response": 33}, {"player_id": 8, "response": 28}, {"player_id": 9, "response": 28}], "mean": 31.4, "mean_ratio": 20.93333333333333, "winner": 25, "winner_num": 1, "winner_player_id": [5]}, {"responses": [{"player_id": 0, "response": 22}, {"player_id": 1, "response": 26}, {"player_id": 2, "response": 24}, {"player_id": 3, "response": 30}, {"player_id": 4, "response": 25}, {"player_id": 5, "response": 30}, {"player_id": 6, "response": 25}, {"player_id": 7, "response": 27}, {"player_id": 8, "response": 29}, {"player_id": 9, "response": 27}], "mean": 26.5, "mean_ratio": 17.666666666666664, "winner": 22, "winner_num": 1, "winner_player_id": [0]}, {"responses": [{"player_id": 0, "response": 25}, {"player_id": 1, "response": 24}, {"player_id": 2, "response": 23}, {"player_id": 3, "response": 20}, {"player_id": 4, "response": 20}, {"player_id": 5, "response": 28}, {"player_id": 6, "response": 23}, {"player_id": 7, "response": 29}, {"player_id": 8, "response": 24}, {"player_id": 9, "response": 23}], "mean": 23.9, "mean_ratio": 15.933333333333332, "winner": 20, "winner_num": 2, "winner_player_id": [3, 4]}, {"responses": [{"player_id": 0, "response": 20}, {"player_id": 1, "response": 30}, {"player_id": 2, "response": 30}, {"player_id": 3, "response": 25}, {"player_id": 4, "response": 22}, {"player_id": 5, "response": 24}, {"player_id": 6, "response": 29}, {"player_id": 7, "response": 26}, {"player_id": 8, "response": 27}, {"player_id": 9, "response": 24}], "mean": 25.7, "mean_ratio": 17.133333333333333, "winner": 20, "winner_num": 1, "winner_player_id": [0]}, {"responses": [{"player_id": 0, "response": 30}, {"player_id": 1, "response": 28}, {"player_id": 2, "response": 25}, {"player_id": 3, "response": 30}, {"player_id": 4, "response": 24}, {"player_id": 5, "response": 28}, {"player_id": 6, "response": 30}, {"player_id": 7, "response": 33}, {"player_id": 8, "response": 40}, {"player_id": 9, "response": 28}], "mean": 29.6, "mean_ratio": 19.733333333333334, "winner": 24, "winner_num": 1, "winner_player_id": [4]}, {"responses": [{"player_id": 0, "response": 25}, {"player_id": 1, "response": 26}, {"player_id": 2, "response": 33}, {"player_id": 3, "response": 27}, {"player_id": 4, "response": 30}, {"player_id": 5, "response": 30}, {"player_id": 6, "response": 28}, {"player_id": 7, "response": 28}, {"player_id": 8, "response": 33}, {"player_id": 9, "response": 23}], "mean": 28.3, "mean_ratio": 18.866666666666667, "winner": 23, "winner_num": 1, "winner_player_id": [9]}, {"responses": [{"player_id": 0, "response": 33}, {"player_id": 1, "response": 30}, {"player_id": 2, "response": 27}, {"player_id": 3, "response": 25}, {"player_id": 4, "response": 25}, {"player_id": 5, "response": 22}, {"player_id": 6, "response": 26}, {"player_id": 7, "response": 26}, {"player_id": 8, "response": 25}, {"player_id": 9, "response": 25}], "mean": 26.4, "mean_ratio": 17.599999999999998, "winner": 22, "winner_num": 1, "winner_player_id": [5]}, {"responses": [{"player_id": 0, "response": 22}, {"player_id": 1, "response": 25}, {"player_id": 2, "response": 25}, {"player_id": 3, "response": 28}, {"player_id": 4, "response": 23}, {"player_id": 5, "response": 28}, {"player_id": 6, "response": 24}, {"player_id": 7, "response": 30}, {"player_id": 8, "response": 30}, {"player_id": 9, "response": 27}], "mean": 26.2, "mean_ratio": 17.466666666666665, "winner": 22, "winner_num": 1, "winner_player_id": [0]}, {"responses": [{"player_id": 0, "response": 28}, {"player_id": 1, "response": 28}, {"player_id": 2, "response": 20}, {"player_id": 3, "response": 30}, {"player_id": 4, "response": 28}, {"player_id": 5, "response": 27}, {"player_id": 6, "response": 25}, {"player_id": 7, "response": 28}, {"player_id": 8, "response": 22}, {"player_id": 9, "response": 26}], "mean": 26.2, "mean_ratio": 17.466666666666665, "winner": 20, "winner_num": 1, "winner_player_id": [2]}, {"responses": [{"player_id": 0, "response": 24}, {"player_id": 1, "response": 24}, {"player_id": 2, "response": 28}, {"player_id": 3, "response": 25}, {"player_id": 4, "response": 26}, {"player_id": 5, "response": 29}, {"player_id": 6, "response": 28}, {"player_id": 7, "response": 30}, {"player_id": 8, "response": 25}, {"player_id": 9, "response": 24}], "mean": 26.3, "mean_ratio": 17.53333333333333, "winner": 24, "winner_num": 3, "winner_player_id": [0, 1, 9]}, {"responses": [{"player_id": 0, "response": 28}, {"player_id": 1, "response": 27}, {"player_id": 2, "response": 30}, {"player_id": 3, "response": 30}, {"player_id": 4, "response": 22}, {"player_id": 5, "response": 25}, {"player_id": 6, "response": 26}, {"player_id": 7, "response": 25}, {"player_id": 8, "response": 28}, {"player_id": 9, "response": 29}], "mean": 27, "mean_ratio": 18.0, "winner": 22, "winner_num": 1, "winner_player_id": [4]}, {"responses": [{"player_id": 0, "response": 25}, {"player_id": 1, "response": 25}, {"player_id": 2, "response": 25}, {"player_id": 3, "response": 22}, {"player_id": 4, "response": 24}, {"player_id": 5, "response": 28}, {"player_id": 6, "response": 24}, {"player_id": 7, "response": 27}, {"player_id": 8, "response": 23}, {"player_id": 9, "response": 25}], "mean": 24.8, "mean_ratio": 16.53333333333333, "winner": 22, "winner_num": 1, "winner_player_id": [3]}, {"responses": [{"player_id": 0, "response": 23}, {"player_id": 1, "response": 24}, {"player_id": 2, "response": 24}, {"player_id": 3, "response": 24}, {"player_id": 4, "response": 28}, {"player_id": 5, "response": 25}, {"player_id": 6, "response": 30}, {"player_id": 7, "response": 25}, {"player_id": 8, "response": 25}, {"player_id": 9, "response": 26}], "mean": 25.4, "mean_ratio": 16.93333333333333, "winner": 23, "winner_num": 1, "winner_player_id": [0]}, {"responses": [{"player_id": 0, "response": 24}, {"player_id": 1, "response": 25}, {"player_id": 2, "response": 30}, {"player_id": 3, "response": 25}, {"player_id": 4, "response": 25}, {"player_id": 5, "response": 22}, {"player_id": 6, "response": 27}, {"player_id": 7, "response": 23}, {"player_id": 8, "response": 28}, {"player_id": 9, "response": 29}], "mean": 25.8, "mean_ratio": 17.2, "winner": 22, "winner_num": 1, "winner_player_id": [5]}]}