{"meta": {"name_exp": "guessing_game", "player_num": 10, "min": 0, "max": 100, "ratio": 0.6666666666666666, "ratio_str": "2/3", "version": "v1", "run": 1, "lang_agent": "<Z3cCMo0>", "round": 20}, "round_records": [{"responses": [{"player_id": 0, "response": 50}, {"player_id": 1, "response": 50}, {"player_id": 2, "response": 50}, {"player_id": 3, "response": 50}, {"player_id": 4, "response": 50}, {"player_id": 5, "response": 50}, {"player_id": 6, "response": 50}, {"player_id": 7, "response": 50}, {"player_id": 8, "response": 50}, {"player_id": 9, "response": 50}], "mean": 50, "mean_ratio": 33.33333333333333, "winner": 50, "winner_num": 10, "winner_player_id": [0, 1, 2, 3, 4, 5, 6, 7, 8, 9]}, {"responses": [{"player_id": 0, "response": 40}, {"player_id": 1, "response": 40}, {"player_id": 2, "response": 42}, {"player_id": 3, "response": 45}, {"player_id": 4, "response": 55}, {"player_id": 5, "response": 60}, {"player_id": 6, "response": 45}, {"player_id": 7, "response": 40}, {"player_id": 8, "response": 55}, {"player_id": 9, "response": 40}], "mean": 46.2, "mean_ratio": 30.8, "winner": 40, "winner_num": 4, "winner_player_id": [0, 1, 7, 9]}, {"responses": [{"player_id": 0, "response": 55}, {"player_id": 1, "response": 45}, {"player_id": 2, "response": 38}, {"player_id": 3, "response": 55}, {"player_id": 4, "response": 40}, {"player_id": 5, "response": 40}, {"player_id": 6, "response": 55}, {"player_id": 7, "response": 55}, {"player_id": 8, "response": 60}, {"player_id": 9, "response": 55}], "mean": 49.8, "mean_ratio": 33.199999999999996, "winner": 38, "winner_num": 1, "winner_player_id": [2]}, {"responses": [{"player_id": 0, "response": 45}, {"player_id": 1, "response": 42}, {"player_id": 2, "response": 42}, {"player_id": 3, "response": 42}, {"player_id": 4, "response": 37}, {"player_id": 5, "response": 45}, {"player_id": 6, "response": 40}, {"player_id": 7, "response": 45}, {"player_id": 8, "response": 40}, {"player_id": 9, "response": 45}], "mean": 42.3, "mean_ratio": 28.199999999999996, "winner": 37, "winner_num": 1, "winner_player_id": [4]}, {"responses": [{"player_id": 0, "response": 35}, {"player_id": 1, "response": 48}, {"player_id": 2, "response": 45}, {"player_id": 3, "response": 40}, {"player_id": 4, "response": 45}, {"player_id": 5, "response": 35}, {"player_id": 6, "response": 33}, {"player_id": 7, "response": 35}, {"player_id": 8, "response": 35}, {"player_id": 9, "response": 35}], "mean": 38.6, "mean_ratio": 25.733333333333334, "winner": 33, "winner_num": 1, "winner_player_id": [6]}, {"responses": [{"player_id": 0, "response": 30}, {"player_id": 1, "response": 35}, {"player_id": 2, "response": 40}, {"player_id": 3, "response": 35}, {"player_id": 4, "response": 33}, {"player_id": 5, "response": 30}, {"player_id": 6, "response": 38}, {"player_id": 7, "response": 32}, {"player_id": 8, "response": 45}, {"player_id": 9, "response": 33}], "mean": 35.1, "mean_ratio": 23.4, "winner": 30, "winner_num": 2, "winner_player_id": [0, 5]}, {"responses": [{"player_id": 0, "response": 32}, {"player_id": 1, "response": 40}, {"player_id": 2, "response": 33}, {"player_id": 3, "response": 33}, {"player_id": 4, "response": 32}, {"player_id": 5, "response": 40}, {"player_id": 6, "response": 36}, {"player_id": 7, "response": 28}, {"player_id": 8, "response": 25}, {"player_id": 9, "response": 28}], "mean": 32.7, "mean_ratio": 21.8, "winner": 25, "winner_num": 1, "winner_player_id": [8]}, {"responses": [{"player_id": 0, "response": 28}, {"player_id": 1, "response": 28}, {"player_id": 2, "response": 28}, {"player_id": 3, "response": 30}, {"player_id": 4, "response": 28}, {"player_id": 5, "response": 28}, {"player_id": 6, "response": 28}, {"player_id": 7, "response": 27}, {"player_id": 8, "response": 28}, {"player_id": 9, "response": 29}], "mean": 28.2, "mean_ratio": 18.799999999999997, "winner": 27, "winner_num": 1, "winner_player_id": [7]}, {"responses": [{"player_id": 0, "response": 35}, {"player_id": 1, "response": 30}, {"player_id": 2, "response": 32}, {"player_id": 3, "response": 29}, {"player_id": 4, "response": 30}, {"player_id": 5, "response": 25}, {"player_id": 6, "response": 24}, {"player_id": 7, "response": 30}, {"player_id": 8, "response": 30}, {"player_id": 9, "response": 24}], "mean": 28.9, "mean_ratio": 19.266666666666666, "winner": 24, "winner_num": 2, "winner_player_id": [6, 9]}, {"responses": [{"player_id": 0, "response": 25}, {"player_id": 1, "response": 25}, {"player_id": 2, "response": 29}, {"player_id": 3, "response": 25}, {"player_id": 4, "response": 26}, {"player_id": 5, "response": 24}, {"player_id": 6, "response": 30}, {"player_id": 7, "response": 26}, {"player_id": 8, "response": 22}, {"player_id": 9, "response": 27}], "mean": 25.9, "mean_ratio": 17.266666666666666, "winner": 22, "winner_num": 1, "winner_player_id": [8]}, {"responses": [{"player_id": 0, "response": 30}, {"player_id": 1, "response": 35}, {"player_id": 2, "response": 26}, {"player_id": 3, "response": 33}, {"player_id": 4, "response": 33}, {"player_id": 5, "response": 30}, {"player_id": 6, "response": 23}, {"player_id": 7, "response": 30}, {"player_id": 8, "response": 28}, {"player_id": 9, "response": 22}], "mean": 29, "mean_ratio": 19.333333333333332, "winner": 22, "winner_num": 1, "winner_player_id": [9]}, {"responses": [{"player_id": 0, "response": 32}, {"player_id": 1, "response": 30}, {"player_id": 2, "response": 30}, {"player_id": 3, "response": 28}, {"player_id": 4, "response": 25}, {"player_id": 5, "response": 22}, {"player_id": 6, "response": 22}, {"player_id": 7, "response": 23}, {"player_id": 8, "response": 25}, {"player_id": 9, "response": 22}], "mean": 25.9, "mean_ratio": 17.266666666666666, "winner": 22, "winner_num": 3, "winner_player_id": [5, 6, 9]}, {"responses": [{"player_id": 0, "response": 30}, {"player_id": 1, "response": 23}, {"player_id": 2, "response": 25}, {"player_id": 3, "response": 26}, {"player_id": 4, "response": 22}, {"player_id": 5, "response": 35}, {"player_id": 6, "response": 25}, {"player_id": 7, "response": 26}, {"player_id": 8, "response": 30}, {"player_id": 9, "response": 25}], "mean": 26.7, "mean_ratio": 17.799999999999997, "winner": 22, "winner_num": 1, "winner_player_id": [4]}, {"responses": [{"player_id": 0, "response": 22}, {"player_id": 1, "response": 28}, {"player_id": 2, "response": 24}, {"player_id": 3, "response": 28}, {"player_id": 4, "response": 23}, {"player_id": 5, "response": 20}, {"player_id": 6, "response": 20}, {"player_id": 7, "response": 28}, {"player_id": 8, "response": 22}, {"player_id": 9, "response": 23}], "mean": 23.8, "mean_ratio": 15.866666666666667, "winner": 20, "winner_num": 2, "winner_player_id": [5, 6]}, {"responses": [{"player_id": 0, "response": 30}, {"player_id": 1, "response": 26}, {"player_id": 2, "response": 22}, {"player_id": 3, "response": 23}, {"player_id": 4, "response": 20}, {"player_id": 5, "response": 25}, {"player_id": 6, "response": 22}, {"player_id": 7, "response": 22}, {"player_id": 8, "response": 24}, {"player_id": 9, "response": 20}], "mean": 23.4, "mean_ratio": 15.599999999999998, "winner": 20, "winner_num": 2, "winner_player_id": [4, 9]}, {"responses": [{"player_id": 0, "response": 25}, {"player_id": 1, "response": 23}, {"player_id": 2, "response": 23}, {"player_id": 3, "response": 22}, {"player_id": 4, "response": 25}, {"player_id": 5, "response": 30}, {"player_id": 6, "response": 25}, {"player_id": 7, "response": 20}, {"player_id": 8, "response": 30}, {"player_id": 9, "response": 30}], "mean": 25.3, "mean_ratio": 16.866666666666667, "winner": 20, "winner_num": 1, "winner_player_id": [7]}, {"responses": [{"player_id": 0, "response": 20}, {"player_id": 1, "response": 25}, {"player_id": 2, "response": 20}, {"player_id": 3, "response": 30}, {"player_id": 4, "response": 24}, {"player_id": 5, "response": 25}, {"player_id": 6, "response": 21}, {"player_id": 7, "response": 25}, {"player_id": 8, "response": 25}, {"player_id": 9, "response": 25}], "mean": 24, "mean_ratio": 16.0, "winner": 20, "winner_num": 2, "winner_player_id": [0, 2]}, {"responses": [{"player_id": 0, "response": 22}, {"player_id": 1, "response": 30}, {"player_id": 2, "response": 25}, {"player_id": 3, "response": 24}, {"player_id": 4, "response": 22}, {"player_id": 5, "response": 20}, {"player_id": 6, "response": 20}, {"player_id": 7, "response": 22}, {"player_id": 8, "response": 20}, {"player_id": 9, "response": 21}], "mean": 22.6, "mean_ratio": 15.066666666666666, "winner": 20, "winner_num": 3, "winner_player_id": [5, 6, 8]}, {"responses": [{"player_id": 0, "response": 24}, {"player_id": 1, "response": 20}, {"player_id": 2, "response": 21}, {"player_id": 3, "response": 20}, {"player_id": 4, "response": 20}, {"player_id": 5, "response": 20}, {"player_id": 6, "response": 24}, {"player_id": 7, "response": 20}, {"player_id": 8, "response": 25}, {"player_id": 9, "response": 20}], "mean": 21.4, "mean_ratio": 14.266666666666666, "winner": 20, "winner_num": 6, "winner_player_id": [1, 3, 4, 5, 7, 9]}, {"responses": [{"player_id": 0, "response": 21}, {"player_id": 1, "response": 20}, {"player_id": 2, "response": 23}, {"player_id": 3, "response": 21}, {"player_id": 4, "response": 22}, {"player_id": 5, "response": 23}, {"player_id": 6, "response": 21}, {"player_id": 7, "response": 21}, {"player_id": 8, "response": 22}, {"player_id": 9, "response": 22}], "mean": 21.6, "mean_ratio": 14.4, "winner": 20, "winner_num": 1, "winner_player_id": [1]}]}