{
  "topic": "What if global sea levels rose by 10 meters?",
  "paths": {
    "agents4sci_v2": "/home/dian/Code/agents4sci/experiments/0824/what_if_global_sea_levels_rose/agents4sci_v2",
    "baseline_single": "/home/dian/Code/agents4sci/experiments/0824/what_if_global_sea_levels_rose/baseline_single",
    "baseline_tree": "/home/dian/Code/agents4sci/experiments/0824/what_if_global_sea_levels_rose/baseline_tree",
    "baseline_debate": "/home/dian/Code/agents4sci/experiments/0824/what_if_global_sea_levels_rose/baseline_debate"
  }
}