AgentID,回合,action
A001_NJ_BK,1,小幅提价提利，提质排班并发招募激励补足人手
A001_NJ_BK,2,稳价稳岗，小幅加薪，适度招聘补缺
A001_NJ_BK,3,微提薪提质、适度招聘，保持稳价与服务能力
A001_NJ_BK,4,维持价格，略提班表与招募，稳服务与利润
A001_NJ_BK,5,稳价微提薪，适度招聘，保障午高峰服务。
A001_NJ_BK,6,小幅提薪稳岗，适度招聘，维持价格与营业时段
A001_NJ_BK,7,提质稳价，起薪至5.50，保2台收银；每店招1人并设小额荐才奖
A001_NJ_BK,8,为R9涨薪预热，稳价微调，适度招人补班保服务
A001_NJ_BK,9,因NJ涨薪，起薪至5.20，稳价，提质排班并适度招聘
A001_NJ_BK,10,稳价，起薪略高于底薪，保班次，适度招聘补缺
