{
  "model": "logistic",
  "dataset": "cisco",
  "config": {
    "model": {
      "name": "logistic_regression_ids",
      "max_iter": 1000,
      "C": 1.0,
      "solver": "liblinear",
      "class_weight": "balanced"
    },
    "training": {
      "epochs": 1,
      "batch_size": 1,
      "learning_rate": 0.001,
      "weight_decay": 0.0,
      "patience": 1
    },
    "dataset": {
      "val_split": 0.15,
      "attack_ratio": 0.2
    },
    "evaluation": {
      "metrics": [
        "accuracy",
        "precision",
        "recall",
        "f1",
        "auc"
      ]
    },
    "logging": {
      "level": "INFO",
      "save_model": true
    },
    "system": {
      "device": "cpu",
      "seed": 42
    }
  },
  "train_results": {
    "training_time": 0.00933980941772461,
    "val_metrics": {
      "accuracy": 0.7972350230414746,
      "precision": 0.9035009594149378,
      "recall": 0.7972350230414746,
      "f1": 0.832961842342385,
      "auc": 0.7814625850340136
    }
  },
  "test_metrics": {
    "accuracy": 0.7407407407407407,
    "precision": 0.7984892787524367,
    "recall": 0.7407407407407407,
    "f1": 0.761170175804322,
    "auc": 0.6863636363636363
  },
  "total_time": 0.014311075210571289,
  "args": {
    "config": "configs/logistic_cisco.yaml",
    "model": "logistic",
    "dataset": "cisco",
    "nsl_kdd_path": "data/nsl_kdd",
    "cisco_data_path": "data/cisco_small",
    "output_dir": "outputs/logistic_cisco",
    "epochs": 1,
    "attack_ratio": 0.1
  }
}