Parameter,Status,Consensus Median,Consensus 90% CI,Physical Discrepancy Source
mass_1_source,Model-Dependent,129.142 - 149.869 (Range),See individual models,Discrepancy linked to 'Mass & Distance' subspace (max subspace JSD: 0.693).
mass_2_source,Model-Dependent,55.076 - 111.1 (Range),See individual models,Discrepancy linked to 'Mass & Distance' subspace (max subspace JSD: 0.693).
chi_eff,Model-Dependent,0.039 - 0.439 (Range),See individual models,Discrepancy linked to 'Effective Spin' subspace (max subspace JSD: 0.636).
chi_p,Model-Dependent,0.733 - 0.82 (Range),See individual models,Discrepancy linked to 'Effective Spin' subspace (max subspace JSD: 0.636).
redshift,Model-Dependent,0.171 - 0.583 (Range),See individual models,Discrepancy linked to 'Mass & Distance' subspace (max subspace JSD: 0.693).
final_mass_source,Model-Dependent,189.718 - 232.733 (Range),See individual models,Discrepancy linked to 'Remnant Properties' subspace (max subspace JSD: 0.688).
final_spin,Model-Dependent,0.708 - 0.888 (Range),See individual models,Discrepancy linked to 'Remnant Properties' subspace (max subspace JSD: 0.688).
