{
  "pythia-2.8b": {
    "WikiMIA_length32": {
      "method": [
        "mink++_multilayer_concentration_0.6"
      ],
      "auroc": [
        "64.4%"
      ],
      "fpr95": [
        "86.6%"
      ],
      "tpr05": [
        "12.7%"
      ]
    },
    "WikiMIA_length64": {
      "method": [
        "mink++_multilayer_concentration_0.6"
      ],
      "auroc": [
        "63.8%"
      ],
      "fpr95": [
        "86.8%"
      ],
      "tpr05": [
        "14.8%"
      ]
    },
    "WikiMIA_length128": {
      "method": [
        "mink++_multilayer_concentration_0.6"
      ],
      "auroc": [
        "67.4%"
      ],
      "fpr95": [
        "87.4%"
      ],
      "tpr05": [
        "15.8%"
      ]
    }
  },
  "mamba-1.4b-hf": {
    "WikiMIA_length32": {
      "method": [
        "mink++_multilayer_concentration_0.6"
      ],
      "auroc": [
        "69.2%"
      ],
      "fpr95": [
        "81.0%"
      ],
      "tpr05": [
        "14.0%"
      ]
    },
    "WikiMIA_length64": {
      "method": [
        "mink++_multilayer_concentration_0.6"
      ],
      "auroc": [
        "68.4%"
      ],
      "fpr95": [
        "71.3%"
      ],
      "tpr05": [
        "12.3%"
      ]
    },
    "WikiMIA_length128": {
      "method": [
        "mink++_multilayer_concentration_0.6"
      ],
      "auroc": [
        "70.3%"
      ],
      "fpr95": [
        "76.6%"
      ],
      "tpr05": [
        "5.0%"
      ]
    }
  }
}