{
  "proposition": "What if Earth's magnetic field collapsed for ten years?",
  "scenario": {
    "premises": [
      "Assumptions clarified in natural language above."
    ],
    "constraints": [
      "Modern technology level maintained unless stated."
    ],
    "timescales": [
      "**Aerosol/ozone feedbacks:** Increased cosmic rays (without the magnetic field) could enhance cloud formation, cooling the planet, or deplete ozone, increasing UV radiation.",
      "### 5) Expert Plan (Cross-Domain Collaboration)",
      "| **Domain**          | **Experts Needed**                | **Role**                                                                 |",
      "|----------------------|-----------------------------------|--------------------------------------------------------------------------|",
      "| **Space Weather**    | Solar physicists, magnetospheric modelers | Predict radiation flux, CME impacts, and satellite charging.             |",
      "| **Geophysics**       | Core dynamics experts, paleomagnetists | Model geodynamo failure, field decay, and core-mantle coupling.          |",
      "| **Power Systems**    | Electrical engineers, grid operators | Simulate transformer failures, blackout cascades, and backup power needs. |",
      "| **Biology**          | Ecologists, radiation toxicologists | Assess impacts on navigation, photosynthesis, and human health (e.g., DNA damage). |",
      "| **Materials Science**| Atmospheric chemists, ozone experts | Model ozone layer thinning, cosmic ray-induced chemical reactions.       |",
      "| **Social Science**   | Economists, policy analysts        | Quantify economic costs, adaptation policies, and societal resilience.   |",
      "### Scenario Variants",
      "1. **Rapid Collapse (1-2 years to <1% field):** Solar wind intensifies stress on power grids and satellites; immediate blackouts and satellite losses. Recovery (if possible) is delayed.",
      "2. **Gradual Collapse (5-10 years to <1% field):** Systems adapt incrementally; fewer acute failures, but long-term biological stress (e.g., species die-offs).",
      "3. **Partial Collapse (10-20% field for 10 years):** Reduced radiation exposure; power grids and satellites function, but navigation systems (e.g., GPS) remain unreliable.",
      "### Measurable Indicators (To Track Impact)",
      "**Magnetic field:** Global average dipole strength (μT) and latitudinal gradients (e.g., equator vs. poles).",
      "**Infrastructure:** Number of power grid transformers damaged (due to induced currents), satellite failures, and communication outages.",
      "**Radiation:** Cosmic ray flux at sea level (protons, electrons) and UV-B radiation at Earth’s surface (measured via satellite and ground sensors).",
      "**Biological:** Migratory bird tracking (displacement), plankton photosynthesis rates (via ocean color satellites), and human cancer incidence (especially skin cancer).",
      "**Societal:** GDP loss from power outages, policy adoption (e.g., radiation shielding for critical infrastructure), and public health expenditure."
    ],
    "uncertainties": [
      "Not specified; treat as open variables."
    ],
    "expert_plan": [
      "Physics",
      "ChemistryMaterials",
      "BiologyEcology",
      "Medicine",
      "Sociology",
      "Economics",
      "PoliticsIR",
      "EngineeringInfrastructure",
      "EnvironmentalScience"
    ]
  },
  "rounds": [
    "Round 1 Summary\nShared Frame:\nConsensus Points:\nConditional Branches:\nRemaining Uncertainties:\n- **Summary**: A 10-year magnetic field collapse is high-consequence (5–15% GDP loss, 10–30% biological stress), with outcomes driven by collapse rate, solar activity, and adaptation speed. Early detection (e.g., 50-year warning) and global coordination are critical to mitigate impacts.\nNotes:",
    "Round 2 Summary\nShared Frame:\nConsensus Points:\n- 1. **Economic losses**: 5–20% 10-year GDP loss, driven by power grid failures (10–30% of transformers) and satellite disruptions (30–70% LEO satellites).\n- 2. **Biological stress**: 10–40% species vulnerability, with 20–50% decline in migratory animals and 10–30% reduction in phytoplankton (base of marine food webs).\n- 3. **Radiation/UV increase**: 10–1000x cosmic ray flux, 20–50% UV-B radiation at mid-latitudes, 2–5x skin cancer risk.\nConditional Branches:\n- 5. **Adaptation value**: 50-year pre-collapse warning reduces GDP loss by 30–50% and biological stress by 15–20%. -> \n- ### **Conditional Branches** (Scenario Conditions, Probability, Key Drivers) -> \n- | **Branch**               | **Probability** | **Trigger Condition**                          | **Key Drivers**                                                                 | **Key Outcomes**                                                                 | -> \n- |---------------------------|-----------------|------------------------------------------------|---------------------------------------------------------------------------------|---------------------------------------------------------------------------------| -> \n- | **Rapid Collapse**        | 30%             | Magnetic field <10 μT (1–2 years), cosmic ray >500 pfu | Geophysics (core decay), Space Weather (solar wind intensification)             | 20–30% GDP loss, 30% LEO satellite loss, 20% biological die-offs.               | -> \n- | **Gradual Collapse**      | 50%             | Field <10 μT (5–10 years), UV-B >20%           | Geophysics (slow decay), Chemistry (ozone thinning)                            | 5–15% GDP loss, 10–20% biological decline, 20–30% UV-B increase.               | -> \n- | **Partial Collapse**      | 20%             | Field 10–20% (10+ years), migration <50%       | Geophysics (partial recovery), Biology (species resilience)                     | 2–8% GDP loss, 5–15% biological stress, 10–25% UV-B increase.                  | -> \n- ### **Decision Rules** (Observable Indicators → Branch Identification) -> \n- | **Indicator**               | **Threshold**                          | **Branch**               | **Confidence** | -> \n- |-----------------------------|----------------------------------------|--------------------------|----------------| -> \n- | Magnetic field strength     | <10 μT (vs. 50 μT baseline), lat. gradient >50% | Rapid/Partial (via collapse rate) | 90%            | -> \n- | Cosmic ray flux             | >500 particles/cm²/s (vs. 100 baseline) | Rapid                    | 85%            | -> \n- | Power grid failures         | >10% transformers damaged in 2 years   | Rapid                    | 80%            | -> \n- | UV-B radiation              | >20% increase at 40°N/S                | Gradual                  | 75%            | -> \n- | Bird migration              | >50% displacement from routes           | Rapid/Partial            | 70%            | -> \n- ### **Remaining Uncertainties** (High Variability, Measurable Indicators) -> \n- 1. **Solar superflares**: X-class flare (10+ X) could double radiation flux (15% probability). *Indicator*: NOAA solar flare monitoring (1–3 day lead time). -> \n- 2. **Core dynamo recovery**: 10% chance of field recovery after 10 years (biological stress reduced by 50%). *Indicator*: Paleomagnetic data (e.g., magnetic reversal proxies). -> \n- 3. **Ozone repair**: Volcanic aerosols (e.g., Pinatubo-scale) could reduce UV-B by 15–25%. *Indicator*: Ozone monitoring satellites (NASA Aura, NOAA-20). -> \n- 4. **Adaptation speed**: Policy lag by 5 years increases damage by 10–15%. *Indicator*: UN agreement tracking (e.g., Paris 2.0 compliance). -> \n- ### **Conflict Resolution Notes** -> \n- **Root driver prioritization**: Physics (magnetic field collapse, solar activity) as primary cause, with biology (radiation/UV impacts) as secondary, and social/economic factors as amplifiers. -> \nRemaining Uncertainties:\n- **Resource vs. policy tradeoffs**: Engineering constraints (e.g., transformer production) limit adaptation speed, while policy fragmentation (e.g., national self-interest) amplifies losses.\nNotes:",
    "Round 3 Summary\nShared Frame:\nConsensus Points:\n- **Physics**: Magnetic field collapse to <10 μT (baseline ~50 μT) over 1–10 years, driven by geodynamo failure.\n- **Radiation/UV**: Cosmic ray flux increases 10–1000x (median 100x), UV-B rises 20–50% at mid-latitudes (40°N/S).\n- **Biological Stress**: 10–40% species vulnerability, 20–50% migratory animal decline, 10–30% phytoplankton loss.\n- **Economic Loss**: 5–20% 10-year GDP loss, with rapid collapse (30% prob) driving 20–30% losses, gradual (50% prob) 5–15%, partial (20% prob) 2–8%.\n- **Adaptation**: 50-year pre-collapse warning reduces GDP loss by 30–50% and biological stress by 15–20%.\n- ### **Conditional Branches (Condition → Description; Drivers; Probability)**\n- 1. **Rapid Collapse (30% probability)**\n- *Condition*: Field <10 μT within 1–2 years, cosmic rays >500 pfu.\n- *Drivers*: Physics (core dynamo failure), Space Weather (solar wind intensification).\n- *Outcomes*: 20–30% GDP loss, 30% LEO satellite loss, 20% biological die-offs.\n- 2. **Gradual Collapse (50% probability)**\n- *Condition*: Field <10 μT over 5–10 years, UV-B >20% at 40°N/S.\n- *Drivers*: Physics (slow core decay), Chemistry (ozone thinning from cosmic rays).\n- *Outcomes*: 5–15% GDP loss, 10–20% biological decline, 20–30% UV-B increase.\n- 3. **Partial Collapse (20% probability)**\n- *Condition*: Field 10–20% after 10+ years, migration <50%.\n- *Drivers*: Physics (partial core failure), Biology (reduced radiation stress).\n- *Outcomes*: 2–8% GDP loss, 5–15% biological stress, 10–25% UV-B increase.\nConditional Branches:\n- Solar superflares (15% prob): X-class flare (10+ X) → 2x radiation, +10–15% GDP loss. -> \n- Core recovery (10% prob): Field recovers after 10 years → 50% less biological stress. -> \n- Ozone repair (15% prob): Volcanic aerosols → 15–25% UV-B reduction, 10–20% less biological loss. -> \n- ### **Decision Rules (Observable Indicators → Branch)** -> \n- | **Indicator**               | **Threshold**                          | **Branch**               | **Confidence** | -> \n- |-----------------------------|----------------------------------------|--------------------------|----------------| -> \n- | Magnetic field strength     | <10 μT (vs. 50 μT baseline), lat. gradient >50% | Rapid/Partial            | 90%            | -> \n- | Cosmic ray flux             | >500 particles/cm²/s (vs. 100 baseline) | Rapid                    | 85%            | -> \n- | Power grid failures         | >10% transformers damaged in 2 years   | Rapid                    | 80%            | -> \n- | UV-B radiation              | >20% increase at 40°N/S                | Gradual                  | 75%            | -> \n- | Bird migration              | >50% displacement from routes           | Rapid/Partial            | 70%            | -> \n- ### **Remaining Uncertainties (Measurable Indicators)** -> \n- **Core Dynamo Recovery**: Mechanism (e.g., cooling vs. compositional changes) and timing (10% prob recovery). *Indicator*: Paleomagnetic reversal records. -> \n- **Solar Flare Frequency**: X-class flare probability (15% vs. 0–10% baseline). *Indicator*: NOAA solar monitoring (1–3 day lead time). -> \n- **Ozone Repair**: Volcanic aerosol scale (Pinatubo-like vs. none). *Indicator*: NASA Aura satellite ozone data. -> \n- **Policy Implementation**: 5-year lag vs. faster regional agreements. *Indicator*: UN treaty ratification speed. -> \n- ### **Brief Notes on Conflict Resolution** -> \n- **Root Driver**: Physics (magnetic field collapse) dominates all other domains. -> \n- **Severity Order**: Rapid collapse > gradual > partial (consistent across all domains). -> \n- **Biology vs. Economics**: All agree biology survival (10–40% species vulnerability) is critical, followed by basic resources (phytoplankton, food chains), then social stability (policy lag), and finally economic recovery. -> \nRemaining Uncertainties:\nNotes:"
  ],
  "ablation": {
    "rounds": 3,
    "roles": [
      "Physics",
      "ChemistryMaterials",
      "BiologyEcology",
      "Medicine",
      "Sociology",
      "Economics",
      "PoliticsIR",
      "EngineeringInfrastructure",
      "EnvironmentalScience"
    ],
    "enable_debate": false,
    "enable_conflict_resolution": true,
    "use_shared_frame": true,
    "use_refinement": true
  }
}