{
  "stage": "4_ablation_studies_1_first_attempt",
  "total_nodes": 13,
  "buggy_nodes": 2,
  "good_nodes": 10,
  "best_metric": "Metrics(validation F1 score\u2191[synthetic_dynamic_network:(final=1.0000, best=1.0000)])",
  "current_findings": "## Summary of Experimental Progress\n\n### 1. Key Patterns of Success Across Working Experiments\n\n- **Hyperparameter Tuning**: Successful experiments often involved systematic hyperparameter tuning, such as varying the number of epochs, learning rates, and feature counts. This approach allowed for the optimization of model performance, as evidenced by improved validation F1 scores and reduced training losses.\n\n- **Ablation Studies**: Conducting ablation studies on various components, such as feature counts, learning rates, and activation functions, provided valuable insights into the model's sensitivity to these parameters. These studies helped identify optimal configurations that enhanced model performance.\n\n- **Error Handling and Debugging**: Successful experiments demonstrated effective error handling, such as fixing KeyErrors by ensuring proper initialization of data structures. This attention to detail in debugging contributed to the smooth execution of experiments.\n\n- **Device Management**: Ensuring correct device placement for models and data (CPU/GPU) was crucial in achieving consistent results. This practice minimized runtime errors and improved computational efficiency.\n\n- **Comprehensive Metric Tracking**: Successful experiments involved thorough tracking of metrics, including training losses, validation F1 scores, and temporal motif coverage (TMC). This comprehensive evaluation provided a holistic view of model performance.\n\n### 2. Common Failure Patterns and Pitfalls to Avoid\n\n- **Improper Initialization of Data Structures**: A common failure pattern was the occurrence of KeyErrors due to uninitialized keys in data structures. This issue was particularly evident in the Edge Connectivity Ablation study.\n\n- **Overwriting of Metrics**: In some experiments, there was a risk of overwriting metrics for different configurations, leading to loss of valuable data. Proper structuring of experiment data is essential to avoid this pitfall.\n\n- **Inadequate Device Management**: Failing to ensure correct device placement for models and data can lead to runtime errors and inefficient computations. This was addressed in successful experiments but remains a potential pitfall.\n\n### 3. Specific Recommendations for Future Experiments\n\n- **Systematic Hyperparameter Exploration**: Continue to implement systematic hyperparameter tuning across various parameters, such as learning rates, epochs, and feature counts. This approach should be a standard practice to optimize model performance.\n\n- **Comprehensive Ablation Studies**: Expand ablation studies to include other model components and configurations. This will provide deeper insights into the model's behavior and help identify areas for improvement.\n\n- **Robust Error Handling**: Implement robust error handling mechanisms to prevent common issues like KeyErrors. Ensure that all necessary data structures are properly initialized before use.\n\n- **Efficient Device Management**: Maintain consistent practices for device management to ensure that models and data are placed on the appropriate devices. This will enhance computational efficiency and reduce runtime errors.\n\n- **Thorough Metric Evaluation**: Continue to track a comprehensive set of metrics, including new ones like temporal motif coverage (TMC), to gain a holistic understanding of model performance. This will aid in identifying strengths and weaknesses in the model.\n\nBy following these recommendations, future experiments can build on the successes and avoid the pitfalls observed in past experiments, leading to more robust and effective model development."
}