,dataset,question_type,config,madp,llm,mean_metric,std_metric,count,ci_lower,ci_upper,rounds,solvers
2,FANToM,AnswerabilityQ_List,<Rc3kmmq> MAD R1 S3,MAD,<Rc3kmmq>,0.4777777777777778,0.502304303170668,90,0.374000633578272,0.5815549219772836,1.0,3.0
3,FANToM,AnswerabilityQ_List,<Rc3kmmq> MAD R1 S5,MAD,<Rc3kmmq>,0.4666666666666667,0.5016825622427262,90,0.3630179754736879,0.5703153578596454,1.0,5.0
4,FANToM,AnswerabilityQ_List,<Rc3kmmq> MAD R1 S7,MAD,<Rc3kmmq>,0.4777777777777778,0.502304303170668,90,0.374000633578272,0.5815549219772836,1.0,7.0
5,FANToM,AnswerabilityQ_List,<Rc3kmmq> MAD R2 S3,MAD,<Rc3kmmq>,0.4888888888888889,0.5026769786045272,90,0.38503474914704927,0.5927430286307285,2.0,3.0
6,FANToM,AnswerabilityQ_List,<Rc3kmmq> MAD R2 S5,MAD,<Rc3kmmq>,0.4444444444444444,0.4996877926639077,90,0.3412078769161827,0.5476810119727061,2.0,5.0
7,FANToM,AnswerabilityQ_List,<Rc3kmmq> MAD R2 S7,MAD,<Rc3kmmq>,0.4777777777777778,0.5023043031706679,90,0.374000633578272,0.5815549219772836,2.0,7.0
8,FANToM,AnswerabilityQ_List,<Rc3kmmq> MAD R3 S3,MAD,<Rc3kmmq>,0.4888888888888889,0.5026769786045272,90,0.38503474914704927,0.5927430286307285,3.0,3.0
9,FANToM,AnswerabilityQ_List,<Rc3kmmq> MAD R3 S5,MAD,<Rc3kmmq>,0.34444444444444444,0.477848904498678,90,0.2457198379564804,0.4431690509324085,3.0,5.0
10,FANToM,AnswerabilityQ_List,<Rc3kmmq> MAD R3 S7,MAD,<Rc3kmmq>,0.4,0.49264249635357604,90,0.2982190057696583,0.5017809942303417,3.0,7.0
27,FANToM,AnswerabilityQ_List,<qLKSiki> MAD R1 S3,MAD,<qLKSiki>,0.4777777777777778,0.5023043031706679,90,0.374000633578272,0.5815549219772836,1.0,3.0
28,FANToM,AnswerabilityQ_List,<qLKSiki> MAD R1 S5,MAD,<qLKSiki>,0.45555555555555555,0.5008108282005754,90,0.35208696648160076,0.5590241446295103,1.0,5.0
29,FANToM,AnswerabilityQ_List,<qLKSiki> MAD R1 S7,MAD,<qLKSiki>,0.5,0.5028011423654931,90,0.39612020775937673,0.6038797922406233,1.0,7.0
30,FANToM,AnswerabilityQ_List,<qLKSiki> MAD R2 S3,MAD,<qLKSiki>,0.5111111111111111,0.5026769786045271,90,0.4072569713692715,0.6149652508529506,2.0,3.0
31,FANToM,AnswerabilityQ_List,<qLKSiki> MAD R2 S5,MAD,<qLKSiki>,0.5111111111111111,0.5026769786045272,90,0.40725697136927147,0.6149652508529506,2.0,5.0
32,FANToM,AnswerabilityQ_List,<qLKSiki> MAD R2 S7,MAD,<qLKSiki>,0.4777777777777778,0.5023043031706679,90,0.374000633578272,0.5815549219772836,2.0,7.0
33,FANToM,AnswerabilityQ_List,<qLKSiki> MAD R3 S3,MAD,<qLKSiki>,0.5555555555555556,0.4996877926639077,90,0.45231898802729387,0.6587921230838173,3.0,3.0
34,FANToM,AnswerabilityQ_List,<qLKSiki> MAD R3 S5,MAD,<qLKSiki>,0.6111111111111112,0.49022912424414217,90,0.5098287247243154,0.7123934974979069,3.0,5.0
35,FANToM,AnswerabilityQ_List,<qLKSiki> MAD R3 S7,MAD,<qLKSiki>,0.5,0.5028011423654931,90,0.39612020775937673,0.6038797922406233,3.0,7.0
51,FANToM,AnswerabilityQ_List,Mixed-A MAD R3 S7,MAD,Mixed,0.5111111111111111,0.5026769786045273,90,0.4072569713692714,0.6149652508529507,3.0,7.0
53,FANToM,AnswerabilityQ_List,Mixed-B MAD R3 S7,MAD,Mixed,0.5,0.5028011423654932,90,0.39612020775937673,0.6038797922406233,3.0,7.0
57,FANToM,AnswerabilityQs_Binary,<Rc3kmmq> MAD R1 S3,MAD,<Rc3kmmq>,0.5212765957446809,0.5002127207073475,376,0.47071545302160644,0.5718377384677553,1.0,3.0
58,FANToM,AnswerabilityQs_Binary,<Rc3kmmq> MAD R1 S5,MAD,<Rc3kmmq>,0.5132978723404256,0.5004891224613456,376,0.46270879112647656,0.5638869535543746,1.0,5.0
59,FANToM,AnswerabilityQs_Binary,<Rc3kmmq> MAD R1 S7,MAD,<Rc3kmmq>,0.5186170212765957,0.5003190471450895,376,0.4680451311535225,0.5691889113996689,1.0,7.0
60,FANToM,AnswerabilityQs_Binary,<Rc3kmmq> MAD R2 S3,MAD,<Rc3kmmq>,0.5186170212765957,0.5003190471450895,376,0.4680451311535225,0.5691889113996689,2.0,3.0
61,FANToM,AnswerabilityQs_Binary,<Rc3kmmq> MAD R2 S5,MAD,<Rc3kmmq>,0.5186170212765957,0.5003190471450895,376,0.4680451311535225,0.5691889113996689,2.0,5.0
62,FANToM,AnswerabilityQs_Binary,<Rc3kmmq> MAD R2 S7,MAD,<Rc3kmmq>,0.5186170212765957,0.5003190471450893,376,0.4680451311535225,0.5691889113996689,2.0,7.0
63,FANToM,AnswerabilityQs_Binary,<Rc3kmmq> MAD R3 S3,MAD,<Rc3kmmq>,0.5106382978723404,0.5005528858066465,376,0.46004277150522194,0.5612338242394588,3.0,3.0
64,FANToM,AnswerabilityQs_Binary,<Rc3kmmq> MAD R3 S5,MAD,<Rc3kmmq>,0.5,0.500666222813829,376,0.4493930176095564,0.5506069823904436,3.0,5.0
65,FANToM,AnswerabilityQs_Binary,<Rc3kmmq> MAD R3 S7,MAD,<Rc3kmmq>,0.5079787234042553,0.5006024739046271,376,0.4573781847077907,0.55857926210072,3.0,7.0
82,FANToM,AnswerabilityQs_Binary,<qLKSiki> MAD R1 S3,MAD,<qLKSiki>,0.8430851063829787,0.36420514833115963,376,0.8062715114403906,0.8798987013255669,1.0,3.0
83,FANToM,AnswerabilityQs_Binary,<qLKSiki> MAD R1 S5,MAD,<qLKSiki>,0.8457446808510638,0.3616745921934495,376,0.8091868727062735,0.8823024889958541,1.0,5.0
84,FANToM,AnswerabilityQs_Binary,<qLKSiki> MAD R1 S7,MAD,<qLKSiki>,0.8563829787234043,0.3511682629967723,376,0.820887142791671,0.8918788146551376,1.0,7.0
85,FANToM,AnswerabilityQs_Binary,<qLKSiki> MAD R2 S3,MAD,<qLKSiki>,0.8218085106382979,0.3831837512656853,376,0.7830765721351938,0.8605404491414019,2.0,3.0
86,FANToM,AnswerabilityQs_Binary,<qLKSiki> MAD R2 S5,MAD,<qLKSiki>,0.851063829787234,0.3564999278843691,376,0.8150290729960867,0.8870985865783814,2.0,5.0
87,FANToM,AnswerabilityQs_Binary,<qLKSiki> MAD R2 S7,MAD,<qLKSiki>,0.8377659574468085,0.3691566005703824,376,0.800451873266362,0.875080041627255,2.0,7.0
88,FANToM,AnswerabilityQs_Binary,<qLKSiki> MAD R3 S3,MAD,<qLKSiki>,0.8218085106382979,0.38318375126568516,376,0.7830765721351938,0.8605404491414019,3.0,3.0
89,FANToM,AnswerabilityQs_Binary,<qLKSiki> MAD R3 S5,MAD,<qLKSiki>,0.8537234042553191,0.35385415916369656,376,0.8179560798671484,0.8894907286434899,3.0,5.0
90,FANToM,AnswerabilityQs_Binary,<qLKSiki> MAD R3 S7,MAD,<qLKSiki>,0.8297872340425532,0.3763203705310088,376,0.7917490411371181,0.8678254269479883,3.0,7.0
106,FANToM,AnswerabilityQs_Binary,Mixed-A MAD R3 S7,MAD,Mixed,0.6356382978723404,0.48189195693228615,376,0.586929004799784,0.6843475909448967,3.0,7.0
108,FANToM,AnswerabilityQs_Binary,Mixed-B MAD R3 S7,MAD,Mixed,0.6542553191489362,0.4762441712381349,376,0.6061169001999878,0.7023937380978846,3.0,7.0
112,FANToM,BeliefQ_Choice_First_Order,<Rc3kmmq> MAD R1 S3,MAD,<Rc3kmmq>,0.3116883116883117,0.4662205334202242,77,0.20755202062636996,0.4158246027502534,1.0,3.0
113,FANToM,BeliefQ_Choice_First_Order,<Rc3kmmq> MAD R1 S5,MAD,<Rc3kmmq>,0.3116883116883117,0.4662205334202241,77,0.20755202062636996,0.4158246027502534,1.0,5.0
114,FANToM,BeliefQ_Choice_First_Order,<Rc3kmmq> MAD R1 S7,MAD,<Rc3kmmq>,0.2727272727272727,0.44828220776542427,77,0.17259773505272072,0.3728568104018247,1.0,7.0
115,FANToM,BeliefQ_Choice_First_Order,<Rc3kmmq> MAD R2 S3,MAD,<Rc3kmmq>,0.3116883116883117,0.46622053342022424,77,0.20755202062636993,0.41582460275025346,2.0,3.0
116,FANToM,BeliefQ_Choice_First_Order,<Rc3kmmq> MAD R2 S5,MAD,<Rc3kmmq>,0.3246753246753247,0.47132395947782424,77,0.2193991184375142,0.42995153091313515,2.0,5.0
117,FANToM,BeliefQ_Choice_First_Order,<Rc3kmmq> MAD R2 S7,MAD,<Rc3kmmq>,0.2857142857142857,0.4547163041867237,77,0.18414761069888408,0.3872809607296873,2.0,7.0
118,FANToM,BeliefQ_Choice_First_Order,<Rc3kmmq> MAD R3 S3,MAD,<Rc3kmmq>,0.35064935064935066,0.4803023654629546,77,0.24336770314090211,0.4579309981577992,3.0,3.0
119,FANToM,BeliefQ_Choice_First_Order,<Rc3kmmq> MAD R3 S5,MAD,<Rc3kmmq>,0.33766233766233766,0.47601386563146547,77,0.23133858118325848,0.4439860941414169,3.0,5.0
120,FANToM,BeliefQ_Choice_First_Order,<Rc3kmmq> MAD R3 S7,MAD,<Rc3kmmq>,0.38961038961038963,0.4908597225878863,77,0.2799706219944,0.4992501572263793,3.0,7.0
137,FANToM,BeliefQ_Choice_First_Order,<qLKSiki> MAD R1 S3,MAD,<qLKSiki>,0.4675324675324675,0.5022165496554036,77,0.3553560080201192,0.5797089270448159,1.0,3.0
138,FANToM,BeliefQ_Choice_First_Order,<qLKSiki> MAD R1 S5,MAD,<qLKSiki>,0.4675324675324675,0.5022165496554036,77,0.3553560080201192,0.5797089270448159,1.0,5.0
139,FANToM,BeliefQ_Choice_First_Order,<qLKSiki> MAD R1 S7,MAD,<qLKSiki>,0.4805194805194805,0.502896599458671,77,0.368191123226633,0.5928478378123281,1.0,7.0
140,FANToM,BeliefQ_Choice_First_Order,<qLKSiki> MAD R2 S3,MAD,<qLKSiki>,0.4805194805194805,0.502896599458671,77,0.368191123226633,0.5928478378123281,2.0,3.0
141,FANToM,BeliefQ_Choice_First_Order,<qLKSiki> MAD R2 S5,MAD,<qLKSiki>,0.4675324675324675,0.5022165496554036,77,0.3553560080201192,0.5797089270448159,2.0,5.0
142,FANToM,BeliefQ_Choice_First_Order,<qLKSiki> MAD R2 S7,MAD,<qLKSiki>,0.4805194805194805,0.502896599458671,77,0.368191123226633,0.5928478378123281,2.0,7.0
143,FANToM,BeliefQ_Choice_First_Order,<qLKSiki> MAD R3 S3,MAD,<qLKSiki>,0.5064935064935064,0.5032362797401965,77,0.3940892772856975,0.6188977357013155,3.0,3.0
144,FANToM,BeliefQ_Choice_First_Order,<qLKSiki> MAD R3 S5,MAD,<qLKSiki>,0.4805194805194805,0.5028965994586712,77,0.36819112322663294,0.5928478378123281,3.0,5.0
145,FANToM,BeliefQ_Choice_First_Order,<qLKSiki> MAD R3 S7,MAD,<qLKSiki>,0.4675324675324675,0.5022165496554036,77,0.3553560080201192,0.5797089270448159,3.0,7.0
161,FANToM,BeliefQ_Choice_First_Order,Mixed-A MAD R3 S7,MAD,Mixed,0.35064935064935066,0.4803023654629546,77,0.24336770314090211,0.4579309981577992,3.0,7.0
163,FANToM,BeliefQ_Choice_First_Order,Mixed-B MAD R3 S7,MAD,Mixed,0.35064935064935066,0.48030236546295463,77,0.2433677031409021,0.45793099815779925,3.0,7.0
167,FANToM,BeliefQ_Choice_Second_Order_Acyclic,<Rc3kmmq> MAD R1 S3,MAD,<Rc3kmmq>,0.4230769230769231,0.5038314736557788,26,0.2294103395832027,0.6167435065706435,1.0,3.0
168,FANToM,BeliefQ_Choice_Second_Order_Acyclic,<Rc3kmmq> MAD R1 S5,MAD,<Rc3kmmq>,0.46153846153846156,0.5083911274417939,26,0.2661192035557015,0.6569577195212216,1.0,5.0
169,FANToM,BeliefQ_Choice_Second_Order_Acyclic,<Rc3kmmq> MAD R1 S7,MAD,<Rc3kmmq>,0.4230769230769231,0.5038314736557788,26,0.2294103395832027,0.6167435065706435,1.0,7.0
170,FANToM,BeliefQ_Choice_Second_Order_Acyclic,<Rc3kmmq> MAD R2 S3,MAD,<Rc3kmmq>,0.5,0.5099019513592784,26,0.30400000000000005,0.696,2.0,3.0
171,FANToM,BeliefQ_Choice_Second_Order_Acyclic,<Rc3kmmq> MAD R2 S5,MAD,<Rc3kmmq>,0.5,0.5099019513592784,26,0.30400000000000005,0.696,2.0,5.0
172,FANToM,BeliefQ_Choice_Second_Order_Acyclic,<Rc3kmmq> MAD R2 S7,MAD,<Rc3kmmq>,0.4230769230769231,0.503831473655779,26,0.22941033958320264,0.6167435065706435,2.0,7.0
173,FANToM,BeliefQ_Choice_Second_Order_Acyclic,<Rc3kmmq> MAD R3 S3,MAD,<Rc3kmmq>,0.5384615384615384,0.5083911274417939,26,0.3430422804787784,0.7338807964442985,3.0,3.0
174,FANToM,BeliefQ_Choice_Second_Order_Acyclic,<Rc3kmmq> MAD R3 S5,MAD,<Rc3kmmq>,0.46153846153846156,0.5083911274417939,26,0.2661192035557015,0.6569577195212216,3.0,5.0
175,FANToM,BeliefQ_Choice_Second_Order_Acyclic,<Rc3kmmq> MAD R3 S7,MAD,<Rc3kmmq>,0.5384615384615384,0.5083911274417939,26,0.3430422804787784,0.7338807964442985,3.0,7.0
192,FANToM,BeliefQ_Choice_Second_Order_Acyclic,<qLKSiki> MAD R1 S3,MAD,<qLKSiki>,0.4230769230769231,0.5038314736557788,26,0.2294103395832027,0.6167435065706435,1.0,3.0
193,FANToM,BeliefQ_Choice_Second_Order_Acyclic,<qLKSiki> MAD R1 S5,MAD,<qLKSiki>,0.4230769230769231,0.5038314736557788,26,0.2294103395832027,0.6167435065706435,1.0,5.0
194,FANToM,BeliefQ_Choice_Second_Order_Acyclic,<qLKSiki> MAD R1 S7,MAD,<qLKSiki>,0.38461538461538464,0.4961389383568337,26,0.1939057164944609,0.5753250527363084,1.0,7.0
195,FANToM,BeliefQ_Choice_Second_Order_Acyclic,<qLKSiki> MAD R2 S3,MAD,<qLKSiki>,0.4230769230769231,0.503831473655779,26,0.22941033958320264,0.6167435065706435,2.0,3.0
196,FANToM,BeliefQ_Choice_Second_Order_Acyclic,<qLKSiki> MAD R2 S5,MAD,<qLKSiki>,0.5384615384615384,0.508391127441794,26,0.3430422804787783,0.7338807964442986,2.0,5.0
197,FANToM,BeliefQ_Choice_Second_Order_Acyclic,<qLKSiki> MAD R2 S7,MAD,<qLKSiki>,0.4230769230769231,0.5038314736557788,26,0.2294103395832027,0.6167435065706435,2.0,7.0
198,FANToM,BeliefQ_Choice_Second_Order_Acyclic,<qLKSiki> MAD R3 S3,MAD,<qLKSiki>,0.46153846153846156,0.508391127441794,26,0.26611920355570146,0.6569577195212217,3.0,3.0
199,FANToM,BeliefQ_Choice_Second_Order_Acyclic,<qLKSiki> MAD R3 S5,MAD,<qLKSiki>,0.5,0.5099019513592785,26,0.30399999999999994,0.6960000000000001,3.0,5.0
200,FANToM,BeliefQ_Choice_Second_Order_Acyclic,<qLKSiki> MAD R3 S7,MAD,<qLKSiki>,0.4230769230769231,0.503831473655779,26,0.22941033958320264,0.6167435065706435,3.0,7.0
216,FANToM,BeliefQ_Choice_Second_Order_Acyclic,Mixed-A MAD R3 S7,MAD,Mixed,0.5769230769230769,0.5038314736557788,26,0.3832564934293565,0.7705896604167972,3.0,7.0
218,FANToM,BeliefQ_Choice_Second_Order_Acyclic,Mixed-B MAD R3 S7,MAD,Mixed,0.4230769230769231,0.5038314736557788,26,0.2294103395832027,0.6167435065706435,3.0,7.0
222,FANToM,BeliefQ_Choice_Second_Order_Cyclic,<Rc3kmmq> MAD R1 S3,MAD,<Rc3kmmq>,0.4444444444444444,0.5063696835418333,27,0.2534406980175803,0.6354481908713085,1.0,3.0
223,FANToM,BeliefQ_Choice_Second_Order_Cyclic,<Rc3kmmq> MAD R1 S5,MAD,<Rc3kmmq>,0.4444444444444444,0.5063696835418333,27,0.2534406980175803,0.6354481908713085,1.0,5.0
224,FANToM,BeliefQ_Choice_Second_Order_Cyclic,<Rc3kmmq> MAD R1 S7,MAD,<Rc3kmmq>,0.48148148148148145,0.5091750772173156,27,0.28941953445605195,0.673543428506911,1.0,7.0
225,FANToM,BeliefQ_Choice_Second_Order_Cyclic,<Rc3kmmq> MAD R2 S3,MAD,<Rc3kmmq>,0.5185185185185185,0.5091750772173156,27,0.32645657149308893,0.710580465543948,2.0,3.0
226,FANToM,BeliefQ_Choice_Second_Order_Cyclic,<Rc3kmmq> MAD R2 S5,MAD,<Rc3kmmq>,0.5555555555555556,0.5063696835418334,27,0.36455180912869145,0.7465593019824197,2.0,5.0
227,FANToM,BeliefQ_Choice_Second_Order_Cyclic,<Rc3kmmq> MAD R2 S7,MAD,<Rc3kmmq>,0.5555555555555556,0.5063696835418334,27,0.36455180912869145,0.7465593019824197,2.0,7.0
228,FANToM,BeliefQ_Choice_Second_Order_Cyclic,<Rc3kmmq> MAD R3 S3,MAD,<Rc3kmmq>,0.5185185185185185,0.5091750772173156,27,0.32645657149308893,0.710580465543948,3.0,3.0
229,FANToM,BeliefQ_Choice_Second_Order_Cyclic,<Rc3kmmq> MAD R3 S5,MAD,<Rc3kmmq>,0.6296296296296297,0.4921028776234113,27,0.4440073534379172,0.8152519058213421,3.0,5.0
230,FANToM,BeliefQ_Choice_Second_Order_Cyclic,<Rc3kmmq> MAD R3 S7,MAD,<Rc3kmmq>,0.5555555555555556,0.5063696835418334,27,0.36455180912869145,0.7465593019824197,3.0,7.0
247,FANToM,BeliefQ_Choice_Second_Order_Cyclic,<qLKSiki> MAD R1 S3,MAD,<qLKSiki>,0.5185185185185185,0.5091750772173156,27,0.32645657149308893,0.710580465543948,1.0,3.0
248,FANToM,BeliefQ_Choice_Second_Order_Cyclic,<qLKSiki> MAD R1 S5,MAD,<qLKSiki>,0.5185185185185185,0.5091750772173156,27,0.32645657149308893,0.710580465543948,1.0,5.0
249,FANToM,BeliefQ_Choice_Second_Order_Cyclic,<qLKSiki> MAD R1 S7,MAD,<qLKSiki>,0.5185185185185185,0.5091750772173156,27,0.32645657149308893,0.710580465543948,1.0,7.0
250,FANToM,BeliefQ_Choice_Second_Order_Cyclic,<qLKSiki> MAD R2 S3,MAD,<qLKSiki>,0.5185185185185185,0.5091750772173156,27,0.32645657149308893,0.710580465543948,2.0,3.0
251,FANToM,BeliefQ_Choice_Second_Order_Cyclic,<qLKSiki> MAD R2 S5,MAD,<qLKSiki>,0.5555555555555556,0.5063696835418334,27,0.36455180912869145,0.7465593019824197,2.0,5.0
252,FANToM,BeliefQ_Choice_Second_Order_Cyclic,<qLKSiki> MAD R2 S7,MAD,<qLKSiki>,0.5555555555555556,0.5063696835418333,27,0.36455180912869145,0.7465593019824197,2.0,7.0
253,FANToM,BeliefQ_Choice_Second_Order_Cyclic,<qLKSiki> MAD R3 S3,MAD,<qLKSiki>,0.4444444444444444,0.5063696835418333,27,0.2534406980175803,0.6354481908713085,3.0,3.0
254,FANToM,BeliefQ_Choice_Second_Order_Cyclic,<qLKSiki> MAD R3 S5,MAD,<qLKSiki>,0.48148148148148145,0.5091750772173156,27,0.28941953445605195,0.673543428506911,3.0,5.0
255,FANToM,BeliefQ_Choice_Second_Order_Cyclic,<qLKSiki> MAD R3 S7,MAD,<qLKSiki>,0.5185185185185185,0.5091750772173156,27,0.32645657149308893,0.710580465543948,3.0,7.0
271,FANToM,BeliefQ_Choice_Second_Order_Cyclic,Mixed-A MAD R3 S7,MAD,Mixed,0.6296296296296297,0.4921028776234113,27,0.4440073534379172,0.8152519058213421,3.0,7.0
273,FANToM,BeliefQ_Choice_Second_Order_Cyclic,Mixed-B MAD R3 S7,MAD,Mixed,0.4074074074074074,0.5007117441325405,27,0.21853784803667226,0.5962769667781425,3.0,7.0
277,FANToM,BeliefQ_Dist_First_Order,<Rc3kmmq> MAD R1 S3,MAD,<Rc3kmmq>,0.06493506493506493,0.24802707501094023,77,0.009535060381209493,0.12033506948892037,1.0,3.0
278,FANToM,BeliefQ_Dist_First_Order,<Rc3kmmq> MAD R1 S5,MAD,<Rc3kmmq>,0.07792207792207792,0.26980664452011627,77,0.01765732926745791,0.13818682657669792,1.0,5.0
279,FANToM,BeliefQ_Dist_First_Order,<Rc3kmmq> MAD R1 S7,MAD,<Rc3kmmq>,0.06493506493506493,0.2480270750109402,77,0.0095350603812095,0.12033506948892037,1.0,7.0
280,FANToM,BeliefQ_Dist_First_Order,<Rc3kmmq> MAD R2 S3,MAD,<Rc3kmmq>,0.1038961038961039,0.3071265633345206,77,0.03529547629691174,0.17249673149529607,2.0,3.0
281,FANToM,BeliefQ_Dist_First_Order,<Rc3kmmq> MAD R2 S5,MAD,<Rc3kmmq>,0.11688311688311688,0.3233877407933399,77,0.04465034829597048,0.18911588547026328,2.0,5.0
282,FANToM,BeliefQ_Dist_First_Order,<Rc3kmmq> MAD R2 S7,MAD,<Rc3kmmq>,0.12987012987012986,0.33836485099003605,77,0.05429203306402201,0.2054482266762377,2.0,7.0
283,FANToM,BeliefQ_Dist_First_Order,<Rc3kmmq> MAD R3 S3,MAD,<Rc3kmmq>,0.07792207792207792,0.26980664452011627,77,0.01765732926745791,0.13818682657669792,3.0,3.0
284,FANToM,BeliefQ_Dist_First_Order,<Rc3kmmq> MAD R3 S5,MAD,<Rc3kmmq>,0.09090909090909091,0.28936492084609694,77,0.026275752262926236,0.1555424295552556,3.0,5.0
285,FANToM,BeliefQ_Dist_First_Order,<Rc3kmmq> MAD R3 S7,MAD,<Rc3kmmq>,0.11688311688311688,0.3233877407933399,77,0.04465034829597048,0.18911588547026328,3.0,7.0
302,FANToM,BeliefQ_Dist_First_Order,<qLKSiki> MAD R1 S3,MAD,<qLKSiki>,0.15584415584415584,0.36508596914523056,77,0.07429755714196835,0.23739075454634334,1.0,3.0
303,FANToM,BeliefQ_Dist_First_Order,<qLKSiki> MAD R1 S5,MAD,<qLKSiki>,0.16883116883116883,0.37705916758225944,77,0.08461020384092044,0.2530521338214172,1.0,5.0
304,FANToM,BeliefQ_Dist_First_Order,<qLKSiki> MAD R1 S7,MAD,<qLKSiki>,0.12987012987012986,0.338364850990036,77,0.05429203306402203,0.2054482266762377,1.0,7.0
305,FANToM,BeliefQ_Dist_First_Order,<qLKSiki> MAD R2 S3,MAD,<qLKSiki>,0.24675324675324675,0.43394894666502903,77,0.14982522540588794,0.34368126810060556,2.0,3.0
306,FANToM,BeliefQ_Dist_First_Order,<qLKSiki> MAD R2 S5,MAD,<qLKSiki>,0.2987012987012987,0.46068984500178084,77,0.19580035730251044,0.40160224010008694,2.0,5.0
307,FANToM,BeliefQ_Dist_First_Order,<qLKSiki> MAD R2 S7,MAD,<qLKSiki>,0.22077922077922077,0.4174917781534154,77,0.12752711751639667,0.31403132404204487,2.0,7.0
308,FANToM,BeliefQ_Dist_First_Order,<qLKSiki> MAD R3 S3,MAD,<qLKSiki>,0.23376623376623376,0.42600049098389964,77,0.13861360117799032,0.3289188663544772,3.0,3.0
309,FANToM,BeliefQ_Dist_First_Order,<qLKSiki> MAD R3 S5,MAD,<qLKSiki>,0.33766233766233766,0.4760138656314653,77,0.2313385811832585,0.4439860941414168,3.0,5.0
310,FANToM,BeliefQ_Dist_First_Order,<qLKSiki> MAD R3 S7,MAD,<qLKSiki>,0.2857142857142857,0.4547163041867237,77,0.18414761069888408,0.3872809607296873,3.0,7.0
326,FANToM,BeliefQ_Dist_First_Order,Mixed-A MAD R3 S7,MAD,Mixed,0.19480519480519481,0.3986477484460184,77,0.10576214545939462,0.283848244150995,3.0,7.0
328,FANToM,BeliefQ_Dist_First_Order,Mixed-B MAD R3 S7,MAD,Mixed,0.16883116883116883,0.37705916758225944,77,0.08461020384092044,0.2530521338214172,3.0,7.0
332,FANToM,BeliefQ_Dist_First_Order_TokenF1,<Rc3kmmq> MAD R1 S3,MAD,<Rc3kmmq>,0.2799798348240585,0.0888847785352027,77,0.260126288047355,0.29983338160076206,1.0,3.0
333,FANToM,BeliefQ_Dist_First_Order_TokenF1,<Rc3kmmq> MAD R1 S5,MAD,<Rc3kmmq>,0.2815829248537908,0.08780080784264394,77,0.26197149673006637,0.3011943529775152,1.0,5.0
334,FANToM,BeliefQ_Dist_First_Order_TokenF1,<Rc3kmmq> MAD R1 S7,MAD,<Rc3kmmq>,0.2813937851429552,0.09330250571941093,77,0.26055348276260626,0.30223408752330416,1.0,7.0
335,FANToM,BeliefQ_Dist_First_Order_TokenF1,<Rc3kmmq> MAD R2 S3,MAD,<Rc3kmmq>,0.22435930374790583,0.07079014097086601,77,0.20854742461341594,0.24017118288239572,2.0,3.0
336,FANToM,BeliefQ_Dist_First_Order_TokenF1,<Rc3kmmq> MAD R2 S5,MAD,<Rc3kmmq>,0.21452005654586076,0.0759153555505606,77,0.19756339549172744,0.23147671759999408,2.0,5.0
337,FANToM,BeliefQ_Dist_First_Order_TokenF1,<Rc3kmmq> MAD R2 S7,MAD,<Rc3kmmq>,0.21609583000491864,0.07685381375957179,77,0.19892955236336024,0.23326210764647703,2.0,7.0
338,FANToM,BeliefQ_Dist_First_Order_TokenF1,<Rc3kmmq> MAD R3 S3,MAD,<Rc3kmmq>,0.20423414572488757,0.07258150799920929,77,0.18802214196076414,0.220446149489011,3.0,3.0
339,FANToM,BeliefQ_Dist_First_Order_TokenF1,<Rc3kmmq> MAD R3 S5,MAD,<Rc3kmmq>,0.20501582437199356,0.06940697223942334,77,0.18951289358121692,0.2205187551627702,3.0,5.0
340,FANToM,BeliefQ_Dist_First_Order_TokenF1,<Rc3kmmq> MAD R3 S7,MAD,<Rc3kmmq>,0.1994834044577321,0.07185382953593245,77,0.18343393694162716,0.21553287197383705,3.0,7.0
357,FANToM,BeliefQ_Dist_First_Order_TokenF1,<qLKSiki> MAD R1 S3,MAD,<qLKSiki>,0.2808428929619114,0.09263094062774078,77,0.26015259319371714,0.30153319273010565,1.0,3.0
358,FANToM,BeliefQ_Dist_First_Order_TokenF1,<qLKSiki> MAD R1 S5,MAD,<qLKSiki>,0.28617084379660057,0.0897856298580883,77,0.2661160804092185,0.3062256071839826,1.0,5.0
359,FANToM,BeliefQ_Dist_First_Order_TokenF1,<qLKSiki> MAD R1 S7,MAD,<qLKSiki>,0.28438607719110726,0.09170501565458795,77,0.2639025945525628,0.3048695598296517,1.0,7.0
360,FANToM,BeliefQ_Dist_First_Order_TokenF1,<qLKSiki> MAD R2 S3,MAD,<qLKSiki>,0.2476664713120678,0.08290359148486184,77,0.22914889880273698,0.2661840438213986,2.0,3.0
361,FANToM,BeliefQ_Dist_First_Order_TokenF1,<qLKSiki> MAD R2 S5,MAD,<qLKSiki>,0.23687113508837687,0.07407317647391043,77,0.22032594818169676,0.253416321995057,2.0,5.0
362,FANToM,BeliefQ_Dist_First_Order_TokenF1,<qLKSiki> MAD R2 S7,MAD,<qLKSiki>,0.242591161922869,0.07648118520986372,77,0.2255081156113975,0.2596742082343405,2.0,7.0
363,FANToM,BeliefQ_Dist_First_Order_TokenF1,<qLKSiki> MAD R3 S3,MAD,<qLKSiki>,0.23201701064692407,0.07264236102281321,77,0.21579141458532816,0.24824260670851997,3.0,3.0
364,FANToM,BeliefQ_Dist_First_Order_TokenF1,<qLKSiki> MAD R3 S5,MAD,<qLKSiki>,0.21002552845310016,0.06499379122632683,77,0.195508337820779,0.2245427190854213,3.0,5.0
365,FANToM,BeliefQ_Dist_First_Order_TokenF1,<qLKSiki> MAD R3 S7,MAD,<qLKSiki>,0.21529519927514282,0.07453457216007466,77,0.19864695376845504,0.2319434447818306,3.0,7.0
381,FANToM,BeliefQ_Dist_First_Order_TokenF1,Mixed-A MAD R3 S7,MAD,Mixed,0.2238414929343357,0.08139608518884085,77,0.20566064114656663,0.24202234472210477,3.0,7.0
383,FANToM,BeliefQ_Dist_First_Order_TokenF1,Mixed-B MAD R3 S7,MAD,Mixed,0.21824807601250412,0.0721811896922024,77,0.20212548843824704,0.2343706635867612,3.0,7.0
387,FANToM,BeliefQ_Dist_Second_Order_Acyclic,<Rc3kmmq> MAD R1 S3,MAD,<Rc3kmmq>,0.4230769230769231,0.5038314736557788,26,0.2294103395832027,0.6167435065706435,1.0,3.0
388,FANToM,BeliefQ_Dist_Second_Order_Acyclic,<Rc3kmmq> MAD R1 S5,MAD,<Rc3kmmq>,0.4230769230769231,0.5038314736557788,26,0.2294103395832027,0.6167435065706435,1.0,5.0
389,FANToM,BeliefQ_Dist_Second_Order_Acyclic,<Rc3kmmq> MAD R1 S7,MAD,<Rc3kmmq>,0.46153846153846156,0.508391127441794,26,0.26611920355570146,0.6569577195212217,1.0,7.0
390,FANToM,BeliefQ_Dist_Second_Order_Acyclic,<Rc3kmmq> MAD R2 S3,MAD,<Rc3kmmq>,0.46153846153846156,0.508391127441794,26,0.26611920355570146,0.6569577195212217,2.0,3.0
391,FANToM,BeliefQ_Dist_Second_Order_Acyclic,<Rc3kmmq> MAD R2 S5,MAD,<Rc3kmmq>,0.46153846153846156,0.508391127441794,26,0.26611920355570146,0.6569577195212217,2.0,5.0
392,FANToM,BeliefQ_Dist_Second_Order_Acyclic,<Rc3kmmq> MAD R2 S7,MAD,<Rc3kmmq>,0.46153846153846156,0.508391127441794,26,0.26611920355570146,0.6569577195212217,2.0,7.0
393,FANToM,BeliefQ_Dist_Second_Order_Acyclic,<Rc3kmmq> MAD R3 S3,MAD,<Rc3kmmq>,0.5,0.5099019513592784,26,0.30400000000000005,0.696,3.0,3.0
394,FANToM,BeliefQ_Dist_Second_Order_Acyclic,<Rc3kmmq> MAD R3 S5,MAD,<Rc3kmmq>,0.38461538461538464,0.4961389383568338,26,0.19390571649446084,0.5753250527363084,3.0,5.0
395,FANToM,BeliefQ_Dist_Second_Order_Acyclic,<Rc3kmmq> MAD R3 S7,MAD,<Rc3kmmq>,0.46153846153846156,0.508391127441794,26,0.26611920355570146,0.6569577195212217,3.0,7.0
412,FANToM,BeliefQ_Dist_Second_Order_Acyclic,<qLKSiki> MAD R1 S3,MAD,<qLKSiki>,0.2692307692307692,0.45234432086120485,26,0.0953552101111172,0.44310632835042124,1.0,3.0
413,FANToM,BeliefQ_Dist_Second_Order_Acyclic,<qLKSiki> MAD R1 S5,MAD,<qLKSiki>,0.38461538461538464,0.4961389383568338,26,0.19390571649446084,0.5753250527363084,1.0,5.0
414,FANToM,BeliefQ_Dist_Second_Order_Acyclic,<qLKSiki> MAD R1 S7,MAD,<qLKSiki>,0.4230769230769231,0.5038314736557788,26,0.2294103395832027,0.6167435065706435,1.0,7.0
415,FANToM,BeliefQ_Dist_Second_Order_Acyclic,<qLKSiki> MAD R2 S3,MAD,<qLKSiki>,0.5384615384615384,0.508391127441794,26,0.3430422804787783,0.7338807964442986,2.0,3.0
416,FANToM,BeliefQ_Dist_Second_Order_Acyclic,<qLKSiki> MAD R2 S5,MAD,<qLKSiki>,0.5,0.5099019513592785,26,0.30399999999999994,0.6960000000000001,2.0,5.0
417,FANToM,BeliefQ_Dist_Second_Order_Acyclic,<qLKSiki> MAD R2 S7,MAD,<qLKSiki>,0.4230769230769231,0.503831473655779,26,0.22941033958320264,0.6167435065706435,2.0,7.0
418,FANToM,BeliefQ_Dist_Second_Order_Acyclic,<qLKSiki> MAD R3 S3,MAD,<qLKSiki>,0.5384615384615384,0.508391127441794,26,0.3430422804787783,0.7338807964442986,3.0,3.0
419,FANToM,BeliefQ_Dist_Second_Order_Acyclic,<qLKSiki> MAD R3 S5,MAD,<qLKSiki>,0.6538461538461539,0.4851645240375839,26,0.46735491477975505,0.8403373929125526,3.0,5.0
420,FANToM,BeliefQ_Dist_Second_Order_Acyclic,<qLKSiki> MAD R3 S7,MAD,<qLKSiki>,0.6153846153846154,0.4961389383568338,26,0.4246749472636916,0.8060942835055392,3.0,7.0
436,FANToM,BeliefQ_Dist_Second_Order_Acyclic,Mixed-A MAD R3 S7,MAD,Mixed,0.46153846153846156,0.5083911274417939,26,0.2661192035557015,0.6569577195212216,3.0,7.0
438,FANToM,BeliefQ_Dist_Second_Order_Acyclic,Mixed-B MAD R3 S7,MAD,Mixed,0.5,0.5099019513592785,26,0.30399999999999994,0.6960000000000001,3.0,7.0
442,FANToM,BeliefQ_Dist_Second_Order_Acyclic_TokenF1,<Rc3kmmq> MAD R1 S3,MAD,<Rc3kmmq>,0.22102406770589694,0.09070127318613995,26,0.18615962073311534,0.25588851467867857,1.0,3.0
443,FANToM,BeliefQ_Dist_Second_Order_Acyclic_TokenF1,<Rc3kmmq> MAD R1 S5,MAD,<Rc3kmmq>,0.209044015737588,0.050819136250412365,26,0.18950976865630434,0.22857826281887164,1.0,5.0
444,FANToM,BeliefQ_Dist_Second_Order_Acyclic_TokenF1,<Rc3kmmq> MAD R1 S7,MAD,<Rc3kmmq>,0.1999468253584817,0.05955594535876061,26,0.17705425697509014,0.22283939374187328,1.0,7.0
445,FANToM,BeliefQ_Dist_Second_Order_Acyclic_TokenF1,<Rc3kmmq> MAD R2 S3,MAD,<Rc3kmmq>,0.1665513579565361,0.03773239079724545,26,0.15204749387728456,0.18105522203578767,2.0,3.0
446,FANToM,BeliefQ_Dist_Second_Order_Acyclic_TokenF1,<Rc3kmmq> MAD R2 S5,MAD,<Rc3kmmq>,0.16599084970855552,0.06119562278231896,26,0.14246800961476802,0.189513689802343,2.0,5.0
447,FANToM,BeliefQ_Dist_Second_Order_Acyclic_TokenF1,<Rc3kmmq> MAD R2 S7,MAD,<Rc3kmmq>,0.17731224314632957,0.05328438676479212,26,0.15683038427511187,0.19779410201754727,2.0,7.0
448,FANToM,BeliefQ_Dist_Second_Order_Acyclic_TokenF1,<Rc3kmmq> MAD R3 S3,MAD,<Rc3kmmq>,0.16186991696672487,0.04761351557630088,26,0.1435678708025998,0.18017196313084993,3.0,3.0
449,FANToM,BeliefQ_Dist_Second_Order_Acyclic_TokenF1,<Rc3kmmq> MAD R3 S5,MAD,<Rc3kmmq>,0.15741090988375545,0.05107259652619963,26,0.13777923580906282,0.17704258395844807,3.0,5.0
450,FANToM,BeliefQ_Dist_Second_Order_Acyclic_TokenF1,<Rc3kmmq> MAD R3 S7,MAD,<Rc3kmmq>,0.15553330685969055,0.0496864559187106,26,0.13643444808084765,0.17463216563853345,3.0,7.0
467,FANToM,BeliefQ_Dist_Second_Order_Acyclic_TokenF1,<qLKSiki> MAD R1 S3,MAD,<qLKSiki>,0.24848624110227288,0.09248769971768861,26,0.21293511387802302,0.2840373683265227,1.0,3.0
468,FANToM,BeliefQ_Dist_Second_Order_Acyclic_TokenF1,<qLKSiki> MAD R1 S5,MAD,<qLKSiki>,0.23860812142772952,0.09635989416002326,26,0.2015685705787526,0.27564767227670645,1.0,5.0
469,FANToM,BeliefQ_Dist_Second_Order_Acyclic_TokenF1,<qLKSiki> MAD R1 S7,MAD,<qLKSiki>,0.244218170078184,0.09908588518759574,26,0.20613078201269924,0.28230555814366876,1.0,7.0
470,FANToM,BeliefQ_Dist_Second_Order_Acyclic_TokenF1,<qLKSiki> MAD R2 S3,MAD,<qLKSiki>,0.19259137675365054,0.061635461676115076,26,0.16889946803215095,0.21628328547515013,2.0,3.0
471,FANToM,BeliefQ_Dist_Second_Order_Acyclic_TokenF1,<qLKSiki> MAD R2 S5,MAD,<qLKSiki>,0.1970491328943344,0.05562571239399717,26,0.17566729742545734,0.21843096836321146,2.0,5.0
472,FANToM,BeliefQ_Dist_Second_Order_Acyclic_TokenF1,<qLKSiki> MAD R2 S7,MAD,<qLKSiki>,0.19131603786646806,0.07444283941726865,26,0.16270113163422276,0.21993094409871336,2.0,7.0
473,FANToM,BeliefQ_Dist_Second_Order_Acyclic_TokenF1,<qLKSiki> MAD R3 S3,MAD,<qLKSiki>,0.1776671999852619,0.05473692998052656,26,0.15662700147732578,0.19870739849319802,3.0,3.0
474,FANToM,BeliefQ_Dist_Second_Order_Acyclic_TokenF1,<qLKSiki> MAD R3 S5,MAD,<qLKSiki>,0.16513153061525987,0.047801066670702476,26,0.14675739213141584,0.1835056690991039,3.0,5.0
475,FANToM,BeliefQ_Dist_Second_Order_Acyclic_TokenF1,<qLKSiki> MAD R3 S7,MAD,<qLKSiki>,0.16628483417578915,0.04571038360500522,26,0.14871432838992618,0.18385533996165213,3.0,7.0
491,FANToM,BeliefQ_Dist_Second_Order_Acyclic_TokenF1,Mixed-A MAD R3 S7,MAD,Mixed,0.16990150470466425,0.05303353854339444,26,0.1495160687854727,0.19028694062385582,3.0,7.0
493,FANToM,BeliefQ_Dist_Second_Order_Acyclic_TokenF1,Mixed-B MAD R3 S7,MAD,Mixed,0.16165795423717247,0.04814480794492434,26,0.14315168586136023,0.1801642226129847,3.0,7.0
497,FANToM,BeliefQ_Dist_Second_Order_Cyclic,<Rc3kmmq> MAD R1 S3,MAD,<Rc3kmmq>,0.3333333333333333,0.4803844614152613,27,0.15213126923309184,0.5145353974335748,1.0,3.0
498,FANToM,BeliefQ_Dist_Second_Order_Cyclic,<Rc3kmmq> MAD R1 S5,MAD,<Rc3kmmq>,0.3333333333333333,0.4803844614152614,27,0.1521312692330918,0.5145353974335748,1.0,5.0
499,FANToM,BeliefQ_Dist_Second_Order_Cyclic,<Rc3kmmq> MAD R1 S7,MAD,<Rc3kmmq>,0.37037037037037035,0.49210287762341137,27,0.1847480941786579,0.5559926465620828,1.0,7.0
500,FANToM,BeliefQ_Dist_Second_Order_Cyclic,<Rc3kmmq> MAD R2 S3,MAD,<Rc3kmmq>,0.4444444444444444,0.5063696835418332,27,0.2534406980175803,0.6354481908713085,2.0,3.0
501,FANToM,BeliefQ_Dist_Second_Order_Cyclic,<Rc3kmmq> MAD R2 S5,MAD,<Rc3kmmq>,0.2962962962962963,0.4653216269680752,27,0.12077596612431138,0.47181662646828115,2.0,5.0
502,FANToM,BeliefQ_Dist_Second_Order_Cyclic,<Rc3kmmq> MAD R2 S7,MAD,<Rc3kmmq>,0.3333333333333333,0.4803844614152614,27,0.1521312692330918,0.5145353974335748,2.0,7.0
503,FANToM,BeliefQ_Dist_Second_Order_Cyclic,<Rc3kmmq> MAD R3 S3,MAD,<Rc3kmmq>,0.25925925925925924,0.44657608470472243,27,0.09080978841688445,0.427708730101634,3.0,3.0
504,FANToM,BeliefQ_Dist_Second_Order_Cyclic,<Rc3kmmq> MAD R3 S5,MAD,<Rc3kmmq>,0.37037037037037035,0.49210287762341126,27,0.18474809417865795,0.5559926465620828,3.0,5.0
505,FANToM,BeliefQ_Dist_Second_Order_Cyclic,<Rc3kmmq> MAD R3 S7,MAD,<Rc3kmmq>,0.2962962962962963,0.4653216269680752,27,0.12077596612431138,0.47181662646828115,3.0,7.0
522,FANToM,BeliefQ_Dist_Second_Order_Cyclic,<qLKSiki> MAD R1 S3,MAD,<qLKSiki>,0.2962962962962963,0.4653216269680752,27,0.12077596612431138,0.47181662646828115,1.0,3.0
523,FANToM,BeliefQ_Dist_Second_Order_Cyclic,<qLKSiki> MAD R1 S5,MAD,<qLKSiki>,0.3333333333333333,0.4803844614152614,27,0.1521312692330918,0.5145353974335748,1.0,5.0
524,FANToM,BeliefQ_Dist_Second_Order_Cyclic,<qLKSiki> MAD R1 S7,MAD,<qLKSiki>,0.2222222222222222,0.4236592728681617,27,0.062417022668614236,0.38202742177583016,1.0,7.0
525,FANToM,BeliefQ_Dist_Second_Order_Cyclic,<qLKSiki> MAD R2 S3,MAD,<qLKSiki>,0.5185185185185185,0.5091750772173156,27,0.32645657149308893,0.710580465543948,2.0,3.0
526,FANToM,BeliefQ_Dist_Second_Order_Cyclic,<qLKSiki> MAD R2 S5,MAD,<qLKSiki>,0.4444444444444444,0.5063696835418332,27,0.2534406980175803,0.6354481908713085,2.0,5.0
527,FANToM,BeliefQ_Dist_Second_Order_Cyclic,<qLKSiki> MAD R2 S7,MAD,<qLKSiki>,0.5555555555555556,0.5063696835418334,27,0.36455180912869145,0.7465593019824197,2.0,7.0
528,FANToM,BeliefQ_Dist_Second_Order_Cyclic,<qLKSiki> MAD R3 S3,MAD,<qLKSiki>,0.5185185185185185,0.5091750772173156,27,0.32645657149308893,0.710580465543948,3.0,3.0
529,FANToM,BeliefQ_Dist_Second_Order_Cyclic,<qLKSiki> MAD R3 S5,MAD,<qLKSiki>,0.5185185185185185,0.5091750772173155,27,0.326456571493089,0.710580465543948,3.0,5.0
530,FANToM,BeliefQ_Dist_Second_Order_Cyclic,<qLKSiki> MAD R3 S7,MAD,<qLKSiki>,0.37037037037037035,0.4921028776234113,27,0.18474809417865792,0.5559926465620828,3.0,7.0
546,FANToM,BeliefQ_Dist_Second_Order_Cyclic,Mixed-A MAD R3 S7,MAD,Mixed,0.3333333333333333,0.4803844614152614,27,0.1521312692330918,0.5145353974335748,3.0,7.0
548,FANToM,BeliefQ_Dist_Second_Order_Cyclic,Mixed-B MAD R3 S7,MAD,Mixed,0.25925925925925924,0.44657608470472243,27,0.09080978841688445,0.427708730101634,3.0,7.0
552,FANToM,BeliefQ_Dist_Second_Order_Cyclic_TokenF1,<Rc3kmmq> MAD R1 S3,MAD,<Rc3kmmq>,0.20807152543725285,0.0793737091355911,27,0.1781315896443913,0.2380114612301144,1.0,3.0
553,FANToM,BeliefQ_Dist_Second_Order_Cyclic_TokenF1,<Rc3kmmq> MAD R1 S5,MAD,<Rc3kmmq>,0.2235416640676094,0.0792380507375303,27,0.19365289891767148,0.25343042921754727,1.0,5.0
554,FANToM,BeliefQ_Dist_Second_Order_Cyclic_TokenF1,<Rc3kmmq> MAD R1 S7,MAD,<Rc3kmmq>,0.20301834142120792,0.06300971325782385,27,0.17925094047937698,0.22678574236303886,1.0,7.0
555,FANToM,BeliefQ_Dist_Second_Order_Cyclic_TokenF1,<Rc3kmmq> MAD R2 S3,MAD,<Rc3kmmq>,0.16797203889985873,0.05324814362793147,27,0.14788672326233512,0.18805735453738234,2.0,3.0
556,FANToM,BeliefQ_Dist_Second_Order_Cyclic_TokenF1,<Rc3kmmq> MAD R2 S5,MAD,<Rc3kmmq>,0.16512352217570847,0.054971245842939796,27,0.14438824863343636,0.18585879571798058,2.0,5.0
557,FANToM,BeliefQ_Dist_Second_Order_Cyclic_TokenF1,<Rc3kmmq> MAD R2 S7,MAD,<Rc3kmmq>,0.16092653799631867,0.05290745442832766,27,0.14096973106618121,0.18088334492645614,2.0,7.0
558,FANToM,BeliefQ_Dist_Second_Order_Cyclic_TokenF1,<Rc3kmmq> MAD R3 S3,MAD,<Rc3kmmq>,0.16046031222874135,0.05135040517824785,27,0.14109082766367162,0.1798297967938111,3.0,3.0
559,FANToM,BeliefQ_Dist_Second_Order_Cyclic_TokenF1,<Rc3kmmq> MAD R3 S5,MAD,<Rc3kmmq>,0.1530484160594014,0.050607097385336045,27,0.13395930881115953,0.17213752330764326,3.0,5.0
560,FANToM,BeliefQ_Dist_Second_Order_Cyclic_TokenF1,<Rc3kmmq> MAD R3 S7,MAD,<Rc3kmmq>,0.14937721122827904,0.0538477191529905,27,0.12906573439810445,0.16968868805845364,3.0,7.0
577,FANToM,BeliefQ_Dist_Second_Order_Cyclic_TokenF1,<qLKSiki> MAD R1 S3,MAD,<qLKSiki>,0.24497061031398493,0.08992120148908181,27,0.21105213745540863,0.2788890831725612,1.0,3.0
578,FANToM,BeliefQ_Dist_Second_Order_Cyclic_TokenF1,<qLKSiki> MAD R1 S5,MAD,<qLKSiki>,0.24012935431802596,0.07801677933247089,27,0.21070125539940496,0.269557453236647,1.0,5.0
579,FANToM,BeliefQ_Dist_Second_Order_Cyclic_TokenF1,<qLKSiki> MAD R1 S7,MAD,<qLKSiki>,0.24245330533055626,0.0975110096060958,27,0.20567194033580227,0.27923467032531024,1.0,7.0
580,FANToM,BeliefQ_Dist_Second_Order_Cyclic_TokenF1,<qLKSiki> MAD R2 S3,MAD,<qLKSiki>,0.20512963438478965,0.06374124188741077,27,0.1810862992521669,0.2291729695174124,2.0,3.0
581,FANToM,BeliefQ_Dist_Second_Order_Cyclic_TokenF1,<qLKSiki> MAD R2 S5,MAD,<qLKSiki>,0.20038598040551683,0.07217166727579549,27,0.173162670472881,0.22760929033815266,2.0,5.0
582,FANToM,BeliefQ_Dist_Second_Order_Cyclic_TokenF1,<qLKSiki> MAD R2 S7,MAD,<qLKSiki>,0.18271036604470356,0.05898935576182593,27,0.16045945269814052,0.2049612793912666,2.0,7.0
583,FANToM,BeliefQ_Dist_Second_Order_Cyclic_TokenF1,<qLKSiki> MAD R3 S3,MAD,<qLKSiki>,0.19116266807018878,0.06259428788900889,27,0.16755196648138668,0.21477336965899088,3.0,3.0
584,FANToM,BeliefQ_Dist_Second_Order_Cyclic_TokenF1,<qLKSiki> MAD R3 S5,MAD,<qLKSiki>,0.17422528793388561,0.06606545087280072,27,0.1493052561147959,0.19914531975297534,3.0,5.0
585,FANToM,BeliefQ_Dist_Second_Order_Cyclic_TokenF1,<qLKSiki> MAD R3 S7,MAD,<qLKSiki>,0.1911993931741479,0.05473168263454306,27,0.17055448339534157,0.21184430295295426,3.0,7.0
601,FANToM,BeliefQ_Dist_Second_Order_Cyclic_TokenF1,Mixed-A MAD R3 S7,MAD,Mixed,0.17110306030768477,0.05388370369361853,27,0.15077801003048757,0.19142811058488196,3.0,7.0
603,FANToM,BeliefQ_Dist_Second_Order_Cyclic_TokenF1,Mixed-B MAD R3 S7,MAD,Mixed,0.16631474955775682,0.04935080733517762,27,0.14769951764995926,0.1849299814655544,3.0,7.0
607,FANToM,FactQ,<Rc3kmmq> MAD R1 S3,MAD,<Rc3kmmq>,0.2762463514975597,0.11636944272255335,100,0.25343794072393927,0.29905476227118016,1.0,3.0
608,FANToM,FactQ,<Rc3kmmq> MAD R1 S5,MAD,<Rc3kmmq>,0.2830799031768377,0.11694244268570092,100,0.2601591844104403,0.3060006219432351,1.0,5.0
609,FANToM,FactQ,<Rc3kmmq> MAD R1 S7,MAD,<Rc3kmmq>,0.2778081360310292,0.11878700192843114,100,0.25452588365305673,0.3010903884090017,1.0,7.0
610,FANToM,FactQ,<Rc3kmmq> MAD R2 S3,MAD,<Rc3kmmq>,0.22067065026896288,0.10163406811672895,100,0.200750372918084,0.24059092761984174,2.0,3.0
611,FANToM,FactQ,<Rc3kmmq> MAD R2 S5,MAD,<Rc3kmmq>,0.22243807697915052,0.10218222161846328,100,0.2024103615419317,0.24246579241636934,2.0,5.0
612,FANToM,FactQ,<Rc3kmmq> MAD R2 S7,MAD,<Rc3kmmq>,0.21399337903245141,0.10159409936284189,100,0.1940809355573344,0.23390582250756842,2.0,7.0
613,FANToM,FactQ,<Rc3kmmq> MAD R3 S3,MAD,<Rc3kmmq>,0.1994401935920845,0.101290478876443,100,0.1795872597323017,0.21929312745186733,3.0,3.0
614,FANToM,FactQ,<Rc3kmmq> MAD R3 S5,MAD,<Rc3kmmq>,0.1962804045759035,0.09791983840530083,100,0.17708811624846454,0.21547269290334248,3.0,5.0
615,FANToM,FactQ,<Rc3kmmq> MAD R3 S7,MAD,<Rc3kmmq>,0.19294868203902416,0.09956572680836388,100,0.17343379958458482,0.21246356449346349,3.0,7.0
632,FANToM,FactQ,<qLKSiki> MAD R1 S3,MAD,<qLKSiki>,0.313950057514324,0.12803534996514893,100,0.2888551289211548,0.3390449861074932,1.0,3.0
633,FANToM,FactQ,<qLKSiki> MAD R1 S5,MAD,<qLKSiki>,0.31301281669711156,0.13131278804574678,100,0.2872755102401452,0.33875012315407793,1.0,5.0
634,FANToM,FactQ,<qLKSiki> MAD R1 S7,MAD,<qLKSiki>,0.31459008210962264,0.13335801072130526,100,0.2884519120082468,0.34072825221099845,1.0,7.0
635,FANToM,FactQ,<qLKSiki> MAD R2 S3,MAD,<qLKSiki>,0.26136240036412983,0.12071052952540189,100,0.23770313657715106,0.2850216641511086,2.0,3.0
636,FANToM,FactQ,<qLKSiki> MAD R2 S5,MAD,<qLKSiki>,0.26567554472134175,0.12251180741214883,100,0.24166323046856059,0.2896878589741229,2.0,5.0
637,FANToM,FactQ,<qLKSiki> MAD R2 S7,MAD,<qLKSiki>,0.262719427989169,0.12206523118198201,100,0.2387946426775005,0.28664421330083745,2.0,7.0
638,FANToM,FactQ,<qLKSiki> MAD R3 S3,MAD,<qLKSiki>,0.2565173683495701,0.12063405805744484,100,0.23287309297031092,0.2801616437288293,3.0,3.0
639,FANToM,FactQ,<qLKSiki> MAD R3 S5,MAD,<qLKSiki>,0.22180768385324204,0.10782750861145844,100,0.20067349216539618,0.2429418755410879,3.0,5.0
640,FANToM,FactQ,<qLKSiki> MAD R3 S7,MAD,<qLKSiki>,0.21699401153742773,0.10259580160640228,100,0.19688523442257289,0.23710278865228257,3.0,7.0
656,FANToM,FactQ,Mixed-A MAD R3 S7,MAD,Mixed,0.23123813182812294,0.11426579371718151,100,0.20884203625955536,0.2536342273966905,3.0,7.0
658,FANToM,FactQ,Mixed-B MAD R3 S7,MAD,Mixed,0.22362533091749182,0.11019876676924809,100,0.20202637263071918,0.24522428920426445,3.0,7.0
662,FANToM,Info_AccessQ_Binary,<Rc3kmmq> MAD R1 S3,MAD,<Rc3kmmq>,0.8351063829787234,0.37157895794274415,376,0.7975474486540082,0.8726653173034387,1.0,3.0
663,FANToM,Info_AccessQ_Binary,<Rc3kmmq> MAD R1 S5,MAD,<Rc3kmmq>,0.824468085106383,0.38092831737575444,376,0.7859641242417724,0.8629720459709936,1.0,5.0
664,FANToM,Info_AccessQ_Binary,<Rc3kmmq> MAD R1 S7,MAD,<Rc3kmmq>,0.8351063829787234,0.37157895794274415,376,0.7975474486540082,0.8726653173034387,1.0,7.0
665,FANToM,Info_AccessQ_Binary,<Rc3kmmq> MAD R2 S3,MAD,<Rc3kmmq>,0.8351063829787234,0.3715789579427441,376,0.7975474486540082,0.8726653173034387,2.0,3.0
666,FANToM,Info_AccessQ_Binary,<Rc3kmmq> MAD R2 S5,MAD,<Rc3kmmq>,0.8430851063829787,0.36420514833115947,376,0.8062715114403906,0.8798987013255669,2.0,5.0
667,FANToM,Info_AccessQ_Binary,<Rc3kmmq> MAD R2 S7,MAD,<Rc3kmmq>,0.8351063829787234,0.3715789579427441,376,0.7975474486540082,0.8726653173034387,2.0,7.0
668,FANToM,Info_AccessQ_Binary,<Rc3kmmq> MAD R3 S3,MAD,<Rc3kmmq>,0.8164893617021277,0.38760036449052976,376,0.7773109951047956,0.8556677282994598,3.0,3.0
669,FANToM,Info_AccessQ_Binary,<Rc3kmmq> MAD R3 S5,MAD,<Rc3kmmq>,0.8377659574468085,0.3691566005703823,376,0.8004518732663621,0.8750800416272548,3.0,5.0
670,FANToM,Info_AccessQ_Binary,<Rc3kmmq> MAD R3 S7,MAD,<Rc3kmmq>,0.8324468085106383,0.373966661388134,376,0.7946465268357158,0.8702470901855609,3.0,7.0
687,FANToM,Info_AccessQ_Binary,<qLKSiki> MAD R1 S3,MAD,<qLKSiki>,0.8696808510638298,0.33710280015499794,376,0.8356067420190164,0.9037549601086431,1.0,3.0
688,FANToM,Info_AccessQ_Binary,<qLKSiki> MAD R1 S5,MAD,<qLKSiki>,0.8776595744680851,0.3281151847569464,376,0.8444939271357975,0.9108252218003726,1.0,5.0
689,FANToM,Info_AccessQ_Binary,<qLKSiki> MAD R1 S7,MAD,<qLKSiki>,0.875,0.33115957885386105,376,0.8415266274978653,0.9084733725021347,1.0,7.0
690,FANToM,Info_AccessQ_Binary,<qLKSiki> MAD R2 S3,MAD,<qLKSiki>,0.8856382978723404,0.3186741148718573,376,0.8534269471066086,0.9178496486380722,2.0,3.0
691,FANToM,Info_AccessQ_Binary,<qLKSiki> MAD R2 S5,MAD,<qLKSiki>,0.875,0.3311595788538611,376,0.8415266274978653,0.9084733725021347,2.0,5.0
692,FANToM,Info_AccessQ_Binary,<qLKSiki> MAD R2 S7,MAD,<qLKSiki>,0.8829787234042553,0.3218739456362266,376,0.8504439360419128,0.9155135107665978,2.0,7.0
693,FANToM,Info_AccessQ_Binary,<qLKSiki> MAD R3 S3,MAD,<qLKSiki>,0.8457446808510638,0.36167459219344933,376,0.8091868727062735,0.8823024889958541,3.0,3.0
694,FANToM,Info_AccessQ_Binary,<qLKSiki> MAD R3 S5,MAD,<qLKSiki>,0.8829787234042553,0.3218739456362266,376,0.8504439360419128,0.9155135107665978,3.0,5.0
695,FANToM,Info_AccessQ_Binary,<qLKSiki> MAD R3 S7,MAD,<qLKSiki>,0.901595744680851,0.29825734996561387,376,0.871448105855328,0.9317433835063741,3.0,7.0
711,FANToM,Info_AccessQ_Binary,Mixed-A MAD R3 S7,MAD,Mixed,0.8723404255319149,0.33415501562610883,376,0.8385642764311656,0.9061165746326643,3.0,7.0
713,FANToM,Info_AccessQ_Binary,Mixed-B MAD R3 S7,MAD,Mixed,0.8723404255319149,0.33415501562610894,376,0.8385642764311656,0.9061165746326643,3.0,7.0
717,FANToM,Info_AccessQ_List,<Rc3kmmq> MAD R1 S3,MAD,<Rc3kmmq>,0.34444444444444444,0.47784890449867806,90,0.2457198379564804,0.4431690509324085,1.0,3.0
718,FANToM,Info_AccessQ_List,<Rc3kmmq> MAD R1 S5,MAD,<Rc3kmmq>,0.35555555555555557,0.48136302521843194,90,0.2561049242050403,0.45500618690607086,1.0,5.0
719,FANToM,Info_AccessQ_List,<Rc3kmmq> MAD R1 S7,MAD,<Rc3kmmq>,0.3,0.460824858880028,90,0.2047925977762115,0.3952074022237885,1.0,7.0
720,FANToM,Info_AccessQ_List,<Rc3kmmq> MAD R2 S3,MAD,<Rc3kmmq>,0.24444444444444444,0.4321649474711266,90,0.15515824126325317,0.3337306476256357,2.0,3.0
721,FANToM,Info_AccessQ_List,<Rc3kmmq> MAD R2 S5,MAD,<Rc3kmmq>,0.2111111111111111,0.4103833353069151,90,0.1263250356258099,0.2958971865964123,2.0,5.0
722,FANToM,Info_AccessQ_List,<Rc3kmmq> MAD R2 S7,MAD,<Rc3kmmq>,0.2777777777777778,0.4504124895432845,90,0.1847215933462657,0.3708339622092899,2.0,7.0
723,FANToM,Info_AccessQ_List,<Rc3kmmq> MAD R3 S3,MAD,<Rc3kmmq>,0.15555555555555556,0.3644639317587664,90,0.08025652713214741,0.2308545839789637,3.0,3.0
724,FANToM,Info_AccessQ_List,<Rc3kmmq> MAD R3 S5,MAD,<Rc3kmmq>,0.17777777777777778,0.3844674641127625,90,0.09834597675318649,0.25720957880236905,3.0,5.0
725,FANToM,Info_AccessQ_List,<Rc3kmmq> MAD R3 S7,MAD,<Rc3kmmq>,0.2,0.4022409138923946,90,0.11689616620750139,0.28310383379249865,3.0,7.0
742,FANToM,Info_AccessQ_List,<qLKSiki> MAD R1 S3,MAD,<qLKSiki>,0.23333333333333334,0.42532208548874395,90,0.14546088008460434,0.32120578658206234,1.0,3.0
743,FANToM,Info_AccessQ_List,<qLKSiki> MAD R1 S5,MAD,<qLKSiki>,0.26666666666666666,0.4446940622369092,90,0.1747919215567414,0.35854141177659193,1.0,5.0
744,FANToM,Info_AccessQ_List,<qLKSiki> MAD R1 S7,MAD,<qLKSiki>,0.25555555555555554,0.43861659721311436,90,0.16493642772814343,0.34617468338296764,1.0,7.0
745,FANToM,Info_AccessQ_List,<qLKSiki> MAD R2 S3,MAD,<qLKSiki>,0.25555555555555554,0.4386165972131144,90,0.16493642772814343,0.34617468338296764,2.0,3.0
746,FANToM,Info_AccessQ_List,<qLKSiki> MAD R2 S5,MAD,<qLKSiki>,0.28888888888888886,0.4557853931339367,90,0.19472265107503953,0.3830551267027382,2.0,5.0
747,FANToM,Info_AccessQ_List,<qLKSiki> MAD R2 S7,MAD,<qLKSiki>,0.3111111111111111,0.4655417152513843,90,0.21492919626473758,0.4072930259574846,2.0,7.0
748,FANToM,Info_AccessQ_List,<qLKSiki> MAD R3 S3,MAD,<qLKSiki>,0.26666666666666666,0.4446940622369091,90,0.17479192155674145,0.3585414117765919,3.0,3.0
749,FANToM,Info_AccessQ_List,<qLKSiki> MAD R3 S5,MAD,<qLKSiki>,0.35555555555555557,0.48136302521843183,90,0.25610492420504033,0.4550061869060708,3.0,5.0
750,FANToM,Info_AccessQ_List,<qLKSiki> MAD R3 S7,MAD,<qLKSiki>,0.35555555555555557,0.4813630252184319,90,0.2561049242050403,0.45500618690607086,3.0,7.0
766,FANToM,Info_AccessQ_List,Mixed-A MAD R3 S7,MAD,Mixed,0.2111111111111111,0.41038333530691523,90,0.12632503562580988,0.29589718659641234,3.0,7.0
768,FANToM,Info_AccessQ_List,Mixed-B MAD R3 S7,MAD,Mixed,0.28888888888888886,0.45578539313393657,90,0.19472265107503955,0.38305512670273817,3.0,7.0
772,Hi-ToM,Listener_Belief_Private_Communication,<Rc3kmmq> MAD R1 S3,MAD,<Rc3kmmq>,0.5909090909090909,0.49353910345005253,132,0.5067132432630503,0.6751049385551315,1.0,3.0
773,Hi-ToM,Listener_Belief_Private_Communication,<Rc3kmmq> MAD R1 S5,MAD,<Rc3kmmq>,0.6439393939393939,0.48065756100924395,132,0.5619410872322793,0.7259377006465085,1.0,5.0
774,Hi-ToM,Listener_Belief_Private_Communication,<Rc3kmmq> MAD R1 S7,MAD,<Rc3kmmq>,0.5606060606060606,0.4982040379949154,132,0.4756143933066786,0.6455977279054425,1.0,7.0
775,Hi-ToM,Listener_Belief_Private_Communication,<Rc3kmmq> MAD R2 S3,MAD,<Rc3kmmq>,0.553030303030303,0.49907385889462136,132,0.46789024767526544,0.6381703583853405,2.0,3.0
776,Hi-ToM,Listener_Belief_Private_Communication,<Rc3kmmq> MAD R2 S5,MAD,<Rc3kmmq>,0.6060606060606061,0.49048310438605264,132,0.5223860999451562,0.689735112176056,2.0,5.0
777,Hi-ToM,Listener_Belief_Private_Communication,<Rc3kmmq> MAD R2 S7,MAD,<Rc3kmmq>,0.5681818181818182,0.49721640147515817,132,0.48335863782372596,0.6530049985399105,2.0,7.0
778,Hi-ToM,Listener_Belief_Private_Communication,<Rc3kmmq> MAD R3 S3,MAD,<Rc3kmmq>,0.6136363636363636,0.48877049786543225,132,0.5302540215190241,0.6970187057537032,3.0,3.0
779,Hi-ToM,Listener_Belief_Private_Communication,<Rc3kmmq> MAD R3 S5,MAD,<Rc3kmmq>,0.6363636363636364,0.48287825457761896,132,0.5539864879881627,0.71874078473911,3.0,5.0
780,Hi-ToM,Listener_Belief_Private_Communication,<Rc3kmmq> MAD R3 S7,MAD,<Rc3kmmq>,0.6287878787878788,0.48496955173649475,132,0.5460539632672278,0.7115217943085298,3.0,7.0
797,Hi-ToM,Listener_Belief_Private_Communication,<qLKSiki> MAD R1 S3,MAD,<qLKSiki>,0.553030303030303,0.4990738588946215,132,0.4678902476752654,0.6381703583853406,1.0,3.0
798,Hi-ToM,Listener_Belief_Private_Communication,<qLKSiki> MAD R1 S5,MAD,<qLKSiki>,0.5,0.5019047688023744,132,0.41437700244721826,0.5856229975527817,1.0,5.0
799,Hi-ToM,Listener_Belief_Private_Communication,<qLKSiki> MAD R1 S7,MAD,<qLKSiki>,0.5303030303030303,0.50098214896195,132,0.44483742809942467,0.6157686325066358,1.0,7.0
800,Hi-ToM,Listener_Belief_Private_Communication,<qLKSiki> MAD R2 S3,MAD,<qLKSiki>,0.5227272727272727,0.5013860040448349,132,0.4371927744204162,0.6082617710341293,2.0,3.0
801,Hi-ToM,Listener_Belief_Private_Communication,<qLKSiki> MAD R2 S5,MAD,<qLKSiki>,0.5378787878787878,0.5004624278445043,132,0.45250184807238036,0.6232557276851953,2.0,5.0
802,Hi-ToM,Listener_Belief_Private_Communication,<qLKSiki> MAD R2 S7,MAD,<qLKSiki>,0.5757575757575758,0.4961102457079155,132,0.49112310126250536,0.6603920502526462,2.0,7.0
803,Hi-ToM,Listener_Belief_Private_Communication,<qLKSiki> MAD R3 S3,MAD,<qLKSiki>,0.5227272727272727,0.5013860040448349,132,0.4371927744204162,0.6082617710341293,3.0,3.0
804,Hi-ToM,Listener_Belief_Private_Communication,<qLKSiki> MAD R3 S5,MAD,<qLKSiki>,0.553030303030303,0.4990738588946215,132,0.4678902476752654,0.6381703583853406,3.0,5.0
805,Hi-ToM,Listener_Belief_Private_Communication,<qLKSiki> MAD R3 S7,MAD,<qLKSiki>,0.5303030303030303,0.50098214896195,132,0.44483742809942467,0.6157686325066358,3.0,7.0
821,Hi-ToM,Listener_Belief_Private_Communication,Mixed-A MAD R3 S7,MAD,Mixed,0.5303030303030303,0.5009821489619499,132,0.44483742809942467,0.6157686325066358,3.0,7.0
823,Hi-ToM,Listener_Belief_Private_Communication,Mixed-B MAD R3 S7,MAD,Mixed,0.6515151515151515,0.47830566873682184,132,0.5699180684640036,0.7331122345662994,3.0,7.0
827,Hi-ToM,Listener_Belief_Public_Claim,<Rc3kmmq> MAD R1 S3,MAD,<Rc3kmmq>,0.4485294117647059,0.4982604861384106,272,0.3893149117308275,0.5077439117985842,1.0,3.0
828,Hi-ToM,Listener_Belief_Public_Claim,<Rc3kmmq> MAD R1 S5,MAD,<Rc3kmmq>,0.4375,0.4969928017772995,272,0.3784361546893683,0.4965638453106317,1.0,5.0
829,Hi-ToM,Listener_Belief_Public_Claim,<Rc3kmmq> MAD R1 S7,MAD,<Rc3kmmq>,0.46691176470588236,0.4998236068277107,272,0.4075114995698445,0.5263120298419202,1.0,7.0
830,Hi-ToM,Listener_Belief_Public_Claim,<Rc3kmmq> MAD R2 S3,MAD,<Rc3kmmq>,0.48161764705882354,0.5005830115193178,272,0.4221271324039338,0.5411081617137132,2.0,3.0
831,Hi-ToM,Listener_Belief_Public_Claim,<Rc3kmmq> MAD R2 S5,MAD,<Rc3kmmq>,0.47058823529411764,0.5000542623041371,272,0.41116055849470967,0.5300159120935256,2.0,5.0
832,Hi-ToM,Listener_Belief_Public_Claim,<Rc3kmmq> MAD R2 S7,MAD,<Rc3kmmq>,0.49264705882352944,0.5008674914351674,272,0.43312273587668126,0.5521713817703776,2.0,7.0
833,Hi-ToM,Listener_Belief_Public_Claim,<Rc3kmmq> MAD R3 S3,MAD,<Rc3kmmq>,0.47794117647058826,0.5004339336898314,272,0.4184683785911298,0.5374139743500468,3.0,3.0
834,Hi-ToM,Listener_Belief_Public_Claim,<Rc3kmmq> MAD R3 S5,MAD,<Rc3kmmq>,0.48161764705882354,0.5005830115193178,272,0.4221271324039338,0.5411081617137132,3.0,5.0
835,Hi-ToM,Listener_Belief_Public_Claim,<Rc3kmmq> MAD R3 S7,MAD,<Rc3kmmq>,0.4742647058823529,0.5002576935245879,272,0.414812852817025,0.5337165589476809,3.0,7.0
852,Hi-ToM,Listener_Belief_Public_Claim,<qLKSiki> MAD R1 S3,MAD,<qLKSiki>,0.4411764705882353,0.4974429950445204,272,0.38205912320393187,0.5002938179725387,1.0,3.0
853,Hi-ToM,Listener_Belief_Public_Claim,<qLKSiki> MAD R1 S5,MAD,<qLKSiki>,0.45955882352941174,0.49928046773022605,272,0.40022310637781405,0.5188945406810095,1.0,5.0
854,Hi-ToM,Listener_Belief_Public_Claim,<qLKSiki> MAD R1 S7,MAD,<qLKSiki>,0.4632352941176471,0.49956568938601154,272,0.40386568052389504,0.5226049077113991,1.0,7.0
855,Hi-ToM,Listener_Belief_Public_Claim,<qLKSiki> MAD R2 S3,MAD,<qLKSiki>,0.4632352941176471,0.49956568938601165,272,0.40386568052389504,0.5226049077113991,2.0,3.0
856,Hi-ToM,Listener_Belief_Public_Claim,<qLKSiki> MAD R2 S5,MAD,<qLKSiki>,0.47058823529411764,0.5000542623041372,272,0.41116055849470967,0.5300159120935256,2.0,5.0
857,Hi-ToM,Listener_Belief_Public_Claim,<qLKSiki> MAD R2 S7,MAD,<qLKSiki>,0.4632352941176471,0.49956568938601187,272,0.40386568052389504,0.5226049077113991,2.0,7.0
858,Hi-ToM,Listener_Belief_Public_Claim,<qLKSiki> MAD R3 S3,MAD,<qLKSiki>,0.48161764705882354,0.5005830115193178,272,0.4221271324039338,0.5411081617137132,3.0,3.0
859,Hi-ToM,Listener_Belief_Public_Claim,<qLKSiki> MAD R3 S5,MAD,<qLKSiki>,0.4889705882352941,0.5007997727793901,272,0.4294543131398337,0.5484868633307546,3.0,5.0
860,Hi-ToM,Listener_Belief_Public_Claim,<qLKSiki> MAD R3 S7,MAD,<qLKSiki>,0.4742647058823529,0.5002576935245878,272,0.414812852817025,0.5337165589476808,3.0,7.0
876,Hi-ToM,Listener_Belief_Public_Claim,Mixed-A MAD R3 S7,MAD,Mixed,0.47794117647058826,0.5004339336898315,272,0.41846837859112973,0.5374139743500468,3.0,7.0
878,Hi-ToM,Listener_Belief_Public_Claim,Mixed-B MAD R3 S7,MAD,Mixed,0.4852941176470588,0.5007049512746533,272,0.4257891113721283,0.5447991239219894,3.0,7.0
882,Hi-ToM,Listener_Temporal_Private_Communication,<Rc3kmmq> MAD R1 S3,MAD,<Rc3kmmq>,0.9166666666666666,0.27743829976792506,132,0.8693367739486507,0.9639965593846825,1.0,3.0
883,Hi-ToM,Listener_Temporal_Private_Communication,<Rc3kmmq> MAD R1 S5,MAD,<Rc3kmmq>,0.946969696969697,0.22494762543583444,132,0.9085945087280001,0.985344885211394,1.0,5.0
884,Hi-ToM,Listener_Temporal_Private_Communication,<Rc3kmmq> MAD R1 S7,MAD,<Rc3kmmq>,0.9848484848484849,0.12262077609651317,132,0.9639298583196224,1.0057671113773474,1.0,7.0
885,Hi-ToM,Listener_Temporal_Private_Communication,<Rc3kmmq> MAD R2 S3,MAD,<Rc3kmmq>,0.9621212121212122,0.19163033076407437,132,0.9294298245075755,0.9948125997348488,2.0,3.0
886,Hi-ToM,Listener_Temporal_Private_Communication,<Rc3kmmq> MAD R2 S5,MAD,<Rc3kmmq>,0.9848484848484849,0.12262077609651317,132,0.9639298583196224,1.0057671113773474,2.0,5.0
887,Hi-ToM,Listener_Temporal_Private_Communication,<Rc3kmmq> MAD R2 S7,MAD,<Rc3kmmq>,0.9848484848484849,0.12262077609651317,132,0.9639298583196224,1.0057671113773474,2.0,7.0
888,Hi-ToM,Listener_Temporal_Private_Communication,<Rc3kmmq> MAD R3 S3,MAD,<Rc3kmmq>,0.9696969696969697,0.17207285601455768,132,0.9403420110569255,0.999051928337014,3.0,3.0
889,Hi-ToM,Listener_Temporal_Private_Communication,<Rc3kmmq> MAD R3 S5,MAD,<Rc3kmmq>,0.9772727272727273,0.14960043938525358,132,0.9517514753309625,1.0027939792144922,3.0,5.0
890,Hi-ToM,Listener_Temporal_Private_Communication,<Rc3kmmq> MAD R3 S7,MAD,<Rc3kmmq>,0.9924242424242424,0.08703882797784891,132,0.9775757575757575,1.0072727272727273,3.0,7.0
907,Hi-ToM,Listener_Temporal_Private_Communication,<qLKSiki> MAD R1 S3,MAD,<qLKSiki>,0.7954545454545454,0.4049057257845018,132,0.726379206619491,0.8645298842895999,1.0,3.0
908,Hi-ToM,Listener_Temporal_Private_Communication,<qLKSiki> MAD R1 S5,MAD,<qLKSiki>,0.8181818181818182,0.3871639260327548,132,0.7521331612417188,0.8842304751219177,1.0,5.0
909,Hi-ToM,Listener_Temporal_Private_Communication,<qLKSiki> MAD R1 S7,MAD,<qLKSiki>,0.8333333333333334,0.37409772709114164,132,0.7695137190115606,0.8971529476551061,1.0,7.0
910,Hi-ToM,Listener_Temporal_Private_Communication,<qLKSiki> MAD R2 S3,MAD,<qLKSiki>,0.9393939393939394,0.23951527888205904,132,0.8985335662468427,0.9802543125410362,2.0,3.0
911,Hi-ToM,Listener_Temporal_Private_Communication,<qLKSiki> MAD R2 S5,MAD,<qLKSiki>,0.9621212121212122,0.19163033076407437,132,0.9294298245075755,0.9948125997348488,2.0,5.0
912,Hi-ToM,Listener_Temporal_Private_Communication,<qLKSiki> MAD R2 S7,MAD,<qLKSiki>,0.9696969696969697,0.1720728560145577,132,0.9403420110569255,0.999051928337014,2.0,7.0
913,Hi-ToM,Listener_Temporal_Private_Communication,<qLKSiki> MAD R3 S3,MAD,<qLKSiki>,0.946969696969697,0.22494762543583444,132,0.9085945087280001,0.985344885211394,3.0,3.0
914,Hi-ToM,Listener_Temporal_Private_Communication,<qLKSiki> MAD R3 S5,MAD,<qLKSiki>,0.9772727272727273,0.14960043938525355,132,0.9517514753309625,1.0027939792144922,3.0,5.0
915,Hi-ToM,Listener_Temporal_Private_Communication,<qLKSiki> MAD R3 S7,MAD,<qLKSiki>,0.9772727272727273,0.14960043938525358,132,0.9517514753309625,1.0027939792144922,3.0,7.0
931,Hi-ToM,Listener_Temporal_Private_Communication,Mixed-A MAD R3 S7,MAD,Mixed,1.0,0.0,132,1.0,1.0,3.0,7.0
933,Hi-ToM,Listener_Temporal_Private_Communication,Mixed-B MAD R3 S7,MAD,Mixed,0.9924242424242424,0.08703882797784893,132,0.9775757575757575,1.0072727272727273,3.0,7.0
937,Hi-ToM,Listener_Temporal_Public_Claim,<Rc3kmmq> MAD R1 S3,MAD,<Rc3kmmq>,0.8125,0.39103184532597934,272,0.766028815022529,0.858971184977471,1.0,3.0
938,Hi-ToM,Listener_Temporal_Public_Claim,<Rc3kmmq> MAD R1 S5,MAD,<Rc3kmmq>,0.8161764705882353,0.3880542032811605,272,0.7700591559052568,0.8622937852712138,1.0,5.0
939,Hi-ToM,Listener_Temporal_Public_Claim,<Rc3kmmq> MAD R1 S7,MAD,<Rc3kmmq>,0.8088235294117647,0.3939525489315148,272,0.7620052408437816,0.8556418179797478,1.0,7.0
940,Hi-ToM,Listener_Temporal_Public_Claim,<Rc3kmmq> MAD R2 S3,MAD,<Rc3kmmq>,0.9411764705882353,0.23572783989099466,272,0.913161995084886,0.9691909460915845,2.0,3.0
941,Hi-ToM,Listener_Temporal_Public_Claim,<Rc3kmmq> MAD R2 S5,MAD,<Rc3kmmq>,0.9705882352941176,0.1692691679733631,272,0.9504718716017558,0.9907045989864794,2.0,5.0
942,Hi-ToM,Listener_Temporal_Public_Claim,<Rc3kmmq> MAD R2 S7,MAD,<Rc3kmmq>,0.9632352941176471,0.1885304691298441,272,0.9408298700849351,0.985640718150359,2.0,7.0
943,Hi-ToM,Listener_Temporal_Public_Claim,<Rc3kmmq> MAD R3 S3,MAD,<Rc3kmmq>,0.9816176470588235,0.1345772146334671,272,0.9656241603141029,0.997611133803544,3.0,3.0
944,Hi-ToM,Listener_Temporal_Public_Claim,<Rc3kmmq> MAD R3 S5,MAD,<Rc3kmmq>,0.9742647058823529,0.1586364050526589,272,0.9554119658524008,0.993117445912305,3.0,5.0
945,Hi-ToM,Listener_Temporal_Public_Claim,<Rc3kmmq> MAD R3 S7,MAD,<Rc3kmmq>,0.9742647058823529,0.1586364050526588,272,0.9554119658524008,0.993117445912305,3.0,7.0
962,Hi-ToM,Listener_Temporal_Public_Claim,<qLKSiki> MAD R1 S3,MAD,<qLKSiki>,0.6911764705882353,0.4628598073018887,272,0.6361690741808368,0.7461838669956338,1.0,3.0
963,Hi-ToM,Listener_Temporal_Public_Claim,<qLKSiki> MAD R1 S5,MAD,<qLKSiki>,0.6911764705882353,0.4628598073018888,272,0.6361690741808368,0.7461838669956338,1.0,5.0
964,Hi-ToM,Listener_Temporal_Public_Claim,<qLKSiki> MAD R1 S7,MAD,<qLKSiki>,0.6838235294117647,0.4658398103327133,272,0.6284619821244976,0.7391850766990319,1.0,7.0
965,Hi-ToM,Listener_Temporal_Public_Claim,<qLKSiki> MAD R2 S3,MAD,<qLKSiki>,0.8455882352941176,0.3620090816701073,272,0.8025661868371903,0.888610283751045,2.0,3.0
966,Hi-ToM,Listener_Temporal_Public_Claim,<qLKSiki> MAD R2 S5,MAD,<qLKSiki>,0.8639705882352942,0.3434517200460711,272,0.8231539422156172,0.9047872342549711,2.0,5.0
967,Hi-ToM,Listener_Temporal_Public_Claim,<qLKSiki> MAD R2 S7,MAD,<qLKSiki>,0.8786764705882353,0.32710472909844546,272,0.8398025411253617,0.9175504000511089,2.0,7.0
968,Hi-ToM,Listener_Temporal_Public_Claim,<qLKSiki> MAD R3 S3,MAD,<qLKSiki>,0.9375,0.24250765575468125,272,0.9086797945263668,0.9663202054736332,3.0,3.0
969,Hi-ToM,Listener_Temporal_Public_Claim,<qLKSiki> MAD R3 S5,MAD,<qLKSiki>,0.9485294117647058,0.22136286822084453,272,0.9222221047788547,0.974836718750557,3.0,5.0
970,Hi-ToM,Listener_Temporal_Public_Claim,<qLKSiki> MAD R3 S7,MAD,<qLKSiki>,0.9558823529411765,0.20573500882731136,272,0.9314322991518607,0.9803324067304924,3.0,7.0
986,Hi-ToM,Listener_Temporal_Public_Claim,Mixed-A MAD R3 S7,MAD,Mixed,0.9852941176470589,0.12059472047870362,272,0.9709623448524406,0.9996258904416772,3.0,7.0
988,Hi-ToM,Listener_Temporal_Public_Claim,Mixed-B MAD R3 S7,MAD,Mixed,0.9926470588235294,0.08559093732518162,272,0.9824752215975413,1.0028188960495177,3.0,7.0
992,Hi-ToM,Order_0,<Rc3kmmq> MAD R1 S3,MAD,<Rc3kmmq>,1.0,0.0,100,1.0,1.0,1.0,3.0
993,Hi-ToM,Order_0,<Rc3kmmq> MAD R1 S5,MAD,<Rc3kmmq>,0.98,0.14070529413628968,100,0.9524217623492872,1.0075782376507127,1.0,5.0
994,Hi-ToM,Order_0,<Rc3kmmq> MAD R1 S7,MAD,<Rc3kmmq>,0.97,0.1714466079977653,100,0.936396464832438,1.003603535167562,1.0,7.0
995,Hi-ToM,Order_0,<Rc3kmmq> MAD R2 S3,MAD,<Rc3kmmq>,0.97,0.1714466079977653,100,0.936396464832438,1.003603535167562,2.0,3.0
996,Hi-ToM,Order_0,<Rc3kmmq> MAD R2 S5,MAD,<Rc3kmmq>,0.98,0.14070529413628968,100,0.9524217623492872,1.0075782376507127,2.0,5.0
997,Hi-ToM,Order_0,<Rc3kmmq> MAD R2 S7,MAD,<Rc3kmmq>,0.99,0.09999999999999999,100,0.9704,1.0096,2.0,7.0
998,Hi-ToM,Order_0,<Rc3kmmq> MAD R3 S3,MAD,<Rc3kmmq>,0.99,0.09999999999999999,100,0.9704,1.0096,3.0,3.0
999,Hi-ToM,Order_0,<Rc3kmmq> MAD R3 S5,MAD,<Rc3kmmq>,0.98,0.1407052941362897,100,0.9524217623492872,1.0075782376507127,3.0,5.0
1000,Hi-ToM,Order_0,<Rc3kmmq> MAD R3 S7,MAD,<Rc3kmmq>,0.99,0.09999999999999999,100,0.9704,1.0096,3.0,7.0
1017,Hi-ToM,Order_0,<qLKSiki> MAD R1 S3,MAD,<qLKSiki>,0.99,0.09999999999999999,100,0.9704,1.0096,1.0,3.0
1018,Hi-ToM,Order_0,<qLKSiki> MAD R1 S5,MAD,<qLKSiki>,0.95,0.21904291355759029,100,0.9070675889427122,0.9929324110572877,1.0,5.0
1019,Hi-ToM,Order_0,<qLKSiki> MAD R1 S7,MAD,<qLKSiki>,0.97,0.1714466079977653,100,0.936396464832438,1.003603535167562,1.0,7.0
1020,Hi-ToM,Order_0,<qLKSiki> MAD R2 S3,MAD,<qLKSiki>,0.99,0.1,100,0.9704,1.0096,2.0,3.0
1021,Hi-ToM,Order_0,<qLKSiki> MAD R2 S5,MAD,<qLKSiki>,1.0,0.0,100,1.0,1.0,2.0,5.0
1022,Hi-ToM,Order_0,<qLKSiki> MAD R2 S7,MAD,<qLKSiki>,0.99,0.09999999999999999,100,0.9704,1.0096,2.0,7.0
1023,Hi-ToM,Order_0,<qLKSiki> MAD R3 S3,MAD,<qLKSiki>,0.99,0.1,100,0.9704,1.0096,3.0,3.0
1024,Hi-ToM,Order_0,<qLKSiki> MAD R3 S5,MAD,<qLKSiki>,0.99,0.1,100,0.9704,1.0096,3.0,5.0
1025,Hi-ToM,Order_0,<qLKSiki> MAD R3 S7,MAD,<qLKSiki>,1.0,0.0,100,1.0,1.0,3.0,7.0
1041,Hi-ToM,Order_0,Mixed-A MAD R3 S7,MAD,Mixed,0.99,0.09999999999999999,100,0.9704,1.0096,3.0,7.0
1043,Hi-ToM,Order_0,Mixed-B MAD R3 S7,MAD,Mixed,1.0,0.0,100,1.0,1.0,3.0,7.0
1047,Hi-ToM,Order_1,<Rc3kmmq> MAD R1 S3,MAD,<Rc3kmmq>,0.55,0.49999999999999994,100,0.45200000000000007,0.648,1.0,3.0
1048,Hi-ToM,Order_1,<Rc3kmmq> MAD R1 S5,MAD,<Rc3kmmq>,0.52,0.5021167315686782,100,0.42158512061253905,0.618414879387461,1.0,5.0
1049,Hi-ToM,Order_1,<Rc3kmmq> MAD R1 S7,MAD,<Rc3kmmq>,0.53,0.5016135580465918,100,0.431683742622868,0.628316257377132,1.0,7.0
1050,Hi-ToM,Order_1,<Rc3kmmq> MAD R2 S3,MAD,<Rc3kmmq>,0.58,0.49604496374885826,100,0.4827751871052237,0.6772248128947762,2.0,3.0
1051,Hi-ToM,Order_1,<Rc3kmmq> MAD R2 S5,MAD,<Rc3kmmq>,0.53,0.5016135580465919,100,0.431683742622868,0.628316257377132,2.0,5.0
1052,Hi-ToM,Order_1,<Rc3kmmq> MAD R2 S7,MAD,<Rc3kmmq>,0.51,0.5024183937956914,100,0.41152599481604446,0.6084740051839556,2.0,7.0
1053,Hi-ToM,Order_1,<Rc3kmmq> MAD R3 S3,MAD,<Rc3kmmq>,0.51,0.5024183937956914,100,0.41152599481604446,0.6084740051839556,3.0,3.0
1054,Hi-ToM,Order_1,<Rc3kmmq> MAD R3 S5,MAD,<Rc3kmmq>,0.53,0.5016135580465919,100,0.431683742622868,0.628316257377132,3.0,5.0
1055,Hi-ToM,Order_1,<Rc3kmmq> MAD R3 S7,MAD,<Rc3kmmq>,0.55,0.5,100,0.45200000000000007,0.648,3.0,7.0
1072,Hi-ToM,Order_1,<qLKSiki> MAD R1 S3,MAD,<qLKSiki>,0.44,0.4988876515698588,100,0.3422180202923077,0.5377819797076924,1.0,3.0
1073,Hi-ToM,Order_1,<qLKSiki> MAD R1 S5,MAD,<qLKSiki>,0.43,0.497569851956243,100,0.3324763090165764,0.5275236909834237,1.0,5.0
1074,Hi-ToM,Order_1,<qLKSiki> MAD R1 S7,MAD,<qLKSiki>,0.43,0.497569851956243,100,0.3324763090165764,0.5275236909834237,1.0,7.0
1075,Hi-ToM,Order_1,<qLKSiki> MAD R2 S3,MAD,<qLKSiki>,0.45,0.5,100,0.352,0.548,2.0,3.0
1076,Hi-ToM,Order_1,<qLKSiki> MAD R2 S5,MAD,<qLKSiki>,0.45,0.5,100,0.352,0.548,2.0,5.0
1077,Hi-ToM,Order_1,<qLKSiki> MAD R2 S7,MAD,<qLKSiki>,0.48,0.5021167315686783,100,0.381585120612539,0.578414879387461,2.0,7.0
1078,Hi-ToM,Order_1,<qLKSiki> MAD R3 S3,MAD,<qLKSiki>,0.47,0.5016135580465919,100,0.37168374262286796,0.568316257377132,3.0,3.0
1079,Hi-ToM,Order_1,<qLKSiki> MAD R3 S5,MAD,<qLKSiki>,0.45,0.5000000000000001,100,0.352,0.548,3.0,5.0
1080,Hi-ToM,Order_1,<qLKSiki> MAD R3 S7,MAD,<qLKSiki>,0.45,0.5,100,0.352,0.548,3.0,7.0
1096,Hi-ToM,Order_1,Mixed-A MAD R3 S7,MAD,Mixed,0.52,0.5021167315686783,100,0.42158512061253905,0.618414879387461,3.0,7.0
1098,Hi-ToM,Order_1,Mixed-B MAD R3 S7,MAD,Mixed,0.51,0.5024183937956914,100,0.41152599481604446,0.6084740051839556,3.0,7.0
1102,Hi-ToM,Order_2,<Rc3kmmq> MAD R1 S3,MAD,<Rc3kmmq>,0.29,0.45604802157206853,100,0.20061458777187455,0.3793854122281254,1.0,3.0
1103,Hi-ToM,Order_2,<Rc3kmmq> MAD R1 S5,MAD,<Rc3kmmq>,0.36,0.4824181513244218,100,0.26544604234041336,0.4545539576595866,1.0,5.0
1104,Hi-ToM,Order_2,<Rc3kmmq> MAD R1 S7,MAD,<Rc3kmmq>,0.35,0.4793724854411022,100,0.2560429928535439,0.44395700714645603,1.0,7.0
1105,Hi-ToM,Order_2,<Rc3kmmq> MAD R2 S3,MAD,<Rc3kmmq>,0.37,0.4852365870939096,100,0.2748936289295937,0.4651063710704063,2.0,3.0
1106,Hi-ToM,Order_2,<Rc3kmmq> MAD R2 S5,MAD,<Rc3kmmq>,0.4,0.4923659639173309,100,0.30349627107220317,0.4965037289277969,2.0,5.0
1107,Hi-ToM,Order_2,<Rc3kmmq> MAD R2 S7,MAD,<Rc3kmmq>,0.34,0.4760952285695233,100,0.24668533520037345,0.4333146647996266,2.0,7.0
1108,Hi-ToM,Order_2,<Rc3kmmq> MAD R3 S3,MAD,<Rc3kmmq>,0.34,0.47609522856952313,100,0.2466853352003735,0.43331466479962655,3.0,3.0
1109,Hi-ToM,Order_2,<Rc3kmmq> MAD R3 S5,MAD,<Rc3kmmq>,0.32,0.46882617226215073,100,0.22811007023661847,0.41188992976338157,3.0,5.0
1110,Hi-ToM,Order_2,<Rc3kmmq> MAD R3 S7,MAD,<Rc3kmmq>,0.35,0.47937248544110217,100,0.2560429928535439,0.44395700714645603,3.0,7.0
1127,Hi-ToM,Order_2,<qLKSiki> MAD R1 S3,MAD,<qLKSiki>,0.31,0.4648231987117318,100,0.21889465305250058,0.40110534694749944,1.0,3.0
1128,Hi-ToM,Order_2,<qLKSiki> MAD R1 S5,MAD,<qLKSiki>,0.29,0.45604802157206864,100,0.20061458777187452,0.37938541222812544,1.0,5.0
1129,Hi-ToM,Order_2,<qLKSiki> MAD R1 S7,MAD,<qLKSiki>,0.34,0.47609522856952335,100,0.24668533520037345,0.4333146647996266,1.0,7.0
1130,Hi-ToM,Order_2,<qLKSiki> MAD R2 S3,MAD,<qLKSiki>,0.32,0.4688261722621506,100,0.2281100702366185,0.4118899297633815,2.0,3.0
1131,Hi-ToM,Order_2,<qLKSiki> MAD R2 S5,MAD,<qLKSiki>,0.3,0.46056618647183833,100,0.20972902745151967,0.3902709725484803,2.0,5.0
1132,Hi-ToM,Order_2,<qLKSiki> MAD R2 S7,MAD,<qLKSiki>,0.29,0.4560480215720686,100,0.20061458777187455,0.3793854122281254,2.0,7.0
1133,Hi-ToM,Order_2,<qLKSiki> MAD R3 S3,MAD,<qLKSiki>,0.29,0.4560480215720687,100,0.20061458777187452,0.37938541222812544,3.0,3.0
1134,Hi-ToM,Order_2,<qLKSiki> MAD R3 S5,MAD,<qLKSiki>,0.31,0.4648231987117317,100,0.21889465305250058,0.40110534694749944,3.0,5.0
1135,Hi-ToM,Order_2,<qLKSiki> MAD R3 S7,MAD,<qLKSiki>,0.33,0.4725815626252608,100,0.2373740137254489,0.42262598627455117,3.0,7.0
1151,Hi-ToM,Order_2,Mixed-A MAD R3 S7,MAD,Mixed,0.32,0.4688261722621506,100,0.2281100702366185,0.4118899297633815,3.0,7.0
1153,Hi-ToM,Order_2,Mixed-B MAD R3 S7,MAD,Mixed,0.33,0.4725815626252608,100,0.2373740137254489,0.42262598627455117,3.0,7.0
1157,Hi-ToM,Order_3,<Rc3kmmq> MAD R1 S3,MAD,<Rc3kmmq>,0.34,0.4760952285695233,100,0.24668533520037345,0.4333146647996266,1.0,3.0
1158,Hi-ToM,Order_3,<Rc3kmmq> MAD R1 S5,MAD,<Rc3kmmq>,0.33,0.47258156262526085,100,0.2373740137254489,0.42262598627455117,1.0,5.0
1159,Hi-ToM,Order_3,<Rc3kmmq> MAD R1 S7,MAD,<Rc3kmmq>,0.36,0.48241815132442173,100,0.26544604234041336,0.4545539576595866,1.0,7.0
1160,Hi-ToM,Order_3,<Rc3kmmq> MAD R2 S3,MAD,<Rc3kmmq>,0.34,0.4760952285695234,100,0.24668533520037345,0.4333146647996266,2.0,3.0
1161,Hi-ToM,Order_3,<Rc3kmmq> MAD R2 S5,MAD,<Rc3kmmq>,0.33,0.47258156262526074,100,0.23737401372544892,0.4226259862745511,2.0,5.0
1162,Hi-ToM,Order_3,<Rc3kmmq> MAD R2 S7,MAD,<Rc3kmmq>,0.41,0.49431107042371025,100,0.31311503019695275,0.5068849698030472,2.0,7.0
1163,Hi-ToM,Order_3,<Rc3kmmq> MAD R3 S3,MAD,<Rc3kmmq>,0.31,0.4648231987117318,100,0.21889465305250058,0.40110534694749944,3.0,3.0
1164,Hi-ToM,Order_3,<Rc3kmmq> MAD R3 S5,MAD,<Rc3kmmq>,0.23,0.42295258468165076,100,0.14710129340239647,0.31289870659760355,3.0,5.0
1165,Hi-ToM,Order_3,<Rc3kmmq> MAD R3 S7,MAD,<Rc3kmmq>,0.4,0.49236596391733095,100,0.30349627107220317,0.4965037289277969,3.0,7.0
1182,Hi-ToM,Order_3,<qLKSiki> MAD R1 S3,MAD,<qLKSiki>,0.36,0.48241815132442184,100,0.2654460423404133,0.45455395765958667,1.0,3.0
1183,Hi-ToM,Order_3,<qLKSiki> MAD R1 S5,MAD,<qLKSiki>,0.29,0.45604802157206864,100,0.20061458777187452,0.37938541222812544,1.0,5.0
1184,Hi-ToM,Order_3,<qLKSiki> MAD R1 S7,MAD,<qLKSiki>,0.31,0.4648231987117317,100,0.21889465305250058,0.40110534694749944,1.0,7.0
1185,Hi-ToM,Order_3,<qLKSiki> MAD R2 S3,MAD,<qLKSiki>,0.31,0.4648231987117316,100,0.2188946530525006,0.4011053469474994,2.0,3.0
1186,Hi-ToM,Order_3,<qLKSiki> MAD R2 S5,MAD,<qLKSiki>,0.38,0.48783173121456325,100,0.2843849806819456,0.4756150193180544,2.0,5.0
1187,Hi-ToM,Order_3,<qLKSiki> MAD R2 S7,MAD,<qLKSiki>,0.32,0.46882617226215073,100,0.22811007023661847,0.41188992976338157,2.0,7.0
1188,Hi-ToM,Order_3,<qLKSiki> MAD R3 S3,MAD,<qLKSiki>,0.34,0.47609522856952335,100,0.24668533520037345,0.4333146647996266,3.0,3.0
1189,Hi-ToM,Order_3,<qLKSiki> MAD R3 S5,MAD,<qLKSiki>,0.4,0.49236596391733084,100,0.30349627107220317,0.4965037289277969,3.0,5.0
1190,Hi-ToM,Order_3,<qLKSiki> MAD R3 S7,MAD,<qLKSiki>,0.29,0.45604802157206864,100,0.20061458777187452,0.37938541222812544,3.0,7.0
1206,Hi-ToM,Order_3,Mixed-A MAD R3 S7,MAD,Mixed,0.26,0.44084400227680814,100,0.1735945755537456,0.34640542444625444,3.0,7.0
1208,Hi-ToM,Order_3,Mixed-B MAD R3 S7,MAD,Mixed,0.32,0.4688261722621506,100,0.2281100702366185,0.4118899297633815,3.0,7.0
1212,Hi-ToM,Order_4,<Rc3kmmq> MAD R1 S3,MAD,<Rc3kmmq>,0.2,0.40201512610368484,100,0.12120503528367779,0.27879496471632226,1.0,3.0
1213,Hi-ToM,Order_4,<Rc3kmmq> MAD R1 S5,MAD,<Rc3kmmq>,0.23,0.42295258468165065,100,0.14710129340239647,0.31289870659760355,1.0,5.0
1214,Hi-ToM,Order_4,<Rc3kmmq> MAD R1 S7,MAD,<Rc3kmmq>,0.35,0.47937248544110217,100,0.2560429928535439,0.44395700714645603,1.0,7.0
1215,Hi-ToM,Order_4,<Rc3kmmq> MAD R2 S3,MAD,<Rc3kmmq>,0.25,0.4351941398892446,100,0.16470194858170806,0.33529805141829194,2.0,3.0
1216,Hi-ToM,Order_4,<Rc3kmmq> MAD R2 S5,MAD,<Rc3kmmq>,0.2,0.4020151261036849,100,0.12120503528367778,0.27879496471632226,2.0,5.0
1217,Hi-ToM,Order_4,<Rc3kmmq> MAD R2 S7,MAD,<Rc3kmmq>,0.29,0.4560480215720687,100,0.20061458777187452,0.37938541222812544,2.0,7.0
1218,Hi-ToM,Order_4,<Rc3kmmq> MAD R3 S3,MAD,<Rc3kmmq>,0.23,0.4229525846816507,100,0.14710129340239647,0.31289870659760355,3.0,3.0
1219,Hi-ToM,Order_4,<Rc3kmmq> MAD R3 S5,MAD,<Rc3kmmq>,0.27,0.4461960433384738,100,0.18254557550565914,0.3574544244943409,3.0,5.0
1220,Hi-ToM,Order_4,<Rc3kmmq> MAD R3 S7,MAD,<Rc3kmmq>,0.28,0.45126085985421294,100,0.1915528714685743,0.36844712853142575,3.0,7.0
1237,Hi-ToM,Order_4,<qLKSiki> MAD R1 S3,MAD,<qLKSiki>,0.34,0.47609522856952324,100,0.24668533520037347,0.43331466479962655,1.0,3.0
1238,Hi-ToM,Order_4,<qLKSiki> MAD R1 S5,MAD,<qLKSiki>,0.33,0.47258156262526074,100,0.23737401372544892,0.4226259862745511,1.0,5.0
1239,Hi-ToM,Order_4,<qLKSiki> MAD R1 S7,MAD,<qLKSiki>,0.34,0.47609522856952324,100,0.24668533520037347,0.43331466479962655,1.0,7.0
1240,Hi-ToM,Order_4,<qLKSiki> MAD R2 S3,MAD,<qLKSiki>,0.31,0.4648231987117316,100,0.2188946530525006,0.4011053469474994,2.0,3.0
1241,Hi-ToM,Order_4,<qLKSiki> MAD R2 S5,MAD,<qLKSiki>,0.34,0.47609522856952324,100,0.24668533520037347,0.43331466479962655,2.0,5.0
1242,Hi-ToM,Order_4,<qLKSiki> MAD R2 S7,MAD,<qLKSiki>,0.34,0.47609522856952324,100,0.24668533520037347,0.43331466479962655,2.0,7.0
1243,Hi-ToM,Order_4,<qLKSiki> MAD R3 S3,MAD,<qLKSiki>,0.32,0.4688261722621507,100,0.22811007023661847,0.41188992976338157,3.0,3.0
1244,Hi-ToM,Order_4,<qLKSiki> MAD R3 S5,MAD,<qLKSiki>,0.32,0.4688261722621507,100,0.22811007023661847,0.41188992976338157,3.0,5.0
1245,Hi-ToM,Order_4,<qLKSiki> MAD R3 S7,MAD,<qLKSiki>,0.33,0.47258156262526074,100,0.23737401372544892,0.4226259862745511,3.0,7.0
1261,Hi-ToM,Order_4,Mixed-A MAD R3 S7,MAD,Mixed,0.3,0.4605661864718383,100,0.2097290274515197,0.3902709725484803,3.0,7.0
1263,Hi-ToM,Order_4,Mixed-B MAD R3 S7,MAD,Mixed,0.29,0.45604802157206864,100,0.20061458777187452,0.37938541222812544,3.0,7.0
1267,Hi-ToM,Teller_Knowledge_Container_Private_Communication,<Rc3kmmq> MAD R1 S3,MAD,<Rc3kmmq>,0.7272727272727273,0.4470583938310467,132,0.6510063075447681,0.8035391470006865,1.0,3.0
1268,Hi-ToM,Teller_Knowledge_Container_Private_Communication,<Rc3kmmq> MAD R1 S5,MAD,<Rc3kmmq>,0.696969696969697,0.46131895110350246,132,0.6182704817467789,0.7756689121926151,1.0,5.0
1269,Hi-ToM,Teller_Knowledge_Container_Private_Communication,<Rc3kmmq> MAD R1 S7,MAD,<Rc3kmmq>,0.7803030303030303,0.4156186217788768,132,0.7094001131612417,0.8512059474448188,1.0,7.0
1270,Hi-ToM,Teller_Knowledge_Container_Private_Communication,<Rc3kmmq> MAD R2 S3,MAD,<Rc3kmmq>,0.6893939393939394,0.46450459134742256,132,0.6101512663603692,0.7686366124275097,2.0,3.0
1271,Hi-ToM,Teller_Knowledge_Container_Private_Communication,<Rc3kmmq> MAD R2 S5,MAD,<Rc3kmmq>,0.8106060606060606,0.3933138862190853,132,0.7435082444255731,0.877703876786548,2.0,5.0
1272,Hi-ToM,Teller_Knowledge_Container_Private_Communication,<Rc3kmmq> MAD R2 S7,MAD,<Rc3kmmq>,0.7803030303030303,0.4156186217788769,132,0.7094001131612417,0.8512059474448188,2.0,7.0
1273,Hi-ToM,Teller_Knowledge_Container_Private_Communication,<Rc3kmmq> MAD R3 S3,MAD,<Rc3kmmq>,0.7348484848484849,0.4430954351538452,132,0.6592581304265586,0.8104388392704112,3.0,3.0
1274,Hi-ToM,Teller_Knowledge_Container_Private_Communication,<Rc3kmmq> MAD R3 S5,MAD,<Rc3kmmq>,0.8181818181818182,0.3871639260327548,132,0.7521331612417188,0.8842304751219177,3.0,5.0
1275,Hi-ToM,Teller_Knowledge_Container_Private_Communication,<Rc3kmmq> MAD R3 S7,MAD,<Rc3kmmq>,0.7651515151515151,0.4255189644206897,132,0.6925596381382865,0.8377433921647438,3.0,7.0
1292,Hi-ToM,Teller_Knowledge_Container_Private_Communication,<qLKSiki> MAD R1 S3,MAD,<qLKSiki>,0.7803030303030303,0.4156186217788768,132,0.7094001131612417,0.8512059474448188,1.0,3.0
1293,Hi-ToM,Teller_Knowledge_Container_Private_Communication,<qLKSiki> MAD R1 S5,MAD,<qLKSiki>,0.7575757575757576,0.4301821400363943,132,0.6841883609756472,0.830963154175868,1.0,5.0
1294,Hi-ToM,Teller_Knowledge_Container_Private_Communication,<qLKSiki> MAD R1 S7,MAD,<qLKSiki>,0.7878787878787878,0.4103676071301506,132,0.7178716733720099,0.8578859023855658,1.0,7.0
1295,Hi-ToM,Teller_Knowledge_Container_Private_Communication,<qLKSiki> MAD R2 S3,MAD,<qLKSiki>,0.8333333333333334,0.3740977270911416,132,0.7695137190115606,0.8971529476551061,2.0,3.0
1296,Hi-ToM,Teller_Knowledge_Container_Private_Communication,<qLKSiki> MAD R2 S5,MAD,<qLKSiki>,0.7803030303030303,0.415618621778877,132,0.7094001131612417,0.8512059474448188,2.0,5.0
1297,Hi-ToM,Teller_Knowledge_Container_Private_Communication,<qLKSiki> MAD R2 S7,MAD,<qLKSiki>,0.803030303030303,0.39922432308592987,132,0.7349241893542701,0.8711364167063359,2.0,7.0
1298,Hi-ToM,Teller_Knowledge_Container_Private_Communication,<qLKSiki> MAD R3 S3,MAD,<qLKSiki>,0.8181818181818182,0.38716392603275485,132,0.7521331612417188,0.8842304751219177,3.0,3.0
1299,Hi-ToM,Teller_Knowledge_Container_Private_Communication,<qLKSiki> MAD R3 S5,MAD,<qLKSiki>,0.7803030303030303,0.4156186217788768,132,0.7094001131612417,0.8512059474448188,3.0,5.0
1300,Hi-ToM,Teller_Knowledge_Container_Private_Communication,<qLKSiki> MAD R3 S7,MAD,<qLKSiki>,0.7878787878787878,0.4103676071301506,132,0.7178716733720099,0.8578859023855658,3.0,7.0
1316,Hi-ToM,Teller_Knowledge_Container_Private_Communication,Mixed-A MAD R3 S7,MAD,Mixed,0.8484848484848485,0.359916200697335,132,0.7870845472981334,0.9098851496715636,3.0,7.0
1318,Hi-ToM,Teller_Knowledge_Container_Private_Communication,Mixed-B MAD R3 S7,MAD,Mixed,0.8484848484848485,0.35991620069733504,132,0.7870845472981334,0.9098851496715636,3.0,7.0
1322,Hi-ToM,Teller_Knowledge_Container_Public_Claim,<Rc3kmmq> MAD R1 S3,MAD,<Rc3kmmq>,0.6764705882352942,0.47130104048668076,68,0.5644494416492772,0.7884917348213111,1.0,3.0
1323,Hi-ToM,Teller_Knowledge_Container_Public_Claim,<Rc3kmmq> MAD R1 S5,MAD,<Rc3kmmq>,0.7941176470588235,0.4073512375440996,68,0.6972964037918832,0.8909388903257638,1.0,5.0
1324,Hi-ToM,Teller_Knowledge_Container_Public_Claim,<Rc3kmmq> MAD R1 S7,MAD,<Rc3kmmq>,0.7794117647058824,0.41772619166483865,68,0.6801245513761933,0.8786989780355714,1.0,7.0
1325,Hi-ToM,Teller_Knowledge_Container_Public_Claim,<Rc3kmmq> MAD R2 S3,MAD,<Rc3kmmq>,0.6764705882352942,0.47130104048668076,68,0.5644494416492772,0.7884917348213111,2.0,3.0
1326,Hi-ToM,Teller_Knowledge_Container_Public_Claim,<Rc3kmmq> MAD R2 S5,MAD,<Rc3kmmq>,0.7794117647058824,0.41772619166483865,68,0.6801245513761933,0.8786989780355714,2.0,5.0
1327,Hi-ToM,Teller_Knowledge_Container_Public_Claim,<Rc3kmmq> MAD R2 S7,MAD,<Rc3kmmq>,0.7941176470588235,0.4073512375440995,68,0.6972964037918832,0.8909388903257638,2.0,7.0
1328,Hi-ToM,Teller_Knowledge_Container_Public_Claim,<Rc3kmmq> MAD R3 S3,MAD,<Rc3kmmq>,0.6911764705882353,0.4654432309413774,68,0.580547636951644,0.8018053042248265,3.0,3.0
1329,Hi-ToM,Teller_Knowledge_Container_Public_Claim,<Rc3kmmq> MAD R3 S5,MAD,<Rc3kmmq>,0.7205882352941176,0.45204636650620944,68,0.6131436342090506,0.8280328363791847,3.0,5.0
1330,Hi-ToM,Teller_Knowledge_Container_Public_Claim,<Rc3kmmq> MAD R3 S7,MAD,<Rc3kmmq>,0.7352941176470589,0.44445663820946985,68,0.6296534804683714,0.8409347548257463,3.0,7.0
1347,Hi-ToM,Teller_Knowledge_Container_Public_Claim,<qLKSiki> MAD R1 S3,MAD,<qLKSiki>,0.7205882352941176,0.45204636650620944,68,0.6131436342090506,0.8280328363791847,1.0,3.0
1348,Hi-ToM,Teller_Knowledge_Container_Public_Claim,<qLKSiki> MAD R1 S5,MAD,<qLKSiki>,0.6617647058823529,0.47662664501235463,68,0.548477743450452,0.7750516683142539,1.0,5.0
1349,Hi-ToM,Teller_Knowledge_Container_Public_Claim,<qLKSiki> MAD R1 S7,MAD,<qLKSiki>,0.7352941176470589,0.44445663820946985,68,0.6296534804683714,0.8409347548257463,1.0,7.0
1350,Hi-ToM,Teller_Knowledge_Container_Public_Claim,<qLKSiki> MAD R2 S3,MAD,<qLKSiki>,0.7205882352941176,0.4520463665062094,68,0.6131436342090506,0.8280328363791847,2.0,3.0
1351,Hi-ToM,Teller_Knowledge_Container_Public_Claim,<qLKSiki> MAD R2 S5,MAD,<qLKSiki>,0.7647058823529411,0.42733631967589086,68,0.6631344865874891,0.8662772781183932,2.0,5.0
1352,Hi-ToM,Teller_Knowledge_Container_Public_Claim,<qLKSiki> MAD R2 S7,MAD,<qLKSiki>,0.7794117647058824,0.4177261916648387,68,0.6801245513761932,0.8786989780355715,2.0,7.0
1353,Hi-ToM,Teller_Knowledge_Container_Public_Claim,<qLKSiki> MAD R3 S3,MAD,<qLKSiki>,0.75,0.436232171512701,68,0.646314194468786,0.853685805531214,3.0,3.0
1354,Hi-ToM,Teller_Knowledge_Container_Public_Claim,<qLKSiki> MAD R3 S5,MAD,<qLKSiki>,0.7647058823529411,0.4273363196758909,68,0.6631344865874891,0.8662772781183932,3.0,5.0
1355,Hi-ToM,Teller_Knowledge_Container_Public_Claim,<qLKSiki> MAD R3 S7,MAD,<qLKSiki>,0.7647058823529411,0.42733631967589086,68,0.6631344865874891,0.8662772781183932,3.0,7.0
1371,Hi-ToM,Teller_Knowledge_Container_Public_Claim,Mixed-A MAD R3 S7,MAD,Mixed,0.8529411764705882,0.35679777634476006,68,0.7681357282071851,0.9377466247339913,3.0,7.0
1373,Hi-ToM,Teller_Knowledge_Container_Public_Claim,Mixed-B MAD R3 S7,MAD,Mixed,0.8676470588235294,0.34139362166946463,68,0.7865029457168089,0.94879117193025,3.0,7.0
1377,Hi-ToM,Teller_Lie_Private_Communication,<Rc3kmmq> MAD R1 S3,MAD,<Rc3kmmq>,0.9242424242424242,0.2656178774337278,132,0.8789290495085048,0.9695557989763436,1.0,3.0
1378,Hi-ToM,Teller_Lie_Private_Communication,<Rc3kmmq> MAD R1 S5,MAD,<Rc3kmmq>,0.946969696969697,0.22494762543583444,132,0.9085945087280001,0.985344885211394,1.0,5.0
1379,Hi-ToM,Teller_Lie_Private_Communication,<Rc3kmmq> MAD R1 S7,MAD,<Rc3kmmq>,0.9772727272727273,0.1496004393852536,132,0.9517514753309624,1.0027939792144922,1.0,7.0
1380,Hi-ToM,Teller_Lie_Private_Communication,<Rc3kmmq> MAD R2 S3,MAD,<Rc3kmmq>,0.8939393939393939,0.3090881876572578,132,0.8412101536922431,0.9466686341865448,2.0,3.0
1381,Hi-ToM,Teller_Lie_Private_Communication,<Rc3kmmq> MAD R2 S5,MAD,<Rc3kmmq>,0.9318181818181818,0.2530178709610778,132,0.8886543190842122,0.9749820445521513,2.0,5.0
1382,Hi-ToM,Teller_Lie_Private_Communication,<Rc3kmmq> MAD R2 S7,MAD,<Rc3kmmq>,0.9393939393939394,0.23951527888205904,132,0.8985335662468427,0.9802543125410362,2.0,7.0
1383,Hi-ToM,Teller_Lie_Private_Communication,<Rc3kmmq> MAD R3 S3,MAD,<Rc3kmmq>,0.9318181818181818,0.2530178709610778,132,0.8886543190842122,0.9749820445521513,3.0,3.0
1384,Hi-ToM,Teller_Lie_Private_Communication,<Rc3kmmq> MAD R3 S5,MAD,<Rc3kmmq>,0.946969696969697,0.22494762543583438,132,0.9085945087280001,0.985344885211394,3.0,5.0
1385,Hi-ToM,Teller_Lie_Private_Communication,<Rc3kmmq> MAD R3 S7,MAD,<Rc3kmmq>,0.9242424242424242,0.2656178774337277,132,0.8789290495085048,0.9695557989763436,3.0,7.0
1402,Hi-ToM,Teller_Lie_Private_Communication,<qLKSiki> MAD R1 S3,MAD,<qLKSiki>,0.8939393939393939,0.3090881876572578,132,0.8412101536922431,0.9466686341865448,1.0,3.0
1403,Hi-ToM,Teller_Lie_Private_Communication,<qLKSiki> MAD R1 S5,MAD,<qLKSiki>,0.9090909090909091,0.28857495234831343,132,0.8598611468440339,0.9583206713377842,1.0,5.0
1404,Hi-ToM,Teller_Lie_Private_Communication,<qLKSiki> MAD R1 S7,MAD,<qLKSiki>,0.946969696969697,0.2249476254358344,132,0.9085945087280001,0.985344885211394,1.0,7.0
1405,Hi-ToM,Teller_Lie_Private_Communication,<qLKSiki> MAD R2 S3,MAD,<qLKSiki>,0.9772727272727273,0.14960043938525358,132,0.9517514753309625,1.0027939792144922,2.0,3.0
1406,Hi-ToM,Teller_Lie_Private_Communication,<qLKSiki> MAD R2 S5,MAD,<qLKSiki>,0.9772727272727273,0.14960043938525358,132,0.9517514753309625,1.0027939792144922,2.0,5.0
1407,Hi-ToM,Teller_Lie_Private_Communication,<qLKSiki> MAD R2 S7,MAD,<qLKSiki>,0.9696969696969697,0.1720728560145577,132,0.9403420110569255,0.999051928337014,2.0,7.0
1408,Hi-ToM,Teller_Lie_Private_Communication,<qLKSiki> MAD R3 S3,MAD,<qLKSiki>,0.9924242424242424,0.08703882797784891,132,0.9775757575757575,1.0072727272727273,3.0,3.0
1409,Hi-ToM,Teller_Lie_Private_Communication,<qLKSiki> MAD R3 S5,MAD,<qLKSiki>,0.9393939393939394,0.23951527888205898,132,0.8985335662468427,0.9802543125410362,3.0,5.0
1410,Hi-ToM,Teller_Lie_Private_Communication,<qLKSiki> MAD R3 S7,MAD,<qLKSiki>,0.9772727272727273,0.14960043938525355,132,0.9517514753309625,1.0027939792144922,3.0,7.0
1426,Hi-ToM,Teller_Lie_Private_Communication,Mixed-A MAD R3 S7,MAD,Mixed,0.9696969696969697,0.17207285601455768,132,0.9403420110569255,0.999051928337014,3.0,7.0
1428,Hi-ToM,Teller_Lie_Private_Communication,Mixed-B MAD R3 S7,MAD,Mixed,0.9772727272727273,0.14960043938525358,132,0.9517514753309625,1.0027939792144922,3.0,7.0
1432,Hi-ToM,Teller_Lie_Public_Claim,<Rc3kmmq> MAD R1 S3,MAD,<Rc3kmmq>,0.8970588235294118,0.30614141120130517,68,0.8242936289845025,0.9698240180743211,1.0,3.0
1433,Hi-ToM,Teller_Lie_Public_Claim,<Rc3kmmq> MAD R1 S5,MAD,<Rc3kmmq>,0.9117647058823529,0.2857456398198083,68,0.8438472784743509,0.9796821332903549,1.0,5.0
1434,Hi-ToM,Teller_Lie_Public_Claim,<Rc3kmmq> MAD R1 S7,MAD,<Rc3kmmq>,0.8970588235294118,0.3061414112013051,68,0.8242936289845025,0.9698240180743211,1.0,7.0
1435,Hi-ToM,Teller_Lie_Public_Claim,<Rc3kmmq> MAD R2 S3,MAD,<Rc3kmmq>,0.8970588235294118,0.30614141120130517,68,0.8242936289845025,0.9698240180743211,2.0,3.0
1436,Hi-ToM,Teller_Lie_Public_Claim,<Rc3kmmq> MAD R2 S5,MAD,<Rc3kmmq>,0.9264705882352942,0.26294409317754647,68,0.8639727444466347,0.9889684320239536,2.0,5.0
1437,Hi-ToM,Teller_Lie_Public_Claim,<Rc3kmmq> MAD R2 S7,MAD,<Rc3kmmq>,0.9411764705882353,0.23704354037838393,68,0.8848347974262687,0.9975181437502019,2.0,7.0
1438,Hi-ToM,Teller_Lie_Public_Claim,<Rc3kmmq> MAD R3 S3,MAD,<Rc3kmmq>,0.8823529411764706,0.3245852354403189,68,0.8052039278804892,0.9595019544724519,3.0,3.0
1439,Hi-ToM,Teller_Lie_Public_Claim,<Rc3kmmq> MAD R3 S5,MAD,<Rc3kmmq>,0.9117647058823529,0.2857456398198083,68,0.8438472784743509,0.9796821332903549,3.0,5.0
1440,Hi-ToM,Teller_Lie_Public_Claim,<Rc3kmmq> MAD R3 S7,MAD,<Rc3kmmq>,0.9558823529411765,0.2068833061667868,68,0.9067093124098468,1.0050553934725064,3.0,7.0
1457,Hi-ToM,Teller_Lie_Public_Claim,<qLKSiki> MAD R1 S3,MAD,<qLKSiki>,0.9264705882352942,0.26294409317754647,68,0.8639727444466347,0.9889684320239536,1.0,3.0
1458,Hi-ToM,Teller_Lie_Public_Claim,<qLKSiki> MAD R1 S5,MAD,<qLKSiki>,0.9411764705882353,0.23704354037838393,68,0.8848347974262687,0.9975181437502019,1.0,5.0
1459,Hi-ToM,Teller_Lie_Public_Claim,<qLKSiki> MAD R1 S7,MAD,<qLKSiki>,0.9411764705882353,0.23704354037838393,68,0.8848347974262687,0.9975181437502019,1.0,7.0
1460,Hi-ToM,Teller_Lie_Public_Claim,<qLKSiki> MAD R2 S3,MAD,<qLKSiki>,0.9852941176470589,0.12126781251816648,68,0.9564705882352942,1.0141176470588236,2.0,3.0
1461,Hi-ToM,Teller_Lie_Public_Claim,<qLKSiki> MAD R2 S5,MAD,<qLKSiki>,1.0,0.0,68,1.0,1.0,2.0,5.0
1462,Hi-ToM,Teller_Lie_Public_Claim,<qLKSiki> MAD R2 S7,MAD,<qLKSiki>,1.0,0.0,68,1.0,1.0,2.0,7.0
1463,Hi-ToM,Teller_Lie_Public_Claim,<qLKSiki> MAD R3 S3,MAD,<qLKSiki>,0.9705882352941176,0.17021393345759914,68,0.9301309514079067,1.0110455191803287,3.0,3.0
1464,Hi-ToM,Teller_Lie_Public_Claim,<qLKSiki> MAD R3 S5,MAD,<qLKSiki>,1.0,0.0,68,1.0,1.0,3.0,5.0
1465,Hi-ToM,Teller_Lie_Public_Claim,<qLKSiki> MAD R3 S7,MAD,<qLKSiki>,1.0,0.0,68,1.0,1.0,3.0,7.0
1481,Hi-ToM,Teller_Lie_Public_Claim,Mixed-A MAD R3 S7,MAD,Mixed,0.9558823529411765,0.2068833061667868,68,0.9067093124098468,1.0050553934725064,3.0,7.0
1483,Hi-ToM,Teller_Lie_Public_Claim,Mixed-B MAD R3 S7,MAD,Mixed,1.0,0.0,68,1.0,1.0,3.0,7.0
