,dataset,question_type,config,madp,llm,mean_metric,std_metric,count,ci_lower,ci_upper,layers,workers
11,FANToM,AnswerabilityQ_List,<Rc3kmmq> MoA W3 L3,MoA,<Rc3kmmq>,0.4777777777777778,0.502304303170668,90,0.374000633578272,0.5815549219772836,3.0,3.0
12,FANToM,AnswerabilityQ_List,<Rc3kmmq> MoA W3 L4,MoA,<Rc3kmmq>,0.4888888888888889,0.5026769786045273,90,0.38503474914704927,0.5927430286307285,4.0,3.0
13,FANToM,AnswerabilityQ_List,<Rc3kmmq> MoA W3 L5,MoA,<Rc3kmmq>,0.43333333333333335,0.4983117565757134,90,0.3303810578062487,0.536285608860418,5.0,3.0
14,FANToM,AnswerabilityQ_List,<Rc3kmmq> MoA W4 L3,MoA,<Rc3kmmq>,0.4777777777777778,0.5023043031706679,90,0.374000633578272,0.5815549219772836,3.0,4.0
15,FANToM,AnswerabilityQ_List,<Rc3kmmq> MoA W4 L4,MoA,<Rc3kmmq>,0.4,0.49264249635357593,90,0.2982190057696583,0.5017809942303417,4.0,4.0
16,FANToM,AnswerabilityQ_List,<Rc3kmmq> MoA W4 L5,MoA,<Rc3kmmq>,0.45555555555555555,0.5008108282005754,90,0.35208696648160076,0.5590241446295103,5.0,4.0
17,FANToM,AnswerabilityQ_List,<Rc3kmmq> MoA W5 L3,MoA,<Rc3kmmq>,0.45555555555555555,0.5008108282005754,90,0.35208696648160076,0.5590241446295103,3.0,5.0
18,FANToM,AnswerabilityQ_List,<Rc3kmmq> MoA W5 L4,MoA,<Rc3kmmq>,0.4777777777777778,0.502304303170668,90,0.374000633578272,0.5815549219772836,4.0,5.0
19,FANToM,AnswerabilityQ_List,<Rc3kmmq> MoA W5 L5,MoA,<Rc3kmmq>,0.4666666666666667,0.5016825622427262,90,0.3630179754736879,0.5703153578596454,5.0,5.0
36,FANToM,AnswerabilityQ_List,<qLKSiki> MoA W3 L3,MoA,<qLKSiki>,0.45555555555555555,0.5008108282005755,90,0.35208696648160076,0.5590241446295103,3.0,3.0
37,FANToM,AnswerabilityQ_List,<qLKSiki> MoA W3 L4,MoA,<qLKSiki>,0.4444444444444444,0.49968779266390756,90,0.3412078769161827,0.5476810119727061,4.0,3.0
38,FANToM,AnswerabilityQ_List,<qLKSiki> MoA W3 L5,MoA,<qLKSiki>,0.5,0.5028011423654931,90,0.39612020775937673,0.6038797922406233,5.0,3.0
39,FANToM,AnswerabilityQ_List,<qLKSiki> MoA W4 L3,MoA,<qLKSiki>,0.43333333333333335,0.4983117565757133,90,0.33038105780624877,0.536285608860418,3.0,4.0
40,FANToM,AnswerabilityQ_List,<qLKSiki> MoA W4 L4,MoA,<qLKSiki>,0.4888888888888889,0.5026769786045273,90,0.38503474914704927,0.5927430286307285,4.0,4.0
41,FANToM,AnswerabilityQ_List,<qLKSiki> MoA W4 L5,MoA,<qLKSiki>,0.4777777777777778,0.502304303170668,90,0.374000633578272,0.5815549219772836,5.0,4.0
42,FANToM,AnswerabilityQ_List,<qLKSiki> MoA W5 L3,MoA,<qLKSiki>,0.4111111111111111,0.4947918514685246,90,0.30888605551340304,0.5133361667088192,3.0,5.0
43,FANToM,AnswerabilityQ_List,<qLKSiki> MoA W5 L4,MoA,<qLKSiki>,0.45555555555555555,0.5008108282005754,90,0.35208696648160076,0.5590241446295103,4.0,5.0
44,FANToM,AnswerabilityQ_List,<qLKSiki> MoA W5 L5,MoA,<qLKSiki>,0.5111111111111111,0.5026769786045271,90,0.4072569713692715,0.6149652508529506,5.0,5.0
50,FANToM,AnswerabilityQ_List,Mixed MoA W5 L5,MoA,Mixed,0.45555555555555555,0.5008108282005754,90,0.35208696648160076,0.5590241446295103,5.0,5.0
66,FANToM,AnswerabilityQs_Binary,<Rc3kmmq> MoA W3 L3,MoA,<Rc3kmmq>,0.43617021276595747,0.49656979397028167,376,0.38597729446233003,0.4863631310695849,3.0,3.0
67,FANToM,AnswerabilityQs_Binary,<Rc3kmmq> MoA W3 L4,MoA,<Rc3kmmq>,0.42819148936170215,0.495475987208976,376,0.37810913226030013,0.47827384646310417,4.0,3.0
68,FANToM,AnswerabilityQs_Binary,<Rc3kmmq> MoA W3 L5,MoA,<Rc3kmmq>,0.42021276595744683,0.49425063271913194,376,0.37025426680823714,0.4701712651066565,5.0,3.0
69,FANToM,AnswerabilityQs_Binary,<Rc3kmmq> MoA W4 L3,MoA,<Rc3kmmq>,0.425531914893617,0.49508219820422095,376,0.37548936170212766,0.4755744680851064,3.0,4.0
70,FANToM,AnswerabilityQs_Binary,<Rc3kmmq> MoA W4 L4,MoA,<Rc3kmmq>,0.43882978723404253,0.4969053165513743,376,0.38860295454877875,0.4890566199193063,4.0,4.0
71,FANToM,AnswerabilityQs_Binary,<Rc3kmmq> MoA W4 L5,MoA,<Rc3kmmq>,0.42819148936170215,0.4954759872089758,376,0.37810913226030013,0.47827384646310417,5.0,4.0
72,FANToM,AnswerabilityQs_Binary,<Rc3kmmq> MoA W5 L3,MoA,<Rc3kmmq>,0.449468085106383,0.4981027835484593,376,0.39912021331667547,0.4998159568960905,3.0,5.0
73,FANToM,AnswerabilityQs_Binary,<Rc3kmmq> MoA W5 L4,MoA,<Rc3kmmq>,0.4308510638297872,0.4958551607329823,376,0.38073038014077465,0.4809717475187998,4.0,5.0
74,FANToM,AnswerabilityQs_Binary,<Rc3kmmq> MoA W5 L5,MoA,<Rc3kmmq>,0.43882978723404253,0.49690531655137393,376,0.3886029545487788,0.48905661991930627,5.0,5.0
91,FANToM,AnswerabilityQs_Binary,<qLKSiki> MoA W3 L3,MoA,<qLKSiki>,0.5132978723404256,0.5004891224613456,376,0.46270879112647656,0.5638869535543746,3.0,3.0
92,FANToM,AnswerabilityQs_Binary,<qLKSiki> MoA W3 L4,MoA,<qLKSiki>,0.4228723404255319,0.4946737588144071,376,0.37287107199435987,0.47287360885670393,4.0,3.0
93,FANToM,AnswerabilityQs_Binary,<qLKSiki> MoA W3 L5,MoA,<qLKSiki>,0.40691489361702127,0.4919133291589641,376,0.3571926474338011,0.45663713980024145,5.0,3.0
94,FANToM,AnswerabilityQs_Binary,<qLKSiki> MoA W4 L3,MoA,<qLKSiki>,0.7101063829787234,0.45431735088938524,376,0.6641843112900937,0.7560284546673531,3.0,4.0
95,FANToM,AnswerabilityQs_Binary,<qLKSiki> MoA W4 L4,MoA,<qLKSiki>,0.5611702127659575,0.496905316551374,376,0.5109433800806937,0.6113970454512212,4.0,4.0
96,FANToM,AnswerabilityQs_Binary,<qLKSiki> MoA W4 L5,MoA,<qLKSiki>,0.47074468085106386,0.4998084739560724,376,0.420224399099413,0.5212649626027147,5.0,4.0
97,FANToM,AnswerabilityQs_Binary,<qLKSiki> MoA W5 L3,MoA,<qLKSiki>,0.6622340425531915,0.47357850008703006,376,0.6143650677306003,0.7101030173757827,3.0,5.0
98,FANToM,AnswerabilityQs_Binary,<qLKSiki> MoA W5 L4,MoA,<qLKSiki>,0.5638297872340425,0.49656979397028145,376,0.5136368689304152,0.6140227055376699,4.0,5.0
99,FANToM,AnswerabilityQs_Binary,<qLKSiki> MoA W5 L5,MoA,<qLKSiki>,0.4654255319148936,0.4994678018715352,376,0.41493968505299067,0.5159113787767965,5.0,5.0
105,FANToM,AnswerabilityQs_Binary,Mixed MoA W5 L5,MoA,Mixed,0.6303191489361702,0.4833614567508878,376,0.5814613198768546,0.6791769779954859,5.0,5.0
121,FANToM,BeliefQ_Choice_First_Order,<Rc3kmmq> MoA W3 L3,MoA,<Rc3kmmq>,0.24675324675324675,0.4339489466650291,77,0.14982522540588794,0.34368126810060556,3.0,3.0
122,FANToM,BeliefQ_Choice_First_Order,<Rc3kmmq> MoA W3 L4,MoA,<Rc3kmmq>,0.2727272727272727,0.44828220776542427,77,0.17259773505272072,0.3728568104018247,4.0,3.0
123,FANToM,BeliefQ_Choice_First_Order,<Rc3kmmq> MoA W3 L5,MoA,<Rc3kmmq>,0.24675324675324675,0.43394894666502903,77,0.14982522540588794,0.34368126810060556,5.0,3.0
124,FANToM,BeliefQ_Choice_First_Order,<Rc3kmmq> MoA W4 L3,MoA,<Rc3kmmq>,0.2597402597402597,0.44136741475237473,77,0.16115522910952548,0.3583252903709939,3.0,4.0
125,FANToM,BeliefQ_Choice_First_Order,<Rc3kmmq> MoA W4 L4,MoA,<Rc3kmmq>,0.2597402597402597,0.4413674147523747,77,0.1611552291095255,0.3583252903709939,4.0,4.0
126,FANToM,BeliefQ_Choice_First_Order,<Rc3kmmq> MoA W4 L5,MoA,<Rc3kmmq>,0.2987012987012987,0.4606898450017809,77,0.19580035730251044,0.40160224010008694,5.0,4.0
127,FANToM,BeliefQ_Choice_First_Order,<Rc3kmmq> MoA W5 L3,MoA,<Rc3kmmq>,0.22077922077922077,0.4174917781534154,77,0.12752711751639667,0.31403132404204487,3.0,5.0
128,FANToM,BeliefQ_Choice_First_Order,<Rc3kmmq> MoA W5 L4,MoA,<Rc3kmmq>,0.2077922077922078,0.4083877909943188,77,0.11657359595385802,0.2990108196305576,4.0,5.0
129,FANToM,BeliefQ_Choice_First_Order,<Rc3kmmq> MoA W5 L5,MoA,<Rc3kmmq>,0.19480519480519481,0.3986477484460184,77,0.10576214545939462,0.283848244150995,5.0,5.0
146,FANToM,BeliefQ_Choice_First_Order,<qLKSiki> MoA W3 L3,MoA,<qLKSiki>,0.4155844155844156,0.4960541500218804,77,0.30478440647670474,0.5263844246921264,3.0,3.0
147,FANToM,BeliefQ_Choice_First_Order,<qLKSiki> MoA W3 L4,MoA,<qLKSiki>,0.4025974025974026,0.49363688603701666,77,0.2923373201721453,0.5128574850226599,4.0,3.0
148,FANToM,BeliefQ_Choice_First_Order,<qLKSiki> MoA W3 L5,MoA,<qLKSiki>,0.4155844155844156,0.4960541500218804,77,0.30478440647670474,0.5263844246921264,5.0,3.0
149,FANToM,BeliefQ_Choice_First_Order,<qLKSiki> MoA W4 L3,MoA,<qLKSiki>,0.4025974025974026,0.4936368860370168,77,0.2923373201721453,0.5128574850226599,3.0,4.0
150,FANToM,BeliefQ_Choice_First_Order,<qLKSiki> MoA W4 L4,MoA,<qLKSiki>,0.42857142857142855,0.4981167541368988,77,0.3173107105779649,0.5398321465648922,4.0,4.0
151,FANToM,BeliefQ_Choice_First_Order,<qLKSiki> MoA W4 L5,MoA,<qLKSiki>,0.44155844155844154,0.4998290890396145,77,0.32991525176667125,0.5532016313502118,5.0,4.0
152,FANToM,BeliefQ_Choice_First_Order,<qLKSiki> MoA W5 L3,MoA,<qLKSiki>,0.4155844155844156,0.4960541500218804,77,0.30478440647670474,0.5263844246921264,3.0,5.0
153,FANToM,BeliefQ_Choice_First_Order,<qLKSiki> MoA W5 L4,MoA,<qLKSiki>,0.38961038961038963,0.4908597225878863,77,0.2799706219944,0.4992501572263793,4.0,5.0
154,FANToM,BeliefQ_Choice_First_Order,<qLKSiki> MoA W5 L5,MoA,<qLKSiki>,0.37662337662337664,0.487716511676745,77,0.26768568517702807,0.4855610680697252,5.0,5.0
160,FANToM,BeliefQ_Choice_First_Order,Mixed MoA W5 L5,MoA,Mixed,0.3246753246753247,0.47132395947782424,77,0.2193991184375142,0.42995153091313515,5.0,5.0
176,FANToM,BeliefQ_Choice_Second_Order_Acyclic,<Rc3kmmq> MoA W3 L3,MoA,<Rc3kmmq>,0.5,0.5099019513592785,26,0.30399999999999994,0.6960000000000001,3.0,3.0
177,FANToM,BeliefQ_Choice_Second_Order_Acyclic,<Rc3kmmq> MoA W3 L4,MoA,<Rc3kmmq>,0.4230769230769231,0.503831473655779,26,0.22941033958320264,0.6167435065706435,4.0,3.0
178,FANToM,BeliefQ_Choice_Second_Order_Acyclic,<Rc3kmmq> MoA W3 L5,MoA,<Rc3kmmq>,0.38461538461538464,0.4961389383568338,26,0.19390571649446084,0.5753250527363084,5.0,3.0
179,FANToM,BeliefQ_Choice_Second_Order_Acyclic,<Rc3kmmq> MoA W4 L3,MoA,<Rc3kmmq>,0.46153846153846156,0.5083911274417939,26,0.2661192035557015,0.6569577195212216,3.0,4.0
180,FANToM,BeliefQ_Choice_Second_Order_Acyclic,<Rc3kmmq> MoA W4 L4,MoA,<Rc3kmmq>,0.4230769230769231,0.5038314736557788,26,0.2294103395832027,0.6167435065706435,4.0,4.0
181,FANToM,BeliefQ_Choice_Second_Order_Acyclic,<Rc3kmmq> MoA W4 L5,MoA,<Rc3kmmq>,0.4230769230769231,0.503831473655779,26,0.22941033958320264,0.6167435065706435,5.0,4.0
182,FANToM,BeliefQ_Choice_Second_Order_Acyclic,<Rc3kmmq> MoA W5 L3,MoA,<Rc3kmmq>,0.38461538461538464,0.49613893835683387,26,0.1939057164944608,0.5753250527363085,3.0,5.0
183,FANToM,BeliefQ_Choice_Second_Order_Acyclic,<Rc3kmmq> MoA W5 L4,MoA,<Rc3kmmq>,0.38461538461538464,0.4961389383568338,26,0.19390571649446084,0.5753250527363084,4.0,5.0
184,FANToM,BeliefQ_Choice_Second_Order_Acyclic,<Rc3kmmq> MoA W5 L5,MoA,<Rc3kmmq>,0.4230769230769231,0.503831473655779,26,0.22941033958320264,0.6167435065706435,5.0,5.0
201,FANToM,BeliefQ_Choice_Second_Order_Acyclic,<qLKSiki> MoA W3 L3,MoA,<qLKSiki>,0.5384615384615384,0.508391127441794,26,0.3430422804787783,0.7338807964442986,3.0,3.0
202,FANToM,BeliefQ_Choice_Second_Order_Acyclic,<qLKSiki> MoA W3 L4,MoA,<qLKSiki>,0.5384615384615384,0.508391127441794,26,0.3430422804787783,0.7338807964442986,4.0,3.0
203,FANToM,BeliefQ_Choice_Second_Order_Acyclic,<qLKSiki> MoA W3 L5,MoA,<qLKSiki>,0.46153846153846156,0.508391127441794,26,0.26611920355570146,0.6569577195212217,5.0,3.0
204,FANToM,BeliefQ_Choice_Second_Order_Acyclic,<qLKSiki> MoA W4 L3,MoA,<qLKSiki>,0.5384615384615384,0.508391127441794,26,0.3430422804787783,0.7338807964442986,3.0,4.0
205,FANToM,BeliefQ_Choice_Second_Order_Acyclic,<qLKSiki> MoA W4 L4,MoA,<qLKSiki>,0.5384615384615384,0.508391127441794,26,0.3430422804787783,0.7338807964442986,4.0,4.0
206,FANToM,BeliefQ_Choice_Second_Order_Acyclic,<qLKSiki> MoA W4 L5,MoA,<qLKSiki>,0.5,0.5099019513592784,26,0.30400000000000005,0.696,5.0,4.0
207,FANToM,BeliefQ_Choice_Second_Order_Acyclic,<qLKSiki> MoA W5 L3,MoA,<qLKSiki>,0.6153846153846154,0.49613893835683387,26,0.4246749472636916,0.8060942835055392,3.0,5.0
208,FANToM,BeliefQ_Choice_Second_Order_Acyclic,<qLKSiki> MoA W5 L4,MoA,<qLKSiki>,0.5769230769230769,0.503831473655779,26,0.3832564934293564,0.7705896604167973,4.0,5.0
209,FANToM,BeliefQ_Choice_Second_Order_Acyclic,<qLKSiki> MoA W5 L5,MoA,<qLKSiki>,0.5,0.5099019513592784,26,0.30400000000000005,0.696,5.0,5.0
215,FANToM,BeliefQ_Choice_Second_Order_Acyclic,Mixed MoA W5 L5,MoA,Mixed,0.5769230769230769,0.503831473655779,26,0.3832564934293564,0.7705896604167973,5.0,5.0
231,FANToM,BeliefQ_Choice_Second_Order_Cyclic,<Rc3kmmq> MoA W3 L3,MoA,<Rc3kmmq>,0.4074074074074074,0.5007117441325405,27,0.21853784803667226,0.5962769667781425,3.0,3.0
232,FANToM,BeliefQ_Choice_Second_Order_Cyclic,<Rc3kmmq> MoA W3 L4,MoA,<Rc3kmmq>,0.4074074074074074,0.5007117441325405,27,0.21853784803667226,0.5962769667781425,4.0,3.0
233,FANToM,BeliefQ_Choice_Second_Order_Cyclic,<Rc3kmmq> MoA W3 L5,MoA,<Rc3kmmq>,0.48148148148148145,0.5091750772173155,27,0.28941953445605195,0.673543428506911,5.0,3.0
234,FANToM,BeliefQ_Choice_Second_Order_Cyclic,<Rc3kmmq> MoA W4 L3,MoA,<Rc3kmmq>,0.5185185185185185,0.5091750772173156,27,0.32645657149308893,0.710580465543948,3.0,4.0
235,FANToM,BeliefQ_Choice_Second_Order_Cyclic,<Rc3kmmq> MoA W4 L4,MoA,<Rc3kmmq>,0.4444444444444444,0.5063696835418333,27,0.2534406980175803,0.6354481908713085,4.0,4.0
236,FANToM,BeliefQ_Choice_Second_Order_Cyclic,<Rc3kmmq> MoA W4 L5,MoA,<Rc3kmmq>,0.5185185185185185,0.5091750772173156,27,0.32645657149308893,0.710580465543948,5.0,4.0
237,FANToM,BeliefQ_Choice_Second_Order_Cyclic,<Rc3kmmq> MoA W5 L3,MoA,<Rc3kmmq>,0.4444444444444444,0.5063696835418333,27,0.2534406980175803,0.6354481908713085,3.0,5.0
238,FANToM,BeliefQ_Choice_Second_Order_Cyclic,<Rc3kmmq> MoA W5 L4,MoA,<Rc3kmmq>,0.48148148148148145,0.5091750772173155,27,0.28941953445605195,0.673543428506911,4.0,5.0
239,FANToM,BeliefQ_Choice_Second_Order_Cyclic,<Rc3kmmq> MoA W5 L5,MoA,<Rc3kmmq>,0.37037037037037035,0.4921028776234113,27,0.18474809417865792,0.5559926465620828,5.0,5.0
256,FANToM,BeliefQ_Choice_Second_Order_Cyclic,<qLKSiki> MoA W3 L3,MoA,<qLKSiki>,0.4444444444444444,0.5063696835418333,27,0.2534406980175803,0.6354481908713085,3.0,3.0
257,FANToM,BeliefQ_Choice_Second_Order_Cyclic,<qLKSiki> MoA W3 L4,MoA,<qLKSiki>,0.5185185185185185,0.5091750772173156,27,0.32645657149308893,0.710580465543948,4.0,3.0
258,FANToM,BeliefQ_Choice_Second_Order_Cyclic,<qLKSiki> MoA W3 L5,MoA,<qLKSiki>,0.5555555555555556,0.5063696835418333,27,0.36455180912869145,0.7465593019824197,5.0,3.0
259,FANToM,BeliefQ_Choice_Second_Order_Cyclic,<qLKSiki> MoA W4 L3,MoA,<qLKSiki>,0.4444444444444444,0.5063696835418333,27,0.2534406980175803,0.6354481908713085,3.0,4.0
260,FANToM,BeliefQ_Choice_Second_Order_Cyclic,<qLKSiki> MoA W4 L4,MoA,<qLKSiki>,0.5555555555555556,0.5063696835418334,27,0.36455180912869145,0.7465593019824197,4.0,4.0
261,FANToM,BeliefQ_Choice_Second_Order_Cyclic,<qLKSiki> MoA W4 L5,MoA,<qLKSiki>,0.5185185185185185,0.5091750772173156,27,0.32645657149308893,0.710580465543948,5.0,4.0
262,FANToM,BeliefQ_Choice_Second_Order_Cyclic,<qLKSiki> MoA W5 L3,MoA,<qLKSiki>,0.5185185185185185,0.5091750772173155,27,0.326456571493089,0.710580465543948,3.0,5.0
263,FANToM,BeliefQ_Choice_Second_Order_Cyclic,<qLKSiki> MoA W5 L4,MoA,<qLKSiki>,0.5555555555555556,0.5063696835418333,27,0.36455180912869145,0.7465593019824197,4.0,5.0
264,FANToM,BeliefQ_Choice_Second_Order_Cyclic,<qLKSiki> MoA W5 L5,MoA,<qLKSiki>,0.4444444444444444,0.5063696835418333,27,0.2534406980175803,0.6354481908713085,5.0,5.0
270,FANToM,BeliefQ_Choice_Second_Order_Cyclic,Mixed MoA W5 L5,MoA,Mixed,0.5185185185185185,0.5091750772173155,27,0.326456571493089,0.710580465543948,5.0,5.0
286,FANToM,BeliefQ_Dist_First_Order,<Rc3kmmq> MoA W3 L3,MoA,<Rc3kmmq>,0.05194805194805195,0.22337741817404583,77,0.002053862035419414,0.1018422418606845,3.0,3.0
287,FANToM,BeliefQ_Dist_First_Order,<Rc3kmmq> MoA W3 L4,MoA,<Rc3kmmq>,0.05194805194805195,0.22337741817404577,77,0.002053862035419428,0.10184224186068447,4.0,3.0
288,FANToM,BeliefQ_Dist_First_Order,<Rc3kmmq> MoA W3 L5,MoA,<Rc3kmmq>,0.06493506493506493,0.24802707501094023,77,0.009535060381209493,0.12033506948892037,5.0,3.0
289,FANToM,BeliefQ_Dist_First_Order,<Rc3kmmq> MoA W4 L3,MoA,<Rc3kmmq>,0.09090909090909091,0.28936492084609694,77,0.026275752262926236,0.1555424295552556,3.0,4.0
290,FANToM,BeliefQ_Dist_First_Order,<Rc3kmmq> MoA W4 L4,MoA,<Rc3kmmq>,0.06493506493506493,0.2480270750109402,77,0.0095350603812095,0.12033506948892037,4.0,4.0
291,FANToM,BeliefQ_Dist_First_Order,<Rc3kmmq> MoA W4 L5,MoA,<Rc3kmmq>,0.06493506493506493,0.2480270750109402,77,0.0095350603812095,0.12033506948892037,5.0,4.0
292,FANToM,BeliefQ_Dist_First_Order,<Rc3kmmq> MoA W5 L3,MoA,<Rc3kmmq>,0.06493506493506493,0.2480270750109402,77,0.0095350603812095,0.12033506948892037,3.0,5.0
293,FANToM,BeliefQ_Dist_First_Order,<Rc3kmmq> MoA W5 L4,MoA,<Rc3kmmq>,0.09090909090909091,0.28936492084609694,77,0.026275752262926236,0.1555424295552556,4.0,5.0
294,FANToM,BeliefQ_Dist_First_Order,<Rc3kmmq> MoA W5 L5,MoA,<Rc3kmmq>,0.06493506493506493,0.2480270750109402,77,0.0095350603812095,0.12033506948892037,5.0,5.0
311,FANToM,BeliefQ_Dist_First_Order,<qLKSiki> MoA W3 L3,MoA,<qLKSiki>,0.03896103896103896,0.19477101545677747,77,-0.0045435467491645246,0.08246562467124244,3.0,3.0
312,FANToM,BeliefQ_Dist_First_Order,<qLKSiki> MoA W3 L4,MoA,<qLKSiki>,0.06493506493506493,0.24802707501094018,77,0.009535060381209506,0.12033506948892035,4.0,3.0
313,FANToM,BeliefQ_Dist_First_Order,<qLKSiki> MoA W3 L5,MoA,<qLKSiki>,0.07792207792207792,0.2698066445201162,77,0.017657329267457923,0.13818682657669792,5.0,3.0
314,FANToM,BeliefQ_Dist_First_Order,<qLKSiki> MoA W4 L3,MoA,<qLKSiki>,0.07792207792207792,0.26980664452011627,77,0.01765732926745791,0.13818682657669792,3.0,4.0
315,FANToM,BeliefQ_Dist_First_Order,<qLKSiki> MoA W4 L4,MoA,<qLKSiki>,0.07792207792207792,0.2698066445201162,77,0.017657329267457923,0.13818682657669792,4.0,4.0
316,FANToM,BeliefQ_Dist_First_Order,<qLKSiki> MoA W4 L5,MoA,<qLKSiki>,0.06493506493506493,0.2480270750109402,77,0.0095350603812095,0.12033506948892037,5.0,4.0
317,FANToM,BeliefQ_Dist_First_Order,<qLKSiki> MoA W5 L3,MoA,<qLKSiki>,0.12987012987012986,0.33836485099003594,77,0.05429203306402204,0.2054482266762377,3.0,5.0
318,FANToM,BeliefQ_Dist_First_Order,<qLKSiki> MoA W5 L4,MoA,<qLKSiki>,0.07792207792207792,0.26980664452011627,77,0.01765732926745791,0.13818682657669792,4.0,5.0
319,FANToM,BeliefQ_Dist_First_Order,<qLKSiki> MoA W5 L5,MoA,<qLKSiki>,0.09090909090909091,0.28936492084609694,77,0.026275752262926236,0.1555424295552556,5.0,5.0
325,FANToM,BeliefQ_Dist_First_Order,Mixed MoA W5 L5,MoA,Mixed,0.05194805194805195,0.22337741817404583,77,0.002053862035419414,0.1018422418606845,5.0,5.0
341,FANToM,BeliefQ_Dist_First_Order_TokenF1,<Rc3kmmq> MoA W3 L3,MoA,<Rc3kmmq>,0.20883760485559946,0.07633320479305647,77,0.19178761185399196,0.22588759785720697,3.0,3.0
342,FANToM,BeliefQ_Dist_First_Order_TokenF1,<Rc3kmmq> MoA W3 L4,MoA,<Rc3kmmq>,0.2064362671177071,0.07454750388746,77,0.1897851331450887,0.2230874010903255,4.0,3.0
343,FANToM,BeliefQ_Dist_First_Order_TokenF1,<Rc3kmmq> MoA W3 L5,MoA,<Rc3kmmq>,0.19941063499542122,0.06989945225858828,77,0.18379770252316197,0.21502356746768048,5.0,3.0
344,FANToM,BeliefQ_Dist_First_Order_TokenF1,<Rc3kmmq> MoA W4 L3,MoA,<Rc3kmmq>,0.20195522211257005,0.06946460971460545,77,0.18643941725799446,0.21747102696714565,3.0,4.0
345,FANToM,BeliefQ_Dist_First_Order_TokenF1,<Rc3kmmq> MoA W4 L4,MoA,<Rc3kmmq>,0.2047968491800498,0.0749505813090702,77,0.18805568273419526,0.22153801562590436,4.0,4.0
346,FANToM,BeliefQ_Dist_First_Order_TokenF1,<Rc3kmmq> MoA W4 L5,MoA,<Rc3kmmq>,0.20466202539141867,0.06983958384976982,77,0.18906246529038553,0.2202615854924518,5.0,4.0
347,FANToM,BeliefQ_Dist_First_Order_TokenF1,<Rc3kmmq> MoA W5 L3,MoA,<Rc3kmmq>,0.20973189832631217,0.07940003657319443,77,0.19199688940626894,0.2274669072463554,3.0,5.0
348,FANToM,BeliefQ_Dist_First_Order_TokenF1,<Rc3kmmq> MoA W5 L4,MoA,<Rc3kmmq>,0.20267236590908513,0.07175383315339713,77,0.1866452338579595,0.21869949796021076,4.0,5.0
349,FANToM,BeliefQ_Dist_First_Order_TokenF1,<Rc3kmmq> MoA W5 L5,MoA,<Rc3kmmq>,0.19574026432723635,0.06561483256775875,77,0.1810843562055365,0.2103961724489362,5.0,5.0
366,FANToM,BeliefQ_Dist_First_Order_TokenF1,<qLKSiki> MoA W3 L3,MoA,<qLKSiki>,0.28572152736968376,0.08835517060105695,77,0.265986275266907,0.3054567794724605,3.0,3.0
367,FANToM,BeliefQ_Dist_First_Order_TokenF1,<qLKSiki> MoA W3 L4,MoA,<qLKSiki>,0.28932117519500744,0.08837104407617548,77,0.2695823775494958,0.30905997284051906,4.0,3.0
368,FANToM,BeliefQ_Dist_First_Order_TokenF1,<qLKSiki> MoA W3 L5,MoA,<qLKSiki>,0.2760071735004996,0.08205283163311237,77,0.25767962903411157,0.2943347179668876,5.0,3.0
369,FANToM,BeliefQ_Dist_First_Order_TokenF1,<qLKSiki> MoA W4 L3,MoA,<qLKSiki>,0.2873596617713306,0.08717572345499992,77,0.2678878542028238,0.3068314693398374,3.0,4.0
370,FANToM,BeliefQ_Dist_First_Order_TokenF1,<qLKSiki> MoA W4 L4,MoA,<qLKSiki>,0.2925274516145711,0.08906423984477581,77,0.2726338198698569,0.3124210833592853,4.0,4.0
371,FANToM,BeliefQ_Dist_First_Order_TokenF1,<qLKSiki> MoA W4 L5,MoA,<qLKSiki>,0.2741388234675597,0.08573567221581181,77,0.25498866967497746,0.2932889772601419,5.0,4.0
372,FANToM,BeliefQ_Dist_First_Order_TokenF1,<qLKSiki> MoA W5 L3,MoA,<qLKSiki>,0.2769378058150253,0.08681543445618586,77,0.2575464733808324,0.2963291382492182,3.0,5.0
373,FANToM,BeliefQ_Dist_First_Order_TokenF1,<qLKSiki> MoA W5 L4,MoA,<qLKSiki>,0.2838667845718902,0.08129230468137696,77,0.2657091134815746,0.30202445566220576,4.0,5.0
374,FANToM,BeliefQ_Dist_First_Order_TokenF1,<qLKSiki> MoA W5 L5,MoA,<qLKSiki>,0.28428875632433903,0.08845587060911557,77,0.2645310115928653,0.30404650105581277,5.0,5.0
380,FANToM,BeliefQ_Dist_First_Order_TokenF1,Mixed MoA W5 L5,MoA,Mixed,0.2884706255827504,0.08475450935673379,77,0.26953962700480993,0.30740162416069083,5.0,5.0
396,FANToM,BeliefQ_Dist_Second_Order_Acyclic,<Rc3kmmq> MoA W3 L3,MoA,<Rc3kmmq>,0.19230769230769232,0.40191847623425025,26,0.03781520383630141,0.34680018077908326,3.0,3.0
397,FANToM,BeliefQ_Dist_Second_Order_Acyclic,<Rc3kmmq> MoA W3 L4,MoA,<Rc3kmmq>,0.15384615384615385,0.3679464844031199,26,0.01241207862686275,0.29528022906544493,4.0,3.0
398,FANToM,BeliefQ_Dist_Second_Order_Acyclic,<Rc3kmmq> MoA W3 L5,MoA,<Rc3kmmq>,0.2692307692307692,0.45234432086120474,26,0.09535521011111725,0.4431063283504212,5.0,3.0
399,FANToM,BeliefQ_Dist_Second_Order_Acyclic,<Rc3kmmq> MoA W4 L3,MoA,<Rc3kmmq>,0.11538461538461539,0.3258125936084211,26,-0.009853713625534055,0.24062294439476484,3.0,4.0
400,FANToM,BeliefQ_Dist_Second_Order_Acyclic,<Rc3kmmq> MoA W4 L4,MoA,<Rc3kmmq>,0.19230769230769232,0.40191847623425014,26,0.037815203836301464,0.34680018077908314,4.0,4.0
401,FANToM,BeliefQ_Dist_Second_Order_Acyclic,<Rc3kmmq> MoA W4 L5,MoA,<Rc3kmmq>,0.11538461538461539,0.3258125936084211,26,-0.009853713625534055,0.24062294439476484,5.0,4.0
402,FANToM,BeliefQ_Dist_Second_Order_Acyclic,<Rc3kmmq> MoA W5 L3,MoA,<Rc3kmmq>,0.11538461538461539,0.3258125936084211,26,-0.009853713625534055,0.24062294439476484,3.0,5.0
403,FANToM,BeliefQ_Dist_Second_Order_Acyclic,<Rc3kmmq> MoA W5 L4,MoA,<Rc3kmmq>,0.11538461538461539,0.325812593608421,26,-0.009853713625534027,0.2406229443947648,4.0,5.0
404,FANToM,BeliefQ_Dist_Second_Order_Acyclic,<Rc3kmmq> MoA W5 L5,MoA,<Rc3kmmq>,0.15384615384615385,0.3679464844031199,26,0.01241207862686275,0.29528022906544493,5.0,5.0
421,FANToM,BeliefQ_Dist_Second_Order_Acyclic,<qLKSiki> MoA W3 L3,MoA,<qLKSiki>,0.3076923076923077,0.4706787243316417,26,0.12676923076923077,0.4886153846153847,3.0,3.0
422,FANToM,BeliefQ_Dist_Second_Order_Acyclic,<qLKSiki> MoA W3 L4,MoA,<qLKSiki>,0.4230769230769231,0.503831473655779,26,0.22941033958320264,0.6167435065706435,4.0,3.0
423,FANToM,BeliefQ_Dist_Second_Order_Acyclic,<qLKSiki> MoA W3 L5,MoA,<qLKSiki>,0.3076923076923077,0.47067872433164165,26,0.12676923076923077,0.4886153846153847,5.0,3.0
424,FANToM,BeliefQ_Dist_Second_Order_Acyclic,<qLKSiki> MoA W4 L3,MoA,<qLKSiki>,0.34615384615384615,0.48516452403758387,26,0.15966260708744737,0.5326450852202449,3.0,4.0
425,FANToM,BeliefQ_Dist_Second_Order_Acyclic,<qLKSiki> MoA W4 L4,MoA,<qLKSiki>,0.2692307692307692,0.45234432086120485,26,0.0953552101111172,0.44310632835042124,4.0,4.0
426,FANToM,BeliefQ_Dist_Second_Order_Acyclic,<qLKSiki> MoA W4 L5,MoA,<qLKSiki>,0.34615384615384615,0.4851645240375839,26,0.15966260708744734,0.5326450852202449,5.0,4.0
427,FANToM,BeliefQ_Dist_Second_Order_Acyclic,<qLKSiki> MoA W5 L3,MoA,<qLKSiki>,0.3076923076923077,0.47067872433164165,26,0.12676923076923077,0.4886153846153847,3.0,5.0
428,FANToM,BeliefQ_Dist_Second_Order_Acyclic,<qLKSiki> MoA W5 L4,MoA,<qLKSiki>,0.3076923076923077,0.4706787243316417,26,0.12676923076923077,0.4886153846153847,4.0,5.0
429,FANToM,BeliefQ_Dist_Second_Order_Acyclic,<qLKSiki> MoA W5 L5,MoA,<qLKSiki>,0.34615384615384615,0.4851645240375839,26,0.15966260708744734,0.5326450852202449,5.0,5.0
435,FANToM,BeliefQ_Dist_Second_Order_Acyclic,Mixed MoA W5 L5,MoA,Mixed,0.15384615384615385,0.36794648440311994,26,0.01241207862686275,0.29528022906544493,5.0,5.0
451,FANToM,BeliefQ_Dist_Second_Order_Acyclic_TokenF1,<Rc3kmmq> MoA W3 L3,MoA,<Rc3kmmq>,0.16857549473255418,0.0587950005545219,26,0.14597542411512174,0.19117556534998661,3.0,3.0
452,FANToM,BeliefQ_Dist_Second_Order_Acyclic_TokenF1,<Rc3kmmq> MoA W3 L4,MoA,<Rc3kmmq>,0.17599323456522092,0.05825330172674467,26,0.1536013862735931,0.19838508285684875,4.0,3.0
453,FANToM,BeliefQ_Dist_Second_Order_Acyclic_TokenF1,<Rc3kmmq> MoA W3 L5,MoA,<Rc3kmmq>,0.17005972397613256,0.054439197901731594,26,0.1491339699948123,0.19098547795745283,5.0,3.0
454,FANToM,BeliefQ_Dist_Second_Order_Acyclic_TokenF1,<Rc3kmmq> MoA W4 L3,MoA,<Rc3kmmq>,0.16591871261776509,0.0662198725359566,26,0.1404646130944189,0.19137281214111126,3.0,4.0
455,FANToM,BeliefQ_Dist_Second_Order_Acyclic_TokenF1,<Rc3kmmq> MoA W4 L4,MoA,<Rc3kmmq>,0.16991054888582455,0.06423732797936754,26,0.14521851495578625,0.19460258281586285,4.0,4.0
456,FANToM,BeliefQ_Dist_Second_Order_Acyclic_TokenF1,<Rc3kmmq> MoA W4 L5,MoA,<Rc3kmmq>,0.1720860036843965,0.06479461175714903,26,0.14717975676663775,0.19699225060215525,5.0,4.0
457,FANToM,BeliefQ_Dist_Second_Order_Acyclic_TokenF1,<Rc3kmmq> MoA W5 L3,MoA,<Rc3kmmq>,0.17236771208211218,0.062816431208836,26,0.14822185328688517,0.1965135708773392,3.0,5.0
458,FANToM,BeliefQ_Dist_Second_Order_Acyclic_TokenF1,<Rc3kmmq> MoA W5 L4,MoA,<Rc3kmmq>,0.1672952777926867,0.06203152367144217,26,0.1434511277415017,0.19113942784387167,4.0,5.0
459,FANToM,BeliefQ_Dist_Second_Order_Acyclic_TokenF1,<Rc3kmmq> MoA W5 L5,MoA,<Rc3kmmq>,0.1726281549141624,0.06062189177477853,26,0.14932584991967812,0.19593045990864666,5.0,5.0
476,FANToM,BeliefQ_Dist_Second_Order_Acyclic_TokenF1,<qLKSiki> MoA W3 L3,MoA,<qLKSiki>,0.21023222293613442,0.07017927985581715,26,0.18325617623721083,0.237208269635058,3.0,3.0
477,FANToM,BeliefQ_Dist_Second_Order_Acyclic_TokenF1,<qLKSiki> MoA W3 L4,MoA,<qLKSiki>,0.2171856764436395,0.06597750963013616,26,0.19182473822201845,0.24254661466526056,4.0,3.0
478,FANToM,BeliefQ_Dist_Second_Order_Acyclic_TokenF1,<qLKSiki> MoA W3 L5,MoA,<qLKSiki>,0.21226884302986335,0.06296263129881659,26,0.18806678672929278,0.23647089933043391,5.0,3.0
479,FANToM,BeliefQ_Dist_Second_Order_Acyclic_TokenF1,<qLKSiki> MoA W4 L3,MoA,<qLKSiki>,0.22469105495134184,0.06842100085932173,26,0.1983908689397414,0.2509912409629423,3.0,4.0
480,FANToM,BeliefQ_Dist_Second_Order_Acyclic_TokenF1,<qLKSiki> MoA W4 L4,MoA,<qLKSiki>,0.21484246394322234,0.06327308706639481,26,0.19052107228752493,0.23916385559891976,4.0,4.0
481,FANToM,BeliefQ_Dist_Second_Order_Acyclic_TokenF1,<qLKSiki> MoA W4 L5,MoA,<qLKSiki>,0.2275455810438668,0.08548287021123062,26,0.19468702359622952,0.26040413849150407,5.0,4.0
482,FANToM,BeliefQ_Dist_Second_Order_Acyclic_TokenF1,<qLKSiki> MoA W5 L3,MoA,<qLKSiki>,0.22531591190755496,0.08146354804016996,26,0.1940023321628424,0.2566294916522675,3.0,5.0
483,FANToM,BeliefQ_Dist_Second_Order_Acyclic_TokenF1,<qLKSiki> MoA W5 L4,MoA,<qLKSiki>,0.2178114437746504,0.06915046215836762,26,0.19123086186687452,0.24439202568242627,4.0,5.0
484,FANToM,BeliefQ_Dist_Second_Order_Acyclic_TokenF1,<qLKSiki> MoA W5 L5,MoA,<qLKSiki>,0.21571469553573838,0.061958078873255995,26,0.1918987767560873,0.23953061431538947,5.0,5.0
490,FANToM,BeliefQ_Dist_Second_Order_Acyclic_TokenF1,Mixed MoA W5 L5,MoA,Mixed,0.2354722781533337,0.08811549943709425,26,0.20160177061040113,0.26934278569626624,5.0,5.0
506,FANToM,BeliefQ_Dist_Second_Order_Cyclic,<Rc3kmmq> MoA W3 L3,MoA,<Rc3kmmq>,0.18518518518518517,0.3958473906635696,27,0.03587068811420491,0.33449968225616544,3.0,3.0
507,FANToM,BeliefQ_Dist_Second_Order_Cyclic,<Rc3kmmq> MoA W3 L4,MoA,<Rc3kmmq>,0.14814814814814814,0.3620139928982457,27,0.011595682331342033,0.2847006139649543,4.0,3.0
508,FANToM,BeliefQ_Dist_Second_Order_Cyclic,<Rc3kmmq> MoA W3 L5,MoA,<Rc3kmmq>,0.18518518518518517,0.3958473906635696,27,0.03587068811420491,0.33449968225616544,5.0,3.0
509,FANToM,BeliefQ_Dist_Second_Order_Cyclic,<Rc3kmmq> MoA W4 L3,MoA,<Rc3kmmq>,0.07407407407407407,0.26688025634181184,27,-0.026593739314948975,0.1747418874630971,3.0,4.0
510,FANToM,BeliefQ_Dist_Second_Order_Cyclic,<Rc3kmmq> MoA W4 L4,MoA,<Rc3kmmq>,0.1111111111111111,0.32025630761017426,27,-0.009690264955716552,0.23191248717793878,4.0,4.0
511,FANToM,BeliefQ_Dist_Second_Order_Cyclic,<Rc3kmmq> MoA W4 L5,MoA,<Rc3kmmq>,0.18518518518518517,0.3958473906635696,27,0.03587068811420491,0.33449968225616544,5.0,4.0
512,FANToM,BeliefQ_Dist_Second_Order_Cyclic,<Rc3kmmq> MoA W5 L3,MoA,<Rc3kmmq>,0.18518518518518517,0.3958473906635696,27,0.03587068811420491,0.33449968225616544,3.0,5.0
513,FANToM,BeliefQ_Dist_Second_Order_Cyclic,<Rc3kmmq> MoA W5 L4,MoA,<Rc3kmmq>,0.14814814814814814,0.3620139928982457,27,0.011595682331342033,0.2847006139649543,4.0,5.0
514,FANToM,BeliefQ_Dist_Second_Order_Cyclic,<Rc3kmmq> MoA W5 L5,MoA,<Rc3kmmq>,0.14814814814814814,0.3620139928982457,27,0.011595682331342033,0.2847006139649543,5.0,5.0
531,FANToM,BeliefQ_Dist_Second_Order_Cyclic,<qLKSiki> MoA W3 L3,MoA,<qLKSiki>,0.18518518518518517,0.3958473906635696,27,0.03587068811420491,0.33449968225616544,3.0,3.0
532,FANToM,BeliefQ_Dist_Second_Order_Cyclic,<qLKSiki> MoA W3 L4,MoA,<qLKSiki>,0.25925925925925924,0.4465760847047224,27,0.09080978841688447,0.427708730101634,4.0,3.0
533,FANToM,BeliefQ_Dist_Second_Order_Cyclic,<qLKSiki> MoA W3 L5,MoA,<qLKSiki>,0.18518518518518517,0.3958473906635696,27,0.03587068811420491,0.33449968225616544,5.0,3.0
534,FANToM,BeliefQ_Dist_Second_Order_Cyclic,<qLKSiki> MoA W4 L3,MoA,<qLKSiki>,0.2962962962962963,0.46532162696807516,27,0.12077596612431138,0.47181662646828115,3.0,4.0
535,FANToM,BeliefQ_Dist_Second_Order_Cyclic,<qLKSiki> MoA W4 L4,MoA,<qLKSiki>,0.2222222222222222,0.4236592728681617,27,0.062417022668614236,0.38202742177583016,4.0,4.0
536,FANToM,BeliefQ_Dist_Second_Order_Cyclic,<qLKSiki> MoA W4 L5,MoA,<qLKSiki>,0.14814814814814814,0.36201399289824565,27,0.011595682331342061,0.2847006139649542,5.0,4.0
537,FANToM,BeliefQ_Dist_Second_Order_Cyclic,<qLKSiki> MoA W5 L3,MoA,<qLKSiki>,0.18518518518518517,0.3958473906635696,27,0.03587068811420491,0.33449968225616544,3.0,5.0
538,FANToM,BeliefQ_Dist_Second_Order_Cyclic,<qLKSiki> MoA W5 L4,MoA,<qLKSiki>,0.2222222222222222,0.4236592728681617,27,0.062417022668614236,0.38202742177583016,4.0,5.0
539,FANToM,BeliefQ_Dist_Second_Order_Cyclic,<qLKSiki> MoA W5 L5,MoA,<qLKSiki>,0.18518518518518517,0.3958473906635696,27,0.03587068811420491,0.33449968225616544,5.0,5.0
545,FANToM,BeliefQ_Dist_Second_Order_Cyclic,Mixed MoA W5 L5,MoA,Mixed,0.25925925925925924,0.4465760847047225,27,0.09080978841688442,0.42770873010163407,5.0,5.0
561,FANToM,BeliefQ_Dist_Second_Order_Cyclic_TokenF1,<Rc3kmmq> MoA W3 L3,MoA,<Rc3kmmq>,0.17736012390855543,0.06123870461671048,27,0.154260751279638,0.20045949653747286,3.0,3.0
562,FANToM,BeliefQ_Dist_Second_Order_Cyclic_TokenF1,<Rc3kmmq> MoA W3 L4,MoA,<Rc3kmmq>,0.17121258419553037,0.05910456685892853,27,0.1489182129724558,0.19350695541860494,4.0,3.0
563,FANToM,BeliefQ_Dist_Second_Order_Cyclic_TokenF1,<Rc3kmmq> MoA W3 L5,MoA,<Rc3kmmq>,0.16614624490185576,0.059178770959979234,27,0.14382388373040633,0.18846860607330518,5.0,3.0
564,FANToM,BeliefQ_Dist_Second_Order_Cyclic_TokenF1,<Rc3kmmq> MoA W4 L3,MoA,<Rc3kmmq>,0.16342395178674346,0.06095038997460211,27,0.14043333206816466,0.18641457150532226,3.0,4.0
565,FANToM,BeliefQ_Dist_Second_Order_Cyclic_TokenF1,<Rc3kmmq> MoA W4 L4,MoA,<Rc3kmmq>,0.17151415401193257,0.059706384982771706,27,0.14899277568306601,0.19403553234079912,4.0,4.0
566,FANToM,BeliefQ_Dist_Second_Order_Cyclic_TokenF1,<Rc3kmmq> MoA W4 L5,MoA,<Rc3kmmq>,0.16667320790138948,0.052326968297417176,27,0.14693536160289414,0.18641105419988482,5.0,4.0
567,FANToM,BeliefQ_Dist_Second_Order_Cyclic_TokenF1,<Rc3kmmq> MoA W5 L3,MoA,<Rc3kmmq>,0.16715576067650767,0.060062343621248494,27,0.14450011397468776,0.18981140737832758,3.0,5.0
568,FANToM,BeliefQ_Dist_Second_Order_Cyclic_TokenF1,<Rc3kmmq> MoA W5 L4,MoA,<Rc3kmmq>,0.16436102169506392,0.06110434566243679,27,0.14131232955604622,0.18740971383408161,4.0,5.0
569,FANToM,BeliefQ_Dist_Second_Order_Cyclic_TokenF1,<Rc3kmmq> MoA W5 L5,MoA,<Rc3kmmq>,0.15716758197409472,0.059061491266294994,27,0.13488945895828844,0.179445704989901,5.0,5.0
586,FANToM,BeliefQ_Dist_Second_Order_Cyclic_TokenF1,<qLKSiki> MoA W3 L3,MoA,<qLKSiki>,0.23048907440927652,0.07013697531078035,27,0.20403325471307074,0.25694489410548227,3.0,3.0
587,FANToM,BeliefQ_Dist_Second_Order_Cyclic_TokenF1,<qLKSiki> MoA W3 L4,MoA,<qLKSiki>,0.24161137395509596,0.08244452394100263,27,0.21051312013593768,0.2727096277742543,4.0,3.0
588,FANToM,BeliefQ_Dist_Second_Order_Cyclic_TokenF1,<qLKSiki> MoA W3 L5,MoA,<qLKSiki>,0.22835719067160185,0.07933612090703128,27,0.19843143324034018,0.2582829481028635,5.0,3.0
589,FANToM,BeliefQ_Dist_Second_Order_Cyclic_TokenF1,<qLKSiki> MoA W4 L3,MoA,<qLKSiki>,0.22952615271968352,0.07232429539811495,27,0.20224527112720975,0.2568070343121573,3.0,4.0
590,FANToM,BeliefQ_Dist_Second_Order_Cyclic_TokenF1,<qLKSiki> MoA W4 L4,MoA,<qLKSiki>,0.2322384064123591,0.07031297519595872,27,0.20571619917651107,0.2587606136482071,4.0,4.0
591,FANToM,BeliefQ_Dist_Second_Order_Cyclic_TokenF1,<qLKSiki> MoA W4 L5,MoA,<qLKSiki>,0.23345137841698715,0.07629995302583677,27,0.20467087011682034,0.262231886717154,5.0,4.0
592,FANToM,BeliefQ_Dist_Second_Order_Cyclic_TokenF1,<qLKSiki> MoA W5 L3,MoA,<qLKSiki>,0.2348906044080916,0.07496624462393603,27,0.2066131738190986,0.2631680349970846,3.0,5.0
593,FANToM,BeliefQ_Dist_Second_Order_Cyclic_TokenF1,<qLKSiki> MoA W5 L4,MoA,<qLKSiki>,0.22880160098521646,0.07030482372576573,27,0.20228246850166176,0.25532073346877115,4.0,5.0
594,FANToM,BeliefQ_Dist_Second_Order_Cyclic_TokenF1,<qLKSiki> MoA W5 L5,MoA,<qLKSiki>,0.2282506941392864,0.07399051199523364,27,0.20034131202090782,0.25616007625766496,5.0,5.0
600,FANToM,BeliefQ_Dist_Second_Order_Cyclic_TokenF1,Mixed MoA W5 L5,MoA,Mixed,0.2327386979796437,0.08008264168112542,27,0.20253135128806116,0.26294604467122623,5.0,5.0
616,FANToM,FactQ,<Rc3kmmq> MoA W3 L3,MoA,<Rc3kmmq>,0.19786854256186165,0.0943967004350016,100,0.17936678927660132,0.21637029584712197,3.0,3.0
617,FANToM,FactQ,<Rc3kmmq> MoA W3 L4,MoA,<Rc3kmmq>,0.18916005376259382,0.09210234018943639,100,0.1711079950854643,0.20721211243972334,4.0,3.0
618,FANToM,FactQ,<Rc3kmmq> MoA W3 L5,MoA,<Rc3kmmq>,0.18717013067314586,0.09172789142520449,100,0.16919146395380577,0.20514879739248595,5.0,3.0
619,FANToM,FactQ,<Rc3kmmq> MoA W4 L3,MoA,<Rc3kmmq>,0.19603880377188998,0.09551513892503159,100,0.1773178365425838,0.21475977100119617,3.0,4.0
620,FANToM,FactQ,<Rc3kmmq> MoA W4 L4,MoA,<Rc3kmmq>,0.19086314020240838,0.09152297512533601,100,0.17292463707784253,0.20880164332697423,4.0,4.0
621,FANToM,FactQ,<Rc3kmmq> MoA W4 L5,MoA,<Rc3kmmq>,0.18606500061207054,0.08853599812158656,100,0.1687119449802396,0.2034180562439015,5.0,4.0
622,FANToM,FactQ,<Rc3kmmq> MoA W5 L3,MoA,<Rc3kmmq>,0.19728015068883523,0.09197414000148095,100,0.17925321924854495,0.2153070821291255,3.0,5.0
623,FANToM,FactQ,<Rc3kmmq> MoA W5 L4,MoA,<Rc3kmmq>,0.19143553953296594,0.09183034566508512,100,0.17343679178260926,0.2094342872833226,4.0,5.0
624,FANToM,FactQ,<Rc3kmmq> MoA W5 L5,MoA,<Rc3kmmq>,0.18843875834320858,0.0946510179964194,100,0.16988715881591038,0.2069903578705068,5.0,5.0
641,FANToM,FactQ,<qLKSiki> MoA W3 L3,MoA,<qLKSiki>,0.2921219808543599,0.12159120177769776,100,0.26829010530593117,0.31595385640278867,3.0,3.0
642,FANToM,FactQ,<qLKSiki> MoA W3 L4,MoA,<qLKSiki>,0.28121318279465696,0.1195767518285935,100,0.25777613943625266,0.30465022615306125,4.0,3.0
643,FANToM,FactQ,<qLKSiki> MoA W3 L5,MoA,<qLKSiki>,0.28248742196979776,0.11874222347881737,100,0.25921394616794957,0.30576089777164595,5.0,3.0
644,FANToM,FactQ,<qLKSiki> MoA W4 L3,MoA,<qLKSiki>,0.29191986725365454,0.12044903429130542,100,0.2683118565325587,0.3155278779747504,3.0,4.0
645,FANToM,FactQ,<qLKSiki> MoA W4 L4,MoA,<qLKSiki>,0.28494542567288755,0.1194148423062275,100,0.26154011658086695,0.30835073476490815,4.0,4.0
646,FANToM,FactQ,<qLKSiki> MoA W4 L5,MoA,<qLKSiki>,0.27939792423060783,0.11614814797226143,100,0.2566328872280446,0.30216296123317105,5.0,4.0
647,FANToM,FactQ,<qLKSiki> MoA W5 L3,MoA,<qLKSiki>,0.29612853939299955,0.12799603544871194,100,0.271041316445052,0.32121576234094706,3.0,5.0
648,FANToM,FactQ,<qLKSiki> MoA W5 L4,MoA,<qLKSiki>,0.28410270333310805,0.121402046959784,100,0.2603079021289904,0.3078975045372257,4.0,5.0
649,FANToM,FactQ,<qLKSiki> MoA W5 L5,MoA,<qLKSiki>,0.28443077565925723,0.11926043408251383,100,0.26105573057908454,0.3078058207394299,5.0,5.0
655,FANToM,FactQ,Mixed MoA W5 L5,MoA,Mixed,0.27578509053993244,0.11558316359411942,100,0.25313079047548503,0.29843939060437985,5.0,5.0
671,FANToM,Info_AccessQ_Binary,<Rc3kmmq> MoA W3 L3,MoA,<Rc3kmmq>,0.8085106382978723,0.3939975159226152,376,0.7686856522260865,0.848335624369658,3.0,3.0
672,FANToM,Info_AccessQ_Binary,<Rc3kmmq> MoA W3 L4,MoA,<Rc3kmmq>,0.8085106382978723,0.3939975159226152,376,0.7686856522260865,0.848335624369658,4.0,3.0
673,FANToM,Info_AccessQ_Binary,<Rc3kmmq> MoA W3 L5,MoA,<Rc3kmmq>,0.8138297872340425,0.38976261187679506,376,0.774432862223112,0.853226712244973,5.0,3.0
674,FANToM,Info_AccessQ_Binary,<Rc3kmmq> MoA W4 L3,MoA,<Rc3kmmq>,0.8031914893617021,0.3981161311736931,376,0.762950196616954,0.8434327821064503,3.0,4.0
675,FANToM,Info_AccessQ_Binary,<Rc3kmmq> MoA W4 L4,MoA,<Rc3kmmq>,0.8138297872340425,0.38976261187679506,376,0.774432862223112,0.853226712244973,4.0,4.0
676,FANToM,Info_AccessQ_Binary,<Rc3kmmq> MoA W4 L5,MoA,<Rc3kmmq>,0.8191489361702128,0.3854075856702856,376,0.7801922140819082,0.8581056582585174,5.0,4.0
677,FANToM,Info_AccessQ_Binary,<Rc3kmmq> MoA W5 L3,MoA,<Rc3kmmq>,0.8138297872340425,0.389762611876795,376,0.774432862223112,0.853226712244973,3.0,5.0
678,FANToM,Info_AccessQ_Binary,<Rc3kmmq> MoA W5 L4,MoA,<Rc3kmmq>,0.8058510638297872,0.3960711305126037,376,0.7658164782838242,0.8458856493757503,4.0,5.0
679,FANToM,Info_AccessQ_Binary,<Rc3kmmq> MoA W5 L5,MoA,<Rc3kmmq>,0.8297872340425532,0.37632037053100875,376,0.7917490411371181,0.8678254269479883,5.0,5.0
696,FANToM,Info_AccessQ_Binary,<qLKSiki> MoA W3 L3,MoA,<qLKSiki>,0.46808510638297873,0.49964526423345773,376,0.417581321752927,0.5185888910130305,3.0,3.0
697,FANToM,Info_AccessQ_Binary,<qLKSiki> MoA W3 L4,MoA,<qLKSiki>,0.40425531914893614,0.4914012386074793,376,0.35458483471104735,0.45392580358682494,4.0,3.0
698,FANToM,Info_AccessQ_Binary,<qLKSiki> MoA W3 L5,MoA,<qLKSiki>,0.38563829787234044,0.48739428750177394,376,0.33637283317575983,0.43490376256892105,5.0,3.0
699,FANToM,Info_AccessQ_Binary,<qLKSiki> MoA W4 L3,MoA,<qLKSiki>,0.4521276595744681,0.49836612477799996,376,0.4017531694423225,0.5025021497066138,3.0,4.0
700,FANToM,Info_AccessQ_Binary,<qLKSiki> MoA W4 L4,MoA,<qLKSiki>,0.4175531914893617,0.4938127821652525,376,0.3676389499598198,0.4674674330189036,4.0,4.0
701,FANToM,Info_AccessQ_Binary,<qLKSiki> MoA W4 L5,MoA,<qLKSiki>,0.39361702127659576,0.4892025643188825,376,0.3441687772574434,0.44306526529574813,5.0,4.0
702,FANToM,Info_AccessQ_Binary,<qLKSiki> MoA W5 L3,MoA,<qLKSiki>,0.46808510638297873,0.49964526423345773,376,0.417581321752927,0.5185888910130305,3.0,5.0
703,FANToM,Info_AccessQ_Binary,<qLKSiki> MoA W5 L4,MoA,<qLKSiki>,0.4148936170212766,0.4933601679494901,376,0.36502512541174736,0.4647621086308058,4.0,5.0
704,FANToM,Info_AccessQ_Binary,<qLKSiki> MoA W5 L5,MoA,<qLKSiki>,0.3829787234042553,0.4867608963472373,376,0.33377728143088486,0.43218016537762577,5.0,5.0
710,FANToM,Info_AccessQ_Binary,Mixed MoA W5 L5,MoA,Mixed,0.8723404255319149,0.3341550156261089,376,0.8385642764311656,0.9061165746326643,5.0,5.0
726,FANToM,Info_AccessQ_List,<Rc3kmmq> MoA W3 L3,MoA,<Rc3kmmq>,0.24444444444444444,0.4321649474711265,90,0.1551582412632532,0.33373064762563565,3.0,3.0
727,FANToM,Info_AccessQ_List,<Rc3kmmq> MoA W3 L4,MoA,<Rc3kmmq>,0.2222222222222222,0.4180688018689386,90,0.13584831289473992,0.3085961315497045,4.0,3.0
728,FANToM,Info_AccessQ_List,<Rc3kmmq> MoA W3 L5,MoA,<Rc3kmmq>,0.2,0.4022409138923945,90,0.1168961662075014,0.2831038337924986,5.0,3.0
729,FANToM,Info_AccessQ_List,<Rc3kmmq> MoA W4 L3,MoA,<Rc3kmmq>,0.17777777777777778,0.3844674641127626,90,0.09834597675318647,0.2572095788023691,3.0,4.0
730,FANToM,Info_AccessQ_List,<Rc3kmmq> MoA W4 L4,MoA,<Rc3kmmq>,0.18888888888888888,0.3936131804579367,90,0.10756756329130496,0.2702102144864728,4.0,4.0
731,FANToM,Info_AccessQ_List,<Rc3kmmq> MoA W4 L5,MoA,<Rc3kmmq>,0.14444444444444443,0.35350924883761226,90,0.07140867696065482,0.21748021192823402,5.0,4.0
732,FANToM,Info_AccessQ_List,<Rc3kmmq> MoA W5 L3,MoA,<Rc3kmmq>,0.16666666666666666,0.37476584449793077,90,0.08923924102047037,0.24409409231286294,3.0,5.0
733,FANToM,Info_AccessQ_List,<Rc3kmmq> MoA W5 L4,MoA,<Rc3kmmq>,0.2,0.4022409138923946,90,0.11689616620750139,0.28310383379249865,4.0,5.0
734,FANToM,Info_AccessQ_List,<Rc3kmmq> MoA W5 L5,MoA,<Rc3kmmq>,0.17777777777777778,0.38446746411276256,90,0.09834597675318647,0.2572095788023691,5.0,5.0
751,FANToM,Info_AccessQ_List,<qLKSiki> MoA W3 L3,MoA,<qLKSiki>,0.25555555555555554,0.43861659721311447,90,0.1649364277281434,0.34617468338296764,3.0,3.0
752,FANToM,Info_AccessQ_List,<qLKSiki> MoA W3 L4,MoA,<qLKSiki>,0.2,0.4022409138923946,90,0.11689616620750139,0.28310383379249865,4.0,3.0
753,FANToM,Info_AccessQ_List,<qLKSiki> MoA W3 L5,MoA,<qLKSiki>,0.2222222222222222,0.41806880186893863,90,0.1358483128947399,0.30859613154970456,5.0,3.0
754,FANToM,Info_AccessQ_List,<qLKSiki> MoA W4 L3,MoA,<qLKSiki>,0.24444444444444444,0.43216494747112655,90,0.15515824126325317,0.3337306476256357,3.0,4.0
755,FANToM,Info_AccessQ_List,<qLKSiki> MoA W4 L4,MoA,<qLKSiki>,0.2,0.4022409138923946,90,0.11689616620750139,0.28310383379249865,4.0,4.0
756,FANToM,Info_AccessQ_List,<qLKSiki> MoA W4 L5,MoA,<qLKSiki>,0.2111111111111111,0.4103833353069152,90,0.12632503562580988,0.29589718659641234,5.0,4.0
757,FANToM,Info_AccessQ_List,<qLKSiki> MoA W5 L3,MoA,<qLKSiki>,0.23333333333333334,0.4253220854887439,90,0.14546088008460434,0.32120578658206234,3.0,5.0
758,FANToM,Info_AccessQ_List,<qLKSiki> MoA W5 L4,MoA,<qLKSiki>,0.2111111111111111,0.4103833353069152,90,0.12632503562580988,0.29589718659641234,4.0,5.0
759,FANToM,Info_AccessQ_List,<qLKSiki> MoA W5 L5,MoA,<qLKSiki>,0.2,0.4022409138923946,90,0.11689616620750139,0.28310383379249865,5.0,5.0
765,FANToM,Info_AccessQ_List,Mixed MoA W5 L5,MoA,Mixed,0.28888888888888886,0.4557853931339366,90,0.19472265107503955,0.38305512670273817,5.0,5.0
781,Hi-ToM,Listener_Belief_Private_Communication,<Rc3kmmq> MoA W3 L3,MoA,<Rc3kmmq>,0.5378787878787878,0.5004624278445043,132,0.45250184807238036,0.6232557276851953,3.0,3.0
782,Hi-ToM,Listener_Belief_Private_Communication,<Rc3kmmq> MoA W3 L4,MoA,<Rc3kmmq>,0.5681818181818182,0.49721640147515817,132,0.48335863782372596,0.6530049985399105,4.0,3.0
783,Hi-ToM,Listener_Belief_Private_Communication,<Rc3kmmq> MoA W3 L5,MoA,<Rc3kmmq>,0.6287878787878788,0.4849695517364947,132,0.5460539632672278,0.7115217943085298,5.0,3.0
784,Hi-ToM,Listener_Belief_Private_Communication,<Rc3kmmq> MoA W4 L3,MoA,<Rc3kmmq>,0.553030303030303,0.49907385889462136,132,0.46789024767526544,0.6381703583853405,3.0,4.0
785,Hi-ToM,Listener_Belief_Private_Communication,<Rc3kmmq> MoA W4 L4,MoA,<Rc3kmmq>,0.5681818181818182,0.4972164014751582,132,0.48335863782372596,0.6530049985399105,4.0,4.0
786,Hi-ToM,Listener_Belief_Private_Communication,<Rc3kmmq> MoA W4 L5,MoA,<Rc3kmmq>,0.5984848484848485,0.4920722420252259,132,0.5145392416812846,0.6824304552884124,5.0,4.0
787,Hi-ToM,Listener_Belief_Private_Communication,<Rc3kmmq> MoA W5 L3,MoA,<Rc3kmmq>,0.6060606060606061,0.49048310438605264,132,0.5223860999451562,0.689735112176056,3.0,5.0
788,Hi-ToM,Listener_Belief_Private_Communication,<Rc3kmmq> MoA W5 L4,MoA,<Rc3kmmq>,0.5757575757575758,0.4961102457079155,132,0.49112310126250536,0.6603920502526462,4.0,5.0
789,Hi-ToM,Listener_Belief_Private_Communication,<Rc3kmmq> MoA W5 L5,MoA,<Rc3kmmq>,0.5909090909090909,0.49353910345005253,132,0.5067132432630503,0.6751049385551315,5.0,5.0
806,Hi-ToM,Listener_Belief_Private_Communication,<qLKSiki> MoA W3 L3,MoA,<qLKSiki>,0.36363636363636365,0.48287825457761896,132,0.28125921526089004,0.44601351201183725,3.0,3.0
807,Hi-ToM,Listener_Belief_Private_Communication,<qLKSiki> MoA W3 L4,MoA,<qLKSiki>,0.38636363636363635,0.4887704978654322,132,0.3029812942462968,0.46974597848097593,4.0,3.0
808,Hi-ToM,Listener_Belief_Private_Communication,<qLKSiki> MoA W3 L5,MoA,<qLKSiki>,0.38636363636363635,0.4887704978654322,132,0.3029812942462968,0.46974597848097593,5.0,3.0
809,Hi-ToM,Listener_Belief_Private_Communication,<qLKSiki> MoA W4 L3,MoA,<qLKSiki>,0.3712121212121212,0.48496955173649475,132,0.2884782056914702,0.45394603673277223,3.0,4.0
810,Hi-ToM,Listener_Belief_Private_Communication,<qLKSiki> MoA W4 L4,MoA,<qLKSiki>,0.4015151515151515,0.4920722420252259,132,0.31756954471158766,0.4854607583187153,4.0,4.0
811,Hi-ToM,Listener_Belief_Private_Communication,<qLKSiki> MoA W4 L5,MoA,<qLKSiki>,0.4015151515151515,0.492072242025226,132,0.31756954471158766,0.4854607583187153,5.0,4.0
812,Hi-ToM,Listener_Belief_Private_Communication,<qLKSiki> MoA W5 L3,MoA,<qLKSiki>,0.3560606060606061,0.4806575610092439,132,0.2740622993534915,0.43805891276772063,3.0,5.0
813,Hi-ToM,Listener_Belief_Private_Communication,<qLKSiki> MoA W5 L4,MoA,<qLKSiki>,0.3484848484848485,0.4783056687368218,132,0.26688776543370063,0.4300819315359964,4.0,5.0
814,Hi-ToM,Listener_Belief_Private_Communication,<qLKSiki> MoA W5 L5,MoA,<qLKSiki>,0.3939393939393939,0.4904831043860528,132,0.31026488782394396,0.4776139000548439,5.0,5.0
820,Hi-ToM,Listener_Belief_Private_Communication,Mixed MoA W5 L5,MoA,Mixed,0.5075757575757576,0.5018471547553727,132,0.421962588754863,0.5931889263966521,5.0,5.0
836,Hi-ToM,Listener_Belief_Public_Claim,<Rc3kmmq> MoA W3 L3,MoA,<Rc3kmmq>,0.44485294117647056,0.4978655330458292,272,0.3856853783382251,0.504020504014716,3.0,3.0
837,Hi-ToM,Listener_Belief_Public_Claim,<Rc3kmmq> MoA W3 L4,MoA,<Rc3kmmq>,0.43014705882352944,0.49600914361009807,272,0.37120011386561585,0.489094003781443,4.0,3.0
838,Hi-ToM,Listener_Belief_Public_Claim,<Rc3kmmq> MoA W3 L5,MoA,<Rc3kmmq>,0.45588235294117646,0.4989678950371838,272,0.39658378269618216,0.5151809231861708,5.0,3.0
839,Hi-ToM,Listener_Belief_Public_Claim,<Rc3kmmq> MoA W4 L3,MoA,<Rc3kmmq>,0.4632352941176471,0.4995656893860118,272,0.40386568052389504,0.5226049077113991,3.0,4.0
840,Hi-ToM,Listener_Belief_Public_Claim,<Rc3kmmq> MoA W4 L4,MoA,<Rc3kmmq>,0.4485294117647059,0.49826048613841045,272,0.3893149117308275,0.5077439117985842,4.0,4.0
841,Hi-ToM,Listener_Belief_Public_Claim,<Rc3kmmq> MoA W4 L5,MoA,<Rc3kmmq>,0.47058823529411764,0.5000542623041372,272,0.41116055849470967,0.5300159120935256,5.0,4.0
842,Hi-ToM,Listener_Belief_Public_Claim,<Rc3kmmq> MoA W5 L3,MoA,<Rc3kmmq>,0.5110294117647058,0.5007997727793904,272,0.45151313666924536,0.5705456868601663,3.0,5.0
843,Hi-ToM,Listener_Belief_Public_Claim,<Rc3kmmq> MoA W5 L4,MoA,<Rc3kmmq>,0.47794117647058826,0.5004339336898314,272,0.4184683785911298,0.5374139743500468,4.0,5.0
844,Hi-ToM,Listener_Belief_Public_Claim,<Rc3kmmq> MoA W5 L5,MoA,<Rc3kmmq>,0.47794117647058826,0.5004339336898315,272,0.41846837859112973,0.5374139743500468,5.0,5.0
861,Hi-ToM,Listener_Belief_Public_Claim,<qLKSiki> MoA W3 L3,MoA,<qLKSiki>,0.39705882352941174,0.49019029010402065,272,0.3388034054148229,0.4553142416440006,3.0,3.0
862,Hi-ToM,Listener_Belief_Public_Claim,<qLKSiki> MoA W3 L4,MoA,<qLKSiki>,0.4007352941176471,0.49095077928405206,272,0.34238949760093823,0.4590810906343559,4.0,3.0
863,Hi-ToM,Listener_Belief_Public_Claim,<qLKSiki> MoA W3 L5,MoA,<qLKSiki>,0.4007352941176471,0.49095077928405195,272,0.3423894976009383,0.45908109063435587,5.0,3.0
864,Hi-ToM,Listener_Belief_Public_Claim,<qLKSiki> MoA W4 L3,MoA,<qLKSiki>,0.40441176470588236,0.49168250144041586,272,0.34597900853080565,0.46284452088095906,3.0,4.0
865,Hi-ToM,Listener_Belief_Public_Claim,<qLKSiki> MoA W4 L4,MoA,<qLKSiki>,0.4007352941176471,0.49095077928405206,272,0.34238949760093823,0.4590810906343559,4.0,4.0
866,Hi-ToM,Listener_Belief_Public_Claim,<qLKSiki> MoA W4 L5,MoA,<qLKSiki>,0.39705882352941174,0.49019029010402065,272,0.3388034054148229,0.4553142416440006,5.0,4.0
867,Hi-ToM,Listener_Belief_Public_Claim,<qLKSiki> MoA W5 L3,MoA,<qLKSiki>,0.39705882352941174,0.49019029010402065,272,0.3388034054148229,0.4553142416440006,3.0,5.0
868,Hi-ToM,Listener_Belief_Public_Claim,<qLKSiki> MoA W5 L4,MoA,<qLKSiki>,0.40441176470588236,0.4916825014404158,272,0.34597900853080565,0.46284452088095906,4.0,5.0
869,Hi-ToM,Listener_Belief_Public_Claim,<qLKSiki> MoA W5 L5,MoA,<qLKSiki>,0.40808823529411764,0.49238558482303646,272,0.34957192296288925,0.46660454762534603,5.0,5.0
875,Hi-ToM,Listener_Belief_Public_Claim,Mixed MoA W5 L5,MoA,Mixed,0.4227941176470588,0.4949138971317398,272,0.363977334470852,0.48161090082326563,5.0,5.0
891,Hi-ToM,Listener_Temporal_Private_Communication,<Rc3kmmq> MoA W3 L3,MoA,<Rc3kmmq>,0.9318181818181818,0.2530178709610778,132,0.8886543190842122,0.9749820445521513,3.0,3.0
892,Hi-ToM,Listener_Temporal_Private_Communication,<Rc3kmmq> MoA W3 L4,MoA,<Rc3kmmq>,0.9318181818181818,0.2530178709610778,132,0.8886543190842122,0.9749820445521513,4.0,3.0
893,Hi-ToM,Listener_Temporal_Private_Communication,<Rc3kmmq> MoA W3 L5,MoA,<Rc3kmmq>,0.9090909090909091,0.28857495234831343,132,0.8598611468440339,0.9583206713377842,5.0,3.0
894,Hi-ToM,Listener_Temporal_Private_Communication,<Rc3kmmq> MoA W4 L3,MoA,<Rc3kmmq>,0.946969696969697,0.22494762543583444,132,0.9085945087280001,0.985344885211394,3.0,4.0
895,Hi-ToM,Listener_Temporal_Private_Communication,<Rc3kmmq> MoA W4 L4,MoA,<Rc3kmmq>,0.946969696969697,0.22494762543583444,132,0.9085945087280001,0.985344885211394,4.0,4.0
896,Hi-ToM,Listener_Temporal_Private_Communication,<Rc3kmmq> MoA W4 L5,MoA,<Rc3kmmq>,0.9924242424242424,0.08703882797784891,132,0.9775757575757575,1.0072727272727273,5.0,4.0
897,Hi-ToM,Listener_Temporal_Private_Communication,<Rc3kmmq> MoA W5 L3,MoA,<Rc3kmmq>,0.9242424242424242,0.2656178774337278,132,0.8789290495085048,0.9695557989763436,3.0,5.0
898,Hi-ToM,Listener_Temporal_Private_Communication,<Rc3kmmq> MoA W5 L4,MoA,<Rc3kmmq>,0.9621212121212122,0.19163033076407435,132,0.9294298245075755,0.9948125997348488,4.0,5.0
899,Hi-ToM,Listener_Temporal_Private_Communication,<Rc3kmmq> MoA W5 L5,MoA,<Rc3kmmq>,0.946969696969697,0.22494762543583444,132,0.9085945087280001,0.985344885211394,5.0,5.0
916,Hi-ToM,Listener_Temporal_Private_Communication,<qLKSiki> MoA W3 L3,MoA,<qLKSiki>,0.26515151515151514,0.4430954351538451,132,0.1895611607295889,0.3407418695734414,3.0,3.0
917,Hi-ToM,Listener_Temporal_Private_Communication,<qLKSiki> MoA W3 L4,MoA,<qLKSiki>,0.25757575757575757,0.4389649888004184,132,0.1826900412047015,0.33246147394681363,4.0,3.0
918,Hi-ToM,Listener_Temporal_Private_Communication,<qLKSiki> MoA W3 L5,MoA,<qLKSiki>,0.25757575757575757,0.43896498880041857,132,0.18269004120470148,0.3324614739468137,5.0,3.0
919,Hi-ToM,Listener_Temporal_Private_Communication,<qLKSiki> MoA W4 L3,MoA,<qLKSiki>,0.2803030303030303,0.45085828140826173,132,0.203388364563181,0.35721769604287956,3.0,4.0
920,Hi-ToM,Listener_Temporal_Private_Communication,<qLKSiki> MoA W4 L4,MoA,<qLKSiki>,0.2727272727272727,0.4470583938310468,132,0.19646085299931343,0.348993692455232,4.0,4.0
921,Hi-ToM,Listener_Temporal_Private_Communication,<qLKSiki> MoA W4 L5,MoA,<qLKSiki>,0.25,0.4346622800634116,132,0.1758483089711182,0.3241516910288818,5.0,4.0
922,Hi-ToM,Listener_Temporal_Private_Communication,<qLKSiki> MoA W5 L3,MoA,<qLKSiki>,0.26515151515151514,0.4430954351538452,132,0.1895611607295889,0.3407418695734414,3.0,5.0
923,Hi-ToM,Listener_Temporal_Private_Communication,<qLKSiki> MoA W5 L4,MoA,<qLKSiki>,0.25757575757575757,0.43896498880041845,132,0.1826900412047015,0.33246147394681363,4.0,5.0
924,Hi-ToM,Listener_Temporal_Private_Communication,<qLKSiki> MoA W5 L5,MoA,<qLKSiki>,0.26515151515151514,0.44309543515384503,132,0.1895611607295889,0.3407418695734414,5.0,5.0
930,Hi-ToM,Listener_Temporal_Private_Communication,Mixed MoA W5 L5,MoA,Mixed,0.9545454545454546,0.20909241769965375,132,0.9188751029532145,0.9902158061376947,5.0,5.0
946,Hi-ToM,Listener_Temporal_Public_Claim,<Rc3kmmq> MoA W3 L3,MoA,<Rc3kmmq>,0.8860294117647058,0.3183613009631419,272,0.8481945727776328,0.9238642507517789,3.0,3.0
947,Hi-ToM,Listener_Temporal_Public_Claim,<Rc3kmmq> MoA W3 L4,MoA,<Rc3kmmq>,0.9007352941176471,0.2995682806381356,272,0.8651338638266884,0.9363367244086057,4.0,3.0
948,Hi-ToM,Listener_Temporal_Public_Claim,<Rc3kmmq> MoA W3 L5,MoA,<Rc3kmmq>,0.8860294117647058,0.3183613009631419,272,0.8481945727776328,0.9238642507517789,5.0,3.0
949,Hi-ToM,Listener_Temporal_Public_Claim,<Rc3kmmq> MoA W4 L3,MoA,<Rc3kmmq>,0.9007352941176471,0.29956828063813573,272,0.8651338638266884,0.9363367244086057,3.0,4.0
950,Hi-ToM,Listener_Temporal_Public_Claim,<Rc3kmmq> MoA W4 L4,MoA,<Rc3kmmq>,0.9154411764705882,0.27873691823968116,272,0.8823153964544667,0.9485669564867097,4.0,4.0
951,Hi-ToM,Listener_Temporal_Public_Claim,<Rc3kmmq> MoA W4 L5,MoA,<Rc3kmmq>,0.9264705882352942,0.26148463272991057,272,0.8953951122053871,0.9575460642652012,5.0,4.0
952,Hi-ToM,Listener_Temporal_Public_Claim,<Rc3kmmq> MoA W5 L3,MoA,<Rc3kmmq>,0.9044117647058824,0.29456770428410245,272,0.8694046151915917,0.939418914220173,3.0,5.0
953,Hi-ToM,Listener_Temporal_Public_Claim,<Rc3kmmq> MoA W5 L4,MoA,<Rc3kmmq>,0.8713235294117647,0.33545872942751237,272,0.8314567900301227,0.9111902687934067,4.0,5.0
954,Hi-ToM,Listener_Temporal_Public_Claim,<Rc3kmmq> MoA W5 L5,MoA,<Rc3kmmq>,0.9080882352941176,0.28943389128721014,272,0.8736912007263973,0.942485269861838,5.0,5.0
971,Hi-ToM,Listener_Temporal_Public_Claim,<qLKSiki> MoA W3 L3,MoA,<qLKSiki>,0.4411764705882353,0.4974429950445204,272,0.38205912320393187,0.5002938179725387,3.0,3.0
972,Hi-ToM,Listener_Temporal_Public_Claim,<qLKSiki> MoA W3 L4,MoA,<qLKSiki>,0.4264705882352941,0.49547551339254736,272,0.36758706120317297,0.48535411526741523,4.0,3.0
973,Hi-ToM,Listener_Temporal_Public_Claim,<qLKSiki> MoA W3 L5,MoA,<qLKSiki>,0.4117647058823529,0.4930601519450496,272,0.353168226337427,0.47036118542727884,5.0,3.0
974,Hi-ToM,Listener_Temporal_Public_Claim,<qLKSiki> MoA W4 L3,MoA,<qLKSiki>,0.4227941176470588,0.4949138971317398,272,0.363977334470852,0.48161090082326563,3.0,4.0
975,Hi-ToM,Listener_Temporal_Public_Claim,<qLKSiki> MoA W4 L4,MoA,<qLKSiki>,0.41911764705882354,0.49432419944038425,272,0.3603709450047129,0.4778643491129342,4.0,4.0
976,Hi-ToM,Listener_Temporal_Public_Claim,<qLKSiki> MoA W4 L5,MoA,<qLKSiki>,0.40808823529411764,0.49238558482303657,272,0.34957192296288925,0.46660454762534603,5.0,4.0
977,Hi-ToM,Listener_Temporal_Public_Claim,<qLKSiki> MoA W5 L3,MoA,<qLKSiki>,0.4227941176470588,0.4949138971317398,272,0.363977334470852,0.48161090082326563,3.0,5.0
978,Hi-ToM,Listener_Temporal_Public_Claim,<qLKSiki> MoA W5 L4,MoA,<qLKSiki>,0.41911764705882354,0.4943241994403843,272,0.3603709450047129,0.4778643491129342,4.0,5.0
979,Hi-ToM,Listener_Temporal_Public_Claim,<qLKSiki> MoA W5 L5,MoA,<qLKSiki>,0.4338235294117647,0.49651487801854455,272,0.3748164817345322,0.49283057708899725,5.0,5.0
985,Hi-ToM,Listener_Temporal_Public_Claim,Mixed MoA W5 L5,MoA,Mixed,0.8860294117647058,0.3183613009631419,272,0.8481945727776328,0.9238642507517789,5.0,5.0
1001,Hi-ToM,Order_0,<Rc3kmmq> MoA W3 L3,MoA,<Rc3kmmq>,0.95,0.2190429135575903,100,0.9070675889427122,0.9929324110572877,3.0,3.0
1002,Hi-ToM,Order_0,<Rc3kmmq> MoA W3 L4,MoA,<Rc3kmmq>,0.97,0.17144660799776526,100,0.936396464832438,1.003603535167562,4.0,3.0
1003,Hi-ToM,Order_0,<Rc3kmmq> MoA W3 L5,MoA,<Rc3kmmq>,0.95,0.21904291355759034,100,0.9070675889427122,0.9929324110572877,5.0,3.0
1004,Hi-ToM,Order_0,<Rc3kmmq> MoA W4 L3,MoA,<Rc3kmmq>,0.96,0.1969463855669324,100,0.9213985084288813,0.9986014915711187,3.0,4.0
1005,Hi-ToM,Order_0,<Rc3kmmq> MoA W4 L4,MoA,<Rc3kmmq>,0.96,0.19694638556693236,100,0.9213985084288813,0.9986014915711187,4.0,4.0
1006,Hi-ToM,Order_0,<Rc3kmmq> MoA W4 L5,MoA,<Rc3kmmq>,0.93,0.25643239997624273,100,0.8797392496046564,0.9802607503953437,5.0,4.0
1007,Hi-ToM,Order_0,<Rc3kmmq> MoA W5 L3,MoA,<Rc3kmmq>,0.92,0.2726599243442907,100,0.866558654828519,0.9734413451714811,3.0,5.0
1008,Hi-ToM,Order_0,<Rc3kmmq> MoA W5 L4,MoA,<Rc3kmmq>,0.86,0.3487350880197771,100,0.7916479227481237,0.9283520772518763,4.0,5.0
1009,Hi-ToM,Order_0,<Rc3kmmq> MoA W5 L5,MoA,<Rc3kmmq>,0.79,0.40936018074033237,100,0.7097654045748949,0.8702345954251052,5.0,5.0
1026,Hi-ToM,Order_0,<qLKSiki> MoA W3 L3,MoA,<qLKSiki>,0.95,0.21904291355759034,100,0.9070675889427122,0.9929324110572877,3.0,3.0
1027,Hi-ToM,Order_0,<qLKSiki> MoA W3 L4,MoA,<qLKSiki>,0.93,0.25643239997624273,100,0.8797392496046564,0.9802607503953437,4.0,3.0
1028,Hi-ToM,Order_0,<qLKSiki> MoA W3 L5,MoA,<qLKSiki>,0.93,0.2564323999762428,100,0.8797392496046564,0.9802607503953437,5.0,3.0
1029,Hi-ToM,Order_0,<qLKSiki> MoA W4 L3,MoA,<qLKSiki>,0.97,0.1714466079977653,100,0.936396464832438,1.003603535167562,3.0,4.0
1030,Hi-ToM,Order_0,<qLKSiki> MoA W4 L4,MoA,<qLKSiki>,0.96,0.1969463855669324,100,0.9213985084288813,0.9986014915711187,4.0,4.0
1031,Hi-ToM,Order_0,<qLKSiki> MoA W4 L5,MoA,<qLKSiki>,0.95,0.21904291355759034,100,0.9070675889427122,0.9929324110572877,5.0,4.0
1032,Hi-ToM,Order_0,<qLKSiki> MoA W5 L3,MoA,<qLKSiki>,0.98,0.14070529413628968,100,0.9524217623492872,1.0075782376507127,3.0,5.0
1033,Hi-ToM,Order_0,<qLKSiki> MoA W5 L4,MoA,<qLKSiki>,0.96,0.19694638556693236,100,0.9213985084288813,0.9986014915711187,4.0,5.0
1034,Hi-ToM,Order_0,<qLKSiki> MoA W5 L5,MoA,<qLKSiki>,0.94,0.23868325657594197,100,0.8932180817111153,0.9867819182888846,5.0,5.0
1040,Hi-ToM,Order_0,Mixed MoA W5 L5,MoA,Mixed,0.97,0.1714466079977653,100,0.936396464832438,1.003603535167562,5.0,5.0
1056,Hi-ToM,Order_1,<Rc3kmmq> MoA W3 L3,MoA,<Rc3kmmq>,0.56,0.4988876515698589,100,0.46221802029230774,0.6577819797076924,3.0,3.0
1057,Hi-ToM,Order_1,<Rc3kmmq> MoA W3 L4,MoA,<Rc3kmmq>,0.57,0.49756985195624304,100,0.47247630901657633,0.6675236909834236,4.0,3.0
1058,Hi-ToM,Order_1,<Rc3kmmq> MoA W3 L5,MoA,<Rc3kmmq>,0.55,0.5,100,0.45200000000000007,0.648,5.0,3.0
1059,Hi-ToM,Order_1,<Rc3kmmq> MoA W4 L3,MoA,<Rc3kmmq>,0.58,0.49604496374885826,100,0.4827751871052237,0.6772248128947762,3.0,4.0
1060,Hi-ToM,Order_1,<Rc3kmmq> MoA W4 L4,MoA,<Rc3kmmq>,0.5,0.502518907629606,100,0.4015062941045972,0.5984937058954027,4.0,4.0
1061,Hi-ToM,Order_1,<Rc3kmmq> MoA W4 L5,MoA,<Rc3kmmq>,0.55,0.5,100,0.45200000000000007,0.648,5.0,4.0
1062,Hi-ToM,Order_1,<Rc3kmmq> MoA W5 L3,MoA,<Rc3kmmq>,0.54,0.500908265962033,100,0.44182197987144156,0.6381780201285585,3.0,5.0
1063,Hi-ToM,Order_1,<Rc3kmmq> MoA W5 L4,MoA,<Rc3kmmq>,0.5,0.502518907629606,100,0.4015062941045972,0.5984937058954027,4.0,5.0
1064,Hi-ToM,Order_1,<Rc3kmmq> MoA W5 L5,MoA,<Rc3kmmq>,0.41,0.49431107042371036,100,0.31311503019695275,0.5068849698030472,5.0,5.0
1081,Hi-ToM,Order_1,<qLKSiki> MoA W3 L3,MoA,<qLKSiki>,0.39,0.4902071300001973,100,0.29391940251996135,0.4860805974800387,3.0,3.0
1082,Hi-ToM,Order_1,<qLKSiki> MoA W3 L4,MoA,<qLKSiki>,0.39,0.4902071300001973,100,0.29391940251996135,0.4860805974800387,4.0,3.0
1083,Hi-ToM,Order_1,<qLKSiki> MoA W3 L5,MoA,<qLKSiki>,0.4,0.49236596391733084,100,0.30349627107220317,0.4965037289277969,5.0,3.0
1084,Hi-ToM,Order_1,<qLKSiki> MoA W4 L3,MoA,<qLKSiki>,0.41,0.49431107042371036,100,0.31311503019695275,0.5068849698030472,3.0,4.0
1085,Hi-ToM,Order_1,<qLKSiki> MoA W4 L4,MoA,<qLKSiki>,0.38,0.4878317312145632,100,0.2843849806819456,0.4756150193180544,4.0,4.0
1086,Hi-ToM,Order_1,<qLKSiki> MoA W4 L5,MoA,<qLKSiki>,0.38,0.48783173121456325,100,0.2843849806819456,0.4756150193180544,5.0,4.0
1087,Hi-ToM,Order_1,<qLKSiki> MoA W5 L3,MoA,<qLKSiki>,0.37,0.4852365870939097,100,0.2748936289295937,0.4651063710704063,3.0,5.0
1088,Hi-ToM,Order_1,<qLKSiki> MoA W5 L4,MoA,<qLKSiki>,0.41,0.49431107042371036,100,0.31311503019695275,0.5068849698030472,4.0,5.0
1089,Hi-ToM,Order_1,<qLKSiki> MoA W5 L5,MoA,<qLKSiki>,0.38,0.48783173121456336,100,0.2843849806819456,0.4756150193180544,5.0,5.0
1095,Hi-ToM,Order_1,Mixed MoA W5 L5,MoA,Mixed,0.48,0.5021167315686783,100,0.381585120612539,0.578414879387461,5.0,5.0
1111,Hi-ToM,Order_2,<Rc3kmmq> MoA W3 L3,MoA,<Rc3kmmq>,0.3,0.46056618647183833,100,0.20972902745151967,0.3902709725484803,3.0,3.0
1112,Hi-ToM,Order_2,<Rc3kmmq> MoA W3 L4,MoA,<Rc3kmmq>,0.34,0.47609522856952324,100,0.24668533520037347,0.43331466479962655,4.0,3.0
1113,Hi-ToM,Order_2,<Rc3kmmq> MoA W3 L5,MoA,<Rc3kmmq>,0.37,0.48523658709390965,100,0.2748936289295937,0.4651063710704063,5.0,3.0
1114,Hi-ToM,Order_2,<Rc3kmmq> MoA W4 L3,MoA,<Rc3kmmq>,0.36,0.4824181513244218,100,0.26544604234041336,0.4545539576595866,3.0,4.0
1115,Hi-ToM,Order_2,<Rc3kmmq> MoA W4 L4,MoA,<Rc3kmmq>,0.35,0.4793724854411023,100,0.2560429928535439,0.44395700714645603,4.0,4.0
1116,Hi-ToM,Order_2,<Rc3kmmq> MoA W4 L5,MoA,<Rc3kmmq>,0.31,0.4648231987117318,100,0.21889465305250058,0.40110534694749944,5.0,4.0
1117,Hi-ToM,Order_2,<Rc3kmmq> MoA W5 L3,MoA,<Rc3kmmq>,0.35,0.47937248544110217,100,0.2560429928535439,0.44395700714645603,3.0,5.0
1118,Hi-ToM,Order_2,<Rc3kmmq> MoA W5 L4,MoA,<Rc3kmmq>,0.33,0.47258156262526074,100,0.23737401372544892,0.4226259862745511,4.0,5.0
1119,Hi-ToM,Order_2,<Rc3kmmq> MoA W5 L5,MoA,<Rc3kmmq>,0.34,0.47609522856952335,100,0.24668533520037345,0.4333146647996266,5.0,5.0
1136,Hi-ToM,Order_2,<qLKSiki> MoA W3 L3,MoA,<qLKSiki>,0.27,0.44619604333847374,100,0.18254557550565917,0.35745442449434084,3.0,3.0
1137,Hi-ToM,Order_2,<qLKSiki> MoA W3 L4,MoA,<qLKSiki>,0.29,0.45604802157206853,100,0.20061458777187455,0.3793854122281254,4.0,3.0
1138,Hi-ToM,Order_2,<qLKSiki> MoA W3 L5,MoA,<qLKSiki>,0.26,0.44084400227680803,100,0.17359457555374563,0.3464054244462544,5.0,3.0
1139,Hi-ToM,Order_2,<qLKSiki> MoA W4 L3,MoA,<qLKSiki>,0.24,0.4292346959909279,100,0.15586999958577813,0.32413000041422185,3.0,4.0
1140,Hi-ToM,Order_2,<qLKSiki> MoA W4 L4,MoA,<qLKSiki>,0.26,0.44084400227680803,100,0.17359457555374563,0.3464054244462544,4.0,4.0
1141,Hi-ToM,Order_2,<qLKSiki> MoA W4 L5,MoA,<qLKSiki>,0.24,0.4292346959909279,100,0.15586999958577813,0.32413000041422185,5.0,4.0
1142,Hi-ToM,Order_2,<qLKSiki> MoA W5 L3,MoA,<qLKSiki>,0.28,0.4512608598542131,100,0.19155287146857425,0.3684471285314258,3.0,5.0
1143,Hi-ToM,Order_2,<qLKSiki> MoA W5 L4,MoA,<qLKSiki>,0.29,0.4560480215720688,100,0.2006145877718745,0.3793854122281255,4.0,5.0
1144,Hi-ToM,Order_2,<qLKSiki> MoA W5 L5,MoA,<qLKSiki>,0.24,0.42923469599092795,100,0.15586999958577813,0.32413000041422185,5.0,5.0
1150,Hi-ToM,Order_2,Mixed MoA W5 L5,MoA,Mixed,0.24,0.4292346959909278,100,0.15586999958577816,0.3241300004142218,5.0,5.0
1166,Hi-ToM,Order_3,<Rc3kmmq> MoA W3 L3,MoA,<Rc3kmmq>,0.41,0.49431107042371036,100,0.31311503019695275,0.5068849698030472,3.0,3.0
1167,Hi-ToM,Order_3,<Rc3kmmq> MoA W3 L4,MoA,<Rc3kmmq>,0.29,0.45604802157206864,100,0.20061458777187452,0.37938541222812544,4.0,3.0
1168,Hi-ToM,Order_3,<Rc3kmmq> MoA W3 L5,MoA,<Rc3kmmq>,0.36,0.4824181513244218,100,0.26544604234041336,0.4545539576595866,5.0,3.0
1169,Hi-ToM,Order_3,<Rc3kmmq> MoA W4 L3,MoA,<Rc3kmmq>,0.38,0.48783173121456325,100,0.2843849806819456,0.4756150193180544,3.0,4.0
1170,Hi-ToM,Order_3,<Rc3kmmq> MoA W4 L4,MoA,<Rc3kmmq>,0.33,0.47258156262526074,100,0.23737401372544892,0.4226259862745511,4.0,4.0
1171,Hi-ToM,Order_3,<Rc3kmmq> MoA W4 L5,MoA,<Rc3kmmq>,0.32,0.4688261722621507,100,0.22811007023661847,0.41188992976338157,5.0,4.0
1172,Hi-ToM,Order_3,<Rc3kmmq> MoA W5 L3,MoA,<Rc3kmmq>,0.31,0.4648231987117318,100,0.21889465305250058,0.40110534694749944,3.0,5.0
1173,Hi-ToM,Order_3,<Rc3kmmq> MoA W5 L4,MoA,<Rc3kmmq>,0.3,0.4605661864718383,100,0.2097290274515197,0.3902709725484803,4.0,5.0
1174,Hi-ToM,Order_3,<Rc3kmmq> MoA W5 L5,MoA,<Rc3kmmq>,0.34,0.4760952285695233,100,0.24668533520037345,0.4333146647996266,5.0,5.0
1191,Hi-ToM,Order_3,<qLKSiki> MoA W3 L3,MoA,<qLKSiki>,0.25,0.4351941398892446,100,0.16470194858170806,0.33529805141829194,3.0,3.0
1192,Hi-ToM,Order_3,<qLKSiki> MoA W3 L4,MoA,<qLKSiki>,0.26,0.4408440022768081,100,0.17359457555374563,0.3464054244462544,4.0,3.0
1193,Hi-ToM,Order_3,<qLKSiki> MoA W3 L5,MoA,<qLKSiki>,0.29,0.4560480215720687,100,0.20061458777187452,0.37938541222812544,5.0,3.0
1194,Hi-ToM,Order_3,<qLKSiki> MoA W4 L3,MoA,<qLKSiki>,0.3,0.46056618647183833,100,0.20972902745151967,0.3902709725484803,3.0,4.0
1195,Hi-ToM,Order_3,<qLKSiki> MoA W4 L4,MoA,<qLKSiki>,0.23,0.4229525846816506,100,0.1471012934023965,0.31289870659760355,4.0,4.0
1196,Hi-ToM,Order_3,<qLKSiki> MoA W4 L5,MoA,<qLKSiki>,0.28,0.451260859854213,100,0.19155287146857428,0.3684471285314258,5.0,4.0
1197,Hi-ToM,Order_3,<qLKSiki> MoA W5 L3,MoA,<qLKSiki>,0.26,0.44084400227680814,100,0.1735945755537456,0.34640542444625444,3.0,5.0
1198,Hi-ToM,Order_3,<qLKSiki> MoA W5 L4,MoA,<qLKSiki>,0.25,0.4351941398892446,100,0.16470194858170806,0.33529805141829194,4.0,5.0
1199,Hi-ToM,Order_3,<qLKSiki> MoA W5 L5,MoA,<qLKSiki>,0.27,0.4461960433384737,100,0.18254557550565917,0.35745442449434084,5.0,5.0
1205,Hi-ToM,Order_3,Mixed MoA W5 L5,MoA,Mixed,0.24,0.4292346959909279,100,0.15586999958577813,0.32413000041422185,5.0,5.0
1221,Hi-ToM,Order_4,<Rc3kmmq> MoA W3 L3,MoA,<Rc3kmmq>,0.3,0.4605661864718383,100,0.2097290274515197,0.3902709725484803,3.0,3.0
1222,Hi-ToM,Order_4,<Rc3kmmq> MoA W3 L4,MoA,<Rc3kmmq>,0.31,0.46482319871173167,100,0.21889465305250058,0.40110534694749944,4.0,3.0
1223,Hi-ToM,Order_4,<Rc3kmmq> MoA W3 L5,MoA,<Rc3kmmq>,0.27,0.4461960433384736,100,0.1825455755056592,0.35745442449434084,5.0,3.0
1224,Hi-ToM,Order_4,<Rc3kmmq> MoA W4 L3,MoA,<Rc3kmmq>,0.29,0.4560480215720687,100,0.20061458777187452,0.37938541222812544,3.0,4.0
1225,Hi-ToM,Order_4,<Rc3kmmq> MoA W4 L4,MoA,<Rc3kmmq>,0.24,0.4292346959909278,100,0.15586999958577816,0.3241300004142218,4.0,4.0
1226,Hi-ToM,Order_4,<Rc3kmmq> MoA W4 L5,MoA,<Rc3kmmq>,0.27,0.44619604333847374,100,0.18254557550565917,0.35745442449434084,5.0,4.0
1227,Hi-ToM,Order_4,<Rc3kmmq> MoA W5 L3,MoA,<Rc3kmmq>,0.28,0.45126085985421294,100,0.1915528714685743,0.36844712853142575,3.0,5.0
1228,Hi-ToM,Order_4,<Rc3kmmq> MoA W5 L4,MoA,<Rc3kmmq>,0.27,0.4461960433384737,100,0.18254557550565917,0.35745442449434084,4.0,5.0
1229,Hi-ToM,Order_4,<Rc3kmmq> MoA W5 L5,MoA,<Rc3kmmq>,0.23,0.42295258468165065,100,0.14710129340239647,0.31289870659760355,5.0,5.0
1246,Hi-ToM,Order_4,<qLKSiki> MoA W3 L3,MoA,<qLKSiki>,0.26,0.4408440022768081,100,0.17359457555374563,0.3464054244462544,3.0,3.0
1247,Hi-ToM,Order_4,<qLKSiki> MoA W3 L4,MoA,<qLKSiki>,0.27,0.4461960433384737,100,0.18254557550565917,0.35745442449434084,4.0,3.0
1248,Hi-ToM,Order_4,<qLKSiki> MoA W3 L5,MoA,<qLKSiki>,0.32,0.4688261722621506,100,0.2281100702366185,0.4118899297633815,5.0,3.0
1249,Hi-ToM,Order_4,<qLKSiki> MoA W4 L3,MoA,<qLKSiki>,0.33,0.47258156262526074,100,0.23737401372544892,0.4226259862745511,3.0,4.0
1250,Hi-ToM,Order_4,<qLKSiki> MoA W4 L4,MoA,<qLKSiki>,0.31,0.4648231987117317,100,0.21889465305250058,0.40110534694749944,4.0,4.0
1251,Hi-ToM,Order_4,<qLKSiki> MoA W4 L5,MoA,<qLKSiki>,0.24,0.42923469599092784,100,0.15586999958577813,0.32413000041422185,5.0,4.0
1252,Hi-ToM,Order_4,<qLKSiki> MoA W5 L3,MoA,<qLKSiki>,0.27,0.4461960433384737,100,0.18254557550565917,0.35745442449434084,3.0,5.0
1253,Hi-ToM,Order_4,<qLKSiki> MoA W5 L4,MoA,<qLKSiki>,0.2,0.4020151261036848,100,0.12120503528367779,0.27879496471632226,4.0,5.0
1254,Hi-ToM,Order_4,<qLKSiki> MoA W5 L5,MoA,<qLKSiki>,0.26,0.44084400227680803,100,0.17359457555374563,0.3464054244462544,5.0,5.0
1260,Hi-ToM,Order_4,Mixed MoA W5 L5,MoA,Mixed,0.27,0.4461960433384737,100,0.18254557550565917,0.35745442449434084,5.0,5.0
1276,Hi-ToM,Teller_Knowledge_Container_Private_Communication,<Rc3kmmq> MoA W3 L3,MoA,<Rc3kmmq>,0.6893939393939394,0.46450459134742245,132,0.6101512663603692,0.7686366124275097,3.0,3.0
1277,Hi-ToM,Teller_Knowledge_Container_Private_Communication,<Rc3kmmq> MoA W3 L4,MoA,<Rc3kmmq>,0.6590909090909091,0.47582063229246135,132,0.577917763572576,0.7402640546092422,4.0,3.0
1278,Hi-ToM,Teller_Knowledge_Container_Private_Communication,<Rc3kmmq> MoA W3 L5,MoA,<Rc3kmmq>,0.6590909090909091,0.4758206322924614,132,0.577917763572576,0.7402640546092422,5.0,3.0
1279,Hi-ToM,Teller_Knowledge_Container_Private_Communication,<Rc3kmmq> MoA W4 L3,MoA,<Rc3kmmq>,0.7045454545454546,0.45798490530871366,132,0.6264150145418061,0.782675894549103,3.0,4.0
1280,Hi-ToM,Teller_Knowledge_Container_Private_Communication,<Rc3kmmq> MoA W4 L4,MoA,<Rc3kmmq>,0.6439393939393939,0.48065756100924406,132,0.5619410872322793,0.7259377006465085,4.0,4.0
1281,Hi-ToM,Teller_Knowledge_Container_Private_Communication,<Rc3kmmq> MoA W4 L5,MoA,<Rc3kmmq>,0.6590909090909091,0.4758206322924615,132,0.577917763572576,0.7402640546092422,5.0,4.0
1282,Hi-ToM,Teller_Knowledge_Container_Private_Communication,<Rc3kmmq> MoA W5 L3,MoA,<Rc3kmmq>,0.6439393939393939,0.4806575610092439,132,0.5619410872322794,0.7259377006465084,3.0,5.0
1283,Hi-ToM,Teller_Knowledge_Container_Private_Communication,<Rc3kmmq> MoA W5 L4,MoA,<Rc3kmmq>,0.5984848484848485,0.492072242025226,132,0.5145392416812846,0.6824304552884124,4.0,5.0
1284,Hi-ToM,Teller_Knowledge_Container_Private_Communication,<Rc3kmmq> MoA W5 L5,MoA,<Rc3kmmq>,0.553030303030303,0.49907385889462136,132,0.46789024767526544,0.6381703583853405,5.0,5.0
1301,Hi-ToM,Teller_Knowledge_Container_Private_Communication,<qLKSiki> MoA W3 L3,MoA,<qLKSiki>,0.5378787878787878,0.5004624278445042,132,0.45250184807238036,0.6232557276851953,3.0,3.0
1302,Hi-ToM,Teller_Knowledge_Container_Private_Communication,<qLKSiki> MoA W3 L4,MoA,<qLKSiki>,0.5378787878787878,0.5004624278445043,132,0.45250184807238036,0.6232557276851953,4.0,3.0
1303,Hi-ToM,Teller_Knowledge_Container_Private_Communication,<qLKSiki> MoA W3 L5,MoA,<qLKSiki>,0.4621212121212121,0.5004624278445043,132,0.3767442723148046,0.5474981519276196,5.0,3.0
1304,Hi-ToM,Teller_Knowledge_Container_Private_Communication,<qLKSiki> MoA W4 L3,MoA,<qLKSiki>,0.5303030303030303,0.5009821489619499,132,0.44483742809942467,0.6157686325066358,3.0,4.0
1305,Hi-ToM,Teller_Knowledge_Container_Private_Communication,<qLKSiki> MoA W4 L4,MoA,<qLKSiki>,0.5075757575757576,0.5018471547553727,132,0.421962588754863,0.5931889263966521,4.0,4.0
1306,Hi-ToM,Teller_Knowledge_Container_Private_Communication,<qLKSiki> MoA W4 L5,MoA,<qLKSiki>,0.5303030303030303,0.5009821489619499,132,0.44483742809942467,0.6157686325066358,5.0,4.0
1307,Hi-ToM,Teller_Knowledge_Container_Private_Communication,<qLKSiki> MoA W5 L3,MoA,<qLKSiki>,0.5075757575757576,0.5018471547553727,132,0.421962588754863,0.5931889263966521,3.0,5.0
1308,Hi-ToM,Teller_Knowledge_Container_Private_Communication,<qLKSiki> MoA W5 L4,MoA,<qLKSiki>,0.5227272727272727,0.5013860040448348,132,0.4371927744204162,0.6082617710341292,4.0,5.0
1309,Hi-ToM,Teller_Knowledge_Container_Private_Communication,<qLKSiki> MoA W5 L5,MoA,<qLKSiki>,0.5227272727272727,0.501386004044835,132,0.43719277442041615,0.6082617710341293,5.0,5.0
1315,Hi-ToM,Teller_Knowledge_Container_Private_Communication,Mixed MoA W5 L5,MoA,Mixed,0.6515151515151515,0.4783056687368219,132,0.5699180684640036,0.7331122345662994,5.0,5.0
1331,Hi-ToM,Teller_Knowledge_Container_Public_Claim,<Rc3kmmq> MoA W3 L3,MoA,<Rc3kmmq>,0.5294117647058824,0.5028452845140674,68,0.40989302723721416,0.6489305021745505,3.0,3.0
1332,Hi-ToM,Teller_Knowledge_Container_Public_Claim,<Rc3kmmq> MoA W3 L4,MoA,<Rc3kmmq>,0.6323529411764706,0.4857495136294223,68,0.516897610515248,0.7478082718376932,4.0,3.0
1333,Hi-ToM,Teller_Knowledge_Container_Public_Claim,<Rc3kmmq> MoA W3 L5,MoA,<Rc3kmmq>,0.7205882352941176,0.45204636650620944,68,0.6131436342090506,0.8280328363791847,5.0,3.0
1334,Hi-ToM,Teller_Knowledge_Container_Public_Claim,<Rc3kmmq> MoA W4 L3,MoA,<Rc3kmmq>,0.6617647058823529,0.4766266450123546,68,0.548477743450452,0.7750516683142539,3.0,4.0
1335,Hi-ToM,Teller_Knowledge_Container_Public_Claim,<Rc3kmmq> MoA W4 L4,MoA,<Rc3kmmq>,0.45588235294117646,0.5017528537548117,68,0.33662326978197316,0.5751414361003797,4.0,4.0
1336,Hi-ToM,Teller_Knowledge_Container_Public_Claim,<Rc3kmmq> MoA W4 L5,MoA,<Rc3kmmq>,0.6176470588235294,0.4895752580296541,68,0.5012824064391542,0.7340117112079046,5.0,4.0
1337,Hi-ToM,Teller_Knowledge_Container_Public_Claim,<Rc3kmmq> MoA W5 L3,MoA,<Rc3kmmq>,0.5735294117647058,0.4982409795961213,68,0.45510504810774693,0.6919537754216647,3.0,5.0
1338,Hi-ToM,Teller_Knowledge_Container_Public_Claim,<Rc3kmmq> MoA W5 L4,MoA,<Rc3kmmq>,0.5294117647058824,0.5028452845140674,68,0.40989302723721416,0.6489305021745505,4.0,5.0
1339,Hi-ToM,Teller_Knowledge_Container_Public_Claim,<Rc3kmmq> MoA W5 L5,MoA,<Rc3kmmq>,0.5,0.5037175233040657,68,0.3802739445308209,0.619726055469179,5.0,5.0
1356,Hi-ToM,Teller_Knowledge_Container_Public_Claim,<qLKSiki> MoA W3 L3,MoA,<qLKSiki>,0.5441176470588235,0.5017528537548116,68,0.42485856389962023,0.6633767302180268,3.0,3.0
1357,Hi-ToM,Teller_Knowledge_Container_Public_Claim,<qLKSiki> MoA W3 L4,MoA,<qLKSiki>,0.5441176470588235,0.5017528537548117,68,0.4248585638996202,0.6633767302180268,4.0,3.0
1358,Hi-ToM,Teller_Knowledge_Container_Public_Claim,<qLKSiki> MoA W3 L5,MoA,<qLKSiki>,0.5588235294117647,0.500219442626321,68,0.43992891494251785,0.6777181438810116,5.0,3.0
1359,Hi-ToM,Teller_Knowledge_Container_Public_Claim,<qLKSiki> MoA W4 L3,MoA,<qLKSiki>,0.5588235294117647,0.500219442626321,68,0.43992891494251785,0.6777181438810116,3.0,4.0
1360,Hi-ToM,Teller_Knowledge_Container_Public_Claim,<qLKSiki> MoA W4 L4,MoA,<qLKSiki>,0.5441176470588235,0.5017528537548117,68,0.4248585638996202,0.6633767302180268,4.0,4.0
1361,Hi-ToM,Teller_Knowledge_Container_Public_Claim,<qLKSiki> MoA W4 L5,MoA,<qLKSiki>,0.5441176470588235,0.5017528537548117,68,0.4248585638996202,0.6633767302180268,5.0,4.0
1362,Hi-ToM,Teller_Knowledge_Container_Public_Claim,<qLKSiki> MoA W5 L3,MoA,<qLKSiki>,0.5441176470588235,0.5017528537548116,68,0.42485856389962023,0.6633767302180268,3.0,5.0
1363,Hi-ToM,Teller_Knowledge_Container_Public_Claim,<qLKSiki> MoA W5 L4,MoA,<qLKSiki>,0.5294117647058824,0.5028452845140674,68,0.40989302723721416,0.6489305021745505,4.0,5.0
1364,Hi-ToM,Teller_Knowledge_Container_Public_Claim,<qLKSiki> MoA W5 L5,MoA,<qLKSiki>,0.5,0.5037175233040658,68,0.38027394453082086,0.6197260554691791,5.0,5.0
1370,Hi-ToM,Teller_Knowledge_Container_Public_Claim,Mixed MoA W5 L5,MoA,Mixed,0.5588235294117647,0.500219442626321,68,0.43992891494251785,0.6777181438810116,5.0,5.0
1386,Hi-ToM,Teller_Lie_Private_Communication,<Rc3kmmq> MoA W3 L3,MoA,<Rc3kmmq>,0.9166666666666666,0.27743829976792506,132,0.8693367739486507,0.9639965593846825,3.0,3.0
1387,Hi-ToM,Teller_Lie_Private_Communication,<Rc3kmmq> MoA W3 L4,MoA,<Rc3kmmq>,0.8863636363636364,0.31857812139403224,132,0.8320154504048143,0.9407118223224584,4.0,3.0
1388,Hi-ToM,Teller_Lie_Private_Communication,<Rc3kmmq> MoA W3 L5,MoA,<Rc3kmmq>,0.946969696969697,0.22494762543583444,132,0.9085945087280001,0.985344885211394,5.0,3.0
1389,Hi-ToM,Teller_Lie_Private_Communication,<Rc3kmmq> MoA W4 L3,MoA,<Rc3kmmq>,0.8787878787878788,0.3276169572712153,132,0.8228977026542298,0.9346780549215278,3.0,4.0
1390,Hi-ToM,Teller_Lie_Private_Communication,<Rc3kmmq> MoA W4 L4,MoA,<Rc3kmmq>,0.8712121212121212,0.3362410765081268,132,0.8138507039462571,0.9285735384779853,4.0,4.0
1391,Hi-ToM,Teller_Lie_Private_Communication,<Rc3kmmq> MoA W4 L5,MoA,<Rc3kmmq>,0.8939393939393939,0.3090881876572578,132,0.8412101536922431,0.9466686341865448,5.0,4.0
1392,Hi-ToM,Teller_Lie_Private_Communication,<Rc3kmmq> MoA W5 L3,MoA,<Rc3kmmq>,0.9242424242424242,0.2656178774337277,132,0.8789290495085048,0.9695557989763436,3.0,5.0
1393,Hi-ToM,Teller_Lie_Private_Communication,<Rc3kmmq> MoA W5 L4,MoA,<Rc3kmmq>,0.8636363636363636,0.34448162788461556,132,0.804869140420446,0.9224035868522813,4.0,5.0
1394,Hi-ToM,Teller_Lie_Private_Communication,<Rc3kmmq> MoA W5 L5,MoA,<Rc3kmmq>,0.8333333333333334,0.3740977270911416,132,0.7695137190115606,0.8971529476551061,5.0,5.0
1411,Hi-ToM,Teller_Lie_Private_Communication,<qLKSiki> MoA W3 L3,MoA,<qLKSiki>,0.3560606060606061,0.48065756100924395,132,0.2740622993534915,0.43805891276772063,3.0,3.0
1412,Hi-ToM,Teller_Lie_Private_Communication,<qLKSiki> MoA W3 L4,MoA,<qLKSiki>,0.3712121212121212,0.48496955173649475,132,0.2884782056914702,0.45394603673277223,4.0,3.0
1413,Hi-ToM,Teller_Lie_Private_Communication,<qLKSiki> MoA W3 L5,MoA,<qLKSiki>,0.36363636363636365,0.48287825457761896,132,0.28125921526089004,0.44601351201183725,5.0,3.0
1414,Hi-ToM,Teller_Lie_Private_Communication,<qLKSiki> MoA W4 L3,MoA,<qLKSiki>,0.49242424242424243,0.5018471547553727,132,0.40681107360334784,0.578037411245137,3.0,4.0
1415,Hi-ToM,Teller_Lie_Private_Communication,<qLKSiki> MoA W4 L4,MoA,<qLKSiki>,0.4772727272727273,0.5013860040448348,132,0.3917382289658708,0.5628072255795837,4.0,4.0
1416,Hi-ToM,Teller_Lie_Private_Communication,<qLKSiki> MoA W4 L5,MoA,<qLKSiki>,0.4318181818181818,0.4972164014751582,132,0.34699500146008955,0.5166413621762741,5.0,4.0
1417,Hi-ToM,Teller_Lie_Private_Communication,<qLKSiki> MoA W5 L3,MoA,<qLKSiki>,0.4772727272727273,0.5013860040448349,132,0.3917382289658708,0.5628072255795838,3.0,5.0
1418,Hi-ToM,Teller_Lie_Private_Communication,<qLKSiki> MoA W5 L4,MoA,<qLKSiki>,0.5151515151515151,0.5016742729147641,132,0.4295678392988796,0.6007351910041507,4.0,5.0
1419,Hi-ToM,Teller_Lie_Private_Communication,<qLKSiki> MoA W5 L5,MoA,<qLKSiki>,0.5227272727272727,0.5013860040448349,132,0.4371927744204162,0.6082617710341293,5.0,5.0
1425,Hi-ToM,Teller_Lie_Private_Communication,Mixed MoA W5 L5,MoA,Mixed,0.8787878787878788,0.32761695727121537,132,0.8228977026542298,0.9346780549215278,5.0,5.0
1441,Hi-ToM,Teller_Lie_Public_Claim,<Rc3kmmq> MoA W3 L3,MoA,<Rc3kmmq>,0.9264705882352942,0.26294409317754647,68,0.8639727444466347,0.9889684320239536,3.0,3.0
1442,Hi-ToM,Teller_Lie_Public_Claim,<Rc3kmmq> MoA W3 L4,MoA,<Rc3kmmq>,0.8970588235294118,0.30614141120130517,68,0.8242936289845025,0.9698240180743211,4.0,3.0
1443,Hi-ToM,Teller_Lie_Public_Claim,<Rc3kmmq> MoA W3 L5,MoA,<Rc3kmmq>,0.8970588235294118,0.30614141120130517,68,0.8242936289845025,0.9698240180743211,5.0,3.0
1444,Hi-ToM,Teller_Lie_Public_Claim,<Rc3kmmq> MoA W4 L3,MoA,<Rc3kmmq>,0.9411764705882353,0.23704354037838393,68,0.8848347974262687,0.9975181437502019,3.0,4.0
1445,Hi-ToM,Teller_Lie_Public_Claim,<Rc3kmmq> MoA W4 L4,MoA,<Rc3kmmq>,0.8970588235294118,0.30614141120130517,68,0.8242936289845025,0.9698240180743211,4.0,4.0
1446,Hi-ToM,Teller_Lie_Public_Claim,<Rc3kmmq> MoA W4 L5,MoA,<Rc3kmmq>,0.8970588235294118,0.3061414112013051,68,0.8242936289845025,0.9698240180743211,5.0,4.0
1447,Hi-ToM,Teller_Lie_Public_Claim,<Rc3kmmq> MoA W5 L3,MoA,<Rc3kmmq>,0.8529411764705882,0.35679777634476006,68,0.7681357282071851,0.9377466247339913,3.0,5.0
1448,Hi-ToM,Teller_Lie_Public_Claim,<Rc3kmmq> MoA W5 L4,MoA,<Rc3kmmq>,0.8529411764705882,0.35679777634476006,68,0.7681357282071851,0.9377466247339913,4.0,5.0
1449,Hi-ToM,Teller_Lie_Public_Claim,<Rc3kmmq> MoA W5 L5,MoA,<Rc3kmmq>,0.8970588235294118,0.30614141120130517,68,0.8242936289845025,0.9698240180743211,5.0,5.0
1466,Hi-ToM,Teller_Lie_Public_Claim,<qLKSiki> MoA W3 L3,MoA,<qLKSiki>,0.5735294117647058,0.4982409795961212,68,0.455105048107747,0.6919537754216647,3.0,3.0
1467,Hi-ToM,Teller_Lie_Public_Claim,<qLKSiki> MoA W3 L4,MoA,<qLKSiki>,0.4411764705882353,0.500219442626321,68,0.3222818561189884,0.5600710850574822,4.0,3.0
1468,Hi-ToM,Teller_Lie_Public_Claim,<qLKSiki> MoA W3 L5,MoA,<qLKSiki>,0.3382352941176471,0.47662664501235463,68,0.22494833168574607,0.4515222565495481,5.0,3.0
1469,Hi-ToM,Teller_Lie_Public_Claim,<qLKSiki> MoA W4 L3,MoA,<qLKSiki>,0.6617647058823529,0.47662664501235463,68,0.548477743450452,0.7750516683142539,3.0,4.0
1470,Hi-ToM,Teller_Lie_Public_Claim,<qLKSiki> MoA W4 L4,MoA,<qLKSiki>,0.4852941176470588,0.5034996052651829,68,0.36561985800789154,0.6049683772862261,4.0,4.0
1471,Hi-ToM,Teller_Lie_Public_Claim,<qLKSiki> MoA W4 L5,MoA,<qLKSiki>,0.47058823529411764,0.5028452845140673,68,0.3510694978254495,0.5901069727627858,5.0,4.0
1472,Hi-ToM,Teller_Lie_Public_Claim,<qLKSiki> MoA W5 L3,MoA,<qLKSiki>,0.7794117647058824,0.41772619166483865,68,0.6801245513761933,0.8786989780355714,3.0,5.0
1473,Hi-ToM,Teller_Lie_Public_Claim,<qLKSiki> MoA W5 L4,MoA,<qLKSiki>,0.6323529411764706,0.4857495136294223,68,0.516897610515248,0.7478082718376932,4.0,5.0
1474,Hi-ToM,Teller_Lie_Public_Claim,<qLKSiki> MoA W5 L5,MoA,<qLKSiki>,0.5441176470588235,0.5017528537548117,68,0.4248585638996202,0.6633767302180268,5.0,5.0
1480,Hi-ToM,Teller_Lie_Public_Claim,Mixed MoA W5 L5,MoA,Mixed,0.9411764705882353,0.23704354037838388,68,0.8848347974262687,0.9975181437502019,5.0,5.0
