,dataset,question_type,config,madp,llm,mean_metric,std_metric,count,ci_lower,ci_upper,iters
20,FANToM,AnswerabilityQ_List,<Rc3kmmq> Reflection T1,Reflection,<Rc3kmmq>,0.3888888888888889,0.49022912424414206,90,0.2876065025020932,0.4901712752756846,1.0
21,FANToM,AnswerabilityQ_List,<Rc3kmmq> Reflection T2,Reflection,<Rc3kmmq>,0.5222222222222223,0.5023043031706679,90,0.41844507802271647,0.625999366421728,2.0
22,FANToM,AnswerabilityQ_List,<Rc3kmmq> Reflection T3,Reflection,<Rc3kmmq>,0.45555555555555555,0.5008108282005755,90,0.35208696648160076,0.5590241446295103,3.0
23,FANToM,AnswerabilityQ_List,<Rc3kmmq> Reflection T4,Reflection,<Rc3kmmq>,0.45555555555555555,0.5008108282005755,90,0.35208696648160076,0.5590241446295103,4.0
24,FANToM,AnswerabilityQ_List,<Rc3kmmq> Reflection T5,Reflection,<Rc3kmmq>,0.4,0.4926424963535759,90,0.2982190057696583,0.5017809942303417,5.0
45,FANToM,AnswerabilityQ_List,<qLKSiki> Reflection T1,Reflection,<qLKSiki>,0.5333333333333333,0.5016825622427263,90,0.4296846421403545,0.6369820245263121,1.0
46,FANToM,AnswerabilityQ_List,<qLKSiki> Reflection T2,Reflection,<qLKSiki>,0.4222222222222222,0.4966806171531967,90,0.3196069435912253,0.5248375008532191,2.0
47,FANToM,AnswerabilityQ_List,<qLKSiki> Reflection T3,Reflection,<qLKSiki>,0.4666666666666667,0.5016825622427264,90,0.36301797547368786,0.5703153578596455,3.0
48,FANToM,AnswerabilityQ_List,<qLKSiki> Reflection T4,Reflection,<qLKSiki>,0.45555555555555555,0.5008108282005754,90,0.35208696648160076,0.5590241446295103,4.0
49,FANToM,AnswerabilityQ_List,<qLKSiki> Reflection T5,Reflection,<qLKSiki>,0.43333333333333335,0.49831175657571336,90,0.33038105780624877,0.536285608860418,5.0
52,FANToM,AnswerabilityQ_List,Mixed-A Reflection T5,Reflection,Mixed,0.4,0.49264249635357593,90,0.2982190057696583,0.5017809942303417,5.0
54,FANToM,AnswerabilityQ_List,Mixed-B Reflection T5,Reflection,Mixed,0.4777777777777778,0.502304303170668,90,0.374000633578272,0.5815549219772836,5.0
75,FANToM,AnswerabilityQs_Binary,<Rc3kmmq> Reflection T1,Reflection,<Rc3kmmq>,0.5132978723404256,0.5004891224613452,376,0.4627087911264766,0.5638869535543746,1.0
76,FANToM,AnswerabilityQs_Binary,<Rc3kmmq> Reflection T2,Reflection,<Rc3kmmq>,0.5053191489361702,0.5006378909674541,376,0.45471503030841975,0.5559232675639207,2.0
77,FANToM,AnswerabilityQs_Binary,<Rc3kmmq> Reflection T3,Reflection,<Rc3kmmq>,0.5212765957446809,0.5002127207073475,376,0.47071545302160644,0.5718377384677553,3.0
78,FANToM,AnswerabilityQs_Binary,<Rc3kmmq> Reflection T4,Reflection,<Rc3kmmq>,0.5186170212765957,0.5003190471450895,376,0.4680451311535225,0.5691889113996689,4.0
79,FANToM,AnswerabilityQs_Binary,<Rc3kmmq> Reflection T5,Reflection,<Rc3kmmq>,0.523936170212766,0.5000921900825488,376,0.47338721063872125,0.5744851297868107,5.0
100,FANToM,AnswerabilityQs_Binary,<qLKSiki> Reflection T1,Reflection,<qLKSiki>,0.8191489361702128,0.3854075856702857,376,0.7801922140819082,0.8581056582585174,1.0
101,FANToM,AnswerabilityQs_Binary,<qLKSiki> Reflection T2,Reflection,<qLKSiki>,0.7659574468085106,0.4239630654326667,376,0.7231035645035172,0.8088113291135041,2.0
102,FANToM,AnswerabilityQs_Binary,<qLKSiki> Reflection T3,Reflection,<qLKSiki>,0.7925531914893617,0.40601855109069496,376,0.7515131278122865,0.8335932551664368,3.0
103,FANToM,AnswerabilityQs_Binary,<qLKSiki> Reflection T4,Reflection,<qLKSiki>,0.7952127659574468,0.4040837635234337,376,0.754368269218751,0.8360572626961427,4.0
104,FANToM,AnswerabilityQs_Binary,<qLKSiki> Reflection T5,Reflection,<qLKSiki>,0.8058510638297872,0.39607113051260356,376,0.7658164782838243,0.8458856493757502,5.0
107,FANToM,AnswerabilityQs_Binary,Mixed-A Reflection T5,Reflection,Mixed,0.5478723404255319,0.4983661247780001,376,0.4974978502933863,0.5982468305576776,5.0
109,FANToM,AnswerabilityQs_Binary,Mixed-B Reflection T5,Reflection,Mixed,0.8058510638297872,0.3960711305126035,376,0.7658164782838243,0.8458856493757502,5.0
130,FANToM,BeliefQ_Choice_First_Order,<Rc3kmmq> Reflection T1,Reflection,<Rc3kmmq>,0.2857142857142857,0.4547163041867237,77,0.18414761069888408,0.3872809607296873,1.0
131,FANToM,BeliefQ_Choice_First_Order,<Rc3kmmq> Reflection T2,Reflection,<Rc3kmmq>,0.2727272727272727,0.44828220776542427,77,0.17259773505272072,0.3728568104018247,2.0
132,FANToM,BeliefQ_Choice_First_Order,<Rc3kmmq> Reflection T3,Reflection,<Rc3kmmq>,0.24675324675324675,0.43394894666502914,77,0.14982522540588794,0.34368126810060556,3.0
133,FANToM,BeliefQ_Choice_First_Order,<Rc3kmmq> Reflection T4,Reflection,<Rc3kmmq>,0.2987012987012987,0.4606898450017809,77,0.19580035730251044,0.40160224010008694,4.0
134,FANToM,BeliefQ_Choice_First_Order,<Rc3kmmq> Reflection T5,Reflection,<Rc3kmmq>,0.3116883116883117,0.4662205334202241,77,0.20755202062636996,0.4158246027502534,5.0
155,FANToM,BeliefQ_Choice_First_Order,<qLKSiki> Reflection T1,Reflection,<qLKSiki>,0.42857142857142855,0.4981167541368987,77,0.3173107105779649,0.5398321465648922,1.0
156,FANToM,BeliefQ_Choice_First_Order,<qLKSiki> Reflection T2,Reflection,<qLKSiki>,0.4155844155844156,0.4960541500218804,77,0.30478440647670474,0.5263844246921264,2.0
157,FANToM,BeliefQ_Choice_First_Order,<qLKSiki> Reflection T3,Reflection,<qLKSiki>,0.4155844155844156,0.4960541500218804,77,0.30478440647670474,0.5263844246921264,3.0
158,FANToM,BeliefQ_Choice_First_Order,<qLKSiki> Reflection T4,Reflection,<qLKSiki>,0.4025974025974026,0.4936368860370167,77,0.2923373201721453,0.5128574850226599,4.0
159,FANToM,BeliefQ_Choice_First_Order,<qLKSiki> Reflection T5,Reflection,<qLKSiki>,0.4025974025974026,0.4936368860370168,77,0.2923373201721453,0.5128574850226599,5.0
162,FANToM,BeliefQ_Choice_First_Order,Mixed-A Reflection T5,Reflection,Mixed,0.3116883116883117,0.4662205334202242,77,0.20755202062636996,0.4158246027502534,5.0
164,FANToM,BeliefQ_Choice_First_Order,Mixed-B Reflection T5,Reflection,Mixed,0.38961038961038963,0.4908597225878863,77,0.2799706219944,0.4992501572263793,5.0
185,FANToM,BeliefQ_Choice_Second_Order_Acyclic,<Rc3kmmq> Reflection T1,Reflection,<Rc3kmmq>,0.5,0.5099019513592785,26,0.30399999999999994,0.6960000000000001,1.0
186,FANToM,BeliefQ_Choice_Second_Order_Acyclic,<Rc3kmmq> Reflection T2,Reflection,<Rc3kmmq>,0.2692307692307692,0.4523443208612048,26,0.09535521011111722,0.4431063283504212,2.0
187,FANToM,BeliefQ_Choice_Second_Order_Acyclic,<Rc3kmmq> Reflection T3,Reflection,<Rc3kmmq>,0.38461538461538464,0.4961389383568338,26,0.19390571649446084,0.5753250527363084,3.0
188,FANToM,BeliefQ_Choice_Second_Order_Acyclic,<Rc3kmmq> Reflection T4,Reflection,<Rc3kmmq>,0.5384615384615384,0.508391127441794,26,0.3430422804787783,0.7338807964442986,4.0
189,FANToM,BeliefQ_Choice_Second_Order_Acyclic,<Rc3kmmq> Reflection T5,Reflection,<Rc3kmmq>,0.4230769230769231,0.5038314736557788,26,0.2294103395832027,0.6167435065706435,5.0
210,FANToM,BeliefQ_Choice_Second_Order_Acyclic,<qLKSiki> Reflection T1,Reflection,<qLKSiki>,0.38461538461538464,0.4961389383568338,26,0.19390571649446084,0.5753250527363084,1.0
211,FANToM,BeliefQ_Choice_Second_Order_Acyclic,<qLKSiki> Reflection T2,Reflection,<qLKSiki>,0.4230769230769231,0.5038314736557788,26,0.2294103395832027,0.6167435065706435,2.0
212,FANToM,BeliefQ_Choice_Second_Order_Acyclic,<qLKSiki> Reflection T3,Reflection,<qLKSiki>,0.34615384615384615,0.4851645240375839,26,0.15966260708744734,0.5326450852202449,3.0
213,FANToM,BeliefQ_Choice_Second_Order_Acyclic,<qLKSiki> Reflection T4,Reflection,<qLKSiki>,0.46153846153846156,0.508391127441794,26,0.26611920355570146,0.6569577195212217,4.0
214,FANToM,BeliefQ_Choice_Second_Order_Acyclic,<qLKSiki> Reflection T5,Reflection,<qLKSiki>,0.38461538461538464,0.4961389383568338,26,0.19390571649446084,0.5753250527363084,5.0
217,FANToM,BeliefQ_Choice_Second_Order_Acyclic,Mixed-A Reflection T5,Reflection,Mixed,0.34615384615384615,0.4851645240375839,26,0.15966260708744734,0.5326450852202449,5.0
219,FANToM,BeliefQ_Choice_Second_Order_Acyclic,Mixed-B Reflection T5,Reflection,Mixed,0.38461538461538464,0.4961389383568338,26,0.19390571649446084,0.5753250527363084,5.0
240,FANToM,BeliefQ_Choice_Second_Order_Cyclic,<Rc3kmmq> Reflection T1,Reflection,<Rc3kmmq>,0.5555555555555556,0.5063696835418334,27,0.36455180912869145,0.7465593019824197,1.0
241,FANToM,BeliefQ_Choice_Second_Order_Cyclic,<Rc3kmmq> Reflection T2,Reflection,<Rc3kmmq>,0.48148148148148145,0.5091750772173155,27,0.28941953445605195,0.673543428506911,2.0
242,FANToM,BeliefQ_Choice_Second_Order_Cyclic,<Rc3kmmq> Reflection T3,Reflection,<Rc3kmmq>,0.4444444444444444,0.5063696835418333,27,0.2534406980175803,0.6354481908713085,3.0
243,FANToM,BeliefQ_Choice_Second_Order_Cyclic,<Rc3kmmq> Reflection T4,Reflection,<Rc3kmmq>,0.5555555555555556,0.5063696835418333,27,0.36455180912869145,0.7465593019824197,4.0
244,FANToM,BeliefQ_Choice_Second_Order_Cyclic,<Rc3kmmq> Reflection T5,Reflection,<Rc3kmmq>,0.6296296296296297,0.4921028776234114,27,0.4440073534379172,0.8152519058213421,5.0
265,FANToM,BeliefQ_Choice_Second_Order_Cyclic,<qLKSiki> Reflection T1,Reflection,<qLKSiki>,0.48148148148148145,0.5091750772173155,27,0.28941953445605195,0.673543428506911,1.0
266,FANToM,BeliefQ_Choice_Second_Order_Cyclic,<qLKSiki> Reflection T2,Reflection,<qLKSiki>,0.5185185185185185,0.5091750772173155,27,0.326456571493089,0.710580465543948,2.0
267,FANToM,BeliefQ_Choice_Second_Order_Cyclic,<qLKSiki> Reflection T3,Reflection,<qLKSiki>,0.5185185185185185,0.5091750772173156,27,0.32645657149308893,0.710580465543948,3.0
268,FANToM,BeliefQ_Choice_Second_Order_Cyclic,<qLKSiki> Reflection T4,Reflection,<qLKSiki>,0.4444444444444444,0.5063696835418333,27,0.2534406980175803,0.6354481908713085,4.0
269,FANToM,BeliefQ_Choice_Second_Order_Cyclic,<qLKSiki> Reflection T5,Reflection,<qLKSiki>,0.4074074074074074,0.5007117441325406,27,0.21853784803667223,0.5962769667781426,5.0
272,FANToM,BeliefQ_Choice_Second_Order_Cyclic,Mixed-A Reflection T5,Reflection,Mixed,0.4444444444444444,0.5063696835418333,27,0.2534406980175803,0.6354481908713085,5.0
274,FANToM,BeliefQ_Choice_Second_Order_Cyclic,Mixed-B Reflection T5,Reflection,Mixed,0.5185185185185185,0.5091750772173155,27,0.326456571493089,0.710580465543948,5.0
295,FANToM,BeliefQ_Dist_First_Order,<Rc3kmmq> Reflection T1,Reflection,<Rc3kmmq>,0.09090909090909091,0.28936492084609694,77,0.026275752262926236,0.1555424295552556,1.0
296,FANToM,BeliefQ_Dist_First_Order,<Rc3kmmq> Reflection T2,Reflection,<Rc3kmmq>,0.1038961038961039,0.30712656333452054,77,0.03529547629691175,0.17249673149529604,2.0
297,FANToM,BeliefQ_Dist_First_Order,<Rc3kmmq> Reflection T3,Reflection,<Rc3kmmq>,0.12987012987012986,0.33836485099003594,77,0.05429203306402204,0.2054482266762377,3.0
298,FANToM,BeliefQ_Dist_First_Order,<Rc3kmmq> Reflection T4,Reflection,<Rc3kmmq>,0.09090909090909091,0.28936492084609694,77,0.026275752262926236,0.1555424295552556,4.0
299,FANToM,BeliefQ_Dist_First_Order,<Rc3kmmq> Reflection T5,Reflection,<Rc3kmmq>,0.1038961038961039,0.3071265633345206,77,0.03529547629691174,0.17249673149529607,5.0
320,FANToM,BeliefQ_Dist_First_Order,<qLKSiki> Reflection T1,Reflection,<qLKSiki>,0.24675324675324675,0.4339489466650291,77,0.14982522540588794,0.34368126810060556,1.0
321,FANToM,BeliefQ_Dist_First_Order,<qLKSiki> Reflection T2,Reflection,<qLKSiki>,0.2077922077922078,0.4083877909943188,77,0.11657359595385802,0.2990108196305576,2.0
322,FANToM,BeliefQ_Dist_First_Order,<qLKSiki> Reflection T3,Reflection,<qLKSiki>,0.2597402597402597,0.44136741475237473,77,0.16115522910952548,0.3583252903709939,3.0
323,FANToM,BeliefQ_Dist_First_Order,<qLKSiki> Reflection T4,Reflection,<qLKSiki>,0.18181818181818182,0.38822377998943125,77,0.09510345852282877,0.2685329051135349,4.0
324,FANToM,BeliefQ_Dist_First_Order,<qLKSiki> Reflection T5,Reflection,<qLKSiki>,0.18181818181818182,0.38822377998943125,77,0.09510345852282877,0.2685329051135349,5.0
327,FANToM,BeliefQ_Dist_First_Order,Mixed-A Reflection T5,Reflection,Mixed,0.14285714285714285,0.3522217346728334,77,0.06418393468428056,0.22153035103000512,5.0
329,FANToM,BeliefQ_Dist_First_Order,Mixed-B Reflection T5,Reflection,Mixed,0.24675324675324675,0.43394894666502914,77,0.14982522540588794,0.34368126810060556,5.0
350,FANToM,BeliefQ_Dist_First_Order_TokenF1,<Rc3kmmq> Reflection T1,Reflection,<Rc3kmmq>,0.22667635823840188,0.07700475364585394,77,0.2094763662517986,0.24387635022500515,1.0
351,FANToM,BeliefQ_Dist_First_Order_TokenF1,<Rc3kmmq> Reflection T2,Reflection,<Rc3kmmq>,0.2025491733545903,0.07336363414802036,77,0.18616247175877285,0.21893587495040776,2.0
352,FANToM,BeliefQ_Dist_First_Order_TokenF1,<Rc3kmmq> Reflection T3,Reflection,<Rc3kmmq>,0.18641429048032088,0.07027235190899264,77,0.17071806612418314,0.20211051483645862,3.0
353,FANToM,BeliefQ_Dist_First_Order_TokenF1,<Rc3kmmq> Reflection T4,Reflection,<Rc3kmmq>,0.18910453126922477,0.06545055954283413,77,0.17448531561881458,0.20372374691963496,4.0
354,FANToM,BeliefQ_Dist_First_Order_TokenF1,<Rc3kmmq> Reflection T5,Reflection,<Rc3kmmq>,0.17752410670322966,0.07038984057908466,77,0.16180163975701242,0.1932465736494469,5.0
375,FANToM,BeliefQ_Dist_First_Order_TokenF1,<qLKSiki> Reflection T1,Reflection,<qLKSiki>,0.23477654575561618,0.07317704691057778,77,0.2184315207945111,0.25112157071672125,1.0
376,FANToM,BeliefQ_Dist_First_Order_TokenF1,<qLKSiki> Reflection T2,Reflection,<qLKSiki>,0.20310758143366553,0.06387897472748355,77,0.18883939925781998,0.21737576360951108,2.0
377,FANToM,BeliefQ_Dist_First_Order_TokenF1,<qLKSiki> Reflection T3,Reflection,<qLKSiki>,0.20328257923285112,0.07492087580617014,77,0.18654804788921622,0.220017110576486,3.0
378,FANToM,BeliefQ_Dist_First_Order_TokenF1,<qLKSiki> Reflection T4,Reflection,<qLKSiki>,0.20483148340403326,0.07676510998068711,77,0.1876850188806755,0.221977947927391,4.0
379,FANToM,BeliefQ_Dist_First_Order_TokenF1,<qLKSiki> Reflection T5,Reflection,<qLKSiki>,0.19281730905388253,0.06450571180422317,77,0.17840913717367138,0.20722548093409368,5.0
382,FANToM,BeliefQ_Dist_First_Order_TokenF1,Mixed-A Reflection T5,Reflection,Mixed,0.18688953557750348,0.06668970109538572,77,0.17199354188723132,0.20178552926777565,5.0
384,FANToM,BeliefQ_Dist_First_Order_TokenF1,Mixed-B Reflection T5,Reflection,Mixed,0.17743179404332043,0.06055892752291268,77,0.16390518667435486,0.190958401412286,5.0
405,FANToM,BeliefQ_Dist_Second_Order_Acyclic,<Rc3kmmq> Reflection T1,Reflection,<Rc3kmmq>,0.38461538461538464,0.49613893835683387,26,0.1939057164944608,0.5753250527363085,1.0
406,FANToM,BeliefQ_Dist_Second_Order_Acyclic,<Rc3kmmq> Reflection T2,Reflection,<Rc3kmmq>,0.34615384615384615,0.4851645240375839,26,0.15966260708744734,0.5326450852202449,2.0
407,FANToM,BeliefQ_Dist_Second_Order_Acyclic,<Rc3kmmq> Reflection T3,Reflection,<Rc3kmmq>,0.38461538461538464,0.4961389383568337,26,0.1939057164944609,0.5753250527363084,3.0
408,FANToM,BeliefQ_Dist_Second_Order_Acyclic,<Rc3kmmq> Reflection T4,Reflection,<Rc3kmmq>,0.4230769230769231,0.5038314736557788,26,0.2294103395832027,0.6167435065706435,4.0
409,FANToM,BeliefQ_Dist_Second_Order_Acyclic,<Rc3kmmq> Reflection T5,Reflection,<Rc3kmmq>,0.4230769230769231,0.503831473655779,26,0.22941033958320264,0.6167435065706435,5.0
430,FANToM,BeliefQ_Dist_Second_Order_Acyclic,<qLKSiki> Reflection T1,Reflection,<qLKSiki>,0.5,0.5099019513592785,26,0.30399999999999994,0.6960000000000001,1.0
431,FANToM,BeliefQ_Dist_Second_Order_Acyclic,<qLKSiki> Reflection T2,Reflection,<qLKSiki>,0.6153846153846154,0.49613893835683376,26,0.42467494726369165,0.8060942835055391,2.0
432,FANToM,BeliefQ_Dist_Second_Order_Acyclic,<qLKSiki> Reflection T3,Reflection,<qLKSiki>,0.7307692307692307,0.45234432086120485,26,0.5568936716495787,0.9046447898888827,3.0
433,FANToM,BeliefQ_Dist_Second_Order_Acyclic,<qLKSiki> Reflection T4,Reflection,<qLKSiki>,0.6538461538461539,0.48516452403758403,26,0.467354914779755,0.8403373929125527,4.0
434,FANToM,BeliefQ_Dist_Second_Order_Acyclic,<qLKSiki> Reflection T5,Reflection,<qLKSiki>,0.6153846153846154,0.49613893835683387,26,0.4246749472636916,0.8060942835055392,5.0
437,FANToM,BeliefQ_Dist_Second_Order_Acyclic,Mixed-A Reflection T5,Reflection,Mixed,0.34615384615384615,0.4851645240375839,26,0.15966260708744734,0.5326450852202449,5.0
439,FANToM,BeliefQ_Dist_Second_Order_Acyclic,Mixed-B Reflection T5,Reflection,Mixed,0.7307692307692307,0.45234432086120485,26,0.5568936716495787,0.9046447898888827,5.0
460,FANToM,BeliefQ_Dist_Second_Order_Acyclic_TokenF1,<Rc3kmmq> Reflection T1,Reflection,<Rc3kmmq>,0.17158250380592946,0.05846044558755769,26,0.14911103197763714,0.19405397563422178,1.0
461,FANToM,BeliefQ_Dist_Second_Order_Acyclic_TokenF1,<Rc3kmmq> Reflection T2,Reflection,<Rc3kmmq>,0.154658783166507,0.05102031794224003,26,0.1350472043325342,0.1742703620004798,2.0
462,FANToM,BeliefQ_Dist_Second_Order_Acyclic_TokenF1,<Rc3kmmq> Reflection T3,Reflection,<Rc3kmmq>,0.15264062756250113,0.040777879842858106,26,0.13696611518243637,0.1683151399425659,3.0
463,FANToM,BeliefQ_Dist_Second_Order_Acyclic_TokenF1,<Rc3kmmq> Reflection T4,Reflection,<Rc3kmmq>,0.1559651324410724,0.04576386342513557,26,0.138374069674171,0.1735561952079738,4.0
464,FANToM,BeliefQ_Dist_Second_Order_Acyclic_TokenF1,<Rc3kmmq> Reflection T5,Reflection,<Rc3kmmq>,0.1423050208887785,0.03405081319615275,26,0.12921630967938866,0.15539373209816834,5.0
485,FANToM,BeliefQ_Dist_Second_Order_Acyclic_TokenF1,<qLKSiki> Reflection T1,Reflection,<qLKSiki>,0.17761887399828488,0.05150401369264948,26,0.15782136850365208,0.19741637949291768,1.0
486,FANToM,BeliefQ_Dist_Second_Order_Acyclic_TokenF1,<qLKSiki> Reflection T2,Reflection,<qLKSiki>,0.16506650400730905,0.05761722054355337,26,0.14291915745091316,0.18721385056370493,2.0
487,FANToM,BeliefQ_Dist_Second_Order_Acyclic_TokenF1,<qLKSiki> Reflection T3,Reflection,<qLKSiki>,0.17008361348392376,0.0494595605911197,26,0.15107197046114781,0.1890952565066997,3.0
488,FANToM,BeliefQ_Dist_Second_Order_Acyclic_TokenF1,<qLKSiki> Reflection T4,Reflection,<qLKSiki>,0.15252901082818393,0.036194607133582316,26,0.13861625175897305,0.16644176989739481,4.0
489,FANToM,BeliefQ_Dist_Second_Order_Acyclic_TokenF1,<qLKSiki> Reflection T5,Reflection,<qLKSiki>,0.15452890681391304,0.040428218703556534,26,0.13898879984869406,0.17006901377913203,5.0
492,FANToM,BeliefQ_Dist_Second_Order_Acyclic_TokenF1,Mixed-A Reflection T5,Reflection,Mixed,0.1682565005839557,0.08192209728516223,26,0.13676666018407424,0.19974634098383715,5.0
494,FANToM,BeliefQ_Dist_Second_Order_Acyclic_TokenF1,Mixed-B Reflection T5,Reflection,Mixed,0.14353572270670018,0.037610179981107814,26,0.1290788349527973,0.15799261046060306,5.0
515,FANToM,BeliefQ_Dist_Second_Order_Cyclic,<Rc3kmmq> Reflection T1,Reflection,<Rc3kmmq>,0.3333333333333333,0.4803844614152614,27,0.1521312692330918,0.5145353974335748,1.0
516,FANToM,BeliefQ_Dist_Second_Order_Cyclic,<Rc3kmmq> Reflection T2,Reflection,<Rc3kmmq>,0.2222222222222222,0.4236592728681617,27,0.062417022668614236,0.38202742177583016,2.0
517,FANToM,BeliefQ_Dist_Second_Order_Cyclic,<Rc3kmmq> Reflection T3,Reflection,<Rc3kmmq>,0.3333333333333333,0.4803844614152614,27,0.1521312692330918,0.5145353974335748,3.0
518,FANToM,BeliefQ_Dist_Second_Order_Cyclic,<Rc3kmmq> Reflection T4,Reflection,<Rc3kmmq>,0.3333333333333333,0.48038446141526137,27,0.15213126923309184,0.5145353974335748,4.0
519,FANToM,BeliefQ_Dist_Second_Order_Cyclic,<Rc3kmmq> Reflection T5,Reflection,<Rc3kmmq>,0.3333333333333333,0.4803844614152614,27,0.1521312692330918,0.5145353974335748,5.0
540,FANToM,BeliefQ_Dist_Second_Order_Cyclic,<qLKSiki> Reflection T1,Reflection,<qLKSiki>,0.2962962962962963,0.4653216269680752,27,0.12077596612431138,0.47181662646828115,1.0
541,FANToM,BeliefQ_Dist_Second_Order_Cyclic,<qLKSiki> Reflection T2,Reflection,<qLKSiki>,0.5185185185185185,0.5091750772173156,27,0.32645657149308893,0.710580465543948,2.0
542,FANToM,BeliefQ_Dist_Second_Order_Cyclic,<qLKSiki> Reflection T3,Reflection,<qLKSiki>,0.5555555555555556,0.5063696835418333,27,0.36455180912869145,0.7465593019824197,3.0
543,FANToM,BeliefQ_Dist_Second_Order_Cyclic,<qLKSiki> Reflection T4,Reflection,<qLKSiki>,0.2962962962962963,0.4653216269680752,27,0.12077596612431138,0.47181662646828115,4.0
544,FANToM,BeliefQ_Dist_Second_Order_Cyclic,<qLKSiki> Reflection T5,Reflection,<qLKSiki>,0.5925925925925926,0.5007117441325405,27,0.40372303322185743,0.7814621519633277,5.0
547,FANToM,BeliefQ_Dist_Second_Order_Cyclic,Mixed-A Reflection T5,Reflection,Mixed,0.25925925925925924,0.4465760847047225,27,0.09080978841688442,0.42770873010163407,5.0
549,FANToM,BeliefQ_Dist_Second_Order_Cyclic,Mixed-B Reflection T5,Reflection,Mixed,0.4444444444444444,0.5063696835418332,27,0.2534406980175803,0.6354481908713085,5.0
570,FANToM,BeliefQ_Dist_Second_Order_Cyclic_TokenF1,<Rc3kmmq> Reflection T1,Reflection,<Rc3kmmq>,0.15933312481751874,0.0571680977209987,27,0.13776919396677748,0.18089705566826,1.0
571,FANToM,BeliefQ_Dist_Second_Order_Cyclic_TokenF1,<Rc3kmmq> Reflection T2,Reflection,<Rc3kmmq>,0.15348395402732132,0.050247555448004105,27,0.1345304667801578,0.17243744127448485,2.0
572,FANToM,BeliefQ_Dist_Second_Order_Cyclic_TokenF1,<Rc3kmmq> Reflection T3,Reflection,<Rc3kmmq>,0.15439624843167946,0.05145479292076217,27,0.1349873885829991,0.1738051082803598,3.0
573,FANToM,BeliefQ_Dist_Second_Order_Cyclic_TokenF1,<Rc3kmmq> Reflection T4,Reflection,<Rc3kmmq>,0.14632854614908913,0.05711129785006738,27,0.12478604033325234,0.16787105196492594,4.0
574,FANToM,BeliefQ_Dist_Second_Order_Cyclic_TokenF1,<Rc3kmmq> Reflection T5,Reflection,<Rc3kmmq>,0.14172678773562208,0.04921934499013311,27,0.12316114371042035,0.1602924317608238,5.0
595,FANToM,BeliefQ_Dist_Second_Order_Cyclic_TokenF1,<qLKSiki> Reflection T1,Reflection,<qLKSiki>,0.18522412217585116,0.0644732382819149,27,0.16090467641049205,0.20954356794121026,1.0
596,FANToM,BeliefQ_Dist_Second_Order_Cyclic_TokenF1,<qLKSiki> Reflection T2,Reflection,<qLKSiki>,0.17894319913076373,0.05824117154396626,27,0.15697450249912936,0.2009118957623981,2.0
597,FANToM,BeliefQ_Dist_Second_Order_Cyclic_TokenF1,<qLKSiki> Reflection T3,Reflection,<qLKSiki>,0.16095452804424426,0.040340540732546386,27,0.14573798830413298,0.17617106778435554,3.0
598,FANToM,BeliefQ_Dist_Second_Order_Cyclic_TokenF1,<qLKSiki> Reflection T4,Reflection,<qLKSiki>,0.15919192565671733,0.05374219111850976,27,0.1389202542307642,0.17946359708267046,4.0
599,FANToM,BeliefQ_Dist_Second_Order_Cyclic_TokenF1,<qLKSiki> Reflection T5,Reflection,<qLKSiki>,0.16044886935246339,0.050374910579957494,27,0.14144734347241875,0.17945039523250803,5.0
602,FANToM,BeliefQ_Dist_Second_Order_Cyclic_TokenF1,Mixed-A Reflection T5,Reflection,Mixed,0.16679942810178275,0.08054666576506873,27,0.13641705051608044,0.19718180568748506,5.0
604,FANToM,BeliefQ_Dist_Second_Order_Cyclic_TokenF1,Mixed-B Reflection T5,Reflection,Mixed,0.1540549971362434,0.053458399299481006,27,0.1338903726019222,0.17421962167056462,5.0
625,FANToM,FactQ,<Rc3kmmq> Reflection T1,Reflection,<Rc3kmmq>,0.22635034721087088,0.09952309376603811,100,0.2068438208327274,0.24585687358901437,1.0
626,FANToM,FactQ,<Rc3kmmq> Reflection T2,Reflection,<Rc3kmmq>,0.19981642598564447,0.09828710481740024,100,0.18055215344143402,0.21908069852985493,2.0
627,FANToM,FactQ,<Rc3kmmq> Reflection T3,Reflection,<Rc3kmmq>,0.18961064296166733,0.09520936936016429,100,0.1709496065670751,0.20827167935625954,3.0
628,FANToM,FactQ,<Rc3kmmq> Reflection T4,Reflection,<Rc3kmmq>,0.18214771064922,0.09476833886703391,100,0.16357311623128135,0.20072230506715866,4.0
629,FANToM,FactQ,<Rc3kmmq> Reflection T5,Reflection,<Rc3kmmq>,0.17314233225829334,0.08608334730597184,100,0.15626999618632287,0.19001466833026381,5.0
650,FANToM,FactQ,<qLKSiki> Reflection T1,Reflection,<qLKSiki>,0.25209060485147916,0.11147464395680146,100,0.23024157463594608,0.27393963506701224,1.0
651,FANToM,FactQ,<qLKSiki> Reflection T2,Reflection,<qLKSiki>,0.22646230925295327,0.10626539314305786,100,0.20563429219691393,0.24729032630899261,2.0
652,FANToM,FactQ,<qLKSiki> Reflection T3,Reflection,<qLKSiki>,0.21973322617637814,0.11010792626117649,100,0.19815207262918755,0.24131437972356873,3.0
653,FANToM,FactQ,<qLKSiki> Reflection T4,Reflection,<qLKSiki>,0.23621346651031977,0.13258763849121658,100,0.21022628936604132,0.2622006436545982,4.0
654,FANToM,FactQ,<qLKSiki> Reflection T5,Reflection,<qLKSiki>,0.22576232945800784,0.12186583010115057,100,0.20187662675818233,0.24964803215783335,5.0
657,FANToM,FactQ,Mixed-A Reflection T5,Reflection,Mixed,0.18656389356042946,0.09881755220543113,100,0.16719565332816497,0.20593213379269396,5.0
659,FANToM,FactQ,Mixed-B Reflection T5,Reflection,Mixed,0.19217609411881348,0.0966133286679984,100,0.1732398816998858,0.21111230653774116,5.0
680,FANToM,Info_AccessQ_Binary,<Rc3kmmq> Reflection T1,Reflection,<Rc3kmmq>,0.800531914893617,0.40013295662657367,376,0.7600867628799033,0.8409770669073307,1.0
681,FANToM,Info_AccessQ_Binary,<Rc3kmmq> Reflection T2,Reflection,<Rc3kmmq>,0.8404255319148937,0.36669890251592385,376,0.8033598700894925,0.8774911937402948,2.0
682,FANToM,Info_AccessQ_Binary,<Rc3kmmq> Reflection T3,Reflection,<Rc3kmmq>,0.8377659574468085,0.3691566005703823,376,0.8004518732663621,0.8750800416272548,3.0
683,FANToM,Info_AccessQ_Binary,<Rc3kmmq> Reflection T4,Reflection,<Rc3kmmq>,0.8164893617021277,0.38760036449052976,376,0.7773109951047956,0.8556677282994598,4.0
684,FANToM,Info_AccessQ_Binary,<Rc3kmmq> Reflection T5,Reflection,<Rc3kmmq>,0.800531914893617,0.4001329566265736,376,0.7600867628799033,0.8409770669073307,5.0
705,FANToM,Info_AccessQ_Binary,<qLKSiki> Reflection T1,Reflection,<qLKSiki>,0.8324468085106383,0.37396666138813384,376,0.7946465268357158,0.8702470901855609,1.0
706,FANToM,Info_AccessQ_Binary,<qLKSiki> Reflection T2,Reflection,<qLKSiki>,0.8164893617021277,0.38760036449052965,376,0.7773109951047956,0.8556677282994598,2.0
707,FANToM,Info_AccessQ_Binary,<qLKSiki> Reflection T3,Reflection,<qLKSiki>,0.7978723404255319,0.4021220308060408,376,0.7572261342216478,0.838518546629416,3.0
708,FANToM,Info_AccessQ_Binary,<qLKSiki> Reflection T4,Reflection,<qLKSiki>,0.8271276595744681,0.3786407193187771,376,0.7888549274792664,0.8654003916696698,4.0
709,FANToM,Info_AccessQ_Binary,<qLKSiki> Reflection T5,Reflection,<qLKSiki>,0.8590425531914894,0.3484413114395745,376,0.82382235556557,0.8942627508174087,5.0
712,FANToM,Info_AccessQ_Binary,Mixed-A Reflection T5,Reflection,Mixed,0.824468085106383,0.38092831737575455,376,0.7859641242417724,0.8629720459709936,5.0
714,FANToM,Info_AccessQ_Binary,Mixed-B Reflection T5,Reflection,Mixed,0.8457446808510638,0.3616745921934493,376,0.8091868727062735,0.8823024889958541,5.0
735,FANToM,Info_AccessQ_List,<Rc3kmmq> Reflection T1,Reflection,<Rc3kmmq>,0.37777777777777777,0.4875478144866783,90,0.27704935572612194,0.4785061998294336,1.0
736,FANToM,Info_AccessQ_List,<Rc3kmmq> Reflection T2,Reflection,<Rc3kmmq>,0.37777777777777777,0.4875478144866783,90,0.27704935572612194,0.4785061998294336,2.0
737,FANToM,Info_AccessQ_List,<Rc3kmmq> Reflection T3,Reflection,<Rc3kmmq>,0.32222222222222224,0.469945676463213,90,0.225130439562963,0.4193140048814815,3.0
738,FANToM,Info_AccessQ_List,<Rc3kmmq> Reflection T4,Reflection,<Rc3kmmq>,0.26666666666666666,0.4446940622369092,90,0.1747919215567414,0.35854141177659193,4.0
739,FANToM,Info_AccessQ_List,<Rc3kmmq> Reflection T5,Reflection,<Rc3kmmq>,0.3111111111111111,0.4655417152513843,90,0.21492919626473758,0.4072930259574846,5.0
760,FANToM,Info_AccessQ_List,<qLKSiki> Reflection T1,Reflection,<qLKSiki>,0.2777777777777778,0.4504124895432844,90,0.18472159334626573,0.3708339622092899,1.0
761,FANToM,Info_AccessQ_List,<qLKSiki> Reflection T2,Reflection,<qLKSiki>,0.2222222222222222,0.41806880186893863,90,0.1358483128947399,0.30859613154970456,2.0
762,FANToM,Info_AccessQ_List,<qLKSiki> Reflection T3,Reflection,<qLKSiki>,0.24444444444444444,0.43216494747112655,90,0.15515824126325317,0.3337306476256357,3.0
763,FANToM,Info_AccessQ_List,<qLKSiki> Reflection T4,Reflection,<qLKSiki>,0.24444444444444444,0.4321649474711266,90,0.15515824126325317,0.3337306476256357,4.0
764,FANToM,Info_AccessQ_List,<qLKSiki> Reflection T5,Reflection,<qLKSiki>,0.25555555555555554,0.4386165972131144,90,0.16493642772814343,0.34617468338296764,5.0
767,FANToM,Info_AccessQ_List,Mixed-A Reflection T5,Reflection,Mixed,0.2777777777777778,0.45041248954328433,90,0.18472159334626576,0.3708339622092898,5.0
769,FANToM,Info_AccessQ_List,Mixed-B Reflection T5,Reflection,Mixed,0.2777777777777778,0.45041248954328433,90,0.18472159334626576,0.3708339622092898,5.0
790,Hi-ToM,Listener_Belief_Private_Communication,<Rc3kmmq> Reflection T1,Reflection,<Rc3kmmq>,0.6287878787878788,0.48496955173649475,132,0.5460539632672278,0.7115217943085298,1.0
791,Hi-ToM,Listener_Belief_Private_Communication,<Rc3kmmq> Reflection T2,Reflection,<Rc3kmmq>,0.5,0.5019047688023742,132,0.4143770024472183,0.5856229975527817,2.0
792,Hi-ToM,Listener_Belief_Private_Communication,<Rc3kmmq> Reflection T3,Reflection,<Rc3kmmq>,0.5833333333333334,0.49488477595883557,132,0.4989079192016001,0.6677587474650667,3.0
793,Hi-ToM,Listener_Belief_Private_Communication,<Rc3kmmq> Reflection T4,Reflection,<Rc3kmmq>,0.49242424242424243,0.5018471547553728,132,0.40681107360334784,0.5780374112451371,4.0
794,Hi-ToM,Listener_Belief_Private_Communication,<Rc3kmmq> Reflection T5,Reflection,<Rc3kmmq>,0.5303030303030303,0.50098214896195,132,0.44483742809942467,0.6157686325066358,5.0
815,Hi-ToM,Listener_Belief_Private_Communication,<qLKSiki> Reflection T1,Reflection,<qLKSiki>,0.48484848484848486,0.5016742729147641,132,0.3992648089958493,0.5704321607011205,1.0
816,Hi-ToM,Listener_Belief_Private_Communication,<qLKSiki> Reflection T2,Reflection,<qLKSiki>,0.5,0.5019047688023743,132,0.4143770024472183,0.5856229975527817,2.0
817,Hi-ToM,Listener_Belief_Private_Communication,<qLKSiki> Reflection T3,Reflection,<qLKSiki>,0.49242424242424243,0.5018471547553727,132,0.40681107360334784,0.578037411245137,3.0
818,Hi-ToM,Listener_Belief_Private_Communication,<qLKSiki> Reflection T4,Reflection,<qLKSiki>,0.4772727272727273,0.501386004044835,132,0.39173822896587074,0.5628072255795838,4.0
819,Hi-ToM,Listener_Belief_Private_Communication,<qLKSiki> Reflection T5,Reflection,<qLKSiki>,0.45454545454545453,0.49982647925904655,132,0.3692770050893306,0.5398139040015785,5.0
822,Hi-ToM,Listener_Belief_Private_Communication,Mixed-A Reflection T5,Reflection,Mixed,0.5303030303030303,0.50098214896195,132,0.44483742809942467,0.6157686325066358,5.0
824,Hi-ToM,Listener_Belief_Private_Communication,Mixed-B Reflection T5,Reflection,Mixed,0.36363636363636365,0.482878254577619,132,0.28125921526089004,0.44601351201183725,5.0
845,Hi-ToM,Listener_Belief_Public_Claim,<Rc3kmmq> Reflection T1,Reflection,<Rc3kmmq>,0.5073529411764706,0.5008674914351673,272,0.44782861822962244,0.5668772641233187,1.0
846,Hi-ToM,Listener_Belief_Public_Claim,<Rc3kmmq> Reflection T2,Reflection,<Rc3kmmq>,0.45955882352941174,0.4992804677302262,272,0.400223106377814,0.5188945406810095,2.0
847,Hi-ToM,Listener_Belief_Public_Claim,<Rc3kmmq> Reflection T3,Reflection,<Rc3kmmq>,0.44485294117647056,0.49786553304582903,272,0.38568537833822514,0.504020504014716,3.0
848,Hi-ToM,Listener_Belief_Public_Claim,<Rc3kmmq> Reflection T4,Reflection,<Rc3kmmq>,0.48161764705882354,0.5005830115193178,272,0.4221271324039338,0.5411081617137132,4.0
849,Hi-ToM,Listener_Belief_Public_Claim,<Rc3kmmq> Reflection T5,Reflection,<Rc3kmmq>,0.5073529411764706,0.5008674914351674,272,0.4478286182296224,0.5668772641233187,5.0
870,Hi-ToM,Listener_Belief_Public_Claim,<qLKSiki> Reflection T1,Reflection,<qLKSiki>,0.4117647058823529,0.49306015194504976,272,0.35316822633742695,0.4703611854272789,1.0
871,Hi-ToM,Listener_Belief_Public_Claim,<qLKSiki> Reflection T2,Reflection,<qLKSiki>,0.41911764705882354,0.49432419944038425,272,0.3603709450047129,0.4778643491129342,2.0
872,Hi-ToM,Listener_Belief_Public_Claim,<qLKSiki> Reflection T3,Reflection,<qLKSiki>,0.40808823529411764,0.4923855848230365,272,0.34957192296288925,0.46660454762534603,3.0
873,Hi-ToM,Listener_Belief_Public_Claim,<qLKSiki> Reflection T4,Reflection,<qLKSiki>,0.44485294117647056,0.4978655330458293,272,0.3856853783382251,0.504020504014716,4.0
874,Hi-ToM,Listener_Belief_Public_Claim,<qLKSiki> Reflection T5,Reflection,<qLKSiki>,0.4632352941176471,0.4995656893860119,272,0.40386568052389504,0.5226049077113991,5.0
877,Hi-ToM,Listener_Belief_Public_Claim,Mixed-A Reflection T5,Reflection,Mixed,0.46691176470588236,0.49982360682771076,272,0.4075114995698445,0.5263120298419202,5.0
879,Hi-ToM,Listener_Belief_Public_Claim,Mixed-B Reflection T5,Reflection,Mixed,0.4375,0.4969928017772996,272,0.3784361546893683,0.4965638453106317,5.0
900,Hi-ToM,Listener_Temporal_Private_Communication,<Rc3kmmq> Reflection T1,Reflection,<Rc3kmmq>,0.8939393939393939,0.3090881876572578,132,0.8412101536922431,0.9466686341865448,1.0
901,Hi-ToM,Listener_Temporal_Private_Communication,<Rc3kmmq> Reflection T2,Reflection,<Rc3kmmq>,0.8939393939393939,0.30908818765725776,132,0.8412101536922431,0.9466686341865448,2.0
902,Hi-ToM,Listener_Temporal_Private_Communication,<Rc3kmmq> Reflection T3,Reflection,<Rc3kmmq>,0.9090909090909091,0.2885749523483134,132,0.8598611468440339,0.9583206713377842,3.0
903,Hi-ToM,Listener_Temporal_Private_Communication,<Rc3kmmq> Reflection T4,Reflection,<Rc3kmmq>,0.9090909090909091,0.28857495234831343,132,0.8598611468440339,0.9583206713377842,4.0
904,Hi-ToM,Listener_Temporal_Private_Communication,<Rc3kmmq> Reflection T5,Reflection,<Rc3kmmq>,0.9090909090909091,0.2885749523483134,132,0.8598611468440339,0.9583206713377842,5.0
925,Hi-ToM,Listener_Temporal_Private_Communication,<qLKSiki> Reflection T1,Reflection,<qLKSiki>,0.8636363636363636,0.34448162788461556,132,0.804869140420446,0.9224035868522813,1.0
926,Hi-ToM,Listener_Temporal_Private_Communication,<qLKSiki> Reflection T2,Reflection,<qLKSiki>,0.8787878787878788,0.3276169572712153,132,0.8228977026542298,0.9346780549215278,2.0
927,Hi-ToM,Listener_Temporal_Private_Communication,<qLKSiki> Reflection T3,Reflection,<qLKSiki>,0.9393939393939394,0.239515278882059,132,0.8985335662468427,0.9802543125410362,3.0
928,Hi-ToM,Listener_Temporal_Private_Communication,<qLKSiki> Reflection T4,Reflection,<qLKSiki>,0.9090909090909091,0.2885749523483133,132,0.8598611468440339,0.9583206713377842,4.0
929,Hi-ToM,Listener_Temporal_Private_Communication,<qLKSiki> Reflection T5,Reflection,<qLKSiki>,0.9166666666666666,0.27743829976792506,132,0.8693367739486507,0.9639965593846825,5.0
932,Hi-ToM,Listener_Temporal_Private_Communication,Mixed-A Reflection T5,Reflection,Mixed,0.9621212121212122,0.1916303307640744,132,0.9294298245075755,0.9948125997348488,5.0
934,Hi-ToM,Listener_Temporal_Private_Communication,Mixed-B Reflection T5,Reflection,Mixed,0.8409090909090909,0.3671542192050682,132,0.7782740119726974,0.9035441698454845,5.0
955,Hi-ToM,Listener_Temporal_Public_Claim,<Rc3kmmq> Reflection T1,Reflection,<Rc3kmmq>,0.8529411764705882,0.35481738486272735,272,0.8107738069269832,0.8951085460141932,1.0
956,Hi-ToM,Listener_Temporal_Public_Claim,<Rc3kmmq> Reflection T2,Reflection,<Rc3kmmq>,0.9080882352941176,0.2894338912872101,272,0.8736912007263973,0.942485269861838,2.0
957,Hi-ToM,Listener_Temporal_Public_Claim,<Rc3kmmq> Reflection T3,Reflection,<Rc3kmmq>,0.8897058823529411,0.3138334368589992,272,0.8524091458576512,0.9270026188482311,3.0
958,Hi-ToM,Listener_Temporal_Public_Claim,<Rc3kmmq> Reflection T4,Reflection,<Rc3kmmq>,0.8676470588235294,0.33949873031868105,272,0.8273001958126569,0.907993921834402,4.0
959,Hi-ToM,Listener_Temporal_Public_Claim,<Rc3kmmq> Reflection T5,Reflection,<Rc3kmmq>,0.8897058823529411,0.31383343685899934,272,0.8524091458576512,0.9270026188482311,5.0
980,Hi-ToM,Listener_Temporal_Public_Claim,<qLKSiki> Reflection T1,Reflection,<qLKSiki>,0.7536764705882353,0.431663407247477,272,0.7023765309900161,0.8049764101864545,1.0
981,Hi-ToM,Listener_Temporal_Public_Claim,<qLKSiki> Reflection T2,Reflection,<qLKSiki>,0.8529411764705882,0.3548173848627275,272,0.8107738069269832,0.8951085460141932,2.0
982,Hi-ToM,Listener_Temporal_Public_Claim,<qLKSiki> Reflection T3,Reflection,<qLKSiki>,0.9044117647058824,0.29456770428410245,272,0.8694046151915917,0.939418914220173,3.0
983,Hi-ToM,Listener_Temporal_Public_Claim,<qLKSiki> Reflection T4,Reflection,<qLKSiki>,0.9227941176470589,0.26740985631943925,272,0.8910144734918364,0.9545737618022814,4.0
984,Hi-ToM,Listener_Temporal_Public_Claim,<qLKSiki> Reflection T5,Reflection,<qLKSiki>,0.9154411764705882,0.2787369182396813,272,0.8823153964544667,0.9485669564867097,5.0
987,Hi-ToM,Listener_Temporal_Public_Claim,Mixed-A Reflection T5,Reflection,Mixed,0.9558823529411765,0.20573500882731133,272,0.9314322991518607,0.9803324067304924,5.0
989,Hi-ToM,Listener_Temporal_Public_Claim,Mixed-B Reflection T5,Reflection,Mixed,0.7205882352941176,0.4495373016154921,272,0.6671641181861323,0.774012352402103,5.0
1010,Hi-ToM,Order_0,<Rc3kmmq> Reflection T1,Reflection,<Rc3kmmq>,1.0,0.0,100,1.0,1.0,1.0
1011,Hi-ToM,Order_0,<Rc3kmmq> Reflection T2,Reflection,<Rc3kmmq>,0.99,0.09999999999999999,100,0.9704,1.0096,2.0
1012,Hi-ToM,Order_0,<Rc3kmmq> Reflection T3,Reflection,<Rc3kmmq>,0.98,0.14070529413628968,100,0.9524217623492872,1.0075782376507127,3.0
1013,Hi-ToM,Order_0,<Rc3kmmq> Reflection T4,Reflection,<Rc3kmmq>,0.99,0.1,100,0.9704,1.0096,4.0
1014,Hi-ToM,Order_0,<Rc3kmmq> Reflection T5,Reflection,<Rc3kmmq>,0.96,0.19694638556693236,100,0.9213985084288813,0.9986014915711187,5.0
1035,Hi-ToM,Order_0,<qLKSiki> Reflection T1,Reflection,<qLKSiki>,0.98,0.14070529413628968,100,0.9524217623492872,1.0075782376507127,1.0
1036,Hi-ToM,Order_0,<qLKSiki> Reflection T2,Reflection,<qLKSiki>,0.95,0.2190429135575903,100,0.9070675889427122,0.9929324110572877,2.0
1037,Hi-ToM,Order_0,<qLKSiki> Reflection T3,Reflection,<qLKSiki>,0.98,0.1407052941362897,100,0.9524217623492872,1.0075782376507127,3.0
1038,Hi-ToM,Order_0,<qLKSiki> Reflection T4,Reflection,<qLKSiki>,0.98,0.1407052941362897,100,0.9524217623492872,1.0075782376507127,4.0
1039,Hi-ToM,Order_0,<qLKSiki> Reflection T5,Reflection,<qLKSiki>,0.98,0.1407052941362897,100,0.9524217623492872,1.0075782376507127,5.0
1042,Hi-ToM,Order_0,Mixed-A Reflection T5,Reflection,Mixed,0.99,0.09999999999999999,100,0.9704,1.0096,5.0
1044,Hi-ToM,Order_0,Mixed-B Reflection T5,Reflection,Mixed,0.95,0.21904291355759026,100,0.9070675889427122,0.9929324110572877,5.0
1065,Hi-ToM,Order_1,<Rc3kmmq> Reflection T1,Reflection,<Rc3kmmq>,0.46,0.5009082659620332,100,0.3618219798714415,0.5581780201285585,1.0
1066,Hi-ToM,Order_1,<Rc3kmmq> Reflection T2,Reflection,<Rc3kmmq>,0.48,0.5021167315686783,100,0.381585120612539,0.578414879387461,2.0
1067,Hi-ToM,Order_1,<Rc3kmmq> Reflection T3,Reflection,<Rc3kmmq>,0.52,0.5021167315686782,100,0.42158512061253905,0.618414879387461,3.0
1068,Hi-ToM,Order_1,<Rc3kmmq> Reflection T4,Reflection,<Rc3kmmq>,0.49,0.5024183937956913,100,0.3915259948160445,0.5884740051839554,4.0
1069,Hi-ToM,Order_1,<Rc3kmmq> Reflection T5,Reflection,<Rc3kmmq>,0.47,0.501613558046592,100,0.37168374262286796,0.568316257377132,5.0
1090,Hi-ToM,Order_1,<qLKSiki> Reflection T1,Reflection,<qLKSiki>,0.45,0.5,100,0.352,0.548,1.0
1091,Hi-ToM,Order_1,<qLKSiki> Reflection T2,Reflection,<qLKSiki>,0.43,0.49756985195624304,100,0.3324763090165763,0.5275236909834237,2.0
1092,Hi-ToM,Order_1,<qLKSiki> Reflection T3,Reflection,<qLKSiki>,0.42,0.49604496374885815,100,0.3227751871052238,0.5172248128947762,3.0
1093,Hi-ToM,Order_1,<qLKSiki> Reflection T4,Reflection,<qLKSiki>,0.46,0.5009082659620332,100,0.3618219798714415,0.5581780201285585,4.0
1094,Hi-ToM,Order_1,<qLKSiki> Reflection T5,Reflection,<qLKSiki>,0.49,0.5024183937956914,100,0.39152599481604444,0.5884740051839555,5.0
1097,Hi-ToM,Order_1,Mixed-A Reflection T5,Reflection,Mixed,0.48,0.5021167315686783,100,0.381585120612539,0.578414879387461,5.0
1099,Hi-ToM,Order_1,Mixed-B Reflection T5,Reflection,Mixed,0.45,0.5,100,0.352,0.548,5.0
1120,Hi-ToM,Order_2,<Rc3kmmq> Reflection T1,Reflection,<Rc3kmmq>,0.37,0.4852365870939097,100,0.2748936289295937,0.4651063710704063,1.0
1121,Hi-ToM,Order_2,<Rc3kmmq> Reflection T2,Reflection,<Rc3kmmq>,0.37,0.48523658709390965,100,0.2748936289295937,0.4651063710704063,2.0
1122,Hi-ToM,Order_2,<Rc3kmmq> Reflection T3,Reflection,<Rc3kmmq>,0.34,0.47609522856952335,100,0.24668533520037345,0.4333146647996266,3.0
1123,Hi-ToM,Order_2,<Rc3kmmq> Reflection T4,Reflection,<Rc3kmmq>,0.34,0.4760952285695233,100,0.24668533520037345,0.4333146647996266,4.0
1124,Hi-ToM,Order_2,<Rc3kmmq> Reflection T5,Reflection,<Rc3kmmq>,0.43,0.497569851956243,100,0.3324763090165764,0.5275236909834237,5.0
1145,Hi-ToM,Order_2,<qLKSiki> Reflection T1,Reflection,<qLKSiki>,0.32,0.4688261722621507,100,0.22811007023661847,0.41188992976338157,1.0
1146,Hi-ToM,Order_2,<qLKSiki> Reflection T2,Reflection,<qLKSiki>,0.33,0.4725815626252608,100,0.2373740137254489,0.42262598627455117,2.0
1147,Hi-ToM,Order_2,<qLKSiki> Reflection T3,Reflection,<qLKSiki>,0.34,0.4760952285695233,100,0.24668533520037345,0.4333146647996266,3.0
1148,Hi-ToM,Order_2,<qLKSiki> Reflection T4,Reflection,<qLKSiki>,0.35,0.4793724854411023,100,0.2560429928535439,0.44395700714645603,4.0
1149,Hi-ToM,Order_2,<qLKSiki> Reflection T5,Reflection,<qLKSiki>,0.32,0.4688261722621506,100,0.2281100702366185,0.4118899297633815,5.0
1152,Hi-ToM,Order_2,Mixed-A Reflection T5,Reflection,Mixed,0.35,0.4793724854411023,100,0.2560429928535439,0.44395700714645603,5.0
1154,Hi-ToM,Order_2,Mixed-B Reflection T5,Reflection,Mixed,0.33,0.47258156262526074,100,0.23737401372544892,0.4226259862745511,5.0
1175,Hi-ToM,Order_3,<Rc3kmmq> Reflection T1,Reflection,<Rc3kmmq>,0.44,0.4988876515698588,100,0.3422180202923077,0.5377819797076924,1.0
1176,Hi-ToM,Order_3,<Rc3kmmq> Reflection T2,Reflection,<Rc3kmmq>,0.35,0.4793724854411021,100,0.2560429928535439,0.44395700714645603,2.0
1177,Hi-ToM,Order_3,<Rc3kmmq> Reflection T3,Reflection,<Rc3kmmq>,0.32,0.4688261722621506,100,0.2281100702366185,0.4118899297633815,3.0
1178,Hi-ToM,Order_3,<Rc3kmmq> Reflection T4,Reflection,<Rc3kmmq>,0.4,0.4923659639173309,100,0.30349627107220317,0.4965037289277969,4.0
1179,Hi-ToM,Order_3,<Rc3kmmq> Reflection T5,Reflection,<Rc3kmmq>,0.35,0.47937248544110217,100,0.2560429928535439,0.44395700714645603,5.0
1200,Hi-ToM,Order_3,<qLKSiki> Reflection T1,Reflection,<qLKSiki>,0.37,0.48523658709390977,100,0.2748936289295937,0.4651063710704063,1.0
1201,Hi-ToM,Order_3,<qLKSiki> Reflection T2,Reflection,<qLKSiki>,0.33,0.47258156262526074,100,0.23737401372544892,0.4226259862745511,2.0
1202,Hi-ToM,Order_3,<qLKSiki> Reflection T3,Reflection,<qLKSiki>,0.31,0.4648231987117318,100,0.21889465305250058,0.40110534694749944,3.0
1203,Hi-ToM,Order_3,<qLKSiki> Reflection T4,Reflection,<qLKSiki>,0.38,0.4878317312145633,100,0.2843849806819456,0.4756150193180544,4.0
1204,Hi-ToM,Order_3,<qLKSiki> Reflection T5,Reflection,<qLKSiki>,0.3,0.46056618647183833,100,0.20972902745151967,0.3902709725484803,5.0
1207,Hi-ToM,Order_3,Mixed-A Reflection T5,Reflection,Mixed,0.29,0.45604802157206864,100,0.20061458777187452,0.37938541222812544,5.0
1209,Hi-ToM,Order_3,Mixed-B Reflection T5,Reflection,Mixed,0.37,0.4852365870939097,100,0.2748936289295937,0.4651063710704063,5.0
1230,Hi-ToM,Order_4,<Rc3kmmq> Reflection T1,Reflection,<Rc3kmmq>,0.26,0.44084400227680814,100,0.1735945755537456,0.34640542444625444,1.0
1231,Hi-ToM,Order_4,<Rc3kmmq> Reflection T2,Reflection,<Rc3kmmq>,0.29,0.45604802157206864,100,0.20061458777187452,0.37938541222812544,2.0
1232,Hi-ToM,Order_4,<Rc3kmmq> Reflection T3,Reflection,<Rc3kmmq>,0.28,0.45126085985421294,100,0.1915528714685743,0.36844712853142575,3.0
1233,Hi-ToM,Order_4,<Rc3kmmq> Reflection T4,Reflection,<Rc3kmmq>,0.3,0.46056618647183817,100,0.20972902745151972,0.39027097254848025,4.0
1234,Hi-ToM,Order_4,<Rc3kmmq> Reflection T5,Reflection,<Rc3kmmq>,0.25,0.4351941398892446,100,0.16470194858170806,0.33529805141829194,5.0
1255,Hi-ToM,Order_4,<qLKSiki> Reflection T1,Reflection,<qLKSiki>,0.3,0.4605661864718383,100,0.2097290274515197,0.3902709725484803,1.0
1256,Hi-ToM,Order_4,<qLKSiki> Reflection T2,Reflection,<qLKSiki>,0.22,0.4163331998932266,100,0.1383986928209276,0.3016013071790724,2.0
1257,Hi-ToM,Order_4,<qLKSiki> Reflection T3,Reflection,<qLKSiki>,0.29,0.4560480215720687,100,0.20061458777187452,0.37938541222812544,3.0
1258,Hi-ToM,Order_4,<qLKSiki> Reflection T4,Reflection,<qLKSiki>,0.28,0.451260859854213,100,0.19155287146857428,0.3684471285314258,4.0
1259,Hi-ToM,Order_4,<qLKSiki> Reflection T5,Reflection,<qLKSiki>,0.34,0.47609522856952324,100,0.24668533520037347,0.43331466479962655,5.0
1262,Hi-ToM,Order_4,Mixed-A Reflection T5,Reflection,Mixed,0.28,0.451260859854213,100,0.19155287146857428,0.3684471285314258,5.0
1264,Hi-ToM,Order_4,Mixed-B Reflection T5,Reflection,Mixed,0.38,0.4878317312145633,100,0.2843849806819456,0.4756150193180544,5.0
1285,Hi-ToM,Teller_Knowledge_Container_Private_Communication,<Rc3kmmq> Reflection T1,Reflection,<Rc3kmmq>,0.7045454545454546,0.4579849053087138,132,0.6264150145418061,0.782675894549103,1.0
1286,Hi-ToM,Teller_Knowledge_Container_Private_Communication,<Rc3kmmq> Reflection T2,Reflection,<Rc3kmmq>,0.696969696969697,0.4613189511035024,132,0.6182704817467789,0.7756689121926151,2.0
1287,Hi-ToM,Teller_Knowledge_Container_Private_Communication,<Rc3kmmq> Reflection T3,Reflection,<Rc3kmmq>,0.6439393939393939,0.48065756100924395,132,0.5619410872322793,0.7259377006465085,3.0
1288,Hi-ToM,Teller_Knowledge_Container_Private_Communication,<Rc3kmmq> Reflection T4,Reflection,<Rc3kmmq>,0.6590909090909091,0.4758206322924615,132,0.577917763572576,0.7402640546092422,4.0
1289,Hi-ToM,Teller_Knowledge_Container_Private_Communication,<Rc3kmmq> Reflection T5,Reflection,<Rc3kmmq>,0.696969696969697,0.4613189511035026,132,0.6182704817467789,0.7756689121926151,5.0
1310,Hi-ToM,Teller_Knowledge_Container_Private_Communication,<qLKSiki> Reflection T1,Reflection,<qLKSiki>,0.6439393939393939,0.48065756100924406,132,0.5619410872322793,0.7259377006465085,1.0
1311,Hi-ToM,Teller_Knowledge_Container_Private_Communication,<qLKSiki> Reflection T2,Reflection,<qLKSiki>,0.6590909090909091,0.47582063229246135,132,0.577917763572576,0.7402640546092422,2.0
1312,Hi-ToM,Teller_Knowledge_Container_Private_Communication,<qLKSiki> Reflection T3,Reflection,<qLKSiki>,0.6363636363636364,0.4828782545776189,132,0.5539864879881627,0.71874078473911,3.0
1313,Hi-ToM,Teller_Knowledge_Container_Private_Communication,<qLKSiki> Reflection T4,Reflection,<qLKSiki>,0.5757575757575758,0.4961102457079156,132,0.49112310126250536,0.6603920502526462,4.0
1314,Hi-ToM,Teller_Knowledge_Container_Private_Communication,<qLKSiki> Reflection T5,Reflection,<qLKSiki>,0.5606060606060606,0.49820403799491536,132,0.47561439330667865,0.6455977279054425,5.0
1317,Hi-ToM,Teller_Knowledge_Container_Private_Communication,Mixed-A Reflection T5,Reflection,Mixed,0.5378787878787878,0.5004624278445043,132,0.45250184807238036,0.6232557276851953,5.0
1319,Hi-ToM,Teller_Knowledge_Container_Private_Communication,Mixed-B Reflection T5,Reflection,Mixed,0.6212121212121212,0.48693311969721426,132,0.5381432286497166,0.7042810137745258,5.0
1340,Hi-ToM,Teller_Knowledge_Container_Public_Claim,<Rc3kmmq> Reflection T1,Reflection,<Rc3kmmq>,0.6764705882352942,0.4713010404866808,68,0.5644494416492771,0.7884917348213112,1.0
1341,Hi-ToM,Teller_Knowledge_Container_Public_Claim,<Rc3kmmq> Reflection T2,Reflection,<Rc3kmmq>,0.5147058823529411,0.5034996052651828,68,0.39503162271377384,0.6343801419921083,2.0
1342,Hi-ToM,Teller_Knowledge_Container_Public_Claim,<Rc3kmmq> Reflection T3,Reflection,<Rc3kmmq>,0.6029411764705882,0.4929262571578128,68,0.4857800421515297,0.7201023107896467,3.0
1343,Hi-ToM,Teller_Knowledge_Container_Public_Claim,<Rc3kmmq> Reflection T4,Reflection,<Rc3kmmq>,0.6176470588235294,0.4895752580296541,68,0.5012824064391542,0.7340117112079046,4.0
1344,Hi-ToM,Teller_Knowledge_Container_Public_Claim,<Rc3kmmq> Reflection T5,Reflection,<Rc3kmmq>,0.5735294117647058,0.49824097959612135,68,0.45510504810774693,0.6919537754216647,5.0
1365,Hi-ToM,Teller_Knowledge_Container_Public_Claim,<qLKSiki> Reflection T1,Reflection,<qLKSiki>,0.5588235294117647,0.500219442626321,68,0.43992891494251785,0.6777181438810116,1.0
1366,Hi-ToM,Teller_Knowledge_Container_Public_Claim,<qLKSiki> Reflection T2,Reflection,<qLKSiki>,0.5441176470588235,0.5017528537548118,68,0.4248585638996202,0.6633767302180268,2.0
1367,Hi-ToM,Teller_Knowledge_Container_Public_Claim,<qLKSiki> Reflection T3,Reflection,<qLKSiki>,0.47058823529411764,0.5028452845140673,68,0.3510694978254495,0.5901069727627858,3.0
1368,Hi-ToM,Teller_Knowledge_Container_Public_Claim,<qLKSiki> Reflection T4,Reflection,<qLKSiki>,0.5,0.5037175233040658,68,0.38027394453082086,0.6197260554691791,4.0
1369,Hi-ToM,Teller_Knowledge_Container_Public_Claim,<qLKSiki> Reflection T5,Reflection,<qLKSiki>,0.4852941176470588,0.5034996052651828,68,0.36561985800789154,0.6049683772862261,5.0
1372,Hi-ToM,Teller_Knowledge_Container_Public_Claim,Mixed-A Reflection T5,Reflection,Mixed,0.47058823529411764,0.5028452845140673,68,0.3510694978254495,0.5901069727627858,5.0
1374,Hi-ToM,Teller_Knowledge_Container_Public_Claim,Mixed-B Reflection T5,Reflection,Mixed,0.5588235294117647,0.500219442626321,68,0.43992891494251785,0.6777181438810116,5.0
1395,Hi-ToM,Teller_Lie_Private_Communication,<Rc3kmmq> Reflection T1,Reflection,<Rc3kmmq>,0.8863636363636364,0.31857812139403224,132,0.8320154504048143,0.9407118223224584,1.0
1396,Hi-ToM,Teller_Lie_Private_Communication,<Rc3kmmq> Reflection T2,Reflection,<Rc3kmmq>,0.803030303030303,0.3992243230859298,132,0.7349241893542702,0.8711364167063358,2.0
1397,Hi-ToM,Teller_Lie_Private_Communication,<Rc3kmmq> Reflection T3,Reflection,<Rc3kmmq>,0.9166666666666666,0.27743829976792506,132,0.8693367739486507,0.9639965593846825,3.0
1398,Hi-ToM,Teller_Lie_Private_Communication,<Rc3kmmq> Reflection T4,Reflection,<Rc3kmmq>,0.8484848484848485,0.35991620069733504,132,0.7870845472981334,0.9098851496715636,4.0
1399,Hi-ToM,Teller_Lie_Private_Communication,<Rc3kmmq> Reflection T5,Reflection,<Rc3kmmq>,0.8484848484848485,0.359916200697335,132,0.7870845472981334,0.9098851496715636,5.0
1420,Hi-ToM,Teller_Lie_Private_Communication,<qLKSiki> Reflection T1,Reflection,<qLKSiki>,0.8484848484848485,0.35991620069733493,132,0.7870845472981334,0.9098851496715636,1.0
1421,Hi-ToM,Teller_Lie_Private_Communication,<qLKSiki> Reflection T2,Reflection,<qLKSiki>,0.8560606060606061,0.3523655232109428,132,0.7959484210268454,0.9161727910943668,2.0
1422,Hi-ToM,Teller_Lie_Private_Communication,<qLKSiki> Reflection T3,Reflection,<qLKSiki>,0.8484848484848485,0.35991620069733504,132,0.7870845472981334,0.9098851496715636,3.0
1423,Hi-ToM,Teller_Lie_Private_Communication,<qLKSiki> Reflection T4,Reflection,<qLKSiki>,0.8484848484848485,0.359916200697335,132,0.7870845472981334,0.9098851496715636,4.0
1424,Hi-ToM,Teller_Lie_Private_Communication,<qLKSiki> Reflection T5,Reflection,<qLKSiki>,0.8181818181818182,0.38716392603275496,132,0.7521331612417188,0.8842304751219177,5.0
1427,Hi-ToM,Teller_Lie_Private_Communication,Mixed-A Reflection T5,Reflection,Mixed,0.9015151515151515,0.29910422204733544,132,0.8504891368919079,0.9525411661383951,5.0
1429,Hi-ToM,Teller_Lie_Private_Communication,Mixed-B Reflection T5,Reflection,Mixed,0.7803030303030303,0.4156186217788769,132,0.7094001131612417,0.8512059474448188,5.0
1450,Hi-ToM,Teller_Lie_Public_Claim,<Rc3kmmq> Reflection T1,Reflection,<Rc3kmmq>,0.8823529411764706,0.32458523544031886,68,0.8052039278804892,0.9595019544724519,1.0
1451,Hi-ToM,Teller_Lie_Public_Claim,<Rc3kmmq> Reflection T2,Reflection,<Rc3kmmq>,0.9117647058823529,0.2857456398198083,68,0.8438472784743509,0.9796821332903549,2.0
1452,Hi-ToM,Teller_Lie_Public_Claim,<Rc3kmmq> Reflection T3,Reflection,<Rc3kmmq>,0.8235294117647058,0.38405442985621996,68,0.732245468195418,0.9148133553339937,3.0
1453,Hi-ToM,Teller_Lie_Public_Claim,<Rc3kmmq> Reflection T4,Reflection,<Rc3kmmq>,0.8823529411764706,0.32458523544031886,68,0.8052039278804892,0.9595019544724519,4.0
1454,Hi-ToM,Teller_Lie_Public_Claim,<Rc3kmmq> Reflection T5,Reflection,<Rc3kmmq>,0.9117647058823529,0.2857456398198083,68,0.8438472784743509,0.9796821332903549,5.0
1475,Hi-ToM,Teller_Lie_Public_Claim,<qLKSiki> Reflection T1,Reflection,<qLKSiki>,0.8823529411764706,0.32458523544031886,68,0.8052039278804892,0.9595019544724519,1.0
1476,Hi-ToM,Teller_Lie_Public_Claim,<qLKSiki> Reflection T2,Reflection,<qLKSiki>,0.8970588235294118,0.3061414112013051,68,0.8242936289845025,0.9698240180743211,2.0
1477,Hi-ToM,Teller_Lie_Public_Claim,<qLKSiki> Reflection T3,Reflection,<qLKSiki>,0.8823529411764706,0.32458523544031886,68,0.8052039278804892,0.9595019544724519,3.0
1478,Hi-ToM,Teller_Lie_Public_Claim,<qLKSiki> Reflection T4,Reflection,<qLKSiki>,0.8676470588235294,0.3413936216694646,68,0.7865029457168089,0.94879117193025,4.0
1479,Hi-ToM,Teller_Lie_Public_Claim,<qLKSiki> Reflection T5,Reflection,<qLKSiki>,0.8823529411764706,0.3245852354403189,68,0.8052039278804892,0.9595019544724519,5.0
1482,Hi-ToM,Teller_Lie_Public_Claim,Mixed-A Reflection T5,Reflection,Mixed,0.9264705882352942,0.26294409317754647,68,0.8639727444466347,0.9889684320239536,5.0
1484,Hi-ToM,Teller_Lie_Public_Claim,Mixed-B Reflection T5,Reflection,Mixed,0.8823529411764706,0.3245852354403189,68,0.8052039278804892,0.9595019544724519,5.0
