{
  "$schema": "http://json-schema.org/draft-07/schema#",
  "title": "Admissions Decision Schema",
  "description": "Schema for automated graduate admissions pre-screening decisions",
  "type": "object",
  "required": [
    "application_id",
    "decision",
    "reason",
    "gpa",
    "credits",
    "confidence",
    "timestamp"
  ],
  "properties": {
    "application_id": {
      "type": "string",
      "description": "Unique identifier for the application",
      "pattern": "^[a-zA-Z0-9_-]+$"
    },
    "decision": {
      "type": "string",
      "enum": ["ACCEPT_ACADEMIC", "REVIEW", "REJECT_ACADEMIC", "ABSTAIN"],
      "description": "Automated academic decision"
    },
    "reason": {
      "type": "string",
      "description": "Human-readable explanation for the decision",
      "minLength": 1,
      "maxLength": 500
    },
    "gpa": {
      "type": "number",
      "minimum": 0.0,
      "maximum": 4.0,
      "description": "Computed cumulative GPA"
    },
    "credits": {
      "type": "number",
      "minimum": 0,
      "description": "Total credit hours completed"
    },
    "confidence": {
      "type": "number",
      "minimum": 0.0,
      "maximum": 1.0,
      "description": "System confidence in the decision"
    },
    "program": {
      "type": "string",
      "description": "Target academic program",
      "examples": ["computer_science", "engineering", "business"]
    },
    "warnings": {
      "type": "array",
      "items": {
        "type": "string"
      },
      "description": "List of processing warnings or flags"
    },
    "evidence": {
      "type": "object",
      "description": "Supporting evidence for decision transparency",
      "properties": {
        "transcript_spans": {
          "type": "array",
          "items": {
            "type": "object",
            "required": ["start", "end", "text"],
            "properties": {
              "start": {
                "type": "integer",
                "minimum": 0,
                "description": "Character start position"
              },
              "end": {
                "type": "integer",
                "minimum": 0,
                "description": "Character end position"
              },
              "text": {
                "type": "string",
                "description": "Evidence text span"
              },
              "type": {
                "type": "string",
                "enum": ["course", "grade", "credits", "gpa"],
                "description": "Type of evidence"
              }
            }
          }
        },
        "sop_spans": {
          "type": "array",
          "items": {
            "type": "object",
            "required": ["start", "end", "text"],
            "properties": {
              "start": {
                "type": "integer",
                "minimum": 0
              },
              "end": {
                "type": "integer",
                "minimum": 0
              },
              "text": {
                "type": "string"
              },
              "rubric_dimension": {
                "type": "string",
                "enum": ["research_interest", "experience_relevance", "writing_quality", "goal_clarity", "fit_assessment"]
              },
              "score": {
                "type": "number",
                "minimum": 0,
                "maximum": 5
              }
            }
          }
        },
        "resume_entities": {
          "type": "array",
          "items": {
            "type": "object",
            "required": ["type", "text", "start", "end"],
            "properties": {
              "type": {
                "type": "string",
                "enum": ["PERSON", "ORG", "SKILL", "EDUCATION", "EXPERIENCE", "LOCATION", "DATE"],
                "description": "Named entity type"
              },
              "text": {
                "type": "string",
                "description": "Entity text"
              },
              "start": {
                "type": "integer",
                "minimum": 0,
                "description": "Character start position"
              },
              "end": {
                "type": "integer",
                "minimum": 0,
                "description": "Character end position"
              },
              "confidence": {
                "type": "number",
                "minimum": 0.0,
                "maximum": 1.0,
                "description": "Entity extraction confidence"
              }
            }
          }
        }
      }
    },
    "processing_info": {
      "type": "object",
      "properties": {
        "ocr_backend": {
          "type": "string",
          "description": "OCR backend used for processing"
        },
        "processing_time_seconds": {
          "type": "number",
          "minimum": 0,
          "description": "Total processing time"
        },
        "documents_processed": {
          "type": "array",
          "items": {
            "type": "object",
            "properties": {
              "filename": {"type": "string"},
              "document_type": {
                "type": "string",
                "enum": ["transcript", "resume", "statement_of_purpose", "other"]
              },
              "pages": {"type": "integer", "minimum": 1},
              "ocr_confidence": {"type": "number", "minimum": 0.0, "maximum": 1.0}
            }
          }
        }
      }
    },
    "timestamp": {
      "type": "string",
      "format": "date-time",
      "description": "ISO 8601 timestamp of decision"
    }
  }
}