{"meta": {"name_exp": "public_goods", "player_num": 10, "tokens": 20, "ratio": 2, "version": "v1", "lang_agent": "<3P26cpI>", "round": 20, "run": 3}, "round_records": [{"responses": [{"player_id": 0, "response": 5, "net_gain": 8.2}, {"player_id": 1, "response": 10, "net_gain": 3.1999999999999993}, {"player_id": 2, "response": 5, "net_gain": 8.2}, {"player_id": 3, "response": 5, "net_gain": 8.2}, {"player_id": 4, "response": 8, "net_gain": 5.199999999999999}, {"player_id": 5, "response": 10, "net_gain": 3.1999999999999993}, {"player_id": 6, "response": 3, "net_gain": 10.2}, {"player_id": 7, "response": 10, "net_gain": 3.1999999999999993}, {"player_id": 8, "response": 5, "net_gain": 8.2}, {"player_id": 9, "response": 5, "net_gain": 8.2}], "total_tokens": 66}, {"responses": [{"player_id": 0, "response": 5, "net_gain": 5.6}, {"player_id": 1, "response": 5, "net_gain": 5.6}, {"player_id": 2, "response": 5, "net_gain": 5.6}, {"player_id": 3, "response": 3, "net_gain": 7.6}, {"player_id": 4, "response": 6, "net_gain": 4.6}, {"player_id": 5, "response": 8, "net_gain": 2.5999999999999996}, {"player_id": 6, "response": 4, "net_gain": 6.6}, {"player_id": 7, "response": 8, "net_gain": 2.5999999999999996}, {"player_id": 8, "response": 4, "net_gain": 6.6}, {"player_id": 9, "response": 5, "net_gain": 5.6}], "total_tokens": 53}, {"responses": [{"player_id": 0, "response": 6, "net_gain": 3.1999999999999993}, {"player_id": 1, "response": 4, "net_gain": 5.199999999999999}, {"player_id": 2, "response": 4, "net_gain": 5.199999999999999}, {"player_id": 3, "response": 4, "net_gain": 5.199999999999999}, {"player_id": 4, "response": 5, "net_gain": 4.199999999999999}, {"player_id": 5, "response": 5, "net_gain": 4.199999999999999}, {"player_id": 6, "response": 4, "net_gain": 5.199999999999999}, {"player_id": 7, "response": 7, "net_gain": 2.1999999999999993}, {"player_id": 8, "response": 3, "net_gain": 6.199999999999999}, {"player_id": 9, "response": 4, "net_gain": 5.199999999999999}], "total_tokens": 46}, {"responses": [{"player_id": 0, "response": 4, "net_gain": 3.4000000000000004}, {"player_id": 1, "response": 5, "net_gain": 2.4000000000000004}, {"player_id": 2, "response": 4, "net_gain": 3.4000000000000004}, {"player_id": 3, "response": 2, "net_gain": 5.4}, {"player_id": 4, "response": 4, "net_gain": 3.4000000000000004}, {"player_id": 5, "response": 4, "net_gain": 3.4000000000000004}, {"player_id": 6, "response": 3, "net_gain": 4.4}, {"player_id": 7, "response": 4, "net_gain": 3.4000000000000004}, {"player_id": 8, "response": 3, "net_gain": 4.4}, {"player_id": 9, "response": 4, "net_gain": 3.4000000000000004}], "total_tokens": 37}, {"responses": [{"player_id": 0, "response": 3, "net_gain": 3.8}, {"player_id": 1, "response": 4, "net_gain": 2.8}, {"player_id": 2, "response": 3, "net_gain": 3.8}, {"player_id": 3, "response": 3, "net_gain": 3.8}, {"player_id": 4, "response": 5, "net_gain": 1.7999999999999998}, {"player_id": 5, "response": 3, "net_gain": 3.8}, {"player_id": 6, "response": 3, "net_gain": 3.8}, {"player_id": 7, "response": 4, "net_gain": 2.8}, {"player_id": 8, "response": 3, "net_gain": 3.8}, {"player_id": 9, "response": 3, "net_gain": 3.8}], "total_tokens": 34}, {"responses": [{"player_id": 0, "response": 4, "net_gain": 2.0}, {"player_id": 1, "response": 3, "net_gain": 3.0}, {"player_id": 2, "response": 3, "net_gain": 3.0}, {"player_id": 3, "response": 2, "net_gain": 4.0}, {"player_id": 4, "response": 4, "net_gain": 2.0}, {"player_id": 5, "response": 3, "net_gain": 3.0}, {"player_id": 6, "response": 2, "net_gain": 4.0}, {"player_id": 7, "response": 3, "net_gain": 3.0}, {"player_id": 8, "response": 3, "net_gain": 3.0}, {"player_id": 9, "response": 3, "net_gain": 3.0}], "total_tokens": 30}, {"responses": [{"player_id": 0, "response": 2, "net_gain": 3.0}, {"player_id": 1, "response": 2, "net_gain": 3.0}, {"player_id": 2, "response": 3, "net_gain": 2.0}, {"player_id": 3, "response": 2, "net_gain": 3.0}, {"player_id": 4, "response": 3, "net_gain": 2.0}, {"player_id": 5, "response": 3, "net_gain": 2.0}, {"player_id": 6, "response": 2, "net_gain": 3.0}, {"player_id": 7, "response": 3, "net_gain": 2.0}, {"player_id": 8, "response": 2, "net_gain": 3.0}, {"player_id": 9, "response": 3, "net_gain": 2.0}], "total_tokens": 25}, {"responses": [{"player_id": 0, "response": 3, "net_gain": 1.4000000000000004}, {"player_id": 1, "response": 2, "net_gain": 2.4000000000000004}, {"player_id": 2, "response": 2, "net_gain": 2.4000000000000004}, {"player_id": 3, "response": 2, "net_gain": 2.4000000000000004}, {"player_id": 4, "response": 2, "net_gain": 2.4000000000000004}, {"player_id": 5, "response": 2, "net_gain": 2.4000000000000004}, {"player_id": 6, "response": 2, "net_gain": 2.4000000000000004}, {"player_id": 7, "response": 2, "net_gain": 2.4000000000000004}, {"player_id": 8, "response": 3, "net_gain": 1.4000000000000004}, {"player_id": 9, "response": 2, "net_gain": 2.4000000000000004}], "total_tokens": 22}, {"responses": [{"player_id": 0, "response": 3, "net_gain": 1.4000000000000004}, {"player_id": 1, "response": 2, "net_gain": 2.4000000000000004}, {"player_id": 2, "response": 2, "net_gain": 2.4000000000000004}, {"player_id": 3, "response": 2, "net_gain": 2.4000000000000004}, {"player_id": 4, "response": 2, "net_gain": 2.4000000000000004}, {"player_id": 5, "response": 2, "net_gain": 2.4000000000000004}, {"player_id": 6, "response": 2, "net_gain": 2.4000000000000004}, {"player_id": 7, "response": 2, "net_gain": 2.4000000000000004}, {"player_id": 8, "response": 2, "net_gain": 2.4000000000000004}, {"player_id": 9, "response": 3, "net_gain": 1.4000000000000004}], "total_tokens": 22}, {"responses": [{"player_id": 0, "response": 2, "net_gain": 2.2}, {"player_id": 1, "response": 2, "net_gain": 2.2}, {"player_id": 2, "response": 2, "net_gain": 2.2}, {"player_id": 3, "response": 2, "net_gain": 2.2}, {"player_id": 4, "response": 2, "net_gain": 2.2}, {"player_id": 5, "response": 2, "net_gain": 2.2}, {"player_id": 6, "response": 2, "net_gain": 2.2}, {"player_id": 7, "response": 2, "net_gain": 2.2}, {"player_id": 8, "response": 2, "net_gain": 2.2}, {"player_id": 9, "response": 3, "net_gain": 1.2000000000000002}], "total_tokens": 21}, {"responses": [{"player_id": 0, "response": 2, "net_gain": 2.0}, {"player_id": 1, "response": 2, "net_gain": 2.0}, {"player_id": 2, "response": 2, "net_gain": 2.0}, {"player_id": 3, "response": 2, "net_gain": 2.0}, {"player_id": 4, "response": 2, "net_gain": 2.0}, {"player_id": 5, "response": 2, "net_gain": 2.0}, {"player_id": 6, "response": 2, "net_gain": 2.0}, {"player_id": 7, "response": 2, "net_gain": 2.0}, {"player_id": 8, "response": 2, "net_gain": 2.0}, {"player_id": 9, "response": 2, "net_gain": 2.0}], "total_tokens": 20}, {"responses": [{"player_id": 0, "response": 2, "net_gain": 2.0}, {"player_id": 1, "response": 2, "net_gain": 2.0}, {"player_id": 2, "response": 2, "net_gain": 2.0}, {"player_id": 3, "response": 2, "net_gain": 2.0}, {"player_id": 4, "response": 2, "net_gain": 2.0}, {"player_id": 5, "response": 2, "net_gain": 2.0}, {"player_id": 6, "response": 2, "net_gain": 2.0}, {"player_id": 7, "response": 2, "net_gain": 2.0}, {"player_id": 8, "response": 2, "net_gain": 2.0}, {"player_id": 9, "response": 2, "net_gain": 2.0}], "total_tokens": 20}, {"responses": [{"player_id": 0, "response": 2, "net_gain": 2.0}, {"player_id": 1, "response": 2, "net_gain": 2.0}, {"player_id": 2, "response": 2, "net_gain": 2.0}, {"player_id": 3, "response": 2, "net_gain": 2.0}, {"player_id": 4, "response": 2, "net_gain": 2.0}, {"player_id": 5, "response": 2, "net_gain": 2.0}, {"player_id": 6, "response": 2, "net_gain": 2.0}, {"player_id": 7, "response": 2, "net_gain": 2.0}, {"player_id": 8, "response": 2, "net_gain": 2.0}, {"player_id": 9, "response": 2, "net_gain": 2.0}], "total_tokens": 20}, {"responses": [{"player_id": 0, "response": 2, "net_gain": 1.7999999999999998}, {"player_id": 1, "response": 1, "net_gain": 2.8}, {"player_id": 2, "response": 2, "net_gain": 1.7999999999999998}, {"player_id": 3, "response": 2, "net_gain": 1.7999999999999998}, {"player_id": 4, "response": 2, "net_gain": 1.7999999999999998}, {"player_id": 5, "response": 2, "net_gain": 1.7999999999999998}, {"player_id": 6, "response": 2, "net_gain": 1.7999999999999998}, {"player_id": 7, "response": 2, "net_gain": 1.7999999999999998}, {"player_id": 8, "response": 2, "net_gain": 1.7999999999999998}, {"player_id": 9, "response": 2, "net_gain": 1.7999999999999998}], "total_tokens": 19}, {"responses": [{"player_id": 0, "response": 2, "net_gain": 1.7999999999999998}, {"player_id": 1, "response": 1, "net_gain": 2.8}, {"player_id": 2, "response": 2, "net_gain": 1.7999999999999998}, {"player_id": 3, "response": 2, "net_gain": 1.7999999999999998}, {"player_id": 4, "response": 2, "net_gain": 1.7999999999999998}, {"player_id": 5, "response": 2, "net_gain": 1.7999999999999998}, {"player_id": 6, "response": 2, "net_gain": 1.7999999999999998}, {"player_id": 7, "response": 2, "net_gain": 1.7999999999999998}, {"player_id": 8, "response": 2, "net_gain": 1.7999999999999998}, {"player_id": 9, "response": 2, "net_gain": 1.7999999999999998}], "total_tokens": 19}, {"responses": [{"player_id": 0, "response": 2, "net_gain": 1.2000000000000002}, {"player_id": 1, "response": 1, "net_gain": 2.2}, {"player_id": 2, "response": 1, "net_gain": 2.2}, {"player_id": 3, "response": 2, "net_gain": 1.2000000000000002}, {"player_id": 4, "response": 1, "net_gain": 2.2}, {"player_id": 5, "response": 2, "net_gain": 1.2000000000000002}, {"player_id": 6, "response": 2, "net_gain": 1.2000000000000002}, {"player_id": 7, "response": 2, "net_gain": 1.2000000000000002}, {"player_id": 8, "response": 1, "net_gain": 2.2}, {"player_id": 9, "response": 2, "net_gain": 1.2000000000000002}], "total_tokens": 16}, {"responses": [{"player_id": 0, "response": 1, "net_gain": 1.7999999999999998}, {"player_id": 1, "response": 1, "net_gain": 1.7999999999999998}, {"player_id": 2, "response": 2, "net_gain": 0.7999999999999998}, {"player_id": 3, "response": 2, "net_gain": 0.7999999999999998}, {"player_id": 4, "response": 1, "net_gain": 1.7999999999999998}, {"player_id": 5, "response": 2, "net_gain": 0.7999999999999998}, {"player_id": 6, "response": 1, "net_gain": 1.7999999999999998}, {"player_id": 7, "response": 2, "net_gain": 0.7999999999999998}, {"player_id": 8, "response": 1, "net_gain": 1.7999999999999998}, {"player_id": 9, "response": 1, "net_gain": 1.7999999999999998}], "total_tokens": 14}, {"responses": [{"player_id": 0, "response": 1, "net_gain": 1.6}, {"player_id": 1, "response": 1, "net_gain": 1.6}, {"player_id": 2, "response": 2, "net_gain": 0.6000000000000001}, {"player_id": 3, "response": 1, "net_gain": 1.6}, {"player_id": 4, "response": 2, "net_gain": 0.6000000000000001}, {"player_id": 5, "response": 1, "net_gain": 1.6}, {"player_id": 6, "response": 1, "net_gain": 1.6}, {"player_id": 7, "response": 2, "net_gain": 0.6000000000000001}, {"player_id": 8, "response": 1, "net_gain": 1.6}, {"player_id": 9, "response": 1, "net_gain": 1.6}], "total_tokens": 13}, {"responses": [{"player_id": 0, "response": 1, "net_gain": 0.6000000000000001}, {"player_id": 1, "response": 1, "net_gain": 0.6000000000000001}, {"player_id": 2, "response": 1, "net_gain": 0.6000000000000001}, {"player_id": 3, "response": 1, "net_gain": 0.6000000000000001}, {"player_id": 4, "response": 0, "net_gain": 1.6}, {"player_id": 5, "response": 1, "net_gain": 0.6000000000000001}, {"player_id": 6, "response": 1, "net_gain": 0.6000000000000001}, {"player_id": 7, "response": 1, "net_gain": 0.6000000000000001}, {"player_id": 8, "response": 0, "net_gain": 1.6}, {"player_id": 9, "response": 1, "net_gain": 0.6000000000000001}], "total_tokens": 8}, {"responses": [{"player_id": 0, "response": 0, "net_gain": 0.0}, {"player_id": 1, "response": 0, "net_gain": 0.0}, {"player_id": 2, "response": 0, "net_gain": 0.0}, {"player_id": 3, "response": 0, "net_gain": 0.0}, {"player_id": 4, "response": 0, "net_gain": 0.0}, {"player_id": 5, "response": 0, "net_gain": 0.0}, {"player_id": 6, "response": 0, "net_gain": 0.0}, {"player_id": 7, "response": 0, "net_gain": 0.0}, {"player_id": 8, "response": 0, "net_gain": 0.0}, {"player_id": 9, "response": 0, "net_gain": 0.0}], "total_tokens": 0}]}