{"meta": {"name_exp": "public_goods", "player_num": 10, "tokens": 20, "ratio": 2, "version": "v1", "lang_agent": "<3P26cpI>", "round": 20, "run": 1}, "round_records": [{"responses": [{"player_id": 0, "response": 5, "net_gain": 8.0}, {"player_id": 1, "response": 5, "net_gain": 8.0}, {"player_id": 2, "response": 10, "net_gain": 3.0}, {"player_id": 3, "response": 10, "net_gain": 3.0}, {"player_id": 4, "response": 4, "net_gain": 9.0}, {"player_id": 5, "response": 3, "net_gain": 10.0}, {"player_id": 6, "response": 5, "net_gain": 8.0}, {"player_id": 7, "response": 3, "net_gain": 10.0}, {"player_id": 8, "response": 10, "net_gain": 3.0}, {"player_id": 9, "response": 10, "net_gain": 3.0}], "total_tokens": 65}, {"responses": [{"player_id": 0, "response": 4, "net_gain": 4.199999999999999}, {"player_id": 1, "response": 4, "net_gain": 4.199999999999999}, {"player_id": 2, "response": 4, "net_gain": 4.199999999999999}, {"player_id": 3, "response": 5, "net_gain": 3.1999999999999993}, {"player_id": 4, "response": 5, "net_gain": 3.1999999999999993}, {"player_id": 5, "response": 3, "net_gain": 5.199999999999999}, {"player_id": 6, "response": 2, "net_gain": 6.199999999999999}, {"player_id": 7, "response": 4, "net_gain": 4.199999999999999}, {"player_id": 8, "response": 5, "net_gain": 3.1999999999999993}, {"player_id": 9, "response": 5, "net_gain": 3.1999999999999993}], "total_tokens": 41}, {"responses": [{"player_id": 0, "response": 3, "net_gain": 3.8}, {"player_id": 1, "response": 3, "net_gain": 3.8}, {"player_id": 2, "response": 3, "net_gain": 3.8}, {"player_id": 3, "response": 4, "net_gain": 2.8}, {"player_id": 4, "response": 4, "net_gain": 2.8}, {"player_id": 5, "response": 2, "net_gain": 4.8}, {"player_id": 6, "response": 3, "net_gain": 3.8}, {"player_id": 7, "response": 4, "net_gain": 2.8}, {"player_id": 8, "response": 4, "net_gain": 2.8}, {"player_id": 9, "response": 4, "net_gain": 2.8}], "total_tokens": 34}, {"responses": [{"player_id": 0, "response": 2, "net_gain": 3.2}, {"player_id": 1, "response": 2, "net_gain": 3.2}, {"player_id": 2, "response": 2, "net_gain": 3.2}, {"player_id": 3, "response": 3, "net_gain": 2.2}, {"player_id": 4, "response": 3, "net_gain": 2.2}, {"player_id": 5, "response": 2, "net_gain": 3.2}, {"player_id": 6, "response": 2, "net_gain": 3.2}, {"player_id": 7, "response": 3, "net_gain": 2.2}, {"player_id": 8, "response": 3, "net_gain": 2.2}, {"player_id": 9, "response": 4, "net_gain": 1.2000000000000002}], "total_tokens": 26}, {"responses": [{"player_id": 0, "response": 2, "net_gain": 2.4000000000000004}, {"player_id": 1, "response": 3, "net_gain": 1.4000000000000004}, {"player_id": 2, "response": 2, "net_gain": 2.4000000000000004}, {"player_id": 3, "response": 3, "net_gain": 1.4000000000000004}, {"player_id": 4, "response": 2, "net_gain": 2.4000000000000004}, {"player_id": 5, "response": 1, "net_gain": 3.4000000000000004}, {"player_id": 6, "response": 2, "net_gain": 2.4000000000000004}, {"player_id": 7, "response": 2, "net_gain": 2.4000000000000004}, {"player_id": 8, "response": 2, "net_gain": 2.4000000000000004}, {"player_id": 9, "response": 3, "net_gain": 1.4000000000000004}], "total_tokens": 22}, {"responses": [{"player_id": 0, "response": 2, "net_gain": 1.7999999999999998}, {"player_id": 1, "response": 1, "net_gain": 2.8}, {"player_id": 2, "response": 2, "net_gain": 1.7999999999999998}, {"player_id": 3, "response": 2, "net_gain": 1.7999999999999998}, {"player_id": 4, "response": 2, "net_gain": 1.7999999999999998}, {"player_id": 5, "response": 2, "net_gain": 1.7999999999999998}, {"player_id": 6, "response": 2, "net_gain": 1.7999999999999998}, {"player_id": 7, "response": 1, "net_gain": 2.8}, {"player_id": 8, "response": 2, "net_gain": 1.7999999999999998}, {"player_id": 9, "response": 3, "net_gain": 0.7999999999999998}], "total_tokens": 19}, {"responses": [{"player_id": 0, "response": 2, "net_gain": 1.0}, {"player_id": 1, "response": 1, "net_gain": 2.0}, {"player_id": 2, "response": 0, "net_gain": 3.0}, {"player_id": 3, "response": 2, "net_gain": 1.0}, {"player_id": 4, "response": 2, "net_gain": 1.0}, {"player_id": 5, "response": 1, "net_gain": 2.0}, {"player_id": 6, "response": 1, "net_gain": 2.0}, {"player_id": 7, "response": 2, "net_gain": 1.0}, {"player_id": 8, "response": 2, "net_gain": 1.0}, {"player_id": 9, "response": 2, "net_gain": 1.0}], "total_tokens": 15}, {"responses": [{"player_id": 0, "response": 1, "net_gain": 1.0}, {"player_id": 1, "response": 0, "net_gain": 2.0}, {"player_id": 2, "response": 0, "net_gain": 2.0}, {"player_id": 3, "response": 2, "net_gain": 0.0}, {"player_id": 4, "response": 1, "net_gain": 1.0}, {"player_id": 5, "response": 1, "net_gain": 1.0}, {"player_id": 6, "response": 1, "net_gain": 1.0}, {"player_id": 7, "response": 0, "net_gain": 2.0}, {"player_id": 8, "response": 2, "net_gain": 0.0}, {"player_id": 9, "response": 2, "net_gain": 0.0}], "total_tokens": 10}, {"responses": [{"player_id": 0, "response": 0, "net_gain": 0.8}, {"player_id": 1, "response": 0, "net_gain": 0.8}, {"player_id": 2, "response": 0, "net_gain": 0.8}, {"player_id": 3, "response": 1, "net_gain": -0.19999999999999996}, {"player_id": 4, "response": 0, "net_gain": 0.8}, {"player_id": 5, "response": 1, "net_gain": -0.19999999999999996}, {"player_id": 6, "response": 1, "net_gain": -0.19999999999999996}, {"player_id": 7, "response": 0, "net_gain": 0.8}, {"player_id": 8, "response": 0, "net_gain": 0.8}, {"player_id": 9, "response": 1, "net_gain": -0.19999999999999996}], "total_tokens": 4}, {"responses": [{"player_id": 0, "response": 0, "net_gain": 0.2}, {"player_id": 1, "response": 0, "net_gain": 0.2}, {"player_id": 2, "response": 0, "net_gain": 0.2}, {"player_id": 3, "response": 1, "net_gain": -0.8}, {"player_id": 4, "response": 0, "net_gain": 0.2}, {"player_id": 5, "response": 0, "net_gain": 0.2}, {"player_id": 6, "response": 0, "net_gain": 0.2}, {"player_id": 7, "response": 0, "net_gain": 0.2}, {"player_id": 8, "response": 0, "net_gain": 0.2}, {"player_id": 9, "response": 0, "net_gain": 0.2}], "total_tokens": 1}, {"responses": [{"player_id": 0, "response": 0, "net_gain": 0.0}, {"player_id": 1, "response": 0, "net_gain": 0.0}, {"player_id": 2, "response": 0, "net_gain": 0.0}, {"player_id": 3, "response": 0, "net_gain": 0.0}, {"player_id": 4, "response": 0, "net_gain": 0.0}, {"player_id": 5, "response": 0, "net_gain": 0.0}, {"player_id": 6, "response": 0, "net_gain": 0.0}, {"player_id": 7, "response": 0, "net_gain": 0.0}, {"player_id": 8, "response": 0, "net_gain": 0.0}, {"player_id": 9, "response": 0, "net_gain": 0.0}], "total_tokens": 0}, {"responses": [{"player_id": 0, "response": 0, "net_gain": 0.0}, {"player_id": 1, "response": 0, "net_gain": 0.0}, {"player_id": 2, "response": 0, "net_gain": 0.0}, {"player_id": 3, "response": 0, "net_gain": 0.0}, {"player_id": 4, "response": 0, "net_gain": 0.0}, {"player_id": 5, "response": 0, "net_gain": 0.0}, {"player_id": 6, "response": 0, "net_gain": 0.0}, {"player_id": 7, "response": 0, "net_gain": 0.0}, {"player_id": 8, "response": 0, "net_gain": 0.0}, {"player_id": 9, "response": 0, "net_gain": 0.0}], "total_tokens": 0}, {"responses": [{"player_id": 0, "response": 0, "net_gain": 0.0}, {"player_id": 1, "response": 0, "net_gain": 0.0}, {"player_id": 2, "response": 0, "net_gain": 0.0}, {"player_id": 3, "response": 0, "net_gain": 0.0}, {"player_id": 4, "response": 0, "net_gain": 0.0}, {"player_id": 5, "response": 0, "net_gain": 0.0}, {"player_id": 6, "response": 0, "net_gain": 0.0}, {"player_id": 7, "response": 0, "net_gain": 0.0}, {"player_id": 8, "response": 0, "net_gain": 0.0}, {"player_id": 9, "response": 0, "net_gain": 0.0}], "total_tokens": 0}, {"responses": [{"player_id": 0, "response": 0, "net_gain": 0.0}, {"player_id": 1, "response": 0, "net_gain": 0.0}, {"player_id": 2, "response": 0, "net_gain": 0.0}, {"player_id": 3, "response": 0, "net_gain": 0.0}, {"player_id": 4, "response": 0, "net_gain": 0.0}, {"player_id": 5, "response": 0, "net_gain": 0.0}, {"player_id": 6, "response": 0, "net_gain": 0.0}, {"player_id": 7, "response": 0, "net_gain": 0.0}, {"player_id": 8, "response": 0, "net_gain": 0.0}, {"player_id": 9, "response": 0, "net_gain": 0.0}], "total_tokens": 0}, {"responses": [{"player_id": 0, "response": 0, "net_gain": 0.0}, {"player_id": 1, "response": 0, "net_gain": 0.0}, {"player_id": 2, "response": 0, "net_gain": 0.0}, {"player_id": 3, "response": 0, "net_gain": 0.0}, {"player_id": 4, "response": 0, "net_gain": 0.0}, {"player_id": 5, "response": 0, "net_gain": 0.0}, {"player_id": 6, "response": 0, "net_gain": 0.0}, {"player_id": 7, "response": 0, "net_gain": 0.0}, {"player_id": 8, "response": 0, "net_gain": 0.0}, {"player_id": 9, "response": 0, "net_gain": 0.0}], "total_tokens": 0}, {"responses": [{"player_id": 0, "response": 0, "net_gain": 0.0}, {"player_id": 1, "response": 0, "net_gain": 0.0}, {"player_id": 2, "response": 0, "net_gain": 0.0}, {"player_id": 3, "response": 0, "net_gain": 0.0}, {"player_id": 4, "response": 0, "net_gain": 0.0}, {"player_id": 5, "response": 0, "net_gain": 0.0}, {"player_id": 6, "response": 0, "net_gain": 0.0}, {"player_id": 7, "response": 0, "net_gain": 0.0}, {"player_id": 8, "response": 0, "net_gain": 0.0}, {"player_id": 9, "response": 0, "net_gain": 0.0}], "total_tokens": 0}, {"responses": [{"player_id": 0, "response": 0, "net_gain": 0.0}, {"player_id": 1, "response": 0, "net_gain": 0.0}, {"player_id": 2, "response": 0, "net_gain": 0.0}, {"player_id": 3, "response": 0, "net_gain": 0.0}, {"player_id": 4, "response": 0, "net_gain": 0.0}, {"player_id": 5, "response": 0, "net_gain": 0.0}, {"player_id": 6, "response": 0, "net_gain": 0.0}, {"player_id": 7, "response": 0, "net_gain": 0.0}, {"player_id": 8, "response": 0, "net_gain": 0.0}, {"player_id": 9, "response": 0, "net_gain": 0.0}], "total_tokens": 0}, {"responses": [{"player_id": 0, "response": 0, "net_gain": 0.0}, {"player_id": 1, "response": 0, "net_gain": 0.0}, {"player_id": 2, "response": 0, "net_gain": 0.0}, {"player_id": 3, "response": 0, "net_gain": 0.0}, {"player_id": 4, "response": 0, "net_gain": 0.0}, {"player_id": 5, "response": 0, "net_gain": 0.0}, {"player_id": 6, "response": 0, "net_gain": 0.0}, {"player_id": 7, "response": 0, "net_gain": 0.0}, {"player_id": 8, "response": 0, "net_gain": 0.0}, {"player_id": 9, "response": 0, "net_gain": 0.0}], "total_tokens": 0}, {"responses": [{"player_id": 0, "response": 0, "net_gain": 0.0}, {"player_id": 1, "response": 0, "net_gain": 0.0}, {"player_id": 2, "response": 0, "net_gain": 0.0}, {"player_id": 3, "response": 0, "net_gain": 0.0}, {"player_id": 4, "response": 0, "net_gain": 0.0}, {"player_id": 5, "response": 0, "net_gain": 0.0}, {"player_id": 6, "response": 0, "net_gain": 0.0}, {"player_id": 7, "response": 0, "net_gain": 0.0}, {"player_id": 8, "response": 0, "net_gain": 0.0}, {"player_id": 9, "response": 0, "net_gain": 0.0}], "total_tokens": 0}, {"responses": [{"player_id": 0, "response": 0, "net_gain": 0.0}, {"player_id": 1, "response": 0, "net_gain": 0.0}, {"player_id": 2, "response": 0, "net_gain": 0.0}, {"player_id": 3, "response": 0, "net_gain": 0.0}, {"player_id": 4, "response": 0, "net_gain": 0.0}, {"player_id": 5, "response": 0, "net_gain": 0.0}, {"player_id": 6, "response": 0, "net_gain": 0.0}, {"player_id": 7, "response": 0, "net_gain": 0.0}, {"player_id": 8, "response": 0, "net_gain": 0.0}, {"player_id": 9, "response": 0, "net_gain": 0.0}], "total_tokens": 0}]}