{"meta": {"name_exp": "public_goods", "player_num": 10, "tokens": 20, "ratio": 2, "version": "v1", "lang_agent": "<gvHK3Q2>", "round": 20, "run": 2}, "round_records": [{"responses": [{"player_id": 0, "response": 10, "net_gain": 12.0}, {"player_id": 1, "response": 20, "net_gain": 2.0}, {"player_id": 2, "response": 20, "net_gain": 2.0}, {"player_id": 3, "response": 10, "net_gain": 12.0}, {"player_id": 4, "response": 0, "net_gain": 22.0}, {"player_id": 5, "response": 10, "net_gain": 12.0}, {"player_id": 6, "response": 0, "net_gain": 22.0}, {"player_id": 7, "response": 10, "net_gain": 12.0}, {"player_id": 8, "response": 20, "net_gain": 2.0}, {"player_id": 9, "response": 10, "net_gain": 12.0}], "total_tokens": 110}, {"responses": [{"player_id": 0, "response": 20, "net_gain": 10.399999999999999}, {"player_id": 1, "response": 10, "net_gain": 20.4}, {"player_id": 2, "response": 10, "net_gain": 20.4}, {"player_id": 3, "response": 20, "net_gain": 10.399999999999999}, {"player_id": 4, "response": 20, "net_gain": 10.399999999999999}, {"player_id": 5, "response": 12, "net_gain": 18.4}, {"player_id": 6, "response": 10, "net_gain": 20.4}, {"player_id": 7, "response": 20, "net_gain": 10.399999999999999}, {"player_id": 8, "response": 10, "net_gain": 20.4}, {"player_id": 9, "response": 20, "net_gain": 10.399999999999999}], "total_tokens": 152}, {"responses": [{"player_id": 0, "response": 20, "net_gain": 20.0}, {"player_id": 1, "response": 20, "net_gain": 20.0}, {"player_id": 2, "response": 20, "net_gain": 20.0}, {"player_id": 3, "response": 20, "net_gain": 20.0}, {"player_id": 4, "response": 20, "net_gain": 20.0}, {"player_id": 5, "response": 20, "net_gain": 20.0}, {"player_id": 6, "response": 20, "net_gain": 20.0}, {"player_id": 7, "response": 20, "net_gain": 20.0}, {"player_id": 8, "response": 20, "net_gain": 20.0}, {"player_id": 9, "response": 20, "net_gain": 20.0}], "total_tokens": 200}, {"responses": [{"player_id": 0, "response": 18, "net_gain": 6.399999999999999}, {"player_id": 1, "response": 0, "net_gain": 24.4}, {"player_id": 2, "response": 20, "net_gain": 4.399999999999999}, {"player_id": 3, "response": 4, "net_gain": 20.4}, {"player_id": 4, "response": 20, "net_gain": 4.399999999999999}, {"player_id": 5, "response": 20, "net_gain": 4.399999999999999}, {"player_id": 6, "response": 20, "net_gain": 4.399999999999999}, {"player_id": 7, "response": 0, "net_gain": 24.4}, {"player_id": 8, "response": 20, "net_gain": 4.399999999999999}, {"player_id": 9, "response": 0, "net_gain": 24.4}], "total_tokens": 122}, {"responses": [{"player_id": 0, "response": 20, "net_gain": 10.0}, {"player_id": 1, "response": 20, "net_gain": 10.0}, {"player_id": 2, "response": 0, "net_gain": 30.0}, {"player_id": 3, "response": 20, "net_gain": 10.0}, {"player_id": 4, "response": 10, "net_gain": 20.0}, {"player_id": 5, "response": 20, "net_gain": 10.0}, {"player_id": 6, "response": 0, "net_gain": 30.0}, {"player_id": 7, "response": 20, "net_gain": 10.0}, {"player_id": 8, "response": 20, "net_gain": 10.0}, {"player_id": 9, "response": 20, "net_gain": 10.0}], "total_tokens": 150}, {"responses": [{"player_id": 0, "response": 20, "net_gain": 18.0}, {"player_id": 1, "response": 20, "net_gain": 18.0}, {"player_id": 2, "response": 20, "net_gain": 18.0}, {"player_id": 3, "response": 20, "net_gain": 18.0}, {"player_id": 4, "response": 20, "net_gain": 18.0}, {"player_id": 5, "response": 10, "net_gain": 28.0}, {"player_id": 6, "response": 20, "net_gain": 18.0}, {"player_id": 7, "response": 20, "net_gain": 18.0}, {"player_id": 8, "response": 20, "net_gain": 18.0}, {"player_id": 9, "response": 20, "net_gain": 18.0}], "total_tokens": 190}, {"responses": [{"player_id": 0, "response": 20, "net_gain": 14.399999999999999}, {"player_id": 1, "response": 20, "net_gain": 14.399999999999999}, {"player_id": 2, "response": 10, "net_gain": 24.4}, {"player_id": 3, "response": 20, "net_gain": 14.399999999999999}, {"player_id": 4, "response": 20, "net_gain": 14.399999999999999}, {"player_id": 5, "response": 20, "net_gain": 14.399999999999999}, {"player_id": 6, "response": 20, "net_gain": 14.399999999999999}, {"player_id": 7, "response": 20, "net_gain": 14.399999999999999}, {"player_id": 8, "response": 20, "net_gain": 14.399999999999999}, {"player_id": 9, "response": 2, "net_gain": 32.4}], "total_tokens": 172}, {"responses": [{"player_id": 0, "response": 20, "net_gain": 16.0}, {"player_id": 1, "response": 20, "net_gain": 16.0}, {"player_id": 2, "response": 20, "net_gain": 16.0}, {"player_id": 3, "response": 20, "net_gain": 16.0}, {"player_id": 4, "response": 20, "net_gain": 16.0}, {"player_id": 5, "response": 0, "net_gain": 36.0}, {"player_id": 6, "response": 20, "net_gain": 16.0}, {"player_id": 7, "response": 20, "net_gain": 16.0}, {"player_id": 8, "response": 20, "net_gain": 16.0}, {"player_id": 9, "response": 20, "net_gain": 16.0}], "total_tokens": 180}, {"responses": [{"player_id": 0, "response": 20, "net_gain": 16.0}, {"player_id": 1, "response": 20, "net_gain": 16.0}, {"player_id": 2, "response": 20, "net_gain": 16.0}, {"player_id": 3, "response": 20, "net_gain": 16.0}, {"player_id": 4, "response": 20, "net_gain": 16.0}, {"player_id": 5, "response": 20, "net_gain": 16.0}, {"player_id": 6, "response": 20, "net_gain": 16.0}, {"player_id": 7, "response": 0, "net_gain": 36.0}, {"player_id": 8, "response": 20, "net_gain": 16.0}, {"player_id": 9, "response": 20, "net_gain": 16.0}], "total_tokens": 180}, {"responses": [{"player_id": 0, "response": 20, "net_gain": 20.0}, {"player_id": 1, "response": 20, "net_gain": 20.0}, {"player_id": 2, "response": 20, "net_gain": 20.0}, {"player_id": 3, "response": 20, "net_gain": 20.0}, {"player_id": 4, "response": 20, "net_gain": 20.0}, {"player_id": 5, "response": 20, "net_gain": 20.0}, {"player_id": 6, "response": 20, "net_gain": 20.0}, {"player_id": 7, "response": 20, "net_gain": 20.0}, {"player_id": 8, "response": 20, "net_gain": 20.0}, {"player_id": 9, "response": 20, "net_gain": 20.0}], "total_tokens": 200}, {"responses": [{"player_id": 0, "response": 20, "net_gain": 17.0}, {"player_id": 1, "response": 20, "net_gain": 17.0}, {"player_id": 2, "response": 15, "net_gain": 22.0}, {"player_id": 3, "response": 20, "net_gain": 17.0}, {"player_id": 4, "response": 20, "net_gain": 17.0}, {"player_id": 5, "response": 20, "net_gain": 17.0}, {"player_id": 6, "response": 20, "net_gain": 17.0}, {"player_id": 7, "response": 20, "net_gain": 17.0}, {"player_id": 8, "response": 20, "net_gain": 17.0}, {"player_id": 9, "response": 10, "net_gain": 27.0}], "total_tokens": 185}, {"responses": [{"player_id": 0, "response": 0, "net_gain": 30.0}, {"player_id": 1, "response": 20, "net_gain": 10.0}, {"player_id": 2, "response": 20, "net_gain": 10.0}, {"player_id": 3, "response": 20, "net_gain": 10.0}, {"player_id": 4, "response": 12, "net_gain": 18.0}, {"player_id": 5, "response": 0, "net_gain": 30.0}, {"player_id": 6, "response": 18, "net_gain": 12.0}, {"player_id": 7, "response": 20, "net_gain": 10.0}, {"player_id": 8, "response": 20, "net_gain": 10.0}, {"player_id": 9, "response": 20, "net_gain": 10.0}], "total_tokens": 150}, {"responses": [{"player_id": 0, "response": 20, "net_gain": 16.0}, {"player_id": 1, "response": 0, "net_gain": 36.0}, {"player_id": 2, "response": 20, "net_gain": 16.0}, {"player_id": 3, "response": 20, "net_gain": 16.0}, {"player_id": 4, "response": 20, "net_gain": 16.0}, {"player_id": 5, "response": 20, "net_gain": 16.0}, {"player_id": 6, "response": 20, "net_gain": 16.0}, {"player_id": 7, "response": 20, "net_gain": 16.0}, {"player_id": 8, "response": 20, "net_gain": 16.0}, {"player_id": 9, "response": 20, "net_gain": 16.0}], "total_tokens": 180}, {"responses": [{"player_id": 0, "response": 20, "net_gain": 16.0}, {"player_id": 1, "response": 20, "net_gain": 16.0}, {"player_id": 2, "response": 20, "net_gain": 16.0}, {"player_id": 3, "response": 20, "net_gain": 16.0}, {"player_id": 4, "response": 20, "net_gain": 16.0}, {"player_id": 5, "response": 20, "net_gain": 16.0}, {"player_id": 6, "response": 20, "net_gain": 16.0}, {"player_id": 7, "response": 20, "net_gain": 16.0}, {"player_id": 8, "response": 0, "net_gain": 36.0}, {"player_id": 9, "response": 20, "net_gain": 16.0}], "total_tokens": 180}, {"responses": [{"player_id": 0, "response": 20, "net_gain": 6.0}, {"player_id": 1, "response": 0, "net_gain": 26.0}, {"player_id": 2, "response": 20, "net_gain": 6.0}, {"player_id": 3, "response": 20, "net_gain": 6.0}, {"player_id": 4, "response": 0, "net_gain": 26.0}, {"player_id": 5, "response": 10, "net_gain": 16.0}, {"player_id": 6, "response": 0, "net_gain": 26.0}, {"player_id": 7, "response": 20, "net_gain": 6.0}, {"player_id": 8, "response": 20, "net_gain": 6.0}, {"player_id": 9, "response": 20, "net_gain": 6.0}], "total_tokens": 130}, {"responses": [{"player_id": 0, "response": 10, "net_gain": 28.0}, {"player_id": 1, "response": 20, "net_gain": 18.0}, {"player_id": 2, "response": 20, "net_gain": 18.0}, {"player_id": 3, "response": 20, "net_gain": 18.0}, {"player_id": 4, "response": 20, "net_gain": 18.0}, {"player_id": 5, "response": 20, "net_gain": 18.0}, {"player_id": 6, "response": 20, "net_gain": 18.0}, {"player_id": 7, "response": 20, "net_gain": 18.0}, {"player_id": 8, "response": 20, "net_gain": 18.0}, {"player_id": 9, "response": 20, "net_gain": 18.0}], "total_tokens": 190}, {"responses": [{"player_id": 0, "response": 20, "net_gain": 13.0}, {"player_id": 1, "response": 15, "net_gain": 18.0}, {"player_id": 2, "response": 20, "net_gain": 13.0}, {"player_id": 3, "response": 20, "net_gain": 13.0}, {"player_id": 4, "response": 10, "net_gain": 23.0}, {"player_id": 5, "response": 20, "net_gain": 13.0}, {"player_id": 6, "response": 20, "net_gain": 13.0}, {"player_id": 7, "response": 20, "net_gain": 13.0}, {"player_id": 8, "response": 20, "net_gain": 13.0}, {"player_id": 9, "response": 0, "net_gain": 33.0}], "total_tokens": 165}, {"responses": [{"player_id": 0, "response": 20, "net_gain": 8.0}, {"player_id": 1, "response": 20, "net_gain": 8.0}, {"player_id": 2, "response": 20, "net_gain": 8.0}, {"player_id": 3, "response": 10, "net_gain": 18.0}, {"player_id": 4, "response": 10, "net_gain": 18.0}, {"player_id": 5, "response": 0, "net_gain": 28.0}, {"player_id": 6, "response": 20, "net_gain": 8.0}, {"player_id": 7, "response": 20, "net_gain": 8.0}, {"player_id": 8, "response": 0, "net_gain": 28.0}, {"player_id": 9, "response": 20, "net_gain": 8.0}], "total_tokens": 140}, {"responses": [{"player_id": 0, "response": 20, "net_gain": 10.0}, {"player_id": 1, "response": 20, "net_gain": 10.0}, {"player_id": 2, "response": 20, "net_gain": 10.0}, {"player_id": 3, "response": 0, "net_gain": 30.0}, {"player_id": 4, "response": 20, "net_gain": 10.0}, {"player_id": 5, "response": 10, "net_gain": 20.0}, {"player_id": 6, "response": 0, "net_gain": 30.0}, {"player_id": 7, "response": 20, "net_gain": 10.0}, {"player_id": 8, "response": 20, "net_gain": 10.0}, {"player_id": 9, "response": 20, "net_gain": 10.0}], "total_tokens": 150}, {"responses": [{"player_id": 0, "response": 20, "net_gain": 18.0}, {"player_id": 1, "response": 20, "net_gain": 18.0}, {"player_id": 2, "response": 20, "net_gain": 18.0}, {"player_id": 3, "response": 20, "net_gain": 18.0}, {"player_id": 4, "response": 20, "net_gain": 18.0}, {"player_id": 5, "response": 20, "net_gain": 18.0}, {"player_id": 6, "response": 20, "net_gain": 18.0}, {"player_id": 7, "response": 20, "net_gain": 18.0}, {"player_id": 8, "response": 10, "net_gain": 28.0}, {"player_id": 9, "response": 20, "net_gain": 18.0}], "total_tokens": 190}]}