{"meta": {"name_exp": "public_goods", "player_num": 10, "tokens": 20, "ratio": 2, "version": "v1", "lang_agent": "<gvHK3Q2>", "round": 20, "run": 5}, "round_records": [{"responses": [{"player_id": 0, "response": 10, "net_gain": 15.0}, {"player_id": 1, "response": 20, "net_gain": 5.0}, {"player_id": 2, "response": 10, "net_gain": 15.0}, {"player_id": 3, "response": 5, "net_gain": 20.0}, {"player_id": 4, "response": 20, "net_gain": 5.0}, {"player_id": 5, "response": 20, "net_gain": 5.0}, {"player_id": 6, "response": 10, "net_gain": 15.0}, {"player_id": 7, "response": 10, "net_gain": 15.0}, {"player_id": 8, "response": 10, "net_gain": 15.0}, {"player_id": 9, "response": 10, "net_gain": 15.0}], "total_tokens": 125}, {"responses": [{"player_id": 0, "response": 10, "net_gain": 14.0}, {"player_id": 1, "response": 15, "net_gain": 9.0}, {"player_id": 2, "response": 15, "net_gain": 9.0}, {"player_id": 3, "response": 10, "net_gain": 14.0}, {"player_id": 4, "response": 5, "net_gain": 19.0}, {"player_id": 5, "response": 10, "net_gain": 14.0}, {"player_id": 6, "response": 10, "net_gain": 14.0}, {"player_id": 7, "response": 20, "net_gain": 4.0}, {"player_id": 8, "response": 10, "net_gain": 14.0}, {"player_id": 9, "response": 15, "net_gain": 9.0}], "total_tokens": 120}, {"responses": [{"player_id": 0, "response": 20, "net_gain": 16.0}, {"player_id": 1, "response": 20, "net_gain": 16.0}, {"player_id": 2, "response": 20, "net_gain": 16.0}, {"player_id": 3, "response": 20, "net_gain": 16.0}, {"player_id": 4, "response": 20, "net_gain": 16.0}, {"player_id": 5, "response": 10, "net_gain": 26.0}, {"player_id": 6, "response": 20, "net_gain": 16.0}, {"player_id": 7, "response": 10, "net_gain": 26.0}, {"player_id": 8, "response": 20, "net_gain": 16.0}, {"player_id": 9, "response": 20, "net_gain": 16.0}], "total_tokens": 180}, {"responses": [{"player_id": 0, "response": 20, "net_gain": 10.0}, {"player_id": 1, "response": 10, "net_gain": 20.0}, {"player_id": 2, "response": 20, "net_gain": 10.0}, {"player_id": 3, "response": 10, "net_gain": 20.0}, {"player_id": 4, "response": 20, "net_gain": 10.0}, {"player_id": 5, "response": 20, "net_gain": 10.0}, {"player_id": 6, "response": 5, "net_gain": 25.0}, {"player_id": 7, "response": 5, "net_gain": 25.0}, {"player_id": 8, "response": 20, "net_gain": 10.0}, {"player_id": 9, "response": 20, "net_gain": 10.0}], "total_tokens": 150}, {"responses": [{"player_id": 0, "response": 20, "net_gain": 8.0}, {"player_id": 1, "response": 20, "net_gain": 8.0}, {"player_id": 2, "response": 10, "net_gain": 18.0}, {"player_id": 3, "response": 10, "net_gain": 18.0}, {"player_id": 4, "response": 0, "net_gain": 28.0}, {"player_id": 5, "response": 20, "net_gain": 8.0}, {"player_id": 6, "response": 20, "net_gain": 8.0}, {"player_id": 7, "response": 20, "net_gain": 8.0}, {"player_id": 8, "response": 20, "net_gain": 8.0}, {"player_id": 9, "response": 0, "net_gain": 28.0}], "total_tokens": 140}, {"responses": [{"player_id": 0, "response": 20, "net_gain": 12.600000000000001}, {"player_id": 1, "response": 20, "net_gain": 12.600000000000001}, {"player_id": 2, "response": 20, "net_gain": 12.600000000000001}, {"player_id": 3, "response": 20, "net_gain": 12.600000000000001}, {"player_id": 4, "response": 8, "net_gain": 24.6}, {"player_id": 5, "response": 5, "net_gain": 27.6}, {"player_id": 6, "response": 20, "net_gain": 12.600000000000001}, {"player_id": 7, "response": 20, "net_gain": 12.600000000000001}, {"player_id": 8, "response": 10, "net_gain": 22.6}, {"player_id": 9, "response": 20, "net_gain": 12.600000000000001}], "total_tokens": 163}, {"responses": [{"player_id": 0, "response": 20, "net_gain": 15.600000000000001}, {"player_id": 1, "response": 20, "net_gain": 15.600000000000001}, {"player_id": 2, "response": 10, "net_gain": 25.6}, {"player_id": 3, "response": 8, "net_gain": 27.6}, {"player_id": 4, "response": 20, "net_gain": 15.600000000000001}, {"player_id": 5, "response": 20, "net_gain": 15.600000000000001}, {"player_id": 6, "response": 20, "net_gain": 15.600000000000001}, {"player_id": 7, "response": 20, "net_gain": 15.600000000000001}, {"player_id": 8, "response": 20, "net_gain": 15.600000000000001}, {"player_id": 9, "response": 20, "net_gain": 15.600000000000001}], "total_tokens": 178}, {"responses": [{"player_id": 0, "response": 20, "net_gain": 18.0}, {"player_id": 1, "response": 20, "net_gain": 18.0}, {"player_id": 2, "response": 20, "net_gain": 18.0}, {"player_id": 3, "response": 20, "net_gain": 18.0}, {"player_id": 4, "response": 10, "net_gain": 28.0}, {"player_id": 5, "response": 20, "net_gain": 18.0}, {"player_id": 6, "response": 20, "net_gain": 18.0}, {"player_id": 7, "response": 20, "net_gain": 18.0}, {"player_id": 8, "response": 20, "net_gain": 18.0}, {"player_id": 9, "response": 20, "net_gain": 18.0}], "total_tokens": 190}, {"responses": [{"player_id": 0, "response": 0, "net_gain": 32.0}, {"player_id": 1, "response": 20, "net_gain": 12.0}, {"player_id": 2, "response": 20, "net_gain": 12.0}, {"player_id": 3, "response": 20, "net_gain": 12.0}, {"player_id": 4, "response": 20, "net_gain": 12.0}, {"player_id": 5, "response": 20, "net_gain": 12.0}, {"player_id": 6, "response": 20, "net_gain": 12.0}, {"player_id": 7, "response": 0, "net_gain": 32.0}, {"player_id": 8, "response": 20, "net_gain": 12.0}, {"player_id": 9, "response": 20, "net_gain": 12.0}], "total_tokens": 160}, {"responses": [{"player_id": 0, "response": 20, "net_gain": 16.0}, {"player_id": 1, "response": 20, "net_gain": 16.0}, {"player_id": 2, "response": 20, "net_gain": 16.0}, {"player_id": 3, "response": 20, "net_gain": 16.0}, {"player_id": 4, "response": 20, "net_gain": 16.0}, {"player_id": 5, "response": 10, "net_gain": 26.0}, {"player_id": 6, "response": 20, "net_gain": 16.0}, {"player_id": 7, "response": 10, "net_gain": 26.0}, {"player_id": 8, "response": 20, "net_gain": 16.0}, {"player_id": 9, "response": 20, "net_gain": 16.0}], "total_tokens": 180}, {"responses": [{"player_id": 0, "response": 20, "net_gain": 18.0}, {"player_id": 1, "response": 20, "net_gain": 18.0}, {"player_id": 2, "response": 20, "net_gain": 18.0}, {"player_id": 3, "response": 20, "net_gain": 18.0}, {"player_id": 4, "response": 10, "net_gain": 28.0}, {"player_id": 5, "response": 20, "net_gain": 18.0}, {"player_id": 6, "response": 20, "net_gain": 18.0}, {"player_id": 7, "response": 20, "net_gain": 18.0}, {"player_id": 8, "response": 20, "net_gain": 18.0}, {"player_id": 9, "response": 20, "net_gain": 18.0}], "total_tokens": 190}, {"responses": [{"player_id": 0, "response": 20, "net_gain": 12.0}, {"player_id": 1, "response": 20, "net_gain": 12.0}, {"player_id": 2, "response": 10, "net_gain": 22.0}, {"player_id": 3, "response": 20, "net_gain": 12.0}, {"player_id": 4, "response": 0, "net_gain": 32.0}, {"player_id": 5, "response": 20, "net_gain": 12.0}, {"player_id": 6, "response": 20, "net_gain": 12.0}, {"player_id": 7, "response": 10, "net_gain": 22.0}, {"player_id": 8, "response": 20, "net_gain": 12.0}, {"player_id": 9, "response": 20, "net_gain": 12.0}], "total_tokens": 160}, {"responses": [{"player_id": 0, "response": 20, "net_gain": 18.0}, {"player_id": 1, "response": 20, "net_gain": 18.0}, {"player_id": 2, "response": 20, "net_gain": 18.0}, {"player_id": 3, "response": 10, "net_gain": 28.0}, {"player_id": 4, "response": 20, "net_gain": 18.0}, {"player_id": 5, "response": 20, "net_gain": 18.0}, {"player_id": 6, "response": 20, "net_gain": 18.0}, {"player_id": 7, "response": 20, "net_gain": 18.0}, {"player_id": 8, "response": 20, "net_gain": 18.0}, {"player_id": 9, "response": 20, "net_gain": 18.0}], "total_tokens": 190}, {"responses": [{"player_id": 0, "response": 20, "net_gain": 18.0}, {"player_id": 1, "response": 10, "net_gain": 28.0}, {"player_id": 2, "response": 20, "net_gain": 18.0}, {"player_id": 3, "response": 20, "net_gain": 18.0}, {"player_id": 4, "response": 20, "net_gain": 18.0}, {"player_id": 5, "response": 20, "net_gain": 18.0}, {"player_id": 6, "response": 20, "net_gain": 18.0}, {"player_id": 7, "response": 20, "net_gain": 18.0}, {"player_id": 8, "response": 20, "net_gain": 18.0}, {"player_id": 9, "response": 20, "net_gain": 18.0}], "total_tokens": 190}, {"responses": [{"player_id": 0, "response": 20, "net_gain": 0.0}, {"player_id": 1, "response": 0, "net_gain": 20.0}, {"player_id": 2, "response": 20, "net_gain": 0.0}, {"player_id": 3, "response": 0, "net_gain": 20.0}, {"player_id": 4, "response": 0, "net_gain": 20.0}, {"player_id": 5, "response": 20, "net_gain": 0.0}, {"player_id": 6, "response": 20, "net_gain": 0.0}, {"player_id": 7, "response": 0, "net_gain": 20.0}, {"player_id": 8, "response": 20, "net_gain": 0.0}, {"player_id": 9, "response": 0, "net_gain": 20.0}], "total_tokens": 100}, {"responses": [{"player_id": 0, "response": 20, "net_gain": 20.0}, {"player_id": 1, "response": 20, "net_gain": 20.0}, {"player_id": 2, "response": 20, "net_gain": 20.0}, {"player_id": 3, "response": 20, "net_gain": 20.0}, {"player_id": 4, "response": 20, "net_gain": 20.0}, {"player_id": 5, "response": 20, "net_gain": 20.0}, {"player_id": 6, "response": 20, "net_gain": 20.0}, {"player_id": 7, "response": 20, "net_gain": 20.0}, {"player_id": 8, "response": 20, "net_gain": 20.0}, {"player_id": 9, "response": 20, "net_gain": 20.0}], "total_tokens": 200}, {"responses": [{"player_id": 0, "response": 20, "net_gain": 14.0}, {"player_id": 1, "response": 10, "net_gain": 24.0}, {"player_id": 2, "response": 20, "net_gain": 14.0}, {"player_id": 3, "response": 20, "net_gain": 14.0}, {"player_id": 4, "response": 20, "net_gain": 14.0}, {"player_id": 5, "response": 20, "net_gain": 14.0}, {"player_id": 6, "response": 20, "net_gain": 14.0}, {"player_id": 7, "response": 20, "net_gain": 14.0}, {"player_id": 8, "response": 20, "net_gain": 14.0}, {"player_id": 9, "response": 0, "net_gain": 34.0}], "total_tokens": 170}, {"responses": [{"player_id": 0, "response": 20, "net_gain": 16.0}, {"player_id": 1, "response": 20, "net_gain": 16.0}, {"player_id": 2, "response": 20, "net_gain": 16.0}, {"player_id": 3, "response": 20, "net_gain": 16.0}, {"player_id": 4, "response": 20, "net_gain": 16.0}, {"player_id": 5, "response": 20, "net_gain": 16.0}, {"player_id": 6, "response": 20, "net_gain": 16.0}, {"player_id": 7, "response": 10, "net_gain": 26.0}, {"player_id": 8, "response": 10, "net_gain": 26.0}, {"player_id": 9, "response": 20, "net_gain": 16.0}], "total_tokens": 180}, {"responses": [{"player_id": 0, "response": 0, "net_gain": 34.0}, {"player_id": 1, "response": 20, "net_gain": 14.0}, {"player_id": 2, "response": 10, "net_gain": 24.0}, {"player_id": 3, "response": 20, "net_gain": 14.0}, {"player_id": 4, "response": 20, "net_gain": 14.0}, {"player_id": 5, "response": 20, "net_gain": 14.0}, {"player_id": 6, "response": 20, "net_gain": 14.0}, {"player_id": 7, "response": 20, "net_gain": 14.0}, {"player_id": 8, "response": 20, "net_gain": 14.0}, {"player_id": 9, "response": 20, "net_gain": 14.0}], "total_tokens": 170}, {"responses": [{"player_id": 0, "response": 20, "net_gain": 16.0}, {"player_id": 1, "response": 20, "net_gain": 16.0}, {"player_id": 2, "response": 0, "net_gain": 36.0}, {"player_id": 3, "response": 20, "net_gain": 16.0}, {"player_id": 4, "response": 20, "net_gain": 16.0}, {"player_id": 5, "response": 20, "net_gain": 16.0}, {"player_id": 6, "response": 20, "net_gain": 16.0}, {"player_id": 7, "response": 20, "net_gain": 16.0}, {"player_id": 8, "response": 20, "net_gain": 16.0}, {"player_id": 9, "response": 20, "net_gain": 16.0}], "total_tokens": 180}]}