{"meta": {"name_exp": "public_goods", "player_num": 10, "tokens": 20, "ratio": 2, "version": "v1", "lang_agent": "<gvHK3Q2>", "round": 20, "run": 1}, "round_records": [{"responses": [{"player_id": 0, "response": 5, "net_gain": 12.0}, {"player_id": 1, "response": 10, "net_gain": 7.0}, {"player_id": 2, "response": 10, "net_gain": 7.0}, {"player_id": 3, "response": 10, "net_gain": 7.0}, {"player_id": 4, "response": 10, "net_gain": 7.0}, {"player_id": 5, "response": 10, "net_gain": 7.0}, {"player_id": 6, "response": 0, "net_gain": 17.0}, {"player_id": 7, "response": 10, "net_gain": 7.0}, {"player_id": 8, "response": 0, "net_gain": 17.0}, {"player_id": 9, "response": 20, "net_gain": -3.0}], "total_tokens": 85}, {"responses": [{"player_id": 0, "response": 10, "net_gain": 16.6}, {"player_id": 1, "response": 10, "net_gain": 16.6}, {"player_id": 2, "response": 20, "net_gain": 6.600000000000001}, {"player_id": 3, "response": 20, "net_gain": 6.600000000000001}, {"player_id": 4, "response": 20, "net_gain": 6.600000000000001}, {"player_id": 5, "response": 8, "net_gain": 18.6}, {"player_id": 6, "response": 5, "net_gain": 21.6}, {"player_id": 7, "response": 20, "net_gain": 6.600000000000001}, {"player_id": 8, "response": 10, "net_gain": 16.6}, {"player_id": 9, "response": 10, "net_gain": 16.6}], "total_tokens": 133}, {"responses": [{"player_id": 0, "response": 10, "net_gain": 18.0}, {"player_id": 1, "response": 15, "net_gain": 13.0}, {"player_id": 2, "response": 10, "net_gain": 18.0}, {"player_id": 3, "response": 20, "net_gain": 8.0}, {"player_id": 4, "response": 10, "net_gain": 18.0}, {"player_id": 5, "response": 20, "net_gain": 8.0}, {"player_id": 6, "response": 10, "net_gain": 18.0}, {"player_id": 7, "response": 20, "net_gain": 8.0}, {"player_id": 8, "response": 20, "net_gain": 8.0}, {"player_id": 9, "response": 5, "net_gain": 23.0}], "total_tokens": 140}, {"responses": [{"player_id": 0, "response": 20, "net_gain": 16.4}, {"player_id": 1, "response": 12, "net_gain": 24.4}, {"player_id": 2, "response": 20, "net_gain": 16.4}, {"player_id": 3, "response": 20, "net_gain": 16.4}, {"player_id": 4, "response": 20, "net_gain": 16.4}, {"player_id": 5, "response": 20, "net_gain": 16.4}, {"player_id": 6, "response": 20, "net_gain": 16.4}, {"player_id": 7, "response": 10, "net_gain": 26.4}, {"player_id": 8, "response": 20, "net_gain": 16.4}, {"player_id": 9, "response": 20, "net_gain": 16.4}], "total_tokens": 182}, {"responses": [{"player_id": 0, "response": 20, "net_gain": 15.0}, {"player_id": 1, "response": 20, "net_gain": 15.0}, {"player_id": 2, "response": 20, "net_gain": 15.0}, {"player_id": 3, "response": 10, "net_gain": 25.0}, {"player_id": 4, "response": 15, "net_gain": 20.0}, {"player_id": 5, "response": 20, "net_gain": 15.0}, {"player_id": 6, "response": 10, "net_gain": 25.0}, {"player_id": 7, "response": 20, "net_gain": 15.0}, {"player_id": 8, "response": 20, "net_gain": 15.0}, {"player_id": 9, "response": 20, "net_gain": 15.0}], "total_tokens": 175}, {"responses": [{"player_id": 0, "response": 20, "net_gain": 15.0}, {"player_id": 1, "response": 20, "net_gain": 15.0}, {"player_id": 2, "response": 15, "net_gain": 20.0}, {"player_id": 3, "response": 20, "net_gain": 15.0}, {"player_id": 4, "response": 20, "net_gain": 15.0}, {"player_id": 5, "response": 20, "net_gain": 15.0}, {"player_id": 6, "response": 20, "net_gain": 15.0}, {"player_id": 7, "response": 20, "net_gain": 15.0}, {"player_id": 8, "response": 0, "net_gain": 35.0}, {"player_id": 9, "response": 20, "net_gain": 15.0}], "total_tokens": 175}, {"responses": [{"player_id": 0, "response": 20, "net_gain": 5.0}, {"player_id": 1, "response": 20, "net_gain": 5.0}, {"player_id": 2, "response": 20, "net_gain": 5.0}, {"player_id": 3, "response": 20, "net_gain": 5.0}, {"player_id": 4, "response": 5, "net_gain": 20.0}, {"player_id": 5, "response": 10, "net_gain": 15.0}, {"player_id": 6, "response": 10, "net_gain": 15.0}, {"player_id": 7, "response": 0, "net_gain": 25.0}, {"player_id": 8, "response": 20, "net_gain": 5.0}, {"player_id": 9, "response": 0, "net_gain": 25.0}], "total_tokens": 125}, {"responses": [{"player_id": 0, "response": 20, "net_gain": 20.0}, {"player_id": 1, "response": 20, "net_gain": 20.0}, {"player_id": 2, "response": 20, "net_gain": 20.0}, {"player_id": 3, "response": 20, "net_gain": 20.0}, {"player_id": 4, "response": 20, "net_gain": 20.0}, {"player_id": 5, "response": 20, "net_gain": 20.0}, {"player_id": 6, "response": 20, "net_gain": 20.0}, {"player_id": 7, "response": 20, "net_gain": 20.0}, {"player_id": 8, "response": 20, "net_gain": 20.0}, {"player_id": 9, "response": 20, "net_gain": 20.0}], "total_tokens": 200}, {"responses": [{"player_id": 0, "response": 20, "net_gain": 18.0}, {"player_id": 1, "response": 20, "net_gain": 18.0}, {"player_id": 2, "response": 20, "net_gain": 18.0}, {"player_id": 3, "response": 10, "net_gain": 28.0}, {"player_id": 4, "response": 20, "net_gain": 18.0}, {"player_id": 5, "response": 20, "net_gain": 18.0}, {"player_id": 6, "response": 20, "net_gain": 18.0}, {"player_id": 7, "response": 20, "net_gain": 18.0}, {"player_id": 8, "response": 20, "net_gain": 18.0}, {"player_id": 9, "response": 20, "net_gain": 18.0}], "total_tokens": 190}, {"responses": [{"player_id": 0, "response": 20, "net_gain": 10.0}, {"player_id": 1, "response": 10, "net_gain": 20.0}, {"player_id": 2, "response": 0, "net_gain": 30.0}, {"player_id": 3, "response": 20, "net_gain": 10.0}, {"player_id": 4, "response": 20, "net_gain": 10.0}, {"player_id": 5, "response": 20, "net_gain": 10.0}, {"player_id": 6, "response": 20, "net_gain": 10.0}, {"player_id": 7, "response": 20, "net_gain": 10.0}, {"player_id": 8, "response": 0, "net_gain": 30.0}, {"player_id": 9, "response": 20, "net_gain": 10.0}], "total_tokens": 150}, {"responses": [{"player_id": 0, "response": 20, "net_gain": 16.4}, {"player_id": 1, "response": 20, "net_gain": 16.4}, {"player_id": 2, "response": 17, "net_gain": 19.4}, {"player_id": 3, "response": 5, "net_gain": 31.4}, {"player_id": 4, "response": 20, "net_gain": 16.4}, {"player_id": 5, "response": 20, "net_gain": 16.4}, {"player_id": 6, "response": 20, "net_gain": 16.4}, {"player_id": 7, "response": 20, "net_gain": 16.4}, {"player_id": 8, "response": 20, "net_gain": 16.4}, {"player_id": 9, "response": 20, "net_gain": 16.4}], "total_tokens": 182}, {"responses": [{"player_id": 0, "response": 20, "net_gain": 8.0}, {"player_id": 1, "response": 10, "net_gain": 18.0}, {"player_id": 2, "response": 20, "net_gain": 8.0}, {"player_id": 3, "response": 20, "net_gain": 8.0}, {"player_id": 4, "response": 10, "net_gain": 18.0}, {"player_id": 5, "response": 10, "net_gain": 18.0}, {"player_id": 6, "response": 0, "net_gain": 28.0}, {"player_id": 7, "response": 10, "net_gain": 18.0}, {"player_id": 8, "response": 20, "net_gain": 8.0}, {"player_id": 9, "response": 20, "net_gain": 8.0}], "total_tokens": 140}, {"responses": [{"player_id": 0, "response": 20, "net_gain": 7.0}, {"player_id": 1, "response": 5, "net_gain": 22.0}, {"player_id": 2, "response": 20, "net_gain": 7.0}, {"player_id": 3, "response": 0, "net_gain": 27.0}, {"player_id": 4, "response": 0, "net_gain": 27.0}, {"player_id": 5, "response": 20, "net_gain": 7.0}, {"player_id": 6, "response": 10, "net_gain": 17.0}, {"player_id": 7, "response": 20, "net_gain": 7.0}, {"player_id": 8, "response": 20, "net_gain": 7.0}, {"player_id": 9, "response": 20, "net_gain": 7.0}], "total_tokens": 135}, {"responses": [{"player_id": 0, "response": 20, "net_gain": 15.0}, {"player_id": 1, "response": 10, "net_gain": 25.0}, {"player_id": 2, "response": 15, "net_gain": 20.0}, {"player_id": 3, "response": 20, "net_gain": 15.0}, {"player_id": 4, "response": 20, "net_gain": 15.0}, {"player_id": 5, "response": 20, "net_gain": 15.0}, {"player_id": 6, "response": 20, "net_gain": 15.0}, {"player_id": 7, "response": 20, "net_gain": 15.0}, {"player_id": 8, "response": 20, "net_gain": 15.0}, {"player_id": 9, "response": 10, "net_gain": 25.0}], "total_tokens": 175}, {"responses": [{"player_id": 0, "response": 20, "net_gain": 18.0}, {"player_id": 1, "response": 20, "net_gain": 18.0}, {"player_id": 2, "response": 20, "net_gain": 18.0}, {"player_id": 3, "response": 20, "net_gain": 18.0}, {"player_id": 4, "response": 20, "net_gain": 18.0}, {"player_id": 5, "response": 20, "net_gain": 18.0}, {"player_id": 6, "response": 10, "net_gain": 28.0}, {"player_id": 7, "response": 20, "net_gain": 18.0}, {"player_id": 8, "response": 20, "net_gain": 18.0}, {"player_id": 9, "response": 20, "net_gain": 18.0}], "total_tokens": 190}, {"responses": [{"player_id": 0, "response": 20, "net_gain": 20.0}, {"player_id": 1, "response": 20, "net_gain": 20.0}, {"player_id": 2, "response": 20, "net_gain": 20.0}, {"player_id": 3, "response": 20, "net_gain": 20.0}, {"player_id": 4, "response": 20, "net_gain": 20.0}, {"player_id": 5, "response": 20, "net_gain": 20.0}, {"player_id": 6, "response": 20, "net_gain": 20.0}, {"player_id": 7, "response": 20, "net_gain": 20.0}, {"player_id": 8, "response": 20, "net_gain": 20.0}, {"player_id": 9, "response": 20, "net_gain": 20.0}], "total_tokens": 200}, {"responses": [{"player_id": 0, "response": 20, "net_gain": 14.0}, {"player_id": 1, "response": 20, "net_gain": 14.0}, {"player_id": 2, "response": 20, "net_gain": 14.0}, {"player_id": 3, "response": 20, "net_gain": 14.0}, {"player_id": 4, "response": 20, "net_gain": 14.0}, {"player_id": 5, "response": 0, "net_gain": 34.0}, {"player_id": 6, "response": 20, "net_gain": 14.0}, {"player_id": 7, "response": 20, "net_gain": 14.0}, {"player_id": 8, "response": 20, "net_gain": 14.0}, {"player_id": 9, "response": 10, "net_gain": 24.0}], "total_tokens": 170}, {"responses": [{"player_id": 0, "response": 20, "net_gain": 17.0}, {"player_id": 1, "response": 20, "net_gain": 17.0}, {"player_id": 2, "response": 20, "net_gain": 17.0}, {"player_id": 3, "response": 20, "net_gain": 17.0}, {"player_id": 4, "response": 20, "net_gain": 17.0}, {"player_id": 5, "response": 20, "net_gain": 17.0}, {"player_id": 6, "response": 20, "net_gain": 17.0}, {"player_id": 7, "response": 5, "net_gain": 32.0}, {"player_id": 8, "response": 20, "net_gain": 17.0}, {"player_id": 9, "response": 20, "net_gain": 17.0}], "total_tokens": 185}, {"responses": [{"player_id": 0, "response": 20, "net_gain": 14.0}, {"player_id": 1, "response": 20, "net_gain": 14.0}, {"player_id": 2, "response": 20, "net_gain": 14.0}, {"player_id": 3, "response": 20, "net_gain": 14.0}, {"player_id": 4, "response": 0, "net_gain": 34.0}, {"player_id": 5, "response": 20, "net_gain": 14.0}, {"player_id": 6, "response": 20, "net_gain": 14.0}, {"player_id": 7, "response": 10, "net_gain": 24.0}, {"player_id": 8, "response": 20, "net_gain": 14.0}, {"player_id": 9, "response": 20, "net_gain": 14.0}], "total_tokens": 170}, {"responses": [{"player_id": 0, "response": 5, "net_gain": 24.0}, {"player_id": 1, "response": 20, "net_gain": 9.0}, {"player_id": 2, "response": 0, "net_gain": 29.0}, {"player_id": 3, "response": 20, "net_gain": 9.0}, {"player_id": 4, "response": 20, "net_gain": 9.0}, {"player_id": 5, "response": 20, "net_gain": 9.0}, {"player_id": 6, "response": 20, "net_gain": 9.0}, {"player_id": 7, "response": 20, "net_gain": 9.0}, {"player_id": 8, "response": 0, "net_gain": 29.0}, {"player_id": 9, "response": 20, "net_gain": 9.0}], "total_tokens": 145}]}