{"meta": {"name_exp": "public_goods", "player_num": 10, "tokens": 20, "ratio": 2, "version": "v1", "lang_agent": "<gvHK3Q2>", "round": 20, "run": 3}, "round_records": [{"responses": [{"player_id": 0, "response": 10, "net_gain": 8.0}, {"player_id": 1, "response": 0, "net_gain": 18.0}, {"player_id": 2, "response": 20, "net_gain": -2.0}, {"player_id": 3, "response": 10, "net_gain": 8.0}, {"player_id": 4, "response": 20, "net_gain": -2.0}, {"player_id": 5, "response": 10, "net_gain": 8.0}, {"player_id": 6, "response": 10, "net_gain": 8.0}, {"player_id": 7, "response": 10, "net_gain": 8.0}, {"player_id": 8, "response": 0, "net_gain": 18.0}, {"player_id": 9, "response": 0, "net_gain": 18.0}], "total_tokens": 90}, {"responses": [{"player_id": 0, "response": 20, "net_gain": 10.8}, {"player_id": 1, "response": 20, "net_gain": 10.8}, {"player_id": 2, "response": 10, "net_gain": 20.8}, {"player_id": 3, "response": 20, "net_gain": 10.8}, {"player_id": 4, "response": 10, "net_gain": 20.8}, {"player_id": 5, "response": 20, "net_gain": 10.8}, {"player_id": 6, "response": 20, "net_gain": 10.8}, {"player_id": 7, "response": 10, "net_gain": 20.8}, {"player_id": 8, "response": 4, "net_gain": 26.8}, {"player_id": 9, "response": 20, "net_gain": 10.8}], "total_tokens": 154}, {"responses": [{"player_id": 0, "response": 20, "net_gain": 12.0}, {"player_id": 1, "response": 20, "net_gain": 12.0}, {"player_id": 2, "response": 10, "net_gain": 22.0}, {"player_id": 3, "response": 20, "net_gain": 12.0}, {"player_id": 4, "response": 10, "net_gain": 22.0}, {"player_id": 5, "response": 20, "net_gain": 12.0}, {"player_id": 6, "response": 0, "net_gain": 32.0}, {"player_id": 7, "response": 20, "net_gain": 12.0}, {"player_id": 8, "response": 20, "net_gain": 12.0}, {"player_id": 9, "response": 20, "net_gain": 12.0}], "total_tokens": 160}, {"responses": [{"player_id": 0, "response": 0, "net_gain": 32.4}, {"player_id": 1, "response": 10, "net_gain": 22.4}, {"player_id": 2, "response": 20, "net_gain": 12.399999999999999}, {"player_id": 3, "response": 20, "net_gain": 12.399999999999999}, {"player_id": 4, "response": 20, "net_gain": 12.399999999999999}, {"player_id": 5, "response": 12, "net_gain": 20.4}, {"player_id": 6, "response": 20, "net_gain": 12.399999999999999}, {"player_id": 7, "response": 20, "net_gain": 12.399999999999999}, {"player_id": 8, "response": 20, "net_gain": 12.399999999999999}, {"player_id": 9, "response": 20, "net_gain": 12.399999999999999}], "total_tokens": 162}, {"responses": [{"player_id": 0, "response": 20, "net_gain": 12.0}, {"player_id": 1, "response": 20, "net_gain": 12.0}, {"player_id": 2, "response": 10, "net_gain": 22.0}, {"player_id": 3, "response": 20, "net_gain": 12.0}, {"player_id": 4, "response": 10, "net_gain": 22.0}, {"player_id": 5, "response": 20, "net_gain": 12.0}, {"player_id": 6, "response": 20, "net_gain": 12.0}, {"player_id": 7, "response": 20, "net_gain": 12.0}, {"player_id": 8, "response": 0, "net_gain": 32.0}, {"player_id": 9, "response": 20, "net_gain": 12.0}], "total_tokens": 160}, {"responses": [{"player_id": 0, "response": 10, "net_gain": 19.2}, {"player_id": 1, "response": 6, "net_gain": 23.2}, {"player_id": 2, "response": 10, "net_gain": 19.2}, {"player_id": 3, "response": 20, "net_gain": 9.2}, {"player_id": 4, "response": 20, "net_gain": 9.2}, {"player_id": 5, "response": 20, "net_gain": 9.2}, {"player_id": 6, "response": 20, "net_gain": 9.2}, {"player_id": 7, "response": 0, "net_gain": 29.2}, {"player_id": 8, "response": 20, "net_gain": 9.2}, {"player_id": 9, "response": 20, "net_gain": 9.2}], "total_tokens": 146}, {"responses": [{"player_id": 0, "response": 10, "net_gain": 16.0}, {"player_id": 1, "response": 0, "net_gain": 26.0}, {"player_id": 2, "response": 0, "net_gain": 26.0}, {"player_id": 3, "response": 20, "net_gain": 6.0}, {"player_id": 4, "response": 20, "net_gain": 6.0}, {"player_id": 5, "response": 0, "net_gain": 26.0}, {"player_id": 6, "response": 20, "net_gain": 6.0}, {"player_id": 7, "response": 20, "net_gain": 6.0}, {"player_id": 8, "response": 20, "net_gain": 6.0}, {"player_id": 9, "response": 20, "net_gain": 6.0}], "total_tokens": 130}, {"responses": [{"player_id": 0, "response": 20, "net_gain": 20.0}, {"player_id": 1, "response": 20, "net_gain": 20.0}, {"player_id": 2, "response": 20, "net_gain": 20.0}, {"player_id": 3, "response": 20, "net_gain": 20.0}, {"player_id": 4, "response": 20, "net_gain": 20.0}, {"player_id": 5, "response": 20, "net_gain": 20.0}, {"player_id": 6, "response": 20, "net_gain": 20.0}, {"player_id": 7, "response": 20, "net_gain": 20.0}, {"player_id": 8, "response": 20, "net_gain": 20.0}, {"player_id": 9, "response": 20, "net_gain": 20.0}], "total_tokens": 200}, {"responses": [{"player_id": 0, "response": 20, "net_gain": 20.0}, {"player_id": 1, "response": 20, "net_gain": 20.0}, {"player_id": 2, "response": 20, "net_gain": 20.0}, {"player_id": 3, "response": 20, "net_gain": 20.0}, {"player_id": 4, "response": 20, "net_gain": 20.0}, {"player_id": 5, "response": 20, "net_gain": 20.0}, {"player_id": 6, "response": 20, "net_gain": 20.0}, {"player_id": 7, "response": 20, "net_gain": 20.0}, {"player_id": 8, "response": 20, "net_gain": 20.0}, {"player_id": 9, "response": 20, "net_gain": 20.0}], "total_tokens": 200}, {"responses": [{"player_id": 0, "response": 20, "net_gain": 10.0}, {"player_id": 1, "response": 0, "net_gain": 30.0}, {"player_id": 2, "response": 10, "net_gain": 20.0}, {"player_id": 3, "response": 20, "net_gain": 10.0}, {"player_id": 4, "response": 0, "net_gain": 30.0}, {"player_id": 5, "response": 20, "net_gain": 10.0}, {"player_id": 6, "response": 20, "net_gain": 10.0}, {"player_id": 7, "response": 20, "net_gain": 10.0}, {"player_id": 8, "response": 20, "net_gain": 10.0}, {"player_id": 9, "response": 20, "net_gain": 10.0}], "total_tokens": 150}, {"responses": [{"player_id": 0, "response": 20, "net_gain": 16.0}, {"player_id": 1, "response": 0, "net_gain": 36.0}, {"player_id": 2, "response": 20, "net_gain": 16.0}, {"player_id": 3, "response": 20, "net_gain": 16.0}, {"player_id": 4, "response": 20, "net_gain": 16.0}, {"player_id": 5, "response": 20, "net_gain": 16.0}, {"player_id": 6, "response": 20, "net_gain": 16.0}, {"player_id": 7, "response": 20, "net_gain": 16.0}, {"player_id": 8, "response": 20, "net_gain": 16.0}, {"player_id": 9, "response": 20, "net_gain": 16.0}], "total_tokens": 180}, {"responses": [{"player_id": 0, "response": 20, "net_gain": 18.4}, {"player_id": 1, "response": 20, "net_gain": 18.4}, {"player_id": 2, "response": 20, "net_gain": 18.4}, {"player_id": 3, "response": 20, "net_gain": 18.4}, {"player_id": 4, "response": 20, "net_gain": 18.4}, {"player_id": 5, "response": 20, "net_gain": 18.4}, {"player_id": 6, "response": 12, "net_gain": 26.4}, {"player_id": 7, "response": 20, "net_gain": 18.4}, {"player_id": 8, "response": 20, "net_gain": 18.4}, {"player_id": 9, "response": 20, "net_gain": 18.4}], "total_tokens": 192}, {"responses": [{"player_id": 0, "response": 15, "net_gain": 15.399999999999999}, {"player_id": 1, "response": 20, "net_gain": 10.399999999999999}, {"player_id": 2, "response": 20, "net_gain": 10.399999999999999}, {"player_id": 3, "response": 5, "net_gain": 25.4}, {"player_id": 4, "response": 20, "net_gain": 10.399999999999999}, {"player_id": 5, "response": 12, "net_gain": 18.4}, {"player_id": 6, "response": 0, "net_gain": 30.4}, {"player_id": 7, "response": 20, "net_gain": 10.399999999999999}, {"player_id": 8, "response": 20, "net_gain": 10.399999999999999}, {"player_id": 9, "response": 20, "net_gain": 10.399999999999999}], "total_tokens": 152}, {"responses": [{"player_id": 0, "response": 20, "net_gain": 16.0}, {"player_id": 1, "response": 20, "net_gain": 16.0}, {"player_id": 2, "response": 20, "net_gain": 16.0}, {"player_id": 3, "response": 20, "net_gain": 16.0}, {"player_id": 4, "response": 20, "net_gain": 16.0}, {"player_id": 5, "response": 20, "net_gain": 16.0}, {"player_id": 6, "response": 20, "net_gain": 16.0}, {"player_id": 7, "response": 20, "net_gain": 16.0}, {"player_id": 8, "response": 0, "net_gain": 36.0}, {"player_id": 9, "response": 20, "net_gain": 16.0}], "total_tokens": 180}, {"responses": [{"player_id": 0, "response": 20, "net_gain": 6.0}, {"player_id": 1, "response": 20, "net_gain": 6.0}, {"player_id": 2, "response": 20, "net_gain": 6.0}, {"player_id": 3, "response": 0, "net_gain": 26.0}, {"player_id": 4, "response": 10, "net_gain": 16.0}, {"player_id": 5, "response": 20, "net_gain": 6.0}, {"player_id": 6, "response": 0, "net_gain": 26.0}, {"player_id": 7, "response": 20, "net_gain": 6.0}, {"player_id": 8, "response": 20, "net_gain": 6.0}, {"player_id": 9, "response": 0, "net_gain": 26.0}], "total_tokens": 130}, {"responses": [{"player_id": 0, "response": 20, "net_gain": 20.0}, {"player_id": 1, "response": 20, "net_gain": 20.0}, {"player_id": 2, "response": 20, "net_gain": 20.0}, {"player_id": 3, "response": 20, "net_gain": 20.0}, {"player_id": 4, "response": 20, "net_gain": 20.0}, {"player_id": 5, "response": 20, "net_gain": 20.0}, {"player_id": 6, "response": 20, "net_gain": 20.0}, {"player_id": 7, "response": 20, "net_gain": 20.0}, {"player_id": 8, "response": 20, "net_gain": 20.0}, {"player_id": 9, "response": 20, "net_gain": 20.0}], "total_tokens": 200}, {"responses": [{"player_id": 0, "response": 7, "net_gain": 23.4}, {"player_id": 1, "response": 20, "net_gain": 10.399999999999999}, {"player_id": 2, "response": 5, "net_gain": 25.4}, {"player_id": 3, "response": 10, "net_gain": 20.4}, {"player_id": 4, "response": 20, "net_gain": 10.399999999999999}, {"player_id": 5, "response": 20, "net_gain": 10.399999999999999}, {"player_id": 6, "response": 20, "net_gain": 10.399999999999999}, {"player_id": 7, "response": 20, "net_gain": 10.399999999999999}, {"player_id": 8, "response": 20, "net_gain": 10.399999999999999}, {"player_id": 9, "response": 10, "net_gain": 20.4}], "total_tokens": 152}, {"responses": [{"player_id": 0, "response": 10, "net_gain": 20.0}, {"player_id": 1, "response": 20, "net_gain": 10.0}, {"player_id": 2, "response": 20, "net_gain": 10.0}, {"player_id": 3, "response": 20, "net_gain": 10.0}, {"player_id": 4, "response": 0, "net_gain": 30.0}, {"player_id": 5, "response": 20, "net_gain": 10.0}, {"player_id": 6, "response": 0, "net_gain": 30.0}, {"player_id": 7, "response": 20, "net_gain": 10.0}, {"player_id": 8, "response": 20, "net_gain": 10.0}, {"player_id": 9, "response": 20, "net_gain": 10.0}], "total_tokens": 150}, {"responses": [{"player_id": 0, "response": 20, "net_gain": 12.0}, {"player_id": 1, "response": 20, "net_gain": 12.0}, {"player_id": 2, "response": 20, "net_gain": 12.0}, {"player_id": 3, "response": 20, "net_gain": 12.0}, {"player_id": 4, "response": 10, "net_gain": 22.0}, {"player_id": 5, "response": 20, "net_gain": 12.0}, {"player_id": 6, "response": 20, "net_gain": 12.0}, {"player_id": 7, "response": 20, "net_gain": 12.0}, {"player_id": 8, "response": 10, "net_gain": 22.0}, {"player_id": 9, "response": 0, "net_gain": 32.0}], "total_tokens": 160}, {"responses": [{"player_id": 0, "response": 20, "net_gain": 10.0}, {"player_id": 1, "response": 20, "net_gain": 10.0}, {"player_id": 2, "response": 10, "net_gain": 20.0}, {"player_id": 3, "response": 0, "net_gain": 30.0}, {"player_id": 4, "response": 20, "net_gain": 10.0}, {"player_id": 5, "response": 20, "net_gain": 10.0}, {"player_id": 6, "response": 0, "net_gain": 30.0}, {"player_id": 7, "response": 20, "net_gain": 10.0}, {"player_id": 8, "response": 20, "net_gain": 10.0}, {"player_id": 9, "response": 20, "net_gain": 10.0}], "total_tokens": 150}]}