{"meta": {"name_exp": "public_goods", "player_num": 10, "tokens": 20, "ratio": 2, "version": "v1", "lang_agent": "<HzpuDbC>", "round": 20, "run": 1}, "round_records": [{"responses": [{"player_id": 0, "response": 5, "net_gain": 3.0}, {"player_id": 1, "response": 5, "net_gain": 3.0}, {"player_id": 2, "response": 5, "net_gain": 3.0}, {"player_id": 3, "response": 0, "net_gain": 8.0}, {"player_id": 4, "response": 5, "net_gain": 3.0}, {"player_id": 5, "response": 5, "net_gain": 3.0}, {"player_id": 6, "response": 5, "net_gain": 3.0}, {"player_id": 7, "response": 5, "net_gain": 3.0}, {"player_id": 8, "response": 5, "net_gain": 3.0}, {"player_id": 9, "response": 0, "net_gain": 8.0}], "total_tokens": 40}, {"responses": [{"player_id": 0, "response": 0, "net_gain": 4.0}, {"player_id": 1, "response": 0, "net_gain": 4.0}, {"player_id": 2, "response": 5, "net_gain": -1.0}, {"player_id": 3, "response": 0, "net_gain": 4.0}, {"player_id": 4, "response": 0, "net_gain": 4.0}, {"player_id": 5, "response": 5, "net_gain": -1.0}, {"player_id": 6, "response": 0, "net_gain": 4.0}, {"player_id": 7, "response": 0, "net_gain": 4.0}, {"player_id": 8, "response": 5, "net_gain": -1.0}, {"player_id": 9, "response": 5, "net_gain": -1.0}], "total_tokens": 20}, {"responses": [{"player_id": 0, "response": 0, "net_gain": 2.0}, {"player_id": 1, "response": 0, "net_gain": 2.0}, {"player_id": 2, "response": 0, "net_gain": 2.0}, {"player_id": 3, "response": 0, "net_gain": 2.0}, {"player_id": 4, "response": 0, "net_gain": 2.0}, {"player_id": 5, "response": 0, "net_gain": 2.0}, {"player_id": 6, "response": 5, "net_gain": -3.0}, {"player_id": 7, "response": 5, "net_gain": -3.0}, {"player_id": 8, "response": 0, "net_gain": 2.0}, {"player_id": 9, "response": 0, "net_gain": 2.0}], "total_tokens": 10}, {"responses": [{"player_id": 0, "response": 0, "net_gain": 0.0}, {"player_id": 1, "response": 0, "net_gain": 0.0}, {"player_id": 2, "response": 0, "net_gain": 0.0}, {"player_id": 3, "response": 0, "net_gain": 0.0}, {"player_id": 4, "response": 0, "net_gain": 0.0}, {"player_id": 5, "response": 0, "net_gain": 0.0}, {"player_id": 6, "response": 0, "net_gain": 0.0}, {"player_id": 7, "response": 0, "net_gain": 0.0}, {"player_id": 8, "response": 0, "net_gain": 0.0}, {"player_id": 9, "response": 0, "net_gain": 0.0}], "total_tokens": 0}, {"responses": [{"player_id": 0, "response": 5, "net_gain": 2.0}, {"player_id": 1, "response": 5, "net_gain": 2.0}, {"player_id": 2, "response": 5, "net_gain": 2.0}, {"player_id": 3, "response": 0, "net_gain": 7.0}, {"player_id": 4, "response": 10, "net_gain": -3.0}, {"player_id": 5, "response": 5, "net_gain": 2.0}, {"player_id": 6, "response": 5, "net_gain": 2.0}, {"player_id": 7, "response": 0, "net_gain": 7.0}, {"player_id": 8, "response": 0, "net_gain": 7.0}, {"player_id": 9, "response": 0, "net_gain": 7.0}], "total_tokens": 35}, {"responses": [{"player_id": 0, "response": 0, "net_gain": 1.0}, {"player_id": 1, "response": 0, "net_gain": 1.0}, {"player_id": 2, "response": 5, "net_gain": -4.0}, {"player_id": 3, "response": 0, "net_gain": 1.0}, {"player_id": 4, "response": 0, "net_gain": 1.0}, {"player_id": 5, "response": 0, "net_gain": 1.0}, {"player_id": 6, "response": 0, "net_gain": 1.0}, {"player_id": 7, "response": 0, "net_gain": 1.0}, {"player_id": 8, "response": 0, "net_gain": 1.0}, {"player_id": 9, "response": 0, "net_gain": 1.0}], "total_tokens": 5}, {"responses": [{"player_id": 0, "response": 5, "net_gain": -1.0}, {"player_id": 1, "response": 5, "net_gain": -1.0}, {"player_id": 2, "response": 0, "net_gain": 4.0}, {"player_id": 3, "response": 0, "net_gain": 4.0}, {"player_id": 4, "response": 5, "net_gain": -1.0}, {"player_id": 5, "response": 0, "net_gain": 4.0}, {"player_id": 6, "response": 5, "net_gain": -1.0}, {"player_id": 7, "response": 0, "net_gain": 4.0}, {"player_id": 8, "response": 0, "net_gain": 4.0}, {"player_id": 9, "response": 0, "net_gain": 4.0}], "total_tokens": 20}, {"responses": [{"player_id": 0, "response": 0, "net_gain": 1.0}, {"player_id": 1, "response": 0, "net_gain": 1.0}, {"player_id": 2, "response": 0, "net_gain": 1.0}, {"player_id": 3, "response": 0, "net_gain": 1.0}, {"player_id": 4, "response": 0, "net_gain": 1.0}, {"player_id": 5, "response": 5, "net_gain": -4.0}, {"player_id": 6, "response": 0, "net_gain": 1.0}, {"player_id": 7, "response": 0, "net_gain": 1.0}, {"player_id": 8, "response": 0, "net_gain": 1.0}, {"player_id": 9, "response": 0, "net_gain": 1.0}], "total_tokens": 5}, {"responses": [{"player_id": 0, "response": 0, "net_gain": 1.0}, {"player_id": 1, "response": 0, "net_gain": 1.0}, {"player_id": 2, "response": 0, "net_gain": 1.0}, {"player_id": 3, "response": 0, "net_gain": 1.0}, {"player_id": 4, "response": 5, "net_gain": -4.0}, {"player_id": 5, "response": 0, "net_gain": 1.0}, {"player_id": 6, "response": 0, "net_gain": 1.0}, {"player_id": 7, "response": 0, "net_gain": 1.0}, {"player_id": 8, "response": 0, "net_gain": 1.0}, {"player_id": 9, "response": 0, "net_gain": 1.0}], "total_tokens": 5}, {"responses": [{"player_id": 0, "response": 0, "net_gain": 0.0}, {"player_id": 1, "response": 0, "net_gain": 0.0}, {"player_id": 2, "response": 0, "net_gain": 0.0}, {"player_id": 3, "response": 0, "net_gain": 0.0}, {"player_id": 4, "response": 0, "net_gain": 0.0}, {"player_id": 5, "response": 0, "net_gain": 0.0}, {"player_id": 6, "response": 0, "net_gain": 0.0}, {"player_id": 7, "response": 0, "net_gain": 0.0}, {"player_id": 8, "response": 0, "net_gain": 0.0}, {"player_id": 9, "response": 0, "net_gain": 0.0}], "total_tokens": 0}, {"responses": [{"player_id": 0, "response": 5, "net_gain": 2.0}, {"player_id": 1, "response": 0, "net_gain": 7.0}, {"player_id": 2, "response": 5, "net_gain": 2.0}, {"player_id": 3, "response": 0, "net_gain": 7.0}, {"player_id": 4, "response": 5, "net_gain": 2.0}, {"player_id": 5, "response": 5, "net_gain": 2.0}, {"player_id": 6, "response": 5, "net_gain": 2.0}, {"player_id": 7, "response": 0, "net_gain": 7.0}, {"player_id": 8, "response": 5, "net_gain": 2.0}, {"player_id": 9, "response": 5, "net_gain": 2.0}], "total_tokens": 35}, {"responses": [{"player_id": 0, "response": 0, "net_gain": 2.0}, {"player_id": 1, "response": 5, "net_gain": -3.0}, {"player_id": 2, "response": 0, "net_gain": 2.0}, {"player_id": 3, "response": 0, "net_gain": 2.0}, {"player_id": 4, "response": 0, "net_gain": 2.0}, {"player_id": 5, "response": 5, "net_gain": -3.0}, {"player_id": 6, "response": 0, "net_gain": 2.0}, {"player_id": 7, "response": 0, "net_gain": 2.0}, {"player_id": 8, "response": 0, "net_gain": 2.0}, {"player_id": 9, "response": 0, "net_gain": 2.0}], "total_tokens": 10}, {"responses": [{"player_id": 0, "response": 0, "net_gain": 0.0}, {"player_id": 1, "response": 0, "net_gain": 0.0}, {"player_id": 2, "response": 0, "net_gain": 0.0}, {"player_id": 3, "response": 0, "net_gain": 0.0}, {"player_id": 4, "response": 0, "net_gain": 0.0}, {"player_id": 5, "response": 0, "net_gain": 0.0}, {"player_id": 6, "response": 0, "net_gain": 0.0}, {"player_id": 7, "response": 0, "net_gain": 0.0}, {"player_id": 8, "response": 0, "net_gain": 0.0}, {"player_id": 9, "response": 0, "net_gain": 0.0}], "total_tokens": 0}, {"responses": [{"player_id": 0, "response": 5, "net_gain": -2.0}, {"player_id": 1, "response": 0, "net_gain": 3.0}, {"player_id": 2, "response": 5, "net_gain": -2.0}, {"player_id": 3, "response": 0, "net_gain": 3.0}, {"player_id": 4, "response": 0, "net_gain": 3.0}, {"player_id": 5, "response": 5, "net_gain": -2.0}, {"player_id": 6, "response": 0, "net_gain": 3.0}, {"player_id": 7, "response": 0, "net_gain": 3.0}, {"player_id": 8, "response": 0, "net_gain": 3.0}, {"player_id": 9, "response": 0, "net_gain": 3.0}], "total_tokens": 15}, {"responses": [{"player_id": 0, "response": 0, "net_gain": 2.0}, {"player_id": 1, "response": 5, "net_gain": -3.0}, {"player_id": 2, "response": 0, "net_gain": 2.0}, {"player_id": 3, "response": 0, "net_gain": 2.0}, {"player_id": 4, "response": 0, "net_gain": 2.0}, {"player_id": 5, "response": 0, "net_gain": 2.0}, {"player_id": 6, "response": 5, "net_gain": -3.0}, {"player_id": 7, "response": 0, "net_gain": 2.0}, {"player_id": 8, "response": 0, "net_gain": 2.0}, {"player_id": 9, "response": 0, "net_gain": 2.0}], "total_tokens": 10}, {"responses": [{"player_id": 0, "response": 0, "net_gain": 0.0}, {"player_id": 1, "response": 0, "net_gain": 0.0}, {"player_id": 2, "response": 0, "net_gain": 0.0}, {"player_id": 3, "response": 0, "net_gain": 0.0}, {"player_id": 4, "response": 0, "net_gain": 0.0}, {"player_id": 5, "response": 0, "net_gain": 0.0}, {"player_id": 6, "response": 0, "net_gain": 0.0}, {"player_id": 7, "response": 0, "net_gain": 0.0}, {"player_id": 8, "response": 0, "net_gain": 0.0}, {"player_id": 9, "response": 0, "net_gain": 0.0}], "total_tokens": 0}, {"responses": [{"player_id": 0, "response": 5, "net_gain": 4.0}, {"player_id": 1, "response": 0, "net_gain": 9.0}, {"player_id": 2, "response": 5, "net_gain": 4.0}, {"player_id": 3, "response": 5, "net_gain": 4.0}, {"player_id": 4, "response": 5, "net_gain": 4.0}, {"player_id": 5, "response": 0, "net_gain": 9.0}, {"player_id": 6, "response": 5, "net_gain": 4.0}, {"player_id": 7, "response": 5, "net_gain": 4.0}, {"player_id": 8, "response": 10, "net_gain": -1.0}, {"player_id": 9, "response": 5, "net_gain": 4.0}], "total_tokens": 45}, {"responses": [{"player_id": 0, "response": 0, "net_gain": 1.0}, {"player_id": 1, "response": 0, "net_gain": 1.0}, {"player_id": 2, "response": 0, "net_gain": 1.0}, {"player_id": 3, "response": 5, "net_gain": -4.0}, {"player_id": 4, "response": 0, "net_gain": 1.0}, {"player_id": 5, "response": 0, "net_gain": 1.0}, {"player_id": 6, "response": 0, "net_gain": 1.0}, {"player_id": 7, "response": 0, "net_gain": 1.0}, {"player_id": 8, "response": 0, "net_gain": 1.0}, {"player_id": 9, "response": 0, "net_gain": 1.0}], "total_tokens": 5}, {"responses": [{"player_id": 0, "response": 0, "net_gain": 1.0}, {"player_id": 1, "response": 0, "net_gain": 1.0}, {"player_id": 2, "response": 5, "net_gain": -4.0}, {"player_id": 3, "response": 0, "net_gain": 1.0}, {"player_id": 4, "response": 0, "net_gain": 1.0}, {"player_id": 5, "response": 0, "net_gain": 1.0}, {"player_id": 6, "response": 0, "net_gain": 1.0}, {"player_id": 7, "response": 0, "net_gain": 1.0}, {"player_id": 8, "response": 0, "net_gain": 1.0}, {"player_id": 9, "response": 0, "net_gain": 1.0}], "total_tokens": 5}, {"responses": [{"player_id": 0, "response": 0, "net_gain": 0.0}, {"player_id": 1, "response": 0, "net_gain": 0.0}, {"player_id": 2, "response": 0, "net_gain": 0.0}, {"player_id": 3, "response": 0, "net_gain": 0.0}, {"player_id": 4, "response": 0, "net_gain": 0.0}, {"player_id": 5, "response": 0, "net_gain": 0.0}, {"player_id": 6, "response": 0, "net_gain": 0.0}, {"player_id": 7, "response": 0, "net_gain": 0.0}, {"player_id": 8, "response": 0, "net_gain": 0.0}, {"player_id": 9, "response": 0, "net_gain": 0.0}], "total_tokens": 0}]}