{"meta": {"name_exp": "public_goods", "player_num": 10, "tokens": 20, "ratio": 2, "version": "v1", "lang_agent": "<jHLiFlg>", "round": 20, "run": 2}, "round_records": [{"responses": [{"player_id": 0, "response": 5, "net_gain": 9.0}, {"player_id": 1, "response": 0, "net_gain": 14.0}, {"player_id": 2, "response": 10, "net_gain": 4.0}, {"player_id": 3, "response": 5, "net_gain": 9.0}, {"player_id": 4, "response": 10, "net_gain": 4.0}, {"player_id": 5, "response": 5, "net_gain": 9.0}, {"player_id": 6, "response": 5, "net_gain": 9.0}, {"player_id": 7, "response": 10, "net_gain": 4.0}, {"player_id": 8, "response": 5, "net_gain": 9.0}, {"player_id": 9, "response": 15, "net_gain": -1.0}], "total_tokens": 70}, {"responses": [{"player_id": 0, "response": 10, "net_gain": 11.0}, {"player_id": 1, "response": 10, "net_gain": 11.0}, {"player_id": 2, "response": 15, "net_gain": 6.0}, {"player_id": 3, "response": 5, "net_gain": 16.0}, {"player_id": 4, "response": 20, "net_gain": 1.0}, {"player_id": 5, "response": 10, "net_gain": 11.0}, {"player_id": 6, "response": 10, "net_gain": 11.0}, {"player_id": 7, "response": 5, "net_gain": 16.0}, {"player_id": 8, "response": 10, "net_gain": 11.0}, {"player_id": 9, "response": 10, "net_gain": 11.0}], "total_tokens": 105}, {"responses": [{"player_id": 0, "response": 15, "net_gain": 13.0}, {"player_id": 1, "response": 20, "net_gain": 8.0}, {"player_id": 2, "response": 15, "net_gain": 13.0}, {"player_id": 3, "response": 10, "net_gain": 18.0}, {"player_id": 4, "response": 15, "net_gain": 13.0}, {"player_id": 5, "response": 15, "net_gain": 13.0}, {"player_id": 6, "response": 5, "net_gain": 23.0}, {"player_id": 7, "response": 15, "net_gain": 13.0}, {"player_id": 8, "response": 20, "net_gain": 8.0}, {"player_id": 9, "response": 10, "net_gain": 18.0}], "total_tokens": 140}, {"responses": [{"player_id": 0, "response": 15, "net_gain": 13.0}, {"player_id": 1, "response": 15, "net_gain": 13.0}, {"player_id": 2, "response": 20, "net_gain": 8.0}, {"player_id": 3, "response": 10, "net_gain": 18.0}, {"player_id": 4, "response": 20, "net_gain": 8.0}, {"player_id": 5, "response": 10, "net_gain": 18.0}, {"player_id": 6, "response": 10, "net_gain": 18.0}, {"player_id": 7, "response": 20, "net_gain": 8.0}, {"player_id": 8, "response": 15, "net_gain": 13.0}, {"player_id": 9, "response": 5, "net_gain": 23.0}], "total_tokens": 140}, {"responses": [{"player_id": 0, "response": 18, "net_gain": 13.600000000000001}, {"player_id": 1, "response": 20, "net_gain": 11.600000000000001}, {"player_id": 2, "response": 20, "net_gain": 11.600000000000001}, {"player_id": 3, "response": 20, "net_gain": 11.600000000000001}, {"player_id": 4, "response": 15, "net_gain": 16.6}, {"player_id": 5, "response": 15, "net_gain": 16.6}, {"player_id": 6, "response": 15, "net_gain": 16.6}, {"player_id": 7, "response": 10, "net_gain": 21.6}, {"player_id": 8, "response": 5, "net_gain": 26.6}, {"player_id": 9, "response": 20, "net_gain": 11.600000000000001}], "total_tokens": 158}, {"responses": [{"player_id": 0, "response": 5, "net_gain": 22.0}, {"player_id": 1, "response": 10, "net_gain": 17.0}, {"player_id": 2, "response": 5, "net_gain": 22.0}, {"player_id": 3, "response": 20, "net_gain": 7.0}, {"player_id": 4, "response": 20, "net_gain": 7.0}, {"player_id": 5, "response": 10, "net_gain": 17.0}, {"player_id": 6, "response": 10, "net_gain": 17.0}, {"player_id": 7, "response": 15, "net_gain": 12.0}, {"player_id": 8, "response": 20, "net_gain": 7.0}, {"player_id": 9, "response": 20, "net_gain": 7.0}], "total_tokens": 135}, {"responses": [{"player_id": 0, "response": 20, "net_gain": 13.600000000000001}, {"player_id": 1, "response": 18, "net_gain": 15.600000000000001}, {"player_id": 2, "response": 20, "net_gain": 13.600000000000001}, {"player_id": 3, "response": 20, "net_gain": 13.600000000000001}, {"player_id": 4, "response": 20, "net_gain": 13.600000000000001}, {"player_id": 5, "response": 10, "net_gain": 23.6}, {"player_id": 6, "response": 15, "net_gain": 18.6}, {"player_id": 7, "response": 5, "net_gain": 28.6}, {"player_id": 8, "response": 20, "net_gain": 13.600000000000001}, {"player_id": 9, "response": 20, "net_gain": 13.600000000000001}], "total_tokens": 168}, {"responses": [{"player_id": 0, "response": 20, "net_gain": 15.600000000000001}, {"player_id": 1, "response": 18, "net_gain": 17.6}, {"player_id": 2, "response": 5, "net_gain": 30.6}, {"player_id": 3, "response": 20, "net_gain": 15.600000000000001}, {"player_id": 4, "response": 15, "net_gain": 20.6}, {"player_id": 5, "response": 20, "net_gain": 15.600000000000001}, {"player_id": 6, "response": 20, "net_gain": 15.600000000000001}, {"player_id": 7, "response": 20, "net_gain": 15.600000000000001}, {"player_id": 8, "response": 20, "net_gain": 15.600000000000001}, {"player_id": 9, "response": 20, "net_gain": 15.600000000000001}], "total_tokens": 178}, {"responses": [{"player_id": 0, "response": 20, "net_gain": 17.0}, {"player_id": 1, "response": 20, "net_gain": 17.0}, {"player_id": 2, "response": 20, "net_gain": 17.0}, {"player_id": 3, "response": 15, "net_gain": 22.0}, {"player_id": 4, "response": 10, "net_gain": 27.0}, {"player_id": 5, "response": 20, "net_gain": 17.0}, {"player_id": 6, "response": 20, "net_gain": 17.0}, {"player_id": 7, "response": 20, "net_gain": 17.0}, {"player_id": 8, "response": 20, "net_gain": 17.0}, {"player_id": 9, "response": 20, "net_gain": 17.0}], "total_tokens": 185}, {"responses": [{"player_id": 0, "response": 20, "net_gain": 13.0}, {"player_id": 1, "response": 20, "net_gain": 13.0}, {"player_id": 2, "response": 20, "net_gain": 13.0}, {"player_id": 3, "response": 10, "net_gain": 23.0}, {"player_id": 4, "response": 20, "net_gain": 13.0}, {"player_id": 5, "response": 10, "net_gain": 23.0}, {"player_id": 6, "response": 5, "net_gain": 28.0}, {"player_id": 7, "response": 20, "net_gain": 13.0}, {"player_id": 8, "response": 20, "net_gain": 13.0}, {"player_id": 9, "response": 20, "net_gain": 13.0}], "total_tokens": 165}, {"responses": [{"player_id": 0, "response": 20, "net_gain": 15.0}, {"player_id": 1, "response": 20, "net_gain": 15.0}, {"player_id": 2, "response": 5, "net_gain": 30.0}, {"player_id": 3, "response": 20, "net_gain": 15.0}, {"player_id": 4, "response": 20, "net_gain": 15.0}, {"player_id": 5, "response": 20, "net_gain": 15.0}, {"player_id": 6, "response": 15, "net_gain": 20.0}, {"player_id": 7, "response": 15, "net_gain": 20.0}, {"player_id": 8, "response": 20, "net_gain": 15.0}, {"player_id": 9, "response": 20, "net_gain": 15.0}], "total_tokens": 175}, {"responses": [{"player_id": 0, "response": 20, "net_gain": 17.0}, {"player_id": 1, "response": 20, "net_gain": 17.0}, {"player_id": 2, "response": 20, "net_gain": 17.0}, {"player_id": 3, "response": 20, "net_gain": 17.0}, {"player_id": 4, "response": 20, "net_gain": 17.0}, {"player_id": 5, "response": 20, "net_gain": 17.0}, {"player_id": 6, "response": 10, "net_gain": 27.0}, {"player_id": 7, "response": 20, "net_gain": 17.0}, {"player_id": 8, "response": 20, "net_gain": 17.0}, {"player_id": 9, "response": 15, "net_gain": 22.0}], "total_tokens": 185}, {"responses": [{"player_id": 0, "response": 19, "net_gain": 16.799999999999997}, {"player_id": 1, "response": 20, "net_gain": 15.799999999999997}, {"player_id": 2, "response": 20, "net_gain": 15.799999999999997}, {"player_id": 3, "response": 20, "net_gain": 15.799999999999997}, {"player_id": 4, "response": 20, "net_gain": 15.799999999999997}, {"player_id": 5, "response": 10, "net_gain": 25.799999999999997}, {"player_id": 6, "response": 20, "net_gain": 15.799999999999997}, {"player_id": 7, "response": 10, "net_gain": 25.799999999999997}, {"player_id": 8, "response": 20, "net_gain": 15.799999999999997}, {"player_id": 9, "response": 20, "net_gain": 15.799999999999997}], "total_tokens": 179}, {"responses": [{"player_id": 0, "response": 20, "net_gain": 15.799999999999997}, {"player_id": 1, "response": 20, "net_gain": 15.799999999999997}, {"player_id": 2, "response": 19, "net_gain": 16.799999999999997}, {"player_id": 3, "response": 20, "net_gain": 15.799999999999997}, {"player_id": 4, "response": 20, "net_gain": 15.799999999999997}, {"player_id": 5, "response": 20, "net_gain": 15.799999999999997}, {"player_id": 6, "response": 20, "net_gain": 15.799999999999997}, {"player_id": 7, "response": 10, "net_gain": 25.799999999999997}, {"player_id": 8, "response": 20, "net_gain": 15.799999999999997}, {"player_id": 9, "response": 10, "net_gain": 25.799999999999997}], "total_tokens": 179}, {"responses": [{"player_id": 0, "response": 20, "net_gain": 14.799999999999997}, {"player_id": 1, "response": 10, "net_gain": 24.799999999999997}, {"player_id": 2, "response": 20, "net_gain": 14.799999999999997}, {"player_id": 3, "response": 19, "net_gain": 15.799999999999997}, {"player_id": 4, "response": 20, "net_gain": 14.799999999999997}, {"player_id": 5, "response": 5, "net_gain": 29.799999999999997}, {"player_id": 6, "response": 20, "net_gain": 14.799999999999997}, {"player_id": 7, "response": 20, "net_gain": 14.799999999999997}, {"player_id": 8, "response": 20, "net_gain": 14.799999999999997}, {"player_id": 9, "response": 20, "net_gain": 14.799999999999997}], "total_tokens": 174}, {"responses": [{"player_id": 0, "response": 20, "net_gain": 20.0}, {"player_id": 1, "response": 20, "net_gain": 20.0}, {"player_id": 2, "response": 20, "net_gain": 20.0}, {"player_id": 3, "response": 20, "net_gain": 20.0}, {"player_id": 4, "response": 20, "net_gain": 20.0}, {"player_id": 5, "response": 20, "net_gain": 20.0}, {"player_id": 6, "response": 20, "net_gain": 20.0}, {"player_id": 7, "response": 20, "net_gain": 20.0}, {"player_id": 8, "response": 20, "net_gain": 20.0}, {"player_id": 9, "response": 20, "net_gain": 20.0}], "total_tokens": 200}, {"responses": [{"player_id": 0, "response": 20, "net_gain": 15.399999999999999}, {"player_id": 1, "response": 19, "net_gain": 16.4}, {"player_id": 2, "response": 20, "net_gain": 15.399999999999999}, {"player_id": 3, "response": 19, "net_gain": 16.4}, {"player_id": 4, "response": 20, "net_gain": 15.399999999999999}, {"player_id": 5, "response": 19, "net_gain": 16.4}, {"player_id": 6, "response": 20, "net_gain": 15.399999999999999}, {"player_id": 7, "response": 20, "net_gain": 15.399999999999999}, {"player_id": 8, "response": 20, "net_gain": 15.399999999999999}, {"player_id": 9, "response": 0, "net_gain": 35.4}], "total_tokens": 177}, {"responses": [{"player_id": 0, "response": 1, "net_gain": 27.2}, {"player_id": 1, "response": 20, "net_gain": 8.2}, {"player_id": 2, "response": 0, "net_gain": 28.2}, {"player_id": 3, "response": 20, "net_gain": 8.2}, {"player_id": 4, "response": 20, "net_gain": 8.2}, {"player_id": 5, "response": 20, "net_gain": 8.2}, {"player_id": 6, "response": 0, "net_gain": 28.2}, {"player_id": 7, "response": 20, "net_gain": 8.2}, {"player_id": 8, "response": 20, "net_gain": 8.2}, {"player_id": 9, "response": 20, "net_gain": 8.2}], "total_tokens": 141}, {"responses": [{"player_id": 0, "response": 20, "net_gain": 8.2}, {"player_id": 1, "response": 1, "net_gain": 27.2}, {"player_id": 2, "response": 20, "net_gain": 8.2}, {"player_id": 3, "response": 0, "net_gain": 28.2}, {"player_id": 4, "response": 20, "net_gain": 8.2}, {"player_id": 5, "response": 20, "net_gain": 8.2}, {"player_id": 6, "response": 20, "net_gain": 8.2}, {"player_id": 7, "response": 19, "net_gain": 9.2}, {"player_id": 8, "response": 20, "net_gain": 8.2}, {"player_id": 9, "response": 1, "net_gain": 27.2}], "total_tokens": 141}, {"responses": [{"player_id": 0, "response": 20, "net_gain": 20.0}, {"player_id": 1, "response": 20, "net_gain": 20.0}, {"player_id": 2, "response": 20, "net_gain": 20.0}, {"player_id": 3, "response": 20, "net_gain": 20.0}, {"player_id": 4, "response": 20, "net_gain": 20.0}, {"player_id": 5, "response": 20, "net_gain": 20.0}, {"player_id": 6, "response": 20, "net_gain": 20.0}, {"player_id": 7, "response": 20, "net_gain": 20.0}, {"player_id": 8, "response": 20, "net_gain": 20.0}, {"player_id": 9, "response": 20, "net_gain": 20.0}], "total_tokens": 200}]}