{"meta": {"name_exp": "public_goods", "player_num": 10, "tokens": 20, "ratio": 2, "version": "v1", "lang_agent": "<jHLiFlg>", "round": 20, "run": 4}, "round_records": [{"responses": [{"player_id": 0, "response": 5, "net_gain": 9.0}, {"player_id": 1, "response": 5, "net_gain": 9.0}, {"player_id": 2, "response": 10, "net_gain": 4.0}, {"player_id": 3, "response": 10, "net_gain": 4.0}, {"player_id": 4, "response": 15, "net_gain": -1.0}, {"player_id": 5, "response": 5, "net_gain": 9.0}, {"player_id": 6, "response": 5, "net_gain": 9.0}, {"player_id": 7, "response": 10, "net_gain": 4.0}, {"player_id": 8, "response": 0, "net_gain": 14.0}, {"player_id": 9, "response": 5, "net_gain": 9.0}], "total_tokens": 70}, {"responses": [{"player_id": 0, "response": 10, "net_gain": 14.0}, {"player_id": 1, "response": 10, "net_gain": 14.0}, {"player_id": 2, "response": 15, "net_gain": 9.0}, {"player_id": 3, "response": 15, "net_gain": 9.0}, {"player_id": 4, "response": 5, "net_gain": 19.0}, {"player_id": 5, "response": 10, "net_gain": 14.0}, {"player_id": 6, "response": 10, "net_gain": 14.0}, {"player_id": 7, "response": 15, "net_gain": 9.0}, {"player_id": 8, "response": 20, "net_gain": 4.0}, {"player_id": 9, "response": 10, "net_gain": 14.0}], "total_tokens": 120}, {"responses": [{"player_id": 0, "response": 10, "net_gain": 16.6}, {"player_id": 1, "response": 10, "net_gain": 16.6}, {"player_id": 2, "response": 5, "net_gain": 21.6}, {"player_id": 3, "response": 20, "net_gain": 6.600000000000001}, {"player_id": 4, "response": 0, "net_gain": 26.6}, {"player_id": 5, "response": 20, "net_gain": 6.600000000000001}, {"player_id": 6, "response": 18, "net_gain": 8.600000000000001}, {"player_id": 7, "response": 20, "net_gain": 6.600000000000001}, {"player_id": 8, "response": 15, "net_gain": 11.600000000000001}, {"player_id": 9, "response": 15, "net_gain": 11.600000000000001}], "total_tokens": 133}, {"responses": [{"player_id": 0, "response": 5, "net_gain": 16.0}, {"player_id": 1, "response": 10, "net_gain": 11.0}, {"player_id": 2, "response": 20, "net_gain": 1.0}, {"player_id": 3, "response": 0, "net_gain": 21.0}, {"player_id": 4, "response": 10, "net_gain": 11.0}, {"player_id": 5, "response": 20, "net_gain": 1.0}, {"player_id": 6, "response": 20, "net_gain": 1.0}, {"player_id": 7, "response": 10, "net_gain": 11.0}, {"player_id": 8, "response": 5, "net_gain": 16.0}, {"player_id": 9, "response": 5, "net_gain": 16.0}], "total_tokens": 105}, {"responses": [{"player_id": 0, "response": 20, "net_gain": 14.0}, {"player_id": 1, "response": 10, "net_gain": 24.0}, {"player_id": 2, "response": 20, "net_gain": 14.0}, {"player_id": 3, "response": 15, "net_gain": 19.0}, {"player_id": 4, "response": 20, "net_gain": 14.0}, {"player_id": 5, "response": 15, "net_gain": 19.0}, {"player_id": 6, "response": 15, "net_gain": 19.0}, {"player_id": 7, "response": 20, "net_gain": 14.0}, {"player_id": 8, "response": 20, "net_gain": 14.0}, {"player_id": 9, "response": 15, "net_gain": 19.0}], "total_tokens": 170}, {"responses": [{"player_id": 0, "response": 18, "net_gain": 14.600000000000001}, {"player_id": 1, "response": 20, "net_gain": 12.600000000000001}, {"player_id": 2, "response": 15, "net_gain": 17.6}, {"player_id": 3, "response": 5, "net_gain": 27.6}, {"player_id": 4, "response": 5, "net_gain": 27.6}, {"player_id": 5, "response": 20, "net_gain": 12.600000000000001}, {"player_id": 6, "response": 20, "net_gain": 12.600000000000001}, {"player_id": 7, "response": 20, "net_gain": 12.600000000000001}, {"player_id": 8, "response": 20, "net_gain": 12.600000000000001}, {"player_id": 9, "response": 20, "net_gain": 12.600000000000001}], "total_tokens": 163}, {"responses": [{"player_id": 0, "response": 20, "net_gain": 13.0}, {"player_id": 1, "response": 15, "net_gain": 18.0}, {"player_id": 2, "response": 20, "net_gain": 13.0}, {"player_id": 3, "response": 20, "net_gain": 13.0}, {"player_id": 4, "response": 10, "net_gain": 23.0}, {"player_id": 5, "response": 20, "net_gain": 13.0}, {"player_id": 6, "response": 5, "net_gain": 28.0}, {"player_id": 7, "response": 15, "net_gain": 18.0}, {"player_id": 8, "response": 20, "net_gain": 13.0}, {"player_id": 9, "response": 20, "net_gain": 13.0}], "total_tokens": 165}, {"responses": [{"player_id": 0, "response": 18, "net_gain": 20.6}, {"player_id": 1, "response": 20, "net_gain": 18.6}, {"player_id": 2, "response": 20, "net_gain": 18.6}, {"player_id": 3, "response": 20, "net_gain": 18.6}, {"player_id": 4, "response": 15, "net_gain": 23.6}, {"player_id": 5, "response": 20, "net_gain": 18.6}, {"player_id": 6, "response": 20, "net_gain": 18.6}, {"player_id": 7, "response": 20, "net_gain": 18.6}, {"player_id": 8, "response": 20, "net_gain": 18.6}, {"player_id": 9, "response": 20, "net_gain": 18.6}], "total_tokens": 193}, {"responses": [{"player_id": 0, "response": 20, "net_gain": 11.8}, {"player_id": 1, "response": 20, "net_gain": 11.8}, {"player_id": 2, "response": 20, "net_gain": 11.8}, {"player_id": 3, "response": 10, "net_gain": 21.8}, {"player_id": 4, "response": 5, "net_gain": 26.8}, {"player_id": 5, "response": 5, "net_gain": 26.8}, {"player_id": 6, "response": 19, "net_gain": 12.8}, {"player_id": 7, "response": 20, "net_gain": 11.8}, {"player_id": 8, "response": 20, "net_gain": 11.8}, {"player_id": 9, "response": 20, "net_gain": 11.8}], "total_tokens": 159}, {"responses": [{"player_id": 0, "response": 20, "net_gain": 20.0}, {"player_id": 1, "response": 20, "net_gain": 20.0}, {"player_id": 2, "response": 20, "net_gain": 20.0}, {"player_id": 3, "response": 20, "net_gain": 20.0}, {"player_id": 4, "response": 20, "net_gain": 20.0}, {"player_id": 5, "response": 20, "net_gain": 20.0}, {"player_id": 6, "response": 20, "net_gain": 20.0}, {"player_id": 7, "response": 20, "net_gain": 20.0}, {"player_id": 8, "response": 20, "net_gain": 20.0}, {"player_id": 9, "response": 20, "net_gain": 20.0}], "total_tokens": 200}, {"responses": [{"player_id": 0, "response": 20, "net_gain": 20.0}, {"player_id": 1, "response": 20, "net_gain": 20.0}, {"player_id": 2, "response": 20, "net_gain": 20.0}, {"player_id": 3, "response": 20, "net_gain": 20.0}, {"player_id": 4, "response": 20, "net_gain": 20.0}, {"player_id": 5, "response": 20, "net_gain": 20.0}, {"player_id": 6, "response": 20, "net_gain": 20.0}, {"player_id": 7, "response": 20, "net_gain": 20.0}, {"player_id": 8, "response": 20, "net_gain": 20.0}, {"player_id": 9, "response": 20, "net_gain": 20.0}], "total_tokens": 200}, {"responses": [{"player_id": 0, "response": 20, "net_gain": 16.0}, {"player_id": 1, "response": 20, "net_gain": 16.0}, {"player_id": 2, "response": 20, "net_gain": 16.0}, {"player_id": 3, "response": 0, "net_gain": 36.0}, {"player_id": 4, "response": 20, "net_gain": 16.0}, {"player_id": 5, "response": 20, "net_gain": 16.0}, {"player_id": 6, "response": 20, "net_gain": 16.0}, {"player_id": 7, "response": 20, "net_gain": 16.0}, {"player_id": 8, "response": 20, "net_gain": 16.0}, {"player_id": 9, "response": 20, "net_gain": 16.0}], "total_tokens": 180}, {"responses": [{"player_id": 0, "response": 20, "net_gain": 12.0}, {"player_id": 1, "response": 20, "net_gain": 12.0}, {"player_id": 2, "response": 20, "net_gain": 12.0}, {"player_id": 3, "response": 20, "net_gain": 12.0}, {"player_id": 4, "response": 0, "net_gain": 32.0}, {"player_id": 5, "response": 20, "net_gain": 12.0}, {"player_id": 6, "response": 20, "net_gain": 12.0}, {"player_id": 7, "response": 0, "net_gain": 32.0}, {"player_id": 8, "response": 20, "net_gain": 12.0}, {"player_id": 9, "response": 20, "net_gain": 12.0}], "total_tokens": 160}, {"responses": [{"player_id": 0, "response": 20, "net_gain": 15.799999999999997}, {"player_id": 1, "response": 19, "net_gain": 16.799999999999997}, {"player_id": 2, "response": 20, "net_gain": 15.799999999999997}, {"player_id": 3, "response": 20, "net_gain": 15.799999999999997}, {"player_id": 4, "response": 20, "net_gain": 15.799999999999997}, {"player_id": 5, "response": 20, "net_gain": 15.799999999999997}, {"player_id": 6, "response": 20, "net_gain": 15.799999999999997}, {"player_id": 7, "response": 20, "net_gain": 15.799999999999997}, {"player_id": 8, "response": 20, "net_gain": 15.799999999999997}, {"player_id": 9, "response": 0, "net_gain": 35.8}], "total_tokens": 179}, {"responses": [{"player_id": 0, "response": 20, "net_gain": 4.600000000000001}, {"player_id": 1, "response": 20, "net_gain": 4.600000000000001}, {"player_id": 2, "response": 0, "net_gain": 24.6}, {"player_id": 3, "response": 20, "net_gain": 4.600000000000001}, {"player_id": 4, "response": 0, "net_gain": 24.6}, {"player_id": 5, "response": 5, "net_gain": 19.6}, {"player_id": 6, "response": 19, "net_gain": 5.600000000000001}, {"player_id": 7, "response": 10, "net_gain": 14.600000000000001}, {"player_id": 8, "response": 19, "net_gain": 5.600000000000001}, {"player_id": 9, "response": 10, "net_gain": 14.600000000000001}], "total_tokens": 123}, {"responses": [{"player_id": 0, "response": 0, "net_gain": 27.8}, {"player_id": 1, "response": 20, "net_gain": 7.800000000000001}, {"player_id": 2, "response": 0, "net_gain": 27.8}, {"player_id": 3, "response": 19, "net_gain": 8.8}, {"player_id": 4, "response": 20, "net_gain": 7.800000000000001}, {"player_id": 5, "response": 5, "net_gain": 22.8}, {"player_id": 6, "response": 20, "net_gain": 7.800000000000001}, {"player_id": 7, "response": 20, "net_gain": 7.800000000000001}, {"player_id": 8, "response": 15, "net_gain": 12.8}, {"player_id": 9, "response": 20, "net_gain": 7.800000000000001}], "total_tokens": 139}, {"responses": [{"player_id": 0, "response": 20, "net_gain": 6.0}, {"player_id": 1, "response": 0, "net_gain": 26.0}, {"player_id": 2, "response": 20, "net_gain": 6.0}, {"player_id": 3, "response": 5, "net_gain": 21.0}, {"player_id": 4, "response": 20, "net_gain": 6.0}, {"player_id": 5, "response": 20, "net_gain": 6.0}, {"player_id": 6, "response": 20, "net_gain": 6.0}, {"player_id": 7, "response": 5, "net_gain": 21.0}, {"player_id": 8, "response": 20, "net_gain": 6.0}, {"player_id": 9, "response": 0, "net_gain": 26.0}], "total_tokens": 130}, {"responses": [{"player_id": 0, "response": 20, "net_gain": 16.0}, {"player_id": 1, "response": 20, "net_gain": 16.0}, {"player_id": 2, "response": 20, "net_gain": 16.0}, {"player_id": 3, "response": 20, "net_gain": 16.0}, {"player_id": 4, "response": 20, "net_gain": 16.0}, {"player_id": 5, "response": 0, "net_gain": 36.0}, {"player_id": 6, "response": 20, "net_gain": 16.0}, {"player_id": 7, "response": 20, "net_gain": 16.0}, {"player_id": 8, "response": 20, "net_gain": 16.0}, {"player_id": 9, "response": 20, "net_gain": 16.0}], "total_tokens": 180}, {"responses": [{"player_id": 0, "response": 20, "net_gain": 20.0}, {"player_id": 1, "response": 20, "net_gain": 20.0}, {"player_id": 2, "response": 20, "net_gain": 20.0}, {"player_id": 3, "response": 20, "net_gain": 20.0}, {"player_id": 4, "response": 20, "net_gain": 20.0}, {"player_id": 5, "response": 20, "net_gain": 20.0}, {"player_id": 6, "response": 20, "net_gain": 20.0}, {"player_id": 7, "response": 20, "net_gain": 20.0}, {"player_id": 8, "response": 20, "net_gain": 20.0}, {"player_id": 9, "response": 20, "net_gain": 20.0}], "total_tokens": 200}, {"responses": [{"player_id": 0, "response": 20, "net_gain": 20.0}, {"player_id": 1, "response": 20, "net_gain": 20.0}, {"player_id": 2, "response": 20, "net_gain": 20.0}, {"player_id": 3, "response": 20, "net_gain": 20.0}, {"player_id": 4, "response": 20, "net_gain": 20.0}, {"player_id": 5, "response": 20, "net_gain": 20.0}, {"player_id": 6, "response": 20, "net_gain": 20.0}, {"player_id": 7, "response": 20, "net_gain": 20.0}, {"player_id": 8, "response": 20, "net_gain": 20.0}, {"player_id": 9, "response": 20, "net_gain": 20.0}], "total_tokens": 200}]}