{"meta": {"name_exp": "public_goods", "player_num": 10, "tokens": 20, "ratio": 2, "version": "v1", "lang_agent": "<jHLiFlg>", "round": 20, "run": 1}, "round_records": [{"responses": [{"player_id": 0, "response": 1, "net_gain": 12.2}, {"player_id": 1, "response": 5, "net_gain": 8.2}, {"player_id": 2, "response": 15, "net_gain": -1.8000000000000007}, {"player_id": 3, "response": 10, "net_gain": 3.1999999999999993}, {"player_id": 4, "response": 10, "net_gain": 3.1999999999999993}, {"player_id": 5, "response": 5, "net_gain": 8.2}, {"player_id": 6, "response": 10, "net_gain": 3.1999999999999993}, {"player_id": 7, "response": 0, "net_gain": 13.2}, {"player_id": 8, "response": 5, "net_gain": 8.2}, {"player_id": 9, "response": 5, "net_gain": 8.2}], "total_tokens": 66}, {"responses": [{"player_id": 0, "response": 15, "net_gain": 9.0}, {"player_id": 1, "response": 5, "net_gain": 19.0}, {"player_id": 2, "response": 15, "net_gain": 9.0}, {"player_id": 3, "response": 10, "net_gain": 14.0}, {"player_id": 4, "response": 15, "net_gain": 9.0}, {"player_id": 5, "response": 5, "net_gain": 19.0}, {"player_id": 6, "response": 15, "net_gain": 9.0}, {"player_id": 7, "response": 10, "net_gain": 14.0}, {"player_id": 8, "response": 15, "net_gain": 9.0}, {"player_id": 9, "response": 15, "net_gain": 9.0}], "total_tokens": 120}, {"responses": [{"player_id": 0, "response": 5, "net_gain": 15.399999999999999}, {"player_id": 1, "response": 5, "net_gain": 15.399999999999999}, {"player_id": 2, "response": 10, "net_gain": 10.399999999999999}, {"player_id": 3, "response": 10, "net_gain": 10.399999999999999}, {"player_id": 4, "response": 12, "net_gain": 8.399999999999999}, {"player_id": 5, "response": 15, "net_gain": 5.399999999999999}, {"player_id": 6, "response": 15, "net_gain": 5.399999999999999}, {"player_id": 7, "response": 10, "net_gain": 10.399999999999999}, {"player_id": 8, "response": 10, "net_gain": 10.399999999999999}, {"player_id": 9, "response": 10, "net_gain": 10.399999999999999}], "total_tokens": 102}, {"responses": [{"player_id": 0, "response": 20, "net_gain": 7.0}, {"player_id": 1, "response": 10, "net_gain": 17.0}, {"player_id": 2, "response": 20, "net_gain": 7.0}, {"player_id": 3, "response": 15, "net_gain": 12.0}, {"player_id": 4, "response": 20, "net_gain": 7.0}, {"player_id": 5, "response": 10, "net_gain": 17.0}, {"player_id": 6, "response": 5, "net_gain": 22.0}, {"player_id": 7, "response": 20, "net_gain": 7.0}, {"player_id": 8, "response": 10, "net_gain": 17.0}, {"player_id": 9, "response": 5, "net_gain": 22.0}], "total_tokens": 135}, {"responses": [{"player_id": 0, "response": 5, "net_gain": 29.0}, {"player_id": 1, "response": 20, "net_gain": 14.0}, {"player_id": 2, "response": 20, "net_gain": 14.0}, {"player_id": 3, "response": 20, "net_gain": 14.0}, {"player_id": 4, "response": 20, "net_gain": 14.0}, {"player_id": 5, "response": 10, "net_gain": 24.0}, {"player_id": 6, "response": 20, "net_gain": 14.0}, {"player_id": 7, "response": 20, "net_gain": 14.0}, {"player_id": 8, "response": 15, "net_gain": 19.0}, {"player_id": 9, "response": 20, "net_gain": 14.0}], "total_tokens": 170}, {"responses": [{"player_id": 0, "response": 10, "net_gain": 22.0}, {"player_id": 1, "response": 20, "net_gain": 12.0}, {"player_id": 2, "response": 20, "net_gain": 12.0}, {"player_id": 3, "response": 10, "net_gain": 22.0}, {"player_id": 4, "response": 20, "net_gain": 12.0}, {"player_id": 5, "response": 15, "net_gain": 17.0}, {"player_id": 6, "response": 15, "net_gain": 17.0}, {"player_id": 7, "response": 20, "net_gain": 12.0}, {"player_id": 8, "response": 20, "net_gain": 12.0}, {"player_id": 9, "response": 10, "net_gain": 22.0}], "total_tokens": 160}, {"responses": [{"player_id": 0, "response": 20, "net_gain": 8.0}, {"player_id": 1, "response": 10, "net_gain": 18.0}, {"player_id": 2, "response": 20, "net_gain": 8.0}, {"player_id": 3, "response": 15, "net_gain": 13.0}, {"player_id": 4, "response": 20, "net_gain": 8.0}, {"player_id": 5, "response": 10, "net_gain": 18.0}, {"player_id": 6, "response": 15, "net_gain": 13.0}, {"player_id": 7, "response": 5, "net_gain": 23.0}, {"player_id": 8, "response": 10, "net_gain": 18.0}, {"player_id": 9, "response": 15, "net_gain": 13.0}], "total_tokens": 140}, {"responses": [{"player_id": 0, "response": 20, "net_gain": 13.0}, {"player_id": 1, "response": 20, "net_gain": 13.0}, {"player_id": 2, "response": 20, "net_gain": 13.0}, {"player_id": 3, "response": 10, "net_gain": 23.0}, {"player_id": 4, "response": 20, "net_gain": 13.0}, {"player_id": 5, "response": 20, "net_gain": 13.0}, {"player_id": 6, "response": 20, "net_gain": 13.0}, {"player_id": 7, "response": 10, "net_gain": 23.0}, {"player_id": 8, "response": 15, "net_gain": 18.0}, {"player_id": 9, "response": 10, "net_gain": 23.0}], "total_tokens": 165}, {"responses": [{"player_id": 0, "response": 20, "net_gain": 11.0}, {"player_id": 1, "response": 20, "net_gain": 11.0}, {"player_id": 2, "response": 20, "net_gain": 11.0}, {"player_id": 3, "response": 20, "net_gain": 11.0}, {"player_id": 4, "response": 20, "net_gain": 11.0}, {"player_id": 5, "response": 5, "net_gain": 26.0}, {"player_id": 6, "response": 10, "net_gain": 21.0}, {"player_id": 7, "response": 20, "net_gain": 11.0}, {"player_id": 8, "response": 10, "net_gain": 21.0}, {"player_id": 9, "response": 10, "net_gain": 21.0}], "total_tokens": 155}, {"responses": [{"player_id": 0, "response": 10, "net_gain": 21.0}, {"player_id": 1, "response": 5, "net_gain": 26.0}, {"player_id": 2, "response": 20, "net_gain": 11.0}, {"player_id": 3, "response": 20, "net_gain": 11.0}, {"player_id": 4, "response": 20, "net_gain": 11.0}, {"player_id": 5, "response": 10, "net_gain": 21.0}, {"player_id": 6, "response": 20, "net_gain": 11.0}, {"player_id": 7, "response": 20, "net_gain": 11.0}, {"player_id": 8, "response": 20, "net_gain": 11.0}, {"player_id": 9, "response": 10, "net_gain": 21.0}], "total_tokens": 155}, {"responses": [{"player_id": 0, "response": 20, "net_gain": 18.0}, {"player_id": 1, "response": 10, "net_gain": 28.0}, {"player_id": 2, "response": 20, "net_gain": 18.0}, {"player_id": 3, "response": 20, "net_gain": 18.0}, {"player_id": 4, "response": 20, "net_gain": 18.0}, {"player_id": 5, "response": 20, "net_gain": 18.0}, {"player_id": 6, "response": 20, "net_gain": 18.0}, {"player_id": 7, "response": 20, "net_gain": 18.0}, {"player_id": 8, "response": 20, "net_gain": 18.0}, {"player_id": 9, "response": 20, "net_gain": 18.0}], "total_tokens": 190}, {"responses": [{"player_id": 0, "response": 20, "net_gain": 10.0}, {"player_id": 1, "response": 20, "net_gain": 10.0}, {"player_id": 2, "response": 0, "net_gain": 30.0}, {"player_id": 3, "response": 20, "net_gain": 10.0}, {"player_id": 4, "response": 20, "net_gain": 10.0}, {"player_id": 5, "response": 0, "net_gain": 30.0}, {"player_id": 6, "response": 20, "net_gain": 10.0}, {"player_id": 7, "response": 20, "net_gain": 10.0}, {"player_id": 8, "response": 20, "net_gain": 10.0}, {"player_id": 9, "response": 10, "net_gain": 20.0}], "total_tokens": 150}, {"responses": [{"player_id": 0, "response": 20, "net_gain": 17.0}, {"player_id": 1, "response": 5, "net_gain": 32.0}, {"player_id": 2, "response": 20, "net_gain": 17.0}, {"player_id": 3, "response": 20, "net_gain": 17.0}, {"player_id": 4, "response": 20, "net_gain": 17.0}, {"player_id": 5, "response": 20, "net_gain": 17.0}, {"player_id": 6, "response": 20, "net_gain": 17.0}, {"player_id": 7, "response": 20, "net_gain": 17.0}, {"player_id": 8, "response": 20, "net_gain": 17.0}, {"player_id": 9, "response": 20, "net_gain": 17.0}], "total_tokens": 185}, {"responses": [{"player_id": 0, "response": 20, "net_gain": 20.0}, {"player_id": 1, "response": 20, "net_gain": 20.0}, {"player_id": 2, "response": 20, "net_gain": 20.0}, {"player_id": 3, "response": 20, "net_gain": 20.0}, {"player_id": 4, "response": 20, "net_gain": 20.0}, {"player_id": 5, "response": 20, "net_gain": 20.0}, {"player_id": 6, "response": 20, "net_gain": 20.0}, {"player_id": 7, "response": 20, "net_gain": 20.0}, {"player_id": 8, "response": 20, "net_gain": 20.0}, {"player_id": 9, "response": 20, "net_gain": 20.0}], "total_tokens": 200}, {"responses": [{"player_id": 0, "response": 20, "net_gain": 16.0}, {"player_id": 1, "response": 20, "net_gain": 16.0}, {"player_id": 2, "response": 20, "net_gain": 16.0}, {"player_id": 3, "response": 0, "net_gain": 36.0}, {"player_id": 4, "response": 20, "net_gain": 16.0}, {"player_id": 5, "response": 20, "net_gain": 16.0}, {"player_id": 6, "response": 20, "net_gain": 16.0}, {"player_id": 7, "response": 20, "net_gain": 16.0}, {"player_id": 8, "response": 20, "net_gain": 16.0}, {"player_id": 9, "response": 20, "net_gain": 16.0}], "total_tokens": 180}, {"responses": [{"player_id": 0, "response": 20, "net_gain": 14.0}, {"player_id": 1, "response": 20, "net_gain": 14.0}, {"player_id": 2, "response": 0, "net_gain": 34.0}, {"player_id": 3, "response": 10, "net_gain": 24.0}, {"player_id": 4, "response": 20, "net_gain": 14.0}, {"player_id": 5, "response": 20, "net_gain": 14.0}, {"player_id": 6, "response": 20, "net_gain": 14.0}, {"player_id": 7, "response": 20, "net_gain": 14.0}, {"player_id": 8, "response": 20, "net_gain": 14.0}, {"player_id": 9, "response": 20, "net_gain": 14.0}], "total_tokens": 170}, {"responses": [{"player_id": 0, "response": 20, "net_gain": 13.799999999999997}, {"player_id": 1, "response": 19, "net_gain": 14.799999999999997}, {"player_id": 2, "response": 20, "net_gain": 13.799999999999997}, {"player_id": 3, "response": 20, "net_gain": 13.799999999999997}, {"player_id": 4, "response": 20, "net_gain": 13.799999999999997}, {"player_id": 5, "response": 0, "net_gain": 33.8}, {"player_id": 6, "response": 20, "net_gain": 13.799999999999997}, {"player_id": 7, "response": 20, "net_gain": 13.799999999999997}, {"player_id": 8, "response": 20, "net_gain": 13.799999999999997}, {"player_id": 9, "response": 10, "net_gain": 23.799999999999997}], "total_tokens": 169}, {"responses": [{"player_id": 0, "response": 20, "net_gain": 20.0}, {"player_id": 1, "response": 20, "net_gain": 20.0}, {"player_id": 2, "response": 20, "net_gain": 20.0}, {"player_id": 3, "response": 20, "net_gain": 20.0}, {"player_id": 4, "response": 20, "net_gain": 20.0}, {"player_id": 5, "response": 20, "net_gain": 20.0}, {"player_id": 6, "response": 20, "net_gain": 20.0}, {"player_id": 7, "response": 20, "net_gain": 20.0}, {"player_id": 8, "response": 20, "net_gain": 20.0}, {"player_id": 9, "response": 20, "net_gain": 20.0}], "total_tokens": 200}, {"responses": [{"player_id": 0, "response": 20, "net_gain": 20.0}, {"player_id": 1, "response": 20, "net_gain": 20.0}, {"player_id": 2, "response": 20, "net_gain": 20.0}, {"player_id": 3, "response": 20, "net_gain": 20.0}, {"player_id": 4, "response": 20, "net_gain": 20.0}, {"player_id": 5, "response": 20, "net_gain": 20.0}, {"player_id": 6, "response": 20, "net_gain": 20.0}, {"player_id": 7, "response": 20, "net_gain": 20.0}, {"player_id": 8, "response": 20, "net_gain": 20.0}, {"player_id": 9, "response": 20, "net_gain": 20.0}], "total_tokens": 200}, {"responses": [{"player_id": 0, "response": 20, "net_gain": 20.0}, {"player_id": 1, "response": 20, "net_gain": 20.0}, {"player_id": 2, "response": 20, "net_gain": 20.0}, {"player_id": 3, "response": 20, "net_gain": 20.0}, {"player_id": 4, "response": 20, "net_gain": 20.0}, {"player_id": 5, "response": 20, "net_gain": 20.0}, {"player_id": 6, "response": 20, "net_gain": 20.0}, {"player_id": 7, "response": 20, "net_gain": 20.0}, {"player_id": 8, "response": 20, "net_gain": 20.0}, {"player_id": 9, "response": 20, "net_gain": 20.0}], "total_tokens": 200}]}