{"meta": {"name_exp": "public_goods", "player_num": 10, "tokens": 20, "ratio": 2, "version": "v1", "lang_agent": "<jHLiFlg>", "round": 20, "run": 5}, "round_records": [{"responses": [{"player_id": 0, "response": 10, "net_gain": 8.0}, {"player_id": 1, "response": 5, "net_gain": 13.0}, {"player_id": 2, "response": 5, "net_gain": 13.0}, {"player_id": 3, "response": 5, "net_gain": 13.0}, {"player_id": 4, "response": 15, "net_gain": 3.0}, {"player_id": 5, "response": 10, "net_gain": 8.0}, {"player_id": 6, "response": 10, "net_gain": 8.0}, {"player_id": 7, "response": 15, "net_gain": 3.0}, {"player_id": 8, "response": 10, "net_gain": 8.0}, {"player_id": 9, "response": 5, "net_gain": 13.0}], "total_tokens": 90}, {"responses": [{"player_id": 0, "response": 15, "net_gain": 6.0}, {"player_id": 1, "response": 10, "net_gain": 11.0}, {"player_id": 2, "response": 15, "net_gain": 6.0}, {"player_id": 3, "response": 10, "net_gain": 11.0}, {"player_id": 4, "response": 5, "net_gain": 16.0}, {"player_id": 5, "response": 5, "net_gain": 16.0}, {"player_id": 6, "response": 10, "net_gain": 11.0}, {"player_id": 7, "response": 5, "net_gain": 16.0}, {"player_id": 8, "response": 20, "net_gain": 1.0}, {"player_id": 9, "response": 10, "net_gain": 11.0}], "total_tokens": 105}, {"responses": [{"player_id": 0, "response": 18, "net_gain": 10.600000000000001}, {"player_id": 1, "response": 15, "net_gain": 13.600000000000001}, {"player_id": 2, "response": 15, "net_gain": 13.600000000000001}, {"player_id": 3, "response": 15, "net_gain": 13.600000000000001}, {"player_id": 4, "response": 15, "net_gain": 13.600000000000001}, {"player_id": 5, "response": 5, "net_gain": 23.6}, {"player_id": 6, "response": 15, "net_gain": 13.600000000000001}, {"player_id": 7, "response": 10, "net_gain": 18.6}, {"player_id": 8, "response": 20, "net_gain": 8.600000000000001}, {"player_id": 9, "response": 15, "net_gain": 13.600000000000001}], "total_tokens": 143}, {"responses": [{"player_id": 0, "response": 15, "net_gain": 16.2}, {"player_id": 1, "response": 18, "net_gain": 13.2}, {"player_id": 2, "response": 20, "net_gain": 11.2}, {"player_id": 3, "response": 10, "net_gain": 21.2}, {"player_id": 4, "response": 10, "net_gain": 21.2}, {"player_id": 5, "response": 15, "net_gain": 16.2}, {"player_id": 6, "response": 20, "net_gain": 11.2}, {"player_id": 7, "response": 18, "net_gain": 13.2}, {"player_id": 8, "response": 10, "net_gain": 21.2}, {"player_id": 9, "response": 20, "net_gain": 11.2}], "total_tokens": 156}, {"responses": [{"player_id": 0, "response": 15, "net_gain": 17.200000000000003}, {"player_id": 1, "response": 10, "net_gain": 22.200000000000003}, {"player_id": 2, "response": 20, "net_gain": 12.200000000000003}, {"player_id": 3, "response": 18, "net_gain": 14.200000000000003}, {"player_id": 4, "response": 20, "net_gain": 12.200000000000003}, {"player_id": 5, "response": 10, "net_gain": 22.200000000000003}, {"player_id": 6, "response": 18, "net_gain": 14.200000000000003}, {"player_id": 7, "response": 20, "net_gain": 12.200000000000003}, {"player_id": 8, "response": 10, "net_gain": 22.200000000000003}, {"player_id": 9, "response": 20, "net_gain": 12.200000000000003}], "total_tokens": 161}, {"responses": [{"player_id": 0, "response": 20, "net_gain": 13.399999999999999}, {"player_id": 1, "response": 15, "net_gain": 18.4}, {"player_id": 2, "response": 20, "net_gain": 13.399999999999999}, {"player_id": 3, "response": 20, "net_gain": 13.399999999999999}, {"player_id": 4, "response": 12, "net_gain": 21.4}, {"player_id": 5, "response": 20, "net_gain": 13.399999999999999}, {"player_id": 6, "response": 20, "net_gain": 13.399999999999999}, {"player_id": 7, "response": 5, "net_gain": 28.4}, {"player_id": 8, "response": 15, "net_gain": 18.4}, {"player_id": 9, "response": 20, "net_gain": 13.399999999999999}], "total_tokens": 167}, {"responses": [{"player_id": 0, "response": 20, "net_gain": 18.0}, {"player_id": 1, "response": 20, "net_gain": 18.0}, {"player_id": 2, "response": 20, "net_gain": 18.0}, {"player_id": 3, "response": 20, "net_gain": 18.0}, {"player_id": 4, "response": 20, "net_gain": 18.0}, {"player_id": 5, "response": 15, "net_gain": 23.0}, {"player_id": 6, "response": 20, "net_gain": 18.0}, {"player_id": 7, "response": 20, "net_gain": 18.0}, {"player_id": 8, "response": 20, "net_gain": 18.0}, {"player_id": 9, "response": 15, "net_gain": 23.0}], "total_tokens": 190}, {"responses": [{"player_id": 0, "response": 20, "net_gain": 15.0}, {"player_id": 1, "response": 20, "net_gain": 15.0}, {"player_id": 2, "response": 20, "net_gain": 15.0}, {"player_id": 3, "response": 20, "net_gain": 15.0}, {"player_id": 4, "response": 20, "net_gain": 15.0}, {"player_id": 5, "response": 20, "net_gain": 15.0}, {"player_id": 6, "response": 5, "net_gain": 30.0}, {"player_id": 7, "response": 10, "net_gain": 25.0}, {"player_id": 8, "response": 20, "net_gain": 15.0}, {"player_id": 9, "response": 20, "net_gain": 15.0}], "total_tokens": 175}, {"responses": [{"player_id": 0, "response": 5, "net_gain": 27.0}, {"player_id": 1, "response": 20, "net_gain": 12.0}, {"player_id": 2, "response": 20, "net_gain": 12.0}, {"player_id": 3, "response": 20, "net_gain": 12.0}, {"player_id": 4, "response": 20, "net_gain": 12.0}, {"player_id": 5, "response": 5, "net_gain": 27.0}, {"player_id": 6, "response": 20, "net_gain": 12.0}, {"player_id": 7, "response": 20, "net_gain": 12.0}, {"player_id": 8, "response": 10, "net_gain": 22.0}, {"player_id": 9, "response": 20, "net_gain": 12.0}], "total_tokens": 160}, {"responses": [{"player_id": 0, "response": 20, "net_gain": 16.0}, {"player_id": 1, "response": 20, "net_gain": 16.0}, {"player_id": 2, "response": 10, "net_gain": 26.0}, {"player_id": 3, "response": 20, "net_gain": 16.0}, {"player_id": 4, "response": 10, "net_gain": 26.0}, {"player_id": 5, "response": 20, "net_gain": 16.0}, {"player_id": 6, "response": 20, "net_gain": 16.0}, {"player_id": 7, "response": 20, "net_gain": 16.0}, {"player_id": 8, "response": 20, "net_gain": 16.0}, {"player_id": 9, "response": 20, "net_gain": 16.0}], "total_tokens": 180}, {"responses": [{"player_id": 0, "response": 20, "net_gain": 16.0}, {"player_id": 1, "response": 20, "net_gain": 16.0}, {"player_id": 2, "response": 20, "net_gain": 16.0}, {"player_id": 3, "response": 20, "net_gain": 16.0}, {"player_id": 4, "response": 20, "net_gain": 16.0}, {"player_id": 5, "response": 10, "net_gain": 26.0}, {"player_id": 6, "response": 20, "net_gain": 16.0}, {"player_id": 7, "response": 10, "net_gain": 26.0}, {"player_id": 8, "response": 20, "net_gain": 16.0}, {"player_id": 9, "response": 20, "net_gain": 16.0}], "total_tokens": 180}, {"responses": [{"player_id": 0, "response": 20, "net_gain": 12.799999999999997}, {"player_id": 1, "response": 0, "net_gain": 32.8}, {"player_id": 2, "response": 20, "net_gain": 12.799999999999997}, {"player_id": 3, "response": 20, "net_gain": 12.799999999999997}, {"player_id": 4, "response": 20, "net_gain": 12.799999999999997}, {"player_id": 5, "response": 20, "net_gain": 12.799999999999997}, {"player_id": 6, "response": 20, "net_gain": 12.799999999999997}, {"player_id": 7, "response": 19, "net_gain": 13.799999999999997}, {"player_id": 8, "response": 5, "net_gain": 27.799999999999997}, {"player_id": 9, "response": 20, "net_gain": 12.799999999999997}], "total_tokens": 164}, {"responses": [{"player_id": 0, "response": 20, "net_gain": 14.600000000000001}, {"player_id": 1, "response": 19, "net_gain": 15.600000000000001}, {"player_id": 2, "response": 19, "net_gain": 15.600000000000001}, {"player_id": 3, "response": 20, "net_gain": 14.600000000000001}, {"player_id": 4, "response": 0, "net_gain": 34.6}, {"player_id": 5, "response": 20, "net_gain": 14.600000000000001}, {"player_id": 6, "response": 20, "net_gain": 14.600000000000001}, {"player_id": 7, "response": 20, "net_gain": 14.600000000000001}, {"player_id": 8, "response": 20, "net_gain": 14.600000000000001}, {"player_id": 9, "response": 15, "net_gain": 19.6}], "total_tokens": 173}, {"responses": [{"player_id": 0, "response": 20, "net_gain": 16.799999999999997}, {"player_id": 1, "response": 10, "net_gain": 26.799999999999997}, {"player_id": 2, "response": 20, "net_gain": 16.799999999999997}, {"player_id": 3, "response": 15, "net_gain": 21.799999999999997}, {"player_id": 4, "response": 20, "net_gain": 16.799999999999997}, {"player_id": 5, "response": 20, "net_gain": 16.799999999999997}, {"player_id": 6, "response": 20, "net_gain": 16.799999999999997}, {"player_id": 7, "response": 20, "net_gain": 16.799999999999997}, {"player_id": 8, "response": 19, "net_gain": 17.799999999999997}, {"player_id": 9, "response": 20, "net_gain": 16.799999999999997}], "total_tokens": 184}, {"responses": [{"player_id": 0, "response": 20, "net_gain": 14.600000000000001}, {"player_id": 1, "response": 20, "net_gain": 14.600000000000001}, {"player_id": 2, "response": 10, "net_gain": 24.6}, {"player_id": 3, "response": 5, "net_gain": 29.6}, {"player_id": 4, "response": 18, "net_gain": 16.6}, {"player_id": 5, "response": 20, "net_gain": 14.600000000000001}, {"player_id": 6, "response": 20, "net_gain": 14.600000000000001}, {"player_id": 7, "response": 20, "net_gain": 14.600000000000001}, {"player_id": 8, "response": 20, "net_gain": 14.600000000000001}, {"player_id": 9, "response": 20, "net_gain": 14.600000000000001}], "total_tokens": 173}, {"responses": [{"player_id": 0, "response": 20, "net_gain": 11.8}, {"player_id": 1, "response": 20, "net_gain": 11.8}, {"player_id": 2, "response": 20, "net_gain": 11.8}, {"player_id": 3, "response": 20, "net_gain": 11.8}, {"player_id": 4, "response": 20, "net_gain": 11.8}, {"player_id": 5, "response": 19, "net_gain": 12.8}, {"player_id": 6, "response": 20, "net_gain": 11.8}, {"player_id": 7, "response": 20, "net_gain": 11.8}, {"player_id": 8, "response": 0, "net_gain": 31.8}, {"player_id": 9, "response": 0, "net_gain": 31.8}], "total_tokens": 159}, {"responses": [{"player_id": 0, "response": 20, "net_gain": 15.0}, {"player_id": 1, "response": 20, "net_gain": 15.0}, {"player_id": 2, "response": 20, "net_gain": 15.0}, {"player_id": 3, "response": 20, "net_gain": 15.0}, {"player_id": 4, "response": 20, "net_gain": 15.0}, {"player_id": 5, "response": 20, "net_gain": 15.0}, {"player_id": 6, "response": 20, "net_gain": 15.0}, {"player_id": 7, "response": 10, "net_gain": 25.0}, {"player_id": 8, "response": 5, "net_gain": 30.0}, {"player_id": 9, "response": 20, "net_gain": 15.0}], "total_tokens": 175}, {"responses": [{"player_id": 0, "response": 0, "net_gain": 33.4}, {"player_id": 1, "response": 20, "net_gain": 13.399999999999999}, {"player_id": 2, "response": 20, "net_gain": 13.399999999999999}, {"player_id": 3, "response": 10, "net_gain": 23.4}, {"player_id": 4, "response": 20, "net_gain": 13.399999999999999}, {"player_id": 5, "response": 20, "net_gain": 13.399999999999999}, {"player_id": 6, "response": 19, "net_gain": 14.399999999999999}, {"player_id": 7, "response": 20, "net_gain": 13.399999999999999}, {"player_id": 8, "response": 20, "net_gain": 13.399999999999999}, {"player_id": 9, "response": 18, "net_gain": 15.399999999999999}], "total_tokens": 167}, {"responses": [{"player_id": 0, "response": 5, "net_gain": 25.2}, {"player_id": 1, "response": 20, "net_gain": 10.2}, {"player_id": 2, "response": 20, "net_gain": 10.2}, {"player_id": 3, "response": 20, "net_gain": 10.2}, {"player_id": 4, "response": 20, "net_gain": 10.2}, {"player_id": 5, "response": 20, "net_gain": 10.2}, {"player_id": 6, "response": 1, "net_gain": 29.2}, {"player_id": 7, "response": 20, "net_gain": 10.2}, {"player_id": 8, "response": 5, "net_gain": 25.2}, {"player_id": 9, "response": 20, "net_gain": 10.2}], "total_tokens": 151}, {"responses": [{"player_id": 0, "response": 20, "net_gain": 20.0}, {"player_id": 1, "response": 20, "net_gain": 20.0}, {"player_id": 2, "response": 20, "net_gain": 20.0}, {"player_id": 3, "response": 20, "net_gain": 20.0}, {"player_id": 4, "response": 20, "net_gain": 20.0}, {"player_id": 5, "response": 20, "net_gain": 20.0}, {"player_id": 6, "response": 20, "net_gain": 20.0}, {"player_id": 7, "response": 20, "net_gain": 20.0}, {"player_id": 8, "response": 20, "net_gain": 20.0}, {"player_id": 9, "response": 20, "net_gain": 20.0}], "total_tokens": 200}]}