{"meta": {"name_exp": "public_goods", "player_num": 10, "tokens": 20, "ratio": 2, "version": "v1", "lang_agent": "<JLI84K7>", "round": 20, "run": 5}, "round_records": [{"responses": [{"player_id": 0, "response": 10, "net_gain": 2.5999999999999996}, {"player_id": 1, "response": 0, "net_gain": 12.6}, {"player_id": 2, "response": 10, "net_gain": 2.5999999999999996}, {"player_id": 3, "response": 1, "net_gain": 11.6}, {"player_id": 4, "response": 10, "net_gain": 2.5999999999999996}, {"player_id": 5, "response": 5, "net_gain": 7.6}, {"player_id": 6, "response": 10, "net_gain": 2.5999999999999996}, {"player_id": 7, "response": 15, "net_gain": -2.4000000000000004}, {"player_id": 8, "response": 0, "net_gain": 12.6}, {"player_id": 9, "response": 2, "net_gain": 10.6}], "total_tokens": 63}, {"responses": [{"player_id": 0, "response": 5, "net_gain": 9.2}, {"player_id": 1, "response": 10, "net_gain": 4.199999999999999}, {"player_id": 2, "response": 10, "net_gain": 4.199999999999999}, {"player_id": 3, "response": 10, "net_gain": 4.199999999999999}, {"player_id": 4, "response": 1, "net_gain": 13.2}, {"player_id": 5, "response": 5, "net_gain": 9.2}, {"player_id": 6, "response": 10, "net_gain": 4.199999999999999}, {"player_id": 7, "response": 10, "net_gain": 4.199999999999999}, {"player_id": 8, "response": 0, "net_gain": 14.2}, {"player_id": 9, "response": 10, "net_gain": 4.199999999999999}], "total_tokens": 71}, {"responses": [{"player_id": 0, "response": 1, "net_gain": 8.8}, {"player_id": 1, "response": 10, "net_gain": -0.1999999999999993}, {"player_id": 2, "response": 5, "net_gain": 4.800000000000001}, {"player_id": 3, "response": 1, "net_gain": 8.8}, {"player_id": 4, "response": 10, "net_gain": -0.1999999999999993}, {"player_id": 5, "response": 7, "net_gain": 2.8000000000000007}, {"player_id": 6, "response": 5, "net_gain": 4.800000000000001}, {"player_id": 7, "response": 10, "net_gain": -0.1999999999999993}, {"player_id": 8, "response": 0, "net_gain": 9.8}, {"player_id": 9, "response": 0, "net_gain": 9.8}], "total_tokens": 49}, {"responses": [{"player_id": 0, "response": 3, "net_gain": 12.6}, {"player_id": 1, "response": 10, "net_gain": 5.6}, {"player_id": 2, "response": 10, "net_gain": 5.6}, {"player_id": 3, "response": 10, "net_gain": 5.6}, {"player_id": 4, "response": 5, "net_gain": 10.6}, {"player_id": 5, "response": 10, "net_gain": 5.6}, {"player_id": 6, "response": 10, "net_gain": 5.6}, {"player_id": 7, "response": 10, "net_gain": 5.6}, {"player_id": 8, "response": 0, "net_gain": 15.6}, {"player_id": 9, "response": 10, "net_gain": 5.6}], "total_tokens": 78}, {"responses": [{"player_id": 0, "response": 1, "net_gain": 9.6}, {"player_id": 1, "response": 10, "net_gain": 0.5999999999999996}, {"player_id": 2, "response": 1, "net_gain": 9.6}, {"player_id": 3, "response": 5, "net_gain": 5.6}, {"player_id": 4, "response": 10, "net_gain": 0.5999999999999996}, {"player_id": 5, "response": 5, "net_gain": 5.6}, {"player_id": 6, "response": 10, "net_gain": 0.5999999999999996}, {"player_id": 7, "response": 10, "net_gain": 0.5999999999999996}, {"player_id": 8, "response": 0, "net_gain": 10.6}, {"player_id": 9, "response": 1, "net_gain": 9.6}], "total_tokens": 53}, {"responses": [{"player_id": 0, "response": 5, "net_gain": 6.0}, {"player_id": 1, "response": 0, "net_gain": 11.0}, {"player_id": 2, "response": 10, "net_gain": 1.0}, {"player_id": 3, "response": 10, "net_gain": 1.0}, {"player_id": 4, "response": 0, "net_gain": 11.0}, {"player_id": 5, "response": 0, "net_gain": 11.0}, {"player_id": 6, "response": 10, "net_gain": 1.0}, {"player_id": 7, "response": 10, "net_gain": 1.0}, {"player_id": 8, "response": 0, "net_gain": 11.0}, {"player_id": 9, "response": 10, "net_gain": 1.0}], "total_tokens": 55}, {"responses": [{"player_id": 0, "response": 0, "net_gain": 11.2}, {"player_id": 1, "response": 10, "net_gain": 1.1999999999999993}, {"player_id": 2, "response": 10, "net_gain": 1.1999999999999993}, {"player_id": 3, "response": 10, "net_gain": 1.1999999999999993}, {"player_id": 4, "response": 1, "net_gain": 10.2}, {"player_id": 5, "response": 10, "net_gain": 1.1999999999999993}, {"player_id": 6, "response": 10, "net_gain": 1.1999999999999993}, {"player_id": 7, "response": 5, "net_gain": 6.199999999999999}, {"player_id": 8, "response": 0, "net_gain": 11.2}, {"player_id": 9, "response": 0, "net_gain": 11.2}], "total_tokens": 56}, {"responses": [{"player_id": 0, "response": 10, "net_gain": 2.1999999999999993}, {"player_id": 1, "response": 0, "net_gain": 12.2}, {"player_id": 2, "response": 1, "net_gain": 11.2}, {"player_id": 3, "response": 10, "net_gain": 2.1999999999999993}, {"player_id": 4, "response": 10, "net_gain": 2.1999999999999993}, {"player_id": 5, "response": 0, "net_gain": 12.2}, {"player_id": 6, "response": 10, "net_gain": 2.1999999999999993}, {"player_id": 7, "response": 10, "net_gain": 2.1999999999999993}, {"player_id": 8, "response": 0, "net_gain": 12.2}, {"player_id": 9, "response": 10, "net_gain": 2.1999999999999993}], "total_tokens": 61}, {"responses": [{"player_id": 0, "response": 1, "net_gain": 9.8}, {"player_id": 1, "response": 10, "net_gain": 0.8000000000000007}, {"player_id": 2, "response": 10, "net_gain": 0.8000000000000007}, {"player_id": 3, "response": 1, "net_gain": 9.8}, {"player_id": 4, "response": 10, "net_gain": 0.8000000000000007}, {"player_id": 5, "response": 10, "net_gain": 0.8000000000000007}, {"player_id": 6, "response": 1, "net_gain": 9.8}, {"player_id": 7, "response": 10, "net_gain": 0.8000000000000007}, {"player_id": 8, "response": 0, "net_gain": 10.8}, {"player_id": 9, "response": 1, "net_gain": 9.8}], "total_tokens": 54}, {"responses": [{"player_id": 0, "response": 5, "net_gain": 6.4}, {"player_id": 1, "response": 0, "net_gain": 11.4}, {"player_id": 2, "response": 10, "net_gain": 1.4000000000000004}, {"player_id": 3, "response": 10, "net_gain": 1.4000000000000004}, {"player_id": 4, "response": 1, "net_gain": 10.4}, {"player_id": 5, "response": 1, "net_gain": 10.4}, {"player_id": 6, "response": 10, "net_gain": 1.4000000000000004}, {"player_id": 7, "response": 10, "net_gain": 1.4000000000000004}, {"player_id": 8, "response": 0, "net_gain": 11.4}, {"player_id": 9, "response": 10, "net_gain": 1.4000000000000004}], "total_tokens": 57}, {"responses": [{"player_id": 0, "response": 10, "net_gain": -1.1999999999999993}, {"player_id": 1, "response": 10, "net_gain": -1.1999999999999993}, {"player_id": 2, "response": 1, "net_gain": 7.800000000000001}, {"player_id": 3, "response": 1, "net_gain": 7.800000000000001}, {"player_id": 4, "response": 0, "net_gain": 8.8}, {"player_id": 5, "response": 10, "net_gain": -1.1999999999999993}, {"player_id": 6, "response": 1, "net_gain": 7.800000000000001}, {"player_id": 7, "response": 10, "net_gain": -1.1999999999999993}, {"player_id": 8, "response": 0, "net_gain": 8.8}, {"player_id": 9, "response": 1, "net_gain": 7.800000000000001}], "total_tokens": 44}, {"responses": [{"player_id": 0, "response": 1, "net_gain": 5.6}, {"player_id": 1, "response": 0, "net_gain": 6.6}, {"player_id": 2, "response": 10, "net_gain": -3.4000000000000004}, {"player_id": 3, "response": 1, "net_gain": 5.6}, {"player_id": 4, "response": 0, "net_gain": 6.6}, {"player_id": 5, "response": 0, "net_gain": 6.6}, {"player_id": 6, "response": 10, "net_gain": -3.4000000000000004}, {"player_id": 7, "response": 1, "net_gain": 5.6}, {"player_id": 8, "response": 0, "net_gain": 6.6}, {"player_id": 9, "response": 10, "net_gain": -3.4000000000000004}], "total_tokens": 33}, {"responses": [{"player_id": 0, "response": 1, "net_gain": 10.4}, {"player_id": 1, "response": 10, "net_gain": 1.4000000000000004}, {"player_id": 2, "response": 10, "net_gain": 1.4000000000000004}, {"player_id": 3, "response": 1, "net_gain": 10.4}, {"player_id": 4, "response": 10, "net_gain": 1.4000000000000004}, {"player_id": 5, "response": 10, "net_gain": 1.4000000000000004}, {"player_id": 6, "response": 5, "net_gain": 6.4}, {"player_id": 7, "response": 10, "net_gain": 1.4000000000000004}, {"player_id": 8, "response": 0, "net_gain": 11.4}, {"player_id": 9, "response": 0, "net_gain": 11.4}], "total_tokens": 57}, {"responses": [{"player_id": 0, "response": 10, "net_gain": 2.4000000000000004}, {"player_id": 1, "response": 10, "net_gain": 2.4000000000000004}, {"player_id": 2, "response": 5, "net_gain": 7.4}, {"player_id": 3, "response": 10, "net_gain": 2.4000000000000004}, {"player_id": 4, "response": 1, "net_gain": 11.4}, {"player_id": 5, "response": 1, "net_gain": 11.4}, {"player_id": 6, "response": 10, "net_gain": 2.4000000000000004}, {"player_id": 7, "response": 5, "net_gain": 7.4}, {"player_id": 8, "response": 0, "net_gain": 12.4}, {"player_id": 9, "response": 10, "net_gain": 2.4000000000000004}], "total_tokens": 62}, {"responses": [{"player_id": 0, "response": 5, "net_gain": 8.4}, {"player_id": 1, "response": 10, "net_gain": 3.4000000000000004}, {"player_id": 2, "response": 10, "net_gain": 3.4000000000000004}, {"player_id": 3, "response": 1, "net_gain": 12.4}, {"player_id": 4, "response": 10, "net_gain": 3.4000000000000004}, {"player_id": 5, "response": 1, "net_gain": 12.4}, {"player_id": 6, "response": 10, "net_gain": 3.4000000000000004}, {"player_id": 7, "response": 10, "net_gain": 3.4000000000000004}, {"player_id": 8, "response": 0, "net_gain": 13.4}, {"player_id": 9, "response": 10, "net_gain": 3.4000000000000004}], "total_tokens": 67}, {"responses": [{"player_id": 0, "response": 10, "net_gain": 2.5999999999999996}, {"player_id": 1, "response": 10, "net_gain": 2.5999999999999996}, {"player_id": 2, "response": 10, "net_gain": 2.5999999999999996}, {"player_id": 3, "response": 10, "net_gain": 2.5999999999999996}, {"player_id": 4, "response": 1, "net_gain": 11.6}, {"player_id": 5, "response": 10, "net_gain": 2.5999999999999996}, {"player_id": 6, "response": 1, "net_gain": 11.6}, {"player_id": 7, "response": 10, "net_gain": 2.5999999999999996}, {"player_id": 8, "response": 0, "net_gain": 12.6}, {"player_id": 9, "response": 1, "net_gain": 11.6}], "total_tokens": 63}, {"responses": [{"player_id": 0, "response": 1, "net_gain": 11.4}, {"player_id": 1, "response": 10, "net_gain": 2.4000000000000004}, {"player_id": 2, "response": 10, "net_gain": 2.4000000000000004}, {"player_id": 3, "response": 10, "net_gain": 2.4000000000000004}, {"player_id": 4, "response": 10, "net_gain": 2.4000000000000004}, {"player_id": 5, "response": 0, "net_gain": 12.4}, {"player_id": 6, "response": 1, "net_gain": 11.4}, {"player_id": 7, "response": 10, "net_gain": 2.4000000000000004}, {"player_id": 8, "response": 0, "net_gain": 12.4}, {"player_id": 9, "response": 10, "net_gain": 2.4000000000000004}], "total_tokens": 62}, {"responses": [{"player_id": 0, "response": 10, "net_gain": 3.1999999999999993}, {"player_id": 1, "response": 10, "net_gain": 3.1999999999999993}, {"player_id": 2, "response": 10, "net_gain": 3.1999999999999993}, {"player_id": 3, "response": 1, "net_gain": 12.2}, {"player_id": 4, "response": 10, "net_gain": 3.1999999999999993}, {"player_id": 5, "response": 10, "net_gain": 3.1999999999999993}, {"player_id": 6, "response": 0, "net_gain": 13.2}, {"player_id": 7, "response": 5, "net_gain": 8.2}, {"player_id": 8, "response": 0, "net_gain": 13.2}, {"player_id": 9, "response": 10, "net_gain": 3.1999999999999993}], "total_tokens": 66}, {"responses": [{"player_id": 0, "response": 10, "net_gain": 6.199999999999999}, {"player_id": 1, "response": 10, "net_gain": 6.199999999999999}, {"player_id": 2, "response": 10, "net_gain": 6.199999999999999}, {"player_id": 3, "response": 1, "net_gain": 15.2}, {"player_id": 4, "response": 10, "net_gain": 6.199999999999999}, {"player_id": 5, "response": 10, "net_gain": 6.199999999999999}, {"player_id": 6, "response": 10, "net_gain": 6.199999999999999}, {"player_id": 7, "response": 10, "net_gain": 6.199999999999999}, {"player_id": 8, "response": 0, "net_gain": 16.2}, {"player_id": 9, "response": 10, "net_gain": 6.199999999999999}], "total_tokens": 81}, {"responses": [{"player_id": 0, "response": 1, "net_gain": 11.6}, {"player_id": 1, "response": 10, "net_gain": 2.5999999999999996}, {"player_id": 2, "response": 10, "net_gain": 2.5999999999999996}, {"player_id": 3, "response": 1, "net_gain": 11.6}, {"player_id": 4, "response": 10, "net_gain": 2.5999999999999996}, {"player_id": 5, "response": 1, "net_gain": 11.6}, {"player_id": 6, "response": 10, "net_gain": 2.5999999999999996}, {"player_id": 7, "response": 10, "net_gain": 2.5999999999999996}, {"player_id": 8, "response": 0, "net_gain": 12.6}, {"player_id": 9, "response": 10, "net_gain": 2.5999999999999996}], "total_tokens": 63}]}