{"meta": {"name_exp": "public_goods", "player_num": 10, "tokens": 20, "ratio": 2, "version": "v1", "lang_agent": "<JLI84K7>", "round": 20, "run": 3}, "round_records": [{"responses": [{"player_id": 0, "response": 8, "net_gain": 5.6}, {"player_id": 1, "response": 5, "net_gain": 8.6}, {"player_id": 2, "response": 5, "net_gain": 8.6}, {"player_id": 3, "response": 0, "net_gain": 13.6}, {"player_id": 4, "response": 10, "net_gain": 3.5999999999999996}, {"player_id": 5, "response": 0, "net_gain": 13.6}, {"player_id": 6, "response": 10, "net_gain": 3.5999999999999996}, {"player_id": 7, "response": 10, "net_gain": 3.5999999999999996}, {"player_id": 8, "response": 10, "net_gain": 3.5999999999999996}, {"player_id": 9, "response": 10, "net_gain": 3.5999999999999996}], "total_tokens": 68}, {"responses": [{"player_id": 0, "response": 10, "net_gain": 10.2}, {"player_id": 1, "response": 10, "net_gain": 10.2}, {"player_id": 2, "response": 8, "net_gain": 12.2}, {"player_id": 3, "response": 10, "net_gain": 10.2}, {"player_id": 4, "response": 8, "net_gain": 12.2}, {"player_id": 5, "response": 15, "net_gain": 5.199999999999999}, {"player_id": 6, "response": 10, "net_gain": 10.2}, {"player_id": 7, "response": 10, "net_gain": 10.2}, {"player_id": 8, "response": 10, "net_gain": 10.2}, {"player_id": 9, "response": 10, "net_gain": 10.2}], "total_tokens": 101}, {"responses": [{"player_id": 0, "response": 8, "net_gain": 8.8}, {"player_id": 1, "response": 8, "net_gain": 8.8}, {"player_id": 2, "response": 10, "net_gain": 6.800000000000001}, {"player_id": 3, "response": 10, "net_gain": 6.800000000000001}, {"player_id": 4, "response": 10, "net_gain": 6.800000000000001}, {"player_id": 5, "response": 5, "net_gain": 11.8}, {"player_id": 6, "response": 5, "net_gain": 11.8}, {"player_id": 7, "response": 10, "net_gain": 6.800000000000001}, {"player_id": 8, "response": 10, "net_gain": 6.800000000000001}, {"player_id": 9, "response": 8, "net_gain": 8.8}], "total_tokens": 84}, {"responses": [{"player_id": 0, "response": 10, "net_gain": 7.0}, {"player_id": 1, "response": 10, "net_gain": 7.0}, {"player_id": 2, "response": 0, "net_gain": 17.0}, {"player_id": 3, "response": 5, "net_gain": 12.0}, {"player_id": 4, "response": 5, "net_gain": 12.0}, {"player_id": 5, "response": 15, "net_gain": 2.0}, {"player_id": 6, "response": 10, "net_gain": 7.0}, {"player_id": 7, "response": 10, "net_gain": 7.0}, {"player_id": 8, "response": 10, "net_gain": 7.0}, {"player_id": 9, "response": 10, "net_gain": 7.0}], "total_tokens": 85}, {"responses": [{"player_id": 0, "response": 10, "net_gain": 4.6}, {"player_id": 1, "response": 0, "net_gain": 14.6}, {"player_id": 2, "response": 8, "net_gain": 6.6}, {"player_id": 3, "response": 10, "net_gain": 4.6}, {"player_id": 4, "response": 10, "net_gain": 4.6}, {"player_id": 5, "response": 10, "net_gain": 4.6}, {"player_id": 6, "response": 0, "net_gain": 14.6}, {"player_id": 7, "response": 10, "net_gain": 4.6}, {"player_id": 8, "response": 10, "net_gain": 4.6}, {"player_id": 9, "response": 5, "net_gain": 9.6}], "total_tokens": 73}, {"responses": [{"player_id": 0, "response": 10, "net_gain": 7.0}, {"player_id": 1, "response": 10, "net_gain": 7.0}, {"player_id": 2, "response": 5, "net_gain": 12.0}, {"player_id": 3, "response": 10, "net_gain": 7.0}, {"player_id": 4, "response": 10, "net_gain": 7.0}, {"player_id": 5, "response": 0, "net_gain": 17.0}, {"player_id": 6, "response": 10, "net_gain": 7.0}, {"player_id": 7, "response": 10, "net_gain": 7.0}, {"player_id": 8, "response": 10, "net_gain": 7.0}, {"player_id": 9, "response": 10, "net_gain": 7.0}], "total_tokens": 85}, {"responses": [{"player_id": 0, "response": 10, "net_gain": 10.0}, {"player_id": 1, "response": 10, "net_gain": 10.0}, {"player_id": 2, "response": 10, "net_gain": 10.0}, {"player_id": 3, "response": 10, "net_gain": 10.0}, {"player_id": 4, "response": 10, "net_gain": 10.0}, {"player_id": 5, "response": 10, "net_gain": 10.0}, {"player_id": 6, "response": 10, "net_gain": 10.0}, {"player_id": 7, "response": 10, "net_gain": 10.0}, {"player_id": 8, "response": 10, "net_gain": 10.0}, {"player_id": 9, "response": 10, "net_gain": 10.0}], "total_tokens": 100}, {"responses": [{"player_id": 0, "response": 10, "net_gain": 11.0}, {"player_id": 1, "response": 10, "net_gain": 11.0}, {"player_id": 2, "response": 10, "net_gain": 11.0}, {"player_id": 3, "response": 10, "net_gain": 11.0}, {"player_id": 4, "response": 10, "net_gain": 11.0}, {"player_id": 5, "response": 10, "net_gain": 11.0}, {"player_id": 6, "response": 10, "net_gain": 11.0}, {"player_id": 7, "response": 10, "net_gain": 11.0}, {"player_id": 8, "response": 15, "net_gain": 6.0}, {"player_id": 9, "response": 10, "net_gain": 11.0}], "total_tokens": 105}, {"responses": [{"player_id": 0, "response": 10, "net_gain": 9.0}, {"player_id": 1, "response": 10, "net_gain": 9.0}, {"player_id": 2, "response": 10, "net_gain": 9.0}, {"player_id": 3, "response": 10, "net_gain": 9.0}, {"player_id": 4, "response": 5, "net_gain": 14.0}, {"player_id": 5, "response": 10, "net_gain": 9.0}, {"player_id": 6, "response": 10, "net_gain": 9.0}, {"player_id": 7, "response": 10, "net_gain": 9.0}, {"player_id": 8, "response": 10, "net_gain": 9.0}, {"player_id": 9, "response": 10, "net_gain": 9.0}], "total_tokens": 95}, {"responses": [{"player_id": 0, "response": 10, "net_gain": 5.4}, {"player_id": 1, "response": 10, "net_gain": 5.4}, {"player_id": 2, "response": 10, "net_gain": 5.4}, {"player_id": 3, "response": 1, "net_gain": 14.4}, {"player_id": 4, "response": 1, "net_gain": 14.4}, {"player_id": 5, "response": 5, "net_gain": 10.4}, {"player_id": 6, "response": 10, "net_gain": 5.4}, {"player_id": 7, "response": 10, "net_gain": 5.4}, {"player_id": 8, "response": 10, "net_gain": 5.4}, {"player_id": 9, "response": 10, "net_gain": 5.4}], "total_tokens": 77}, {"responses": [{"player_id": 0, "response": 10, "net_gain": 5.6}, {"player_id": 1, "response": 10, "net_gain": 5.6}, {"player_id": 2, "response": 10, "net_gain": 5.6}, {"player_id": 3, "response": 10, "net_gain": 5.6}, {"player_id": 4, "response": 8, "net_gain": 7.6}, {"player_id": 5, "response": 0, "net_gain": 15.6}, {"player_id": 6, "response": 5, "net_gain": 10.6}, {"player_id": 7, "response": 10, "net_gain": 5.6}, {"player_id": 8, "response": 10, "net_gain": 5.6}, {"player_id": 9, "response": 5, "net_gain": 10.6}], "total_tokens": 78}, {"responses": [{"player_id": 0, "response": 10, "net_gain": 6.600000000000001}, {"player_id": 1, "response": 0, "net_gain": 16.6}, {"player_id": 2, "response": 8, "net_gain": 8.600000000000001}, {"player_id": 3, "response": 10, "net_gain": 6.600000000000001}, {"player_id": 4, "response": 5, "net_gain": 11.600000000000001}, {"player_id": 5, "response": 10, "net_gain": 6.600000000000001}, {"player_id": 6, "response": 10, "net_gain": 6.600000000000001}, {"player_id": 7, "response": 10, "net_gain": 6.600000000000001}, {"player_id": 8, "response": 10, "net_gain": 6.600000000000001}, {"player_id": 9, "response": 10, "net_gain": 6.600000000000001}], "total_tokens": 83}, {"responses": [{"player_id": 0, "response": 10, "net_gain": 9.0}, {"player_id": 1, "response": 10, "net_gain": 9.0}, {"player_id": 2, "response": 10, "net_gain": 9.0}, {"player_id": 3, "response": 10, "net_gain": 9.0}, {"player_id": 4, "response": 10, "net_gain": 9.0}, {"player_id": 5, "response": 5, "net_gain": 14.0}, {"player_id": 6, "response": 10, "net_gain": 9.0}, {"player_id": 7, "response": 10, "net_gain": 9.0}, {"player_id": 8, "response": 10, "net_gain": 9.0}, {"player_id": 9, "response": 10, "net_gain": 9.0}], "total_tokens": 95}, {"responses": [{"player_id": 0, "response": 10, "net_gain": 7.0}, {"player_id": 1, "response": 10, "net_gain": 7.0}, {"player_id": 2, "response": 10, "net_gain": 7.0}, {"player_id": 3, "response": 10, "net_gain": 7.0}, {"player_id": 4, "response": 5, "net_gain": 12.0}, {"player_id": 5, "response": 5, "net_gain": 12.0}, {"player_id": 6, "response": 10, "net_gain": 7.0}, {"player_id": 7, "response": 10, "net_gain": 7.0}, {"player_id": 8, "response": 10, "net_gain": 7.0}, {"player_id": 9, "response": 5, "net_gain": 12.0}], "total_tokens": 85}, {"responses": [{"player_id": 0, "response": 10, "net_gain": 8.0}, {"player_id": 1, "response": 10, "net_gain": 8.0}, {"player_id": 2, "response": 10, "net_gain": 8.0}, {"player_id": 3, "response": 10, "net_gain": 8.0}, {"player_id": 4, "response": 5, "net_gain": 13.0}, {"player_id": 5, "response": 10, "net_gain": 8.0}, {"player_id": 6, "response": 5, "net_gain": 13.0}, {"player_id": 7, "response": 10, "net_gain": 8.0}, {"player_id": 8, "response": 10, "net_gain": 8.0}, {"player_id": 9, "response": 10, "net_gain": 8.0}], "total_tokens": 90}, {"responses": [{"player_id": 0, "response": 10, "net_gain": 4.4}, {"player_id": 1, "response": 10, "net_gain": 4.4}, {"player_id": 2, "response": 5, "net_gain": 9.4}, {"player_id": 3, "response": 10, "net_gain": 4.4}, {"player_id": 4, "response": 1, "net_gain": 13.4}, {"player_id": 5, "response": 5, "net_gain": 9.4}, {"player_id": 6, "response": 10, "net_gain": 4.4}, {"player_id": 7, "response": 10, "net_gain": 4.4}, {"player_id": 8, "response": 10, "net_gain": 4.4}, {"player_id": 9, "response": 1, "net_gain": 13.4}], "total_tokens": 72}, {"responses": [{"player_id": 0, "response": 10, "net_gain": 8.0}, {"player_id": 1, "response": 10, "net_gain": 8.0}, {"player_id": 2, "response": 10, "net_gain": 8.0}, {"player_id": 3, "response": 5, "net_gain": 13.0}, {"player_id": 4, "response": 10, "net_gain": 8.0}, {"player_id": 5, "response": 15, "net_gain": 3.0}, {"player_id": 6, "response": 5, "net_gain": 13.0}, {"player_id": 7, "response": 10, "net_gain": 8.0}, {"player_id": 8, "response": 5, "net_gain": 13.0}, {"player_id": 9, "response": 10, "net_gain": 8.0}], "total_tokens": 90}, {"responses": [{"player_id": 0, "response": 10, "net_gain": 8.2}, {"player_id": 1, "response": 10, "net_gain": 8.2}, {"player_id": 2, "response": 10, "net_gain": 8.2}, {"player_id": 3, "response": 10, "net_gain": 8.2}, {"player_id": 4, "response": 10, "net_gain": 8.2}, {"player_id": 5, "response": 10, "net_gain": 8.2}, {"player_id": 6, "response": 10, "net_gain": 8.2}, {"player_id": 7, "response": 10, "net_gain": 8.2}, {"player_id": 8, "response": 10, "net_gain": 8.2}, {"player_id": 9, "response": 1, "net_gain": 17.2}], "total_tokens": 91}, {"responses": [{"player_id": 0, "response": 10, "net_gain": 6.199999999999999}, {"player_id": 1, "response": 10, "net_gain": 6.199999999999999}, {"player_id": 2, "response": 0, "net_gain": 16.2}, {"player_id": 3, "response": 10, "net_gain": 6.199999999999999}, {"player_id": 4, "response": 10, "net_gain": 6.199999999999999}, {"player_id": 5, "response": 1, "net_gain": 15.2}, {"player_id": 6, "response": 10, "net_gain": 6.199999999999999}, {"player_id": 7, "response": 10, "net_gain": 6.199999999999999}, {"player_id": 8, "response": 10, "net_gain": 6.199999999999999}, {"player_id": 9, "response": 10, "net_gain": 6.199999999999999}], "total_tokens": 81}, {"responses": [{"player_id": 0, "response": 10, "net_gain": 12.0}, {"player_id": 1, "response": 10, "net_gain": 12.0}, {"player_id": 2, "response": 10, "net_gain": 12.0}, {"player_id": 3, "response": 10, "net_gain": 12.0}, {"player_id": 4, "response": 10, "net_gain": 12.0}, {"player_id": 5, "response": 20, "net_gain": 2.0}, {"player_id": 6, "response": 10, "net_gain": 12.0}, {"player_id": 7, "response": 10, "net_gain": 12.0}, {"player_id": 8, "response": 10, "net_gain": 12.0}, {"player_id": 9, "response": 10, "net_gain": 12.0}], "total_tokens": 110}]}