{"meta": {"name_exp": "public_goods", "player_num": 10, "tokens": 20, "ratio": 2, "version": "v1", "lang_agent": "<JLI84K7>", "round": 20, "run": 2}, "round_records": [{"responses": [{"player_id": 0, "response": 4, "net_gain": 7.4}, {"player_id": 1, "response": 4, "net_gain": 7.4}, {"player_id": 2, "response": 20, "net_gain": -8.6}, {"player_id": 3, "response": 1, "net_gain": 10.4}, {"player_id": 4, "response": 10, "net_gain": 1.4000000000000004}, {"player_id": 5, "response": 6, "net_gain": 5.4}, {"player_id": 6, "response": 10, "net_gain": 1.4000000000000004}, {"player_id": 7, "response": 2, "net_gain": 9.4}, {"player_id": 8, "response": 0, "net_gain": 11.4}, {"player_id": 9, "response": 0, "net_gain": 11.4}], "total_tokens": 57}, {"responses": [{"player_id": 0, "response": 1, "net_gain": 13.4}, {"player_id": 1, "response": 10, "net_gain": 4.4}, {"player_id": 2, "response": 10, "net_gain": 4.4}, {"player_id": 3, "response": 15, "net_gain": -0.5999999999999996}, {"player_id": 4, "response": 10, "net_gain": 4.4}, {"player_id": 5, "response": 6, "net_gain": 8.4}, {"player_id": 6, "response": 10, "net_gain": 4.4}, {"player_id": 7, "response": 9, "net_gain": 5.4}, {"player_id": 8, "response": 1, "net_gain": 13.4}, {"player_id": 9, "response": 0, "net_gain": 14.4}], "total_tokens": 72}, {"responses": [{"player_id": 0, "response": 12, "net_gain": 1.0}, {"player_id": 1, "response": 1, "net_gain": 12.0}, {"player_id": 2, "response": 10, "net_gain": 3.0}, {"player_id": 3, "response": 10, "net_gain": 3.0}, {"player_id": 4, "response": 10, "net_gain": 3.0}, {"player_id": 5, "response": 10, "net_gain": 3.0}, {"player_id": 6, "response": 10, "net_gain": 3.0}, {"player_id": 7, "response": 1, "net_gain": 12.0}, {"player_id": 8, "response": 1, "net_gain": 12.0}, {"player_id": 9, "response": 0, "net_gain": 13.0}], "total_tokens": 65}, {"responses": [{"player_id": 0, "response": 1, "net_gain": 10.2}, {"player_id": 1, "response": 10, "net_gain": 1.1999999999999993}, {"player_id": 2, "response": 5, "net_gain": 6.199999999999999}, {"player_id": 3, "response": 10, "net_gain": 1.1999999999999993}, {"player_id": 4, "response": 10, "net_gain": 1.1999999999999993}, {"player_id": 5, "response": 10, "net_gain": 1.1999999999999993}, {"player_id": 6, "response": 5, "net_gain": 6.199999999999999}, {"player_id": 7, "response": 4, "net_gain": 7.199999999999999}, {"player_id": 8, "response": 1, "net_gain": 10.2}, {"player_id": 9, "response": 0, "net_gain": 11.2}], "total_tokens": 56}, {"responses": [{"player_id": 0, "response": 1, "net_gain": 6.6}, {"player_id": 1, "response": 1, "net_gain": 6.6}, {"player_id": 2, "response": 1, "net_gain": 6.6}, {"player_id": 3, "response": 1, "net_gain": 6.6}, {"player_id": 4, "response": 10, "net_gain": -2.4000000000000004}, {"player_id": 5, "response": 6, "net_gain": 1.5999999999999996}, {"player_id": 6, "response": 10, "net_gain": -2.4000000000000004}, {"player_id": 7, "response": 7, "net_gain": 0.5999999999999996}, {"player_id": 8, "response": 1, "net_gain": 6.6}, {"player_id": 9, "response": 0, "net_gain": 7.6}], "total_tokens": 38}, {"responses": [{"player_id": 0, "response": 1, "net_gain": 4.6}, {"player_id": 1, "response": 1, "net_gain": 4.6}, {"player_id": 2, "response": 0, "net_gain": 5.6}, {"player_id": 3, "response": 10, "net_gain": -4.4}, {"player_id": 4, "response": 0, "net_gain": 5.6}, {"player_id": 5, "response": 1, "net_gain": 4.6}, {"player_id": 6, "response": 5, "net_gain": 0.5999999999999996}, {"player_id": 7, "response": 10, "net_gain": -4.4}, {"player_id": 8, "response": 0, "net_gain": 5.6}, {"player_id": 9, "response": 0, "net_gain": 5.6}], "total_tokens": 28}, {"responses": [{"player_id": 0, "response": 1, "net_gain": 7.199999999999999}, {"player_id": 1, "response": 10, "net_gain": -1.8000000000000007}, {"player_id": 2, "response": 0, "net_gain": 8.2}, {"player_id": 3, "response": 0, "net_gain": 8.2}, {"player_id": 4, "response": 10, "net_gain": -1.8000000000000007}, {"player_id": 5, "response": 4, "net_gain": 4.199999999999999}, {"player_id": 6, "response": 10, "net_gain": -1.8000000000000007}, {"player_id": 7, "response": 5, "net_gain": 3.1999999999999993}, {"player_id": 8, "response": 1, "net_gain": 7.199999999999999}, {"player_id": 9, "response": 0, "net_gain": 8.2}], "total_tokens": 41}, {"responses": [{"player_id": 0, "response": 1, "net_gain": 8.4}, {"player_id": 1, "response": 1, "net_gain": 8.4}, {"player_id": 2, "response": 10, "net_gain": -0.5999999999999996}, {"player_id": 3, "response": 8, "net_gain": 1.4000000000000004}, {"player_id": 4, "response": 0, "net_gain": 9.4}, {"player_id": 5, "response": 6, "net_gain": 3.4000000000000004}, {"player_id": 6, "response": 10, "net_gain": -0.5999999999999996}, {"player_id": 7, "response": 10, "net_gain": -0.5999999999999996}, {"player_id": 8, "response": 1, "net_gain": 8.4}, {"player_id": 9, "response": 0, "net_gain": 9.4}], "total_tokens": 47}, {"responses": [{"player_id": 0, "response": 1, "net_gain": 7.4}, {"player_id": 1, "response": 10, "net_gain": -1.5999999999999996}, {"player_id": 2, "response": 5, "net_gain": 3.4000000000000004}, {"player_id": 3, "response": 1, "net_gain": 7.4}, {"player_id": 4, "response": 10, "net_gain": -1.5999999999999996}, {"player_id": 5, "response": 4, "net_gain": 4.4}, {"player_id": 6, "response": 10, "net_gain": -1.5999999999999996}, {"player_id": 7, "response": 0, "net_gain": 8.4}, {"player_id": 8, "response": 1, "net_gain": 7.4}, {"player_id": 9, "response": 0, "net_gain": 8.4}], "total_tokens": 42}, {"responses": [{"player_id": 0, "response": 1, "net_gain": 2.2}, {"player_id": 1, "response": 1, "net_gain": 2.2}, {"player_id": 2, "response": 5, "net_gain": -1.7999999999999998}, {"player_id": 3, "response": 1, "net_gain": 2.2}, {"player_id": 4, "response": 0, "net_gain": 3.2}, {"player_id": 5, "response": 2, "net_gain": 1.2000000000000002}, {"player_id": 6, "response": 1, "net_gain": 2.2}, {"player_id": 7, "response": 4, "net_gain": -0.7999999999999998}, {"player_id": 8, "response": 1, "net_gain": 2.2}, {"player_id": 9, "response": 0, "net_gain": 3.2}], "total_tokens": 16}, {"responses": [{"player_id": 0, "response": 1, "net_gain": 9.8}, {"player_id": 1, "response": 20, "net_gain": -9.2}, {"player_id": 2, "response": 5, "net_gain": 5.800000000000001}, {"player_id": 3, "response": 1, "net_gain": 9.8}, {"player_id": 4, "response": 10, "net_gain": 0.8000000000000007}, {"player_id": 5, "response": 6, "net_gain": 4.800000000000001}, {"player_id": 6, "response": 10, "net_gain": 0.8000000000000007}, {"player_id": 7, "response": 1, "net_gain": 9.8}, {"player_id": 8, "response": 0, "net_gain": 10.8}, {"player_id": 9, "response": 0, "net_gain": 10.8}], "total_tokens": 54}, {"responses": [{"player_id": 0, "response": 1, "net_gain": 8.6}, {"player_id": 1, "response": 0, "net_gain": 9.6}, {"player_id": 2, "response": 10, "net_gain": -0.40000000000000036}, {"player_id": 3, "response": 0, "net_gain": 9.6}, {"player_id": 4, "response": 10, "net_gain": -0.40000000000000036}, {"player_id": 5, "response": 6, "net_gain": 3.5999999999999996}, {"player_id": 6, "response": 10, "net_gain": -0.40000000000000036}, {"player_id": 7, "response": 10, "net_gain": -0.40000000000000036}, {"player_id": 8, "response": 1, "net_gain": 8.6}, {"player_id": 9, "response": 0, "net_gain": 9.6}], "total_tokens": 48}, {"responses": [{"player_id": 0, "response": 1, "net_gain": 6.0}, {"player_id": 1, "response": 10, "net_gain": -3.0}, {"player_id": 2, "response": 10, "net_gain": -3.0}, {"player_id": 3, "response": 1, "net_gain": 6.0}, {"player_id": 4, "response": 0, "net_gain": 7.0}, {"player_id": 5, "response": 6, "net_gain": 1.0}, {"player_id": 6, "response": 1, "net_gain": 6.0}, {"player_id": 7, "response": 5, "net_gain": 2.0}, {"player_id": 8, "response": 1, "net_gain": 6.0}, {"player_id": 9, "response": 0, "net_gain": 7.0}], "total_tokens": 35}, {"responses": [{"player_id": 0, "response": 1, "net_gain": 9.0}, {"player_id": 1, "response": 1, "net_gain": 9.0}, {"player_id": 2, "response": 10, "net_gain": 0.0}, {"player_id": 3, "response": 15, "net_gain": -5.0}, {"player_id": 4, "response": 10, "net_gain": 0.0}, {"player_id": 5, "response": 1, "net_gain": 9.0}, {"player_id": 6, "response": 10, "net_gain": 0.0}, {"player_id": 7, "response": 1, "net_gain": 9.0}, {"player_id": 8, "response": 1, "net_gain": 9.0}, {"player_id": 9, "response": 0, "net_gain": 10.0}], "total_tokens": 50}, {"responses": [{"player_id": 0, "response": 1, "net_gain": 9.4}, {"player_id": 1, "response": 10, "net_gain": 0.40000000000000036}, {"player_id": 2, "response": 10, "net_gain": 0.40000000000000036}, {"player_id": 3, "response": 1, "net_gain": 9.4}, {"player_id": 4, "response": 0, "net_gain": 10.4}, {"player_id": 5, "response": 10, "net_gain": 0.40000000000000036}, {"player_id": 6, "response": 10, "net_gain": 0.40000000000000036}, {"player_id": 7, "response": 10, "net_gain": 0.40000000000000036}, {"player_id": 8, "response": 0, "net_gain": 10.4}, {"player_id": 9, "response": 0, "net_gain": 10.4}], "total_tokens": 52}, {"responses": [{"player_id": 0, "response": 2, "net_gain": 5.8}, {"player_id": 1, "response": 1, "net_gain": 6.8}, {"player_id": 2, "response": 10, "net_gain": -2.2}, {"player_id": 3, "response": 0, "net_gain": 7.8}, {"player_id": 4, "response": 10, "net_gain": -2.2}, {"player_id": 5, "response": 6, "net_gain": 1.7999999999999998}, {"player_id": 6, "response": 10, "net_gain": -2.2}, {"player_id": 7, "response": 0, "net_gain": 7.8}, {"player_id": 8, "response": 0, "net_gain": 7.8}, {"player_id": 9, "response": 0, "net_gain": 7.8}], "total_tokens": 39}, {"responses": [{"player_id": 0, "response": 1, "net_gain": 6.6}, {"player_id": 1, "response": 1, "net_gain": 6.6}, {"player_id": 2, "response": 10, "net_gain": -2.4000000000000004}, {"player_id": 3, "response": 1, "net_gain": 6.6}, {"player_id": 4, "response": 0, "net_gain": 7.6}, {"player_id": 5, "response": 4, "net_gain": 3.5999999999999996}, {"player_id": 6, "response": 10, "net_gain": -2.4000000000000004}, {"player_id": 7, "response": 10, "net_gain": -2.4000000000000004}, {"player_id": 8, "response": 1, "net_gain": 6.6}, {"player_id": 9, "response": 0, "net_gain": 7.6}], "total_tokens": 38}, {"responses": [{"player_id": 0, "response": 1, "net_gain": 8.8}, {"player_id": 1, "response": 1, "net_gain": 8.8}, {"player_id": 2, "response": 10, "net_gain": -0.1999999999999993}, {"player_id": 3, "response": 10, "net_gain": -0.1999999999999993}, {"player_id": 4, "response": 10, "net_gain": -0.1999999999999993}, {"player_id": 5, "response": 6, "net_gain": 3.8000000000000007}, {"player_id": 6, "response": 10, "net_gain": -0.1999999999999993}, {"player_id": 7, "response": 0, "net_gain": 9.8}, {"player_id": 8, "response": 1, "net_gain": 8.8}, {"player_id": 9, "response": 0, "net_gain": 9.8}], "total_tokens": 49}, {"responses": [{"player_id": 0, "response": 1, "net_gain": 10.6}, {"player_id": 1, "response": 10, "net_gain": 1.5999999999999996}, {"player_id": 2, "response": 20, "net_gain": -8.4}, {"player_id": 3, "response": 1, "net_gain": 10.6}, {"player_id": 4, "response": 0, "net_gain": 11.6}, {"player_id": 5, "response": 6, "net_gain": 5.6}, {"player_id": 6, "response": 10, "net_gain": 1.5999999999999996}, {"player_id": 7, "response": 10, "net_gain": 1.5999999999999996}, {"player_id": 8, "response": 0, "net_gain": 11.6}, {"player_id": 9, "response": 0, "net_gain": 11.6}], "total_tokens": 58}, {"responses": [{"player_id": 0, "response": 1, "net_gain": 5.2}, {"player_id": 1, "response": 1, "net_gain": 5.2}, {"player_id": 2, "response": 10, "net_gain": -3.8}, {"player_id": 3, "response": 1, "net_gain": 5.2}, {"player_id": 4, "response": 0, "net_gain": 6.2}, {"player_id": 5, "response": 6, "net_gain": 0.20000000000000018}, {"player_id": 6, "response": 10, "net_gain": -3.8}, {"player_id": 7, "response": 1, "net_gain": 5.2}, {"player_id": 8, "response": 1, "net_gain": 5.2}, {"player_id": 9, "response": 0, "net_gain": 6.2}], "total_tokens": 31}]}