{"meta": {"name_exp": "public_goods", "player_num": 10, "tokens": 20, "ratio": 2, "version": "v1", "lang_agent": "<JLI84K7>", "round": 20, "run": 1}, "round_records": [{"responses": [{"player_id": 0, "response": 10, "net_gain": 8.2}, {"player_id": 1, "response": 5, "net_gain": 13.2}, {"player_id": 2, "response": 1, "net_gain": 17.2}, {"player_id": 3, "response": 5, "net_gain": 13.2}, {"player_id": 4, "response": 0, "net_gain": 18.2}, {"player_id": 5, "response": 10, "net_gain": 8.2}, {"player_id": 6, "response": 10, "net_gain": 8.2}, {"player_id": 7, "response": 20, "net_gain": -1.8000000000000007}, {"player_id": 8, "response": 20, "net_gain": -1.8000000000000007}, {"player_id": 9, "response": 10, "net_gain": 8.2}], "total_tokens": 91}, {"responses": [{"player_id": 0, "response": 5, "net_gain": 15.600000000000001}, {"player_id": 1, "response": 10, "net_gain": 10.600000000000001}, {"player_id": 2, "response": 0, "net_gain": 20.6}, {"player_id": 3, "response": 1, "net_gain": 19.6}, {"player_id": 4, "response": 19, "net_gain": 1.6000000000000014}, {"player_id": 5, "response": 10, "net_gain": 10.600000000000001}, {"player_id": 6, "response": 10, "net_gain": 10.600000000000001}, {"player_id": 7, "response": 10, "net_gain": 10.600000000000001}, {"player_id": 8, "response": 20, "net_gain": 0.6000000000000014}, {"player_id": 9, "response": 18, "net_gain": 2.6000000000000014}], "total_tokens": 103}, {"responses": [{"player_id": 0, "response": 1, "net_gain": 17.6}, {"player_id": 1, "response": 15, "net_gain": 3.6000000000000014}, {"player_id": 2, "response": 1, "net_gain": 17.6}, {"player_id": 3, "response": 10, "net_gain": 8.600000000000001}, {"player_id": 4, "response": 20, "net_gain": -1.3999999999999986}, {"player_id": 5, "response": 10, "net_gain": 8.600000000000001}, {"player_id": 6, "response": 15, "net_gain": 3.6000000000000014}, {"player_id": 7, "response": 1, "net_gain": 17.6}, {"player_id": 8, "response": 10, "net_gain": 8.600000000000001}, {"player_id": 9, "response": 10, "net_gain": 8.600000000000001}], "total_tokens": 93}, {"responses": [{"player_id": 0, "response": 10, "net_gain": 7.199999999999999}, {"player_id": 1, "response": 1, "net_gain": 16.2}, {"player_id": 2, "response": 1, "net_gain": 16.2}, {"player_id": 3, "response": 20, "net_gain": -2.8000000000000007}, {"player_id": 4, "response": 19, "net_gain": -1.8000000000000007}, {"player_id": 5, "response": 5, "net_gain": 12.2}, {"player_id": 6, "response": 5, "net_gain": 12.2}, {"player_id": 7, "response": 1, "net_gain": 16.2}, {"player_id": 8, "response": 10, "net_gain": 7.199999999999999}, {"player_id": 9, "response": 14, "net_gain": 3.1999999999999993}], "total_tokens": 86}, {"responses": [{"player_id": 0, "response": 5, "net_gain": 6.6}, {"player_id": 1, "response": 1, "net_gain": 10.6}, {"player_id": 2, "response": 0, "net_gain": 11.6}, {"player_id": 3, "response": 1, "net_gain": 10.6}, {"player_id": 4, "response": 18, "net_gain": -6.4}, {"player_id": 5, "response": 1, "net_gain": 10.6}, {"player_id": 6, "response": 1, "net_gain": 10.6}, {"player_id": 7, "response": 10, "net_gain": 1.5999999999999996}, {"player_id": 8, "response": 11, "net_gain": 0.5999999999999996}, {"player_id": 9, "response": 10, "net_gain": 1.5999999999999996}], "total_tokens": 58}, {"responses": [{"player_id": 0, "response": 10, "net_gain": 2.8000000000000007}, {"player_id": 1, "response": 1, "net_gain": 11.8}, {"player_id": 2, "response": 6, "net_gain": 6.800000000000001}, {"player_id": 3, "response": 1, "net_gain": 11.8}, {"player_id": 4, "response": 1, "net_gain": 11.8}, {"player_id": 5, "response": 5, "net_gain": 7.800000000000001}, {"player_id": 6, "response": 10, "net_gain": 2.8000000000000007}, {"player_id": 7, "response": 9, "net_gain": 3.8000000000000007}, {"player_id": 8, "response": 9, "net_gain": 3.8000000000000007}, {"player_id": 9, "response": 12, "net_gain": 0.8000000000000007}], "total_tokens": 64}, {"responses": [{"player_id": 0, "response": 1, "net_gain": 9.6}, {"player_id": 1, "response": 0, "net_gain": 10.6}, {"player_id": 2, "response": 0, "net_gain": 10.6}, {"player_id": 3, "response": 9, "net_gain": 1.5999999999999996}, {"player_id": 4, "response": 10, "net_gain": 0.5999999999999996}, {"player_id": 5, "response": 10, "net_gain": 0.5999999999999996}, {"player_id": 6, "response": 12, "net_gain": -1.4000000000000004}, {"player_id": 7, "response": 1, "net_gain": 9.6}, {"player_id": 8, "response": 0, "net_gain": 10.6}, {"player_id": 9, "response": 10, "net_gain": 0.5999999999999996}], "total_tokens": 53}, {"responses": [{"player_id": 0, "response": 10, "net_gain": -1.4000000000000004}, {"player_id": 1, "response": 0, "net_gain": 8.6}, {"player_id": 2, "response": 1, "net_gain": 7.6}, {"player_id": 3, "response": 1, "net_gain": 7.6}, {"player_id": 4, "response": 1, "net_gain": 7.6}, {"player_id": 5, "response": 0, "net_gain": 8.6}, {"player_id": 6, "response": 10, "net_gain": -1.4000000000000004}, {"player_id": 7, "response": 10, "net_gain": -1.4000000000000004}, {"player_id": 8, "response": 0, "net_gain": 8.6}, {"player_id": 9, "response": 10, "net_gain": -1.4000000000000004}], "total_tokens": 43}, {"responses": [{"player_id": 0, "response": 1, "net_gain": 7.4}, {"player_id": 1, "response": 10, "net_gain": -1.5999999999999996}, {"player_id": 2, "response": 0, "net_gain": 8.4}, {"player_id": 3, "response": 0, "net_gain": 8.4}, {"player_id": 4, "response": 0, "net_gain": 8.4}, {"player_id": 5, "response": 10, "net_gain": -1.5999999999999996}, {"player_id": 6, "response": 10, "net_gain": -1.5999999999999996}, {"player_id": 7, "response": 1, "net_gain": 7.4}, {"player_id": 8, "response": 0, "net_gain": 8.4}, {"player_id": 9, "response": 10, "net_gain": -1.5999999999999996}], "total_tokens": 42}, {"responses": [{"player_id": 0, "response": 1, "net_gain": 6.0}, {"player_id": 1, "response": 10, "net_gain": -3.0}, {"player_id": 2, "response": 1, "net_gain": 6.0}, {"player_id": 3, "response": 10, "net_gain": -3.0}, {"player_id": 4, "response": 1, "net_gain": 6.0}, {"player_id": 5, "response": 0, "net_gain": 7.0}, {"player_id": 6, "response": 1, "net_gain": 6.0}, {"player_id": 7, "response": 10, "net_gain": -3.0}, {"player_id": 8, "response": 0, "net_gain": 7.0}, {"player_id": 9, "response": 1, "net_gain": 6.0}], "total_tokens": 35}, {"responses": [{"player_id": 0, "response": 1, "net_gain": 5.6}, {"player_id": 1, "response": 0, "net_gain": 6.6}, {"player_id": 2, "response": 0, "net_gain": 6.6}, {"player_id": 3, "response": 1, "net_gain": 5.6}, {"player_id": 4, "response": 0, "net_gain": 6.6}, {"player_id": 5, "response": 10, "net_gain": -3.4000000000000004}, {"player_id": 6, "response": 10, "net_gain": -3.4000000000000004}, {"player_id": 7, "response": 1, "net_gain": 5.6}, {"player_id": 8, "response": 0, "net_gain": 6.6}, {"player_id": 9, "response": 10, "net_gain": -3.4000000000000004}], "total_tokens": 33}, {"responses": [{"player_id": 0, "response": 5, "net_gain": 1.4000000000000004}, {"player_id": 1, "response": 1, "net_gain": 5.4}, {"player_id": 2, "response": 0, "net_gain": 6.4}, {"player_id": 3, "response": 4, "net_gain": 2.4000000000000004}, {"player_id": 4, "response": 0, "net_gain": 6.4}, {"player_id": 5, "response": 0, "net_gain": 6.4}, {"player_id": 6, "response": 5, "net_gain": 1.4000000000000004}, {"player_id": 7, "response": 10, "net_gain": -3.5999999999999996}, {"player_id": 8, "response": 0, "net_gain": 6.4}, {"player_id": 9, "response": 7, "net_gain": -0.5999999999999996}], "total_tokens": 32}, {"responses": [{"player_id": 0, "response": 10, "net_gain": 2.4000000000000004}, {"player_id": 1, "response": 1, "net_gain": 11.4}, {"player_id": 2, "response": 1, "net_gain": 11.4}, {"player_id": 3, "response": 1, "net_gain": 11.4}, {"player_id": 4, "response": 14, "net_gain": -1.5999999999999996}, {"player_id": 5, "response": 10, "net_gain": 2.4000000000000004}, {"player_id": 6, "response": 10, "net_gain": 2.4000000000000004}, {"player_id": 7, "response": 5, "net_gain": 7.4}, {"player_id": 8, "response": 0, "net_gain": 12.4}, {"player_id": 9, "response": 10, "net_gain": 2.4000000000000004}], "total_tokens": 62}, {"responses": [{"player_id": 0, "response": 5, "net_gain": 6.4}, {"player_id": 1, "response": 10, "net_gain": 1.4000000000000004}, {"player_id": 2, "response": 0, "net_gain": 11.4}, {"player_id": 3, "response": 0, "net_gain": 11.4}, {"player_id": 4, "response": 19, "net_gain": -7.6}, {"player_id": 5, "response": 5, "net_gain": 6.4}, {"player_id": 6, "response": 1, "net_gain": 10.4}, {"player_id": 7, "response": 10, "net_gain": 1.4000000000000004}, {"player_id": 8, "response": 0, "net_gain": 11.4}, {"player_id": 9, "response": 7, "net_gain": 4.4}], "total_tokens": 57}, {"responses": [{"player_id": 0, "response": 10, "net_gain": 2.0}, {"player_id": 1, "response": 5, "net_gain": 7.0}, {"player_id": 2, "response": 1, "net_gain": 11.0}, {"player_id": 3, "response": 1, "net_gain": 11.0}, {"player_id": 4, "response": 1, "net_gain": 11.0}, {"player_id": 5, "response": 10, "net_gain": 2.0}, {"player_id": 6, "response": 12, "net_gain": 0.0}, {"player_id": 7, "response": 10, "net_gain": 2.0}, {"player_id": 8, "response": 0, "net_gain": 12.0}, {"player_id": 9, "response": 10, "net_gain": 2.0}], "total_tokens": 60}, {"responses": [{"player_id": 0, "response": 1, "net_gain": 12.0}, {"player_id": 1, "response": 10, "net_gain": 3.0}, {"player_id": 2, "response": 1, "net_gain": 12.0}, {"player_id": 3, "response": 1, "net_gain": 12.0}, {"player_id": 4, "response": 20, "net_gain": -7.0}, {"player_id": 5, "response": 5, "net_gain": 8.0}, {"player_id": 6, "response": 7, "net_gain": 6.0}, {"player_id": 7, "response": 10, "net_gain": 3.0}, {"player_id": 8, "response": 0, "net_gain": 13.0}, {"player_id": 9, "response": 10, "net_gain": 3.0}], "total_tokens": 65}, {"responses": [{"player_id": 0, "response": 20, "net_gain": -6.199999999999999}, {"player_id": 1, "response": 1, "net_gain": 12.8}, {"player_id": 2, "response": 1, "net_gain": 12.8}, {"player_id": 3, "response": 1, "net_gain": 12.8}, {"player_id": 4, "response": 0, "net_gain": 13.8}, {"player_id": 5, "response": 10, "net_gain": 3.8000000000000007}, {"player_id": 6, "response": 16, "net_gain": -2.1999999999999993}, {"player_id": 7, "response": 10, "net_gain": 3.8000000000000007}, {"player_id": 8, "response": 0, "net_gain": 13.8}, {"player_id": 9, "response": 10, "net_gain": 3.8000000000000007}], "total_tokens": 69}, {"responses": [{"player_id": 0, "response": 1, "net_gain": 13.2}, {"player_id": 1, "response": 1, "net_gain": 13.2}, {"player_id": 2, "response": 1, "net_gain": 13.2}, {"player_id": 3, "response": 10, "net_gain": 4.199999999999999}, {"player_id": 4, "response": 18, "net_gain": -3.8000000000000007}, {"player_id": 5, "response": 10, "net_gain": 4.199999999999999}, {"player_id": 6, "response": 10, "net_gain": 4.199999999999999}, {"player_id": 7, "response": 10, "net_gain": 4.199999999999999}, {"player_id": 8, "response": 0, "net_gain": 14.2}, {"player_id": 9, "response": 10, "net_gain": 4.199999999999999}], "total_tokens": 71}, {"responses": [{"player_id": 0, "response": 20, "net_gain": -4.199999999999999}, {"player_id": 1, "response": 1, "net_gain": 14.8}, {"player_id": 2, "response": 1, "net_gain": 14.8}, {"player_id": 3, "response": 1, "net_gain": 14.8}, {"player_id": 4, "response": 16, "net_gain": -0.1999999999999993}, {"player_id": 5, "response": 10, "net_gain": 5.800000000000001}, {"player_id": 6, "response": 10, "net_gain": 5.800000000000001}, {"player_id": 7, "response": 10, "net_gain": 5.800000000000001}, {"player_id": 8, "response": 0, "net_gain": 15.8}, {"player_id": 9, "response": 10, "net_gain": 5.800000000000001}], "total_tokens": 79}, {"responses": [{"player_id": 0, "response": 15, "net_gain": 2.3999999999999986}, {"player_id": 1, "response": 1, "net_gain": 16.4}, {"player_id": 2, "response": 1, "net_gain": 16.4}, {"player_id": 3, "response": 1, "net_gain": 16.4}, {"player_id": 4, "response": 19, "net_gain": -1.6000000000000014}, {"player_id": 5, "response": 10, "net_gain": 7.399999999999999}, {"player_id": 6, "response": 10, "net_gain": 7.399999999999999}, {"player_id": 7, "response": 10, "net_gain": 7.399999999999999}, {"player_id": 8, "response": 0, "net_gain": 17.4}, {"player_id": 9, "response": 20, "net_gain": -2.6000000000000014}], "total_tokens": 87}]}