{"meta": {"name_exp": "public_goods", "player_num": 10, "tokens": 20, "ratio": 2, "version": "v1", "lang_agent": "<JLI84K7>", "round": 20, "run": 4}, "round_records": [{"responses": [{"player_id": 0, "response": 1, "net_gain": 9.8}, {"player_id": 1, "response": 4, "net_gain": 6.800000000000001}, {"player_id": 2, "response": 0, "net_gain": 10.8}, {"player_id": 3, "response": 7, "net_gain": 3.8000000000000007}, {"player_id": 4, "response": 10, "net_gain": 0.8000000000000007}, {"player_id": 5, "response": 0, "net_gain": 10.8}, {"player_id": 6, "response": 0, "net_gain": 10.8}, {"player_id": 7, "response": 20, "net_gain": -9.2}, {"player_id": 8, "response": 2, "net_gain": 8.8}, {"player_id": 9, "response": 10, "net_gain": 0.8000000000000007}], "total_tokens": 54}, {"responses": [{"player_id": 0, "response": 1, "net_gain": 12.6}, {"player_id": 1, "response": 10, "net_gain": 3.5999999999999996}, {"player_id": 2, "response": 15, "net_gain": -1.4000000000000004}, {"player_id": 3, "response": 10, "net_gain": 3.5999999999999996}, {"player_id": 4, "response": 10, "net_gain": 3.5999999999999996}, {"player_id": 5, "response": 0, "net_gain": 13.6}, {"player_id": 6, "response": 0, "net_gain": 13.6}, {"player_id": 7, "response": 10, "net_gain": 3.5999999999999996}, {"player_id": 8, "response": 2, "net_gain": 11.6}, {"player_id": 9, "response": 10, "net_gain": 3.5999999999999996}], "total_tokens": 68}, {"responses": [{"player_id": 0, "response": 1, "net_gain": 17.0}, {"player_id": 1, "response": 10, "net_gain": 8.0}, {"player_id": 2, "response": 19, "net_gain": -1.0}, {"player_id": 3, "response": 10, "net_gain": 8.0}, {"player_id": 4, "response": 15, "net_gain": 3.0}, {"player_id": 5, "response": 10, "net_gain": 8.0}, {"player_id": 6, "response": 10, "net_gain": 8.0}, {"player_id": 7, "response": 10, "net_gain": 8.0}, {"player_id": 8, "response": 0, "net_gain": 18.0}, {"player_id": 9, "response": 5, "net_gain": 13.0}], "total_tokens": 90}, {"responses": [{"player_id": 0, "response": 1, "net_gain": 15.399999999999999}, {"player_id": 1, "response": 10, "net_gain": 6.399999999999999}, {"player_id": 2, "response": 10, "net_gain": 6.399999999999999}, {"player_id": 3, "response": 10, "net_gain": 6.399999999999999}, {"player_id": 4, "response": 15, "net_gain": 1.3999999999999986}, {"player_id": 5, "response": 10, "net_gain": 6.399999999999999}, {"player_id": 6, "response": 9, "net_gain": 7.399999999999999}, {"player_id": 7, "response": 15, "net_gain": 1.3999999999999986}, {"player_id": 8, "response": 2, "net_gain": 14.399999999999999}, {"player_id": 9, "response": 0, "net_gain": 16.4}], "total_tokens": 82}, {"responses": [{"player_id": 0, "response": 2, "net_gain": 11.6}, {"player_id": 1, "response": 10, "net_gain": 3.5999999999999996}, {"player_id": 2, "response": 0, "net_gain": 13.6}, {"player_id": 3, "response": 10, "net_gain": 3.5999999999999996}, {"player_id": 4, "response": 5, "net_gain": 8.6}, {"player_id": 5, "response": 10, "net_gain": 3.5999999999999996}, {"player_id": 6, "response": 1, "net_gain": 12.6}, {"player_id": 7, "response": 20, "net_gain": -6.4}, {"player_id": 8, "response": 0, "net_gain": 13.6}, {"player_id": 9, "response": 10, "net_gain": 3.5999999999999996}], "total_tokens": 68}, {"responses": [{"player_id": 0, "response": 1, "net_gain": 12.2}, {"player_id": 1, "response": 10, "net_gain": 3.1999999999999993}, {"player_id": 2, "response": 15, "net_gain": -1.8000000000000007}, {"player_id": 3, "response": 10, "net_gain": 3.1999999999999993}, {"player_id": 4, "response": 10, "net_gain": 3.1999999999999993}, {"player_id": 5, "response": 5, "net_gain": 8.2}, {"player_id": 6, "response": 10, "net_gain": 3.1999999999999993}, {"player_id": 7, "response": 5, "net_gain": 8.2}, {"player_id": 8, "response": 0, "net_gain": 13.2}, {"player_id": 9, "response": 0, "net_gain": 13.2}], "total_tokens": 66}, {"responses": [{"player_id": 0, "response": 1, "net_gain": 9.4}, {"player_id": 1, "response": 10, "net_gain": 0.40000000000000036}, {"player_id": 2, "response": 0, "net_gain": 10.4}, {"player_id": 3, "response": 10, "net_gain": 0.40000000000000036}, {"player_id": 4, "response": 5, "net_gain": 5.4}, {"player_id": 5, "response": 0, "net_gain": 10.4}, {"player_id": 6, "response": 1, "net_gain": 9.4}, {"player_id": 7, "response": 15, "net_gain": -4.6}, {"player_id": 8, "response": 0, "net_gain": 10.4}, {"player_id": 9, "response": 10, "net_gain": 0.40000000000000036}], "total_tokens": 52}, {"responses": [{"player_id": 0, "response": 1, "net_gain": 9.8}, {"player_id": 1, "response": 10, "net_gain": 0.8000000000000007}, {"player_id": 2, "response": 10, "net_gain": 0.8000000000000007}, {"player_id": 3, "response": 0, "net_gain": 10.8}, {"player_id": 4, "response": 10, "net_gain": 0.8000000000000007}, {"player_id": 5, "response": 0, "net_gain": 10.8}, {"player_id": 6, "response": 10, "net_gain": 0.8000000000000007}, {"player_id": 7, "response": 10, "net_gain": 0.8000000000000007}, {"player_id": 8, "response": 2, "net_gain": 8.8}, {"player_id": 9, "response": 1, "net_gain": 9.8}], "total_tokens": 54}, {"responses": [{"player_id": 0, "response": 1, "net_gain": 10.6}, {"player_id": 1, "response": 1, "net_gain": 10.6}, {"player_id": 2, "response": 20, "net_gain": -8.4}, {"player_id": 3, "response": 1, "net_gain": 10.6}, {"player_id": 4, "response": 10, "net_gain": 1.5999999999999996}, {"player_id": 5, "response": 0, "net_gain": 11.6}, {"player_id": 6, "response": 10, "net_gain": 1.5999999999999996}, {"player_id": 7, "response": 5, "net_gain": 6.6}, {"player_id": 8, "response": 0, "net_gain": 11.6}, {"player_id": 9, "response": 10, "net_gain": 1.5999999999999996}], "total_tokens": 58}, {"responses": [{"player_id": 0, "response": 1, "net_gain": 10.4}, {"player_id": 1, "response": 10, "net_gain": 1.4000000000000004}, {"player_id": 2, "response": 10, "net_gain": 1.4000000000000004}, {"player_id": 3, "response": 10, "net_gain": 1.4000000000000004}, {"player_id": 4, "response": 10, "net_gain": 1.4000000000000004}, {"player_id": 5, "response": 0, "net_gain": 11.4}, {"player_id": 6, "response": 1, "net_gain": 10.4}, {"player_id": 7, "response": 10, "net_gain": 1.4000000000000004}, {"player_id": 8, "response": 5, "net_gain": 6.4}, {"player_id": 9, "response": 0, "net_gain": 11.4}], "total_tokens": 57}, {"responses": [{"player_id": 0, "response": 1, "net_gain": 14.2}, {"player_id": 1, "response": 0, "net_gain": 15.2}, {"player_id": 2, "response": 10, "net_gain": 5.199999999999999}, {"player_id": 3, "response": 10, "net_gain": 5.199999999999999}, {"player_id": 4, "response": 10, "net_gain": 5.199999999999999}, {"player_id": 5, "response": 0, "net_gain": 15.2}, {"player_id": 6, "response": 10, "net_gain": 5.199999999999999}, {"player_id": 7, "response": 20, "net_gain": -4.800000000000001}, {"player_id": 8, "response": 5, "net_gain": 10.2}, {"player_id": 9, "response": 10, "net_gain": 5.199999999999999}], "total_tokens": 76}, {"responses": [{"player_id": 0, "response": 2, "net_gain": 9.0}, {"player_id": 1, "response": 10, "net_gain": 1.0}, {"player_id": 2, "response": 10, "net_gain": 1.0}, {"player_id": 3, "response": 1, "net_gain": 10.0}, {"player_id": 4, "response": 10, "net_gain": 1.0}, {"player_id": 5, "response": 0, "net_gain": 11.0}, {"player_id": 6, "response": 0, "net_gain": 11.0}, {"player_id": 7, "response": 10, "net_gain": 1.0}, {"player_id": 8, "response": 2, "net_gain": 9.0}, {"player_id": 9, "response": 10, "net_gain": 1.0}], "total_tokens": 55}, {"responses": [{"player_id": 0, "response": 1, "net_gain": 6.6}, {"player_id": 1, "response": 10, "net_gain": -2.4000000000000004}, {"player_id": 2, "response": 0, "net_gain": 7.6}, {"player_id": 3, "response": 1, "net_gain": 6.6}, {"player_id": 4, "response": 10, "net_gain": -2.4000000000000004}, {"player_id": 5, "response": 0, "net_gain": 7.6}, {"player_id": 6, "response": 10, "net_gain": -2.4000000000000004}, {"player_id": 7, "response": 1, "net_gain": 6.6}, {"player_id": 8, "response": 0, "net_gain": 7.6}, {"player_id": 9, "response": 5, "net_gain": 2.5999999999999996}], "total_tokens": 38}, {"responses": [{"player_id": 0, "response": 1, "net_gain": 8.2}, {"player_id": 1, "response": 1, "net_gain": 8.2}, {"player_id": 2, "response": 10, "net_gain": -0.8000000000000007}, {"player_id": 3, "response": 5, "net_gain": 4.199999999999999}, {"player_id": 4, "response": 10, "net_gain": -0.8000000000000007}, {"player_id": 5, "response": 7, "net_gain": 2.1999999999999993}, {"player_id": 6, "response": 0, "net_gain": 9.2}, {"player_id": 7, "response": 10, "net_gain": -0.8000000000000007}, {"player_id": 8, "response": 2, "net_gain": 7.199999999999999}, {"player_id": 9, "response": 0, "net_gain": 9.2}], "total_tokens": 46}, {"responses": [{"player_id": 0, "response": 1, "net_gain": 6.6}, {"player_id": 1, "response": 10, "net_gain": -2.4000000000000004}, {"player_id": 2, "response": 10, "net_gain": -2.4000000000000004}, {"player_id": 3, "response": 5, "net_gain": 2.5999999999999996}, {"player_id": 4, "response": 1, "net_gain": 6.6}, {"player_id": 5, "response": 0, "net_gain": 7.6}, {"player_id": 6, "response": 0, "net_gain": 7.6}, {"player_id": 7, "response": 1, "net_gain": 6.6}, {"player_id": 8, "response": 0, "net_gain": 7.6}, {"player_id": 9, "response": 10, "net_gain": -2.4000000000000004}], "total_tokens": 38}, {"responses": [{"player_id": 0, "response": 1, "net_gain": 6.6}, {"player_id": 1, "response": 1, "net_gain": 6.6}, {"player_id": 2, "response": 0, "net_gain": 7.6}, {"player_id": 3, "response": 0, "net_gain": 7.6}, {"player_id": 4, "response": 10, "net_gain": -2.4000000000000004}, {"player_id": 5, "response": 0, "net_gain": 7.6}, {"player_id": 6, "response": 10, "net_gain": -2.4000000000000004}, {"player_id": 7, "response": 10, "net_gain": -2.4000000000000004}, {"player_id": 8, "response": 5, "net_gain": 2.5999999999999996}, {"player_id": 9, "response": 1, "net_gain": 6.6}], "total_tokens": 38}, {"responses": [{"player_id": 0, "response": 1, "net_gain": 6.0}, {"player_id": 1, "response": 10, "net_gain": -3.0}, {"player_id": 2, "response": 10, "net_gain": -3.0}, {"player_id": 3, "response": 1, "net_gain": 6.0}, {"player_id": 4, "response": 0, "net_gain": 7.0}, {"player_id": 5, "response": 0, "net_gain": 7.0}, {"player_id": 6, "response": 1, "net_gain": 6.0}, {"player_id": 7, "response": 10, "net_gain": -3.0}, {"player_id": 8, "response": 2, "net_gain": 5.0}, {"player_id": 9, "response": 0, "net_gain": 7.0}], "total_tokens": 35}, {"responses": [{"player_id": 0, "response": 1, "net_gain": 9.6}, {"player_id": 1, "response": 0, "net_gain": 10.6}, {"player_id": 2, "response": 10, "net_gain": 0.5999999999999996}, {"player_id": 3, "response": 10, "net_gain": 0.5999999999999996}, {"player_id": 4, "response": 10, "net_gain": 0.5999999999999996}, {"player_id": 5, "response": 0, "net_gain": 10.6}, {"player_id": 6, "response": 9, "net_gain": 1.5999999999999996}, {"player_id": 7, "response": 1, "net_gain": 9.6}, {"player_id": 8, "response": 2, "net_gain": 8.6}, {"player_id": 9, "response": 10, "net_gain": 0.5999999999999996}], "total_tokens": 53}, {"responses": [{"player_id": 0, "response": 1, "net_gain": 13.2}, {"player_id": 1, "response": 10, "net_gain": 4.199999999999999}, {"player_id": 2, "response": 20, "net_gain": -5.800000000000001}, {"player_id": 3, "response": 0, "net_gain": 14.2}, {"player_id": 4, "response": 10, "net_gain": 4.199999999999999}, {"player_id": 5, "response": 0, "net_gain": 14.2}, {"player_id": 6, "response": 10, "net_gain": 4.199999999999999}, {"player_id": 7, "response": 20, "net_gain": -5.800000000000001}, {"player_id": 8, "response": 0, "net_gain": 14.2}, {"player_id": 9, "response": 0, "net_gain": 14.2}], "total_tokens": 71}, {"responses": [{"player_id": 0, "response": 1, "net_gain": 9.2}, {"player_id": 1, "response": 4, "net_gain": 6.199999999999999}, {"player_id": 2, "response": 14, "net_gain": -3.8000000000000007}, {"player_id": 3, "response": 10, "net_gain": 0.1999999999999993}, {"player_id": 4, "response": 0, "net_gain": 10.2}, {"player_id": 5, "response": 0, "net_gain": 10.2}, {"player_id": 6, "response": 0, "net_gain": 10.2}, {"player_id": 7, "response": 10, "net_gain": 0.1999999999999993}, {"player_id": 8, "response": 2, "net_gain": 8.2}, {"player_id": 9, "response": 10, "net_gain": 0.1999999999999993}], "total_tokens": 51}]}