{"meta": {"name_exp": "public_goods", "player_num": 10, "tokens": 20, "ratio": 2, "version": "v1", "lang_agent": "<pKbLE9I>", "round": 20, "run": 1}, "round_records": [{"responses": [{"player_id": 0, "response": 10, "net_gain": 10.0}, {"player_id": 1, "response": 10, "net_gain": 10.0}, {"player_id": 2, "response": 10, "net_gain": 10.0}, {"player_id": 3, "response": 10, "net_gain": 10.0}, {"player_id": 4, "response": 10, "net_gain": 10.0}, {"player_id": 5, "response": 10, "net_gain": 10.0}, {"player_id": 6, "response": 10, "net_gain": 10.0}, {"player_id": 7, "response": 10, "net_gain": 10.0}, {"player_id": 8, "response": 10, "net_gain": 10.0}, {"player_id": 9, "response": 10, "net_gain": 10.0}], "total_tokens": 100}, {"responses": [{"player_id": 0, "response": 5, "net_gain": 5.0}, {"player_id": 1, "response": 5, "net_gain": 5.0}, {"player_id": 2, "response": 5, "net_gain": 5.0}, {"player_id": 3, "response": 5, "net_gain": 5.0}, {"player_id": 4, "response": 5, "net_gain": 5.0}, {"player_id": 5, "response": 5, "net_gain": 5.0}, {"player_id": 6, "response": 5, "net_gain": 5.0}, {"player_id": 7, "response": 5, "net_gain": 5.0}, {"player_id": 8, "response": 5, "net_gain": 5.0}, {"player_id": 9, "response": 5, "net_gain": 5.0}], "total_tokens": 50}, {"responses": [{"player_id": 0, "response": 3, "net_gain": 3.0}, {"player_id": 1, "response": 3, "net_gain": 3.0}, {"player_id": 2, "response": 3, "net_gain": 3.0}, {"player_id": 3, "response": 3, "net_gain": 3.0}, {"player_id": 4, "response": 3, "net_gain": 3.0}, {"player_id": 5, "response": 3, "net_gain": 3.0}, {"player_id": 6, "response": 3, "net_gain": 3.0}, {"player_id": 7, "response": 3, "net_gain": 3.0}, {"player_id": 8, "response": 3, "net_gain": 3.0}, {"player_id": 9, "response": 3, "net_gain": 3.0}], "total_tokens": 30}, {"responses": [{"player_id": 0, "response": 4, "net_gain": 4.0}, {"player_id": 1, "response": 4, "net_gain": 4.0}, {"player_id": 2, "response": 4, "net_gain": 4.0}, {"player_id": 3, "response": 4, "net_gain": 4.0}, {"player_id": 4, "response": 4, "net_gain": 4.0}, {"player_id": 5, "response": 4, "net_gain": 4.0}, {"player_id": 6, "response": 4, "net_gain": 4.0}, {"player_id": 7, "response": 4, "net_gain": 4.0}, {"player_id": 8, "response": 4, "net_gain": 4.0}, {"player_id": 9, "response": 4, "net_gain": 4.0}], "total_tokens": 40}, {"responses": [{"player_id": 0, "response": 3, "net_gain": 3.0}, {"player_id": 1, "response": 3, "net_gain": 3.0}, {"player_id": 2, "response": 3, "net_gain": 3.0}, {"player_id": 3, "response": 3, "net_gain": 3.0}, {"player_id": 4, "response": 3, "net_gain": 3.0}, {"player_id": 5, "response": 3, "net_gain": 3.0}, {"player_id": 6, "response": 3, "net_gain": 3.0}, {"player_id": 7, "response": 3, "net_gain": 3.0}, {"player_id": 8, "response": 3, "net_gain": 3.0}, {"player_id": 9, "response": 3, "net_gain": 3.0}], "total_tokens": 30}, {"responses": [{"player_id": 0, "response": 3, "net_gain": 3.0}, {"player_id": 1, "response": 3, "net_gain": 3.0}, {"player_id": 2, "response": 3, "net_gain": 3.0}, {"player_id": 3, "response": 3, "net_gain": 3.0}, {"player_id": 4, "response": 3, "net_gain": 3.0}, {"player_id": 5, "response": 3, "net_gain": 3.0}, {"player_id": 6, "response": 3, "net_gain": 3.0}, {"player_id": 7, "response": 3, "net_gain": 3.0}, {"player_id": 8, "response": 3, "net_gain": 3.0}, {"player_id": 9, "response": 3, "net_gain": 3.0}], "total_tokens": 30}, {"responses": [{"player_id": 0, "response": 3, "net_gain": 2.8}, {"player_id": 1, "response": 3, "net_gain": 2.8}, {"player_id": 2, "response": 3, "net_gain": 2.8}, {"player_id": 3, "response": 3, "net_gain": 2.8}, {"player_id": 4, "response": 3, "net_gain": 2.8}, {"player_id": 5, "response": 3, "net_gain": 2.8}, {"player_id": 6, "response": 3, "net_gain": 2.8}, {"player_id": 7, "response": 3, "net_gain": 2.8}, {"player_id": 8, "response": 2, "net_gain": 3.8}, {"player_id": 9, "response": 3, "net_gain": 2.8}], "total_tokens": 29}, {"responses": [{"player_id": 0, "response": 3, "net_gain": 3.0}, {"player_id": 1, "response": 3, "net_gain": 3.0}, {"player_id": 2, "response": 3, "net_gain": 3.0}, {"player_id": 3, "response": 3, "net_gain": 3.0}, {"player_id": 4, "response": 3, "net_gain": 3.0}, {"player_id": 5, "response": 3, "net_gain": 3.0}, {"player_id": 6, "response": 3, "net_gain": 3.0}, {"player_id": 7, "response": 3, "net_gain": 3.0}, {"player_id": 8, "response": 3, "net_gain": 3.0}, {"player_id": 9, "response": 3, "net_gain": 3.0}], "total_tokens": 30}, {"responses": [{"player_id": 0, "response": 3, "net_gain": 3.0}, {"player_id": 1, "response": 3, "net_gain": 3.0}, {"player_id": 2, "response": 3, "net_gain": 3.0}, {"player_id": 3, "response": 3, "net_gain": 3.0}, {"player_id": 4, "response": 3, "net_gain": 3.0}, {"player_id": 5, "response": 3, "net_gain": 3.0}, {"player_id": 6, "response": 3, "net_gain": 3.0}, {"player_id": 7, "response": 3, "net_gain": 3.0}, {"player_id": 8, "response": 3, "net_gain": 3.0}, {"player_id": 9, "response": 3, "net_gain": 3.0}], "total_tokens": 30}, {"responses": [{"player_id": 0, "response": 3, "net_gain": 3.0}, {"player_id": 1, "response": 3, "net_gain": 3.0}, {"player_id": 2, "response": 3, "net_gain": 3.0}, {"player_id": 3, "response": 3, "net_gain": 3.0}, {"player_id": 4, "response": 3, "net_gain": 3.0}, {"player_id": 5, "response": 3, "net_gain": 3.0}, {"player_id": 6, "response": 3, "net_gain": 3.0}, {"player_id": 7, "response": 3, "net_gain": 3.0}, {"player_id": 8, "response": 3, "net_gain": 3.0}, {"player_id": 9, "response": 3, "net_gain": 3.0}], "total_tokens": 30}, {"responses": [{"player_id": 0, "response": 3, "net_gain": 3.0}, {"player_id": 1, "response": 3, "net_gain": 3.0}, {"player_id": 2, "response": 3, "net_gain": 3.0}, {"player_id": 3, "response": 3, "net_gain": 3.0}, {"player_id": 4, "response": 3, "net_gain": 3.0}, {"player_id": 5, "response": 3, "net_gain": 3.0}, {"player_id": 6, "response": 3, "net_gain": 3.0}, {"player_id": 7, "response": 3, "net_gain": 3.0}, {"player_id": 8, "response": 3, "net_gain": 3.0}, {"player_id": 9, "response": 3, "net_gain": 3.0}], "total_tokens": 30}, {"responses": [{"player_id": 0, "response": 3, "net_gain": 3.0}, {"player_id": 1, "response": 3, "net_gain": 3.0}, {"player_id": 2, "response": 3, "net_gain": 3.0}, {"player_id": 3, "response": 3, "net_gain": 3.0}, {"player_id": 4, "response": 3, "net_gain": 3.0}, {"player_id": 5, "response": 3, "net_gain": 3.0}, {"player_id": 6, "response": 3, "net_gain": 3.0}, {"player_id": 7, "response": 3, "net_gain": 3.0}, {"player_id": 8, "response": 3, "net_gain": 3.0}, {"player_id": 9, "response": 3, "net_gain": 3.0}], "total_tokens": 30}, {"responses": [{"player_id": 0, "response": 3, "net_gain": 3.0}, {"player_id": 1, "response": 3, "net_gain": 3.0}, {"player_id": 2, "response": 3, "net_gain": 3.0}, {"player_id": 3, "response": 3, "net_gain": 3.0}, {"player_id": 4, "response": 3, "net_gain": 3.0}, {"player_id": 5, "response": 3, "net_gain": 3.0}, {"player_id": 6, "response": 3, "net_gain": 3.0}, {"player_id": 7, "response": 3, "net_gain": 3.0}, {"player_id": 8, "response": 3, "net_gain": 3.0}, {"player_id": 9, "response": 3, "net_gain": 3.0}], "total_tokens": 30}, {"responses": [{"player_id": 0, "response": 3, "net_gain": 3.0}, {"player_id": 1, "response": 3, "net_gain": 3.0}, {"player_id": 2, "response": 3, "net_gain": 3.0}, {"player_id": 3, "response": 3, "net_gain": 3.0}, {"player_id": 4, "response": 3, "net_gain": 3.0}, {"player_id": 5, "response": 3, "net_gain": 3.0}, {"player_id": 6, "response": 3, "net_gain": 3.0}, {"player_id": 7, "response": 3, "net_gain": 3.0}, {"player_id": 8, "response": 3, "net_gain": 3.0}, {"player_id": 9, "response": 3, "net_gain": 3.0}], "total_tokens": 30}, {"responses": [{"player_id": 0, "response": 3, "net_gain": 3.0}, {"player_id": 1, "response": 3, "net_gain": 3.0}, {"player_id": 2, "response": 3, "net_gain": 3.0}, {"player_id": 3, "response": 3, "net_gain": 3.0}, {"player_id": 4, "response": 3, "net_gain": 3.0}, {"player_id": 5, "response": 3, "net_gain": 3.0}, {"player_id": 6, "response": 3, "net_gain": 3.0}, {"player_id": 7, "response": 3, "net_gain": 3.0}, {"player_id": 8, "response": 3, "net_gain": 3.0}, {"player_id": 9, "response": 3, "net_gain": 3.0}], "total_tokens": 30}, {"responses": [{"player_id": 0, "response": 3, "net_gain": 3.0}, {"player_id": 1, "response": 3, "net_gain": 3.0}, {"player_id": 2, "response": 3, "net_gain": 3.0}, {"player_id": 3, "response": 3, "net_gain": 3.0}, {"player_id": 4, "response": 3, "net_gain": 3.0}, {"player_id": 5, "response": 3, "net_gain": 3.0}, {"player_id": 6, "response": 3, "net_gain": 3.0}, {"player_id": 7, "response": 3, "net_gain": 3.0}, {"player_id": 8, "response": 3, "net_gain": 3.0}, {"player_id": 9, "response": 3, "net_gain": 3.0}], "total_tokens": 30}, {"responses": [{"player_id": 0, "response": 3, "net_gain": 3.0}, {"player_id": 1, "response": 3, "net_gain": 3.0}, {"player_id": 2, "response": 3, "net_gain": 3.0}, {"player_id": 3, "response": 3, "net_gain": 3.0}, {"player_id": 4, "response": 3, "net_gain": 3.0}, {"player_id": 5, "response": 3, "net_gain": 3.0}, {"player_id": 6, "response": 3, "net_gain": 3.0}, {"player_id": 7, "response": 3, "net_gain": 3.0}, {"player_id": 8, "response": 3, "net_gain": 3.0}, {"player_id": 9, "response": 3, "net_gain": 3.0}], "total_tokens": 30}, {"responses": [{"player_id": 0, "response": 3, "net_gain": 3.0}, {"player_id": 1, "response": 3, "net_gain": 3.0}, {"player_id": 2, "response": 3, "net_gain": 3.0}, {"player_id": 3, "response": 3, "net_gain": 3.0}, {"player_id": 4, "response": 3, "net_gain": 3.0}, {"player_id": 5, "response": 3, "net_gain": 3.0}, {"player_id": 6, "response": 3, "net_gain": 3.0}, {"player_id": 7, "response": 3, "net_gain": 3.0}, {"player_id": 8, "response": 3, "net_gain": 3.0}, {"player_id": 9, "response": 3, "net_gain": 3.0}], "total_tokens": 30}, {"responses": [{"player_id": 0, "response": 3, "net_gain": 3.0}, {"player_id": 1, "response": 3, "net_gain": 3.0}, {"player_id": 2, "response": 3, "net_gain": 3.0}, {"player_id": 3, "response": 3, "net_gain": 3.0}, {"player_id": 4, "response": 3, "net_gain": 3.0}, {"player_id": 5, "response": 3, "net_gain": 3.0}, {"player_id": 6, "response": 3, "net_gain": 3.0}, {"player_id": 7, "response": 3, "net_gain": 3.0}, {"player_id": 8, "response": 3, "net_gain": 3.0}, {"player_id": 9, "response": 3, "net_gain": 3.0}], "total_tokens": 30}, {"responses": [{"player_id": 0, "response": 3, "net_gain": 3.0}, {"player_id": 1, "response": 3, "net_gain": 3.0}, {"player_id": 2, "response": 3, "net_gain": 3.0}, {"player_id": 3, "response": 3, "net_gain": 3.0}, {"player_id": 4, "response": 3, "net_gain": 3.0}, {"player_id": 5, "response": 3, "net_gain": 3.0}, {"player_id": 6, "response": 3, "net_gain": 3.0}, {"player_id": 7, "response": 3, "net_gain": 3.0}, {"player_id": 8, "response": 3, "net_gain": 3.0}, {"player_id": 9, "response": 3, "net_gain": 3.0}], "total_tokens": 30}]}