{"meta": {"name_exp": "public_goods", "player_num": 10, "tokens": 20, "ratio": 2, "version": "v1", "lang_agent": "<pKbLE9I>", "round": 20, "run": 4}, "round_records": [{"responses": [{"player_id": 0, "response": 10, "net_gain": 7.0}, {"player_id": 1, "response": 10, "net_gain": 7.0}, {"player_id": 2, "response": 0, "net_gain": 17.0}, {"player_id": 3, "response": 5, "net_gain": 12.0}, {"player_id": 4, "response": 10, "net_gain": 7.0}, {"player_id": 5, "response": 10, "net_gain": 7.0}, {"player_id": 6, "response": 10, "net_gain": 7.0}, {"player_id": 7, "response": 10, "net_gain": 7.0}, {"player_id": 8, "response": 10, "net_gain": 7.0}, {"player_id": 9, "response": 10, "net_gain": 7.0}], "total_tokens": 85}, {"responses": [{"player_id": 0, "response": 5, "net_gain": 5.4}, {"player_id": 1, "response": 5, "net_gain": 5.4}, {"player_id": 2, "response": 5, "net_gain": 5.4}, {"player_id": 3, "response": 7, "net_gain": 3.4000000000000004}, {"player_id": 4, "response": 5, "net_gain": 5.4}, {"player_id": 5, "response": 5, "net_gain": 5.4}, {"player_id": 6, "response": 5, "net_gain": 5.4}, {"player_id": 7, "response": 5, "net_gain": 5.4}, {"player_id": 8, "response": 5, "net_gain": 5.4}, {"player_id": 9, "response": 5, "net_gain": 5.4}], "total_tokens": 52}, {"responses": [{"player_id": 0, "response": 3, "net_gain": 3.5999999999999996}, {"player_id": 1, "response": 3, "net_gain": 3.5999999999999996}, {"player_id": 2, "response": 3, "net_gain": 3.5999999999999996}, {"player_id": 3, "response": 3, "net_gain": 3.5999999999999996}, {"player_id": 4, "response": 4, "net_gain": 2.5999999999999996}, {"player_id": 5, "response": 4, "net_gain": 2.5999999999999996}, {"player_id": 6, "response": 3, "net_gain": 3.5999999999999996}, {"player_id": 7, "response": 4, "net_gain": 2.5999999999999996}, {"player_id": 8, "response": 3, "net_gain": 3.5999999999999996}, {"player_id": 9, "response": 3, "net_gain": 3.5999999999999996}], "total_tokens": 33}, {"responses": [{"player_id": 0, "response": 2, "net_gain": 4.6}, {"player_id": 1, "response": 2, "net_gain": 4.6}, {"player_id": 2, "response": 4, "net_gain": 2.5999999999999996}, {"player_id": 3, "response": 4, "net_gain": 2.5999999999999996}, {"player_id": 4, "response": 3, "net_gain": 3.5999999999999996}, {"player_id": 5, "response": 3, "net_gain": 3.5999999999999996}, {"player_id": 6, "response": 4, "net_gain": 2.5999999999999996}, {"player_id": 7, "response": 3, "net_gain": 3.5999999999999996}, {"player_id": 8, "response": 4, "net_gain": 2.5999999999999996}, {"player_id": 9, "response": 4, "net_gain": 2.5999999999999996}], "total_tokens": 33}, {"responses": [{"player_id": 0, "response": 3, "net_gain": 3.0}, {"player_id": 1, "response": 3, "net_gain": 3.0}, {"player_id": 2, "response": 3, "net_gain": 3.0}, {"player_id": 3, "response": 3, "net_gain": 3.0}, {"player_id": 4, "response": 2, "net_gain": 4.0}, {"player_id": 5, "response": 4, "net_gain": 2.0}, {"player_id": 6, "response": 3, "net_gain": 3.0}, {"player_id": 7, "response": 3, "net_gain": 3.0}, {"player_id": 8, "response": 3, "net_gain": 3.0}, {"player_id": 9, "response": 3, "net_gain": 3.0}], "total_tokens": 30}, {"responses": [{"player_id": 0, "response": 2, "net_gain": 2.8}, {"player_id": 1, "response": 2, "net_gain": 2.8}, {"player_id": 2, "response": 2, "net_gain": 2.8}, {"player_id": 3, "response": 3, "net_gain": 1.7999999999999998}, {"player_id": 4, "response": 3, "net_gain": 1.7999999999999998}, {"player_id": 5, "response": 3, "net_gain": 1.7999999999999998}, {"player_id": 6, "response": 2, "net_gain": 2.8}, {"player_id": 7, "response": 2, "net_gain": 2.8}, {"player_id": 8, "response": 3, "net_gain": 1.7999999999999998}, {"player_id": 9, "response": 2, "net_gain": 2.8}], "total_tokens": 24}, {"responses": [{"player_id": 0, "response": 3, "net_gain": 1.7999999999999998}, {"player_id": 1, "response": 2, "net_gain": 2.8}, {"player_id": 2, "response": 2, "net_gain": 2.8}, {"player_id": 3, "response": 2, "net_gain": 2.8}, {"player_id": 4, "response": 3, "net_gain": 1.7999999999999998}, {"player_id": 5, "response": 2, "net_gain": 2.8}, {"player_id": 6, "response": 2, "net_gain": 2.8}, {"player_id": 7, "response": 3, "net_gain": 1.7999999999999998}, {"player_id": 8, "response": 2, "net_gain": 2.8}, {"player_id": 9, "response": 3, "net_gain": 1.7999999999999998}], "total_tokens": 24}, {"responses": [{"player_id": 0, "response": 2, "net_gain": 2.0}, {"player_id": 1, "response": 2, "net_gain": 2.0}, {"player_id": 2, "response": 2, "net_gain": 2.0}, {"player_id": 3, "response": 2, "net_gain": 2.0}, {"player_id": 4, "response": 2, "net_gain": 2.0}, {"player_id": 5, "response": 2, "net_gain": 2.0}, {"player_id": 6, "response": 2, "net_gain": 2.0}, {"player_id": 7, "response": 2, "net_gain": 2.0}, {"player_id": 8, "response": 2, "net_gain": 2.0}, {"player_id": 9, "response": 2, "net_gain": 2.0}], "total_tokens": 20}, {"responses": [{"player_id": 0, "response": 2, "net_gain": 2.2}, {"player_id": 1, "response": 2, "net_gain": 2.2}, {"player_id": 2, "response": 1, "net_gain": 3.2}, {"player_id": 3, "response": 2, "net_gain": 2.2}, {"player_id": 4, "response": 3, "net_gain": 1.2000000000000002}, {"player_id": 5, "response": 2, "net_gain": 2.2}, {"player_id": 6, "response": 2, "net_gain": 2.2}, {"player_id": 7, "response": 2, "net_gain": 2.2}, {"player_id": 8, "response": 3, "net_gain": 1.2000000000000002}, {"player_id": 9, "response": 2, "net_gain": 2.2}], "total_tokens": 21}, {"responses": [{"player_id": 0, "response": 2, "net_gain": 1.7999999999999998}, {"player_id": 1, "response": 1, "net_gain": 2.8}, {"player_id": 2, "response": 2, "net_gain": 1.7999999999999998}, {"player_id": 3, "response": 2, "net_gain": 1.7999999999999998}, {"player_id": 4, "response": 2, "net_gain": 1.7999999999999998}, {"player_id": 5, "response": 2, "net_gain": 1.7999999999999998}, {"player_id": 6, "response": 2, "net_gain": 1.7999999999999998}, {"player_id": 7, "response": 2, "net_gain": 1.7999999999999998}, {"player_id": 8, "response": 2, "net_gain": 1.7999999999999998}, {"player_id": 9, "response": 2, "net_gain": 1.7999999999999998}], "total_tokens": 19}, {"responses": [{"player_id": 0, "response": 2, "net_gain": 1.7999999999999998}, {"player_id": 1, "response": 1, "net_gain": 2.8}, {"player_id": 2, "response": 2, "net_gain": 1.7999999999999998}, {"player_id": 3, "response": 2, "net_gain": 1.7999999999999998}, {"player_id": 4, "response": 2, "net_gain": 1.7999999999999998}, {"player_id": 5, "response": 2, "net_gain": 1.7999999999999998}, {"player_id": 6, "response": 2, "net_gain": 1.7999999999999998}, {"player_id": 7, "response": 2, "net_gain": 1.7999999999999998}, {"player_id": 8, "response": 2, "net_gain": 1.7999999999999998}, {"player_id": 9, "response": 2, "net_gain": 1.7999999999999998}], "total_tokens": 19}, {"responses": [{"player_id": 0, "response": 2, "net_gain": 1.7999999999999998}, {"player_id": 1, "response": 2, "net_gain": 1.7999999999999998}, {"player_id": 2, "response": 1, "net_gain": 2.8}, {"player_id": 3, "response": 2, "net_gain": 1.7999999999999998}, {"player_id": 4, "response": 2, "net_gain": 1.7999999999999998}, {"player_id": 5, "response": 2, "net_gain": 1.7999999999999998}, {"player_id": 6, "response": 2, "net_gain": 1.7999999999999998}, {"player_id": 7, "response": 2, "net_gain": 1.7999999999999998}, {"player_id": 8, "response": 2, "net_gain": 1.7999999999999998}, {"player_id": 9, "response": 2, "net_gain": 1.7999999999999998}], "total_tokens": 19}, {"responses": [{"player_id": 0, "response": 2, "net_gain": 2.0}, {"player_id": 1, "response": 2, "net_gain": 2.0}, {"player_id": 2, "response": 2, "net_gain": 2.0}, {"player_id": 3, "response": 2, "net_gain": 2.0}, {"player_id": 4, "response": 2, "net_gain": 2.0}, {"player_id": 5, "response": 2, "net_gain": 2.0}, {"player_id": 6, "response": 2, "net_gain": 2.0}, {"player_id": 7, "response": 2, "net_gain": 2.0}, {"player_id": 8, "response": 2, "net_gain": 2.0}, {"player_id": 9, "response": 2, "net_gain": 2.0}], "total_tokens": 20}, {"responses": [{"player_id": 0, "response": 2, "net_gain": 2.0}, {"player_id": 1, "response": 2, "net_gain": 2.0}, {"player_id": 2, "response": 2, "net_gain": 2.0}, {"player_id": 3, "response": 2, "net_gain": 2.0}, {"player_id": 4, "response": 2, "net_gain": 2.0}, {"player_id": 5, "response": 2, "net_gain": 2.0}, {"player_id": 6, "response": 2, "net_gain": 2.0}, {"player_id": 7, "response": 2, "net_gain": 2.0}, {"player_id": 8, "response": 2, "net_gain": 2.0}, {"player_id": 9, "response": 2, "net_gain": 2.0}], "total_tokens": 20}, {"responses": [{"player_id": 0, "response": 2, "net_gain": 2.0}, {"player_id": 1, "response": 2, "net_gain": 2.0}, {"player_id": 2, "response": 2, "net_gain": 2.0}, {"player_id": 3, "response": 2, "net_gain": 2.0}, {"player_id": 4, "response": 2, "net_gain": 2.0}, {"player_id": 5, "response": 2, "net_gain": 2.0}, {"player_id": 6, "response": 2, "net_gain": 2.0}, {"player_id": 7, "response": 2, "net_gain": 2.0}, {"player_id": 8, "response": 2, "net_gain": 2.0}, {"player_id": 9, "response": 2, "net_gain": 2.0}], "total_tokens": 20}, {"responses": [{"player_id": 0, "response": 2, "net_gain": 2.0}, {"player_id": 1, "response": 2, "net_gain": 2.0}, {"player_id": 2, "response": 2, "net_gain": 2.0}, {"player_id": 3, "response": 2, "net_gain": 2.0}, {"player_id": 4, "response": 2, "net_gain": 2.0}, {"player_id": 5, "response": 2, "net_gain": 2.0}, {"player_id": 6, "response": 2, "net_gain": 2.0}, {"player_id": 7, "response": 2, "net_gain": 2.0}, {"player_id": 8, "response": 2, "net_gain": 2.0}, {"player_id": 9, "response": 2, "net_gain": 2.0}], "total_tokens": 20}, {"responses": [{"player_id": 0, "response": 2, "net_gain": 2.0}, {"player_id": 1, "response": 2, "net_gain": 2.0}, {"player_id": 2, "response": 2, "net_gain": 2.0}, {"player_id": 3, "response": 2, "net_gain": 2.0}, {"player_id": 4, "response": 2, "net_gain": 2.0}, {"player_id": 5, "response": 2, "net_gain": 2.0}, {"player_id": 6, "response": 2, "net_gain": 2.0}, {"player_id": 7, "response": 2, "net_gain": 2.0}, {"player_id": 8, "response": 2, "net_gain": 2.0}, {"player_id": 9, "response": 2, "net_gain": 2.0}], "total_tokens": 20}, {"responses": [{"player_id": 0, "response": 2, "net_gain": 2.0}, {"player_id": 1, "response": 2, "net_gain": 2.0}, {"player_id": 2, "response": 2, "net_gain": 2.0}, {"player_id": 3, "response": 2, "net_gain": 2.0}, {"player_id": 4, "response": 2, "net_gain": 2.0}, {"player_id": 5, "response": 2, "net_gain": 2.0}, {"player_id": 6, "response": 2, "net_gain": 2.0}, {"player_id": 7, "response": 2, "net_gain": 2.0}, {"player_id": 8, "response": 2, "net_gain": 2.0}, {"player_id": 9, "response": 2, "net_gain": 2.0}], "total_tokens": 20}, {"responses": [{"player_id": 0, "response": 2, "net_gain": 2.0}, {"player_id": 1, "response": 2, "net_gain": 2.0}, {"player_id": 2, "response": 2, "net_gain": 2.0}, {"player_id": 3, "response": 2, "net_gain": 2.0}, {"player_id": 4, "response": 2, "net_gain": 2.0}, {"player_id": 5, "response": 2, "net_gain": 2.0}, {"player_id": 6, "response": 2, "net_gain": 2.0}, {"player_id": 7, "response": 2, "net_gain": 2.0}, {"player_id": 8, "response": 2, "net_gain": 2.0}, {"player_id": 9, "response": 2, "net_gain": 2.0}], "total_tokens": 20}, {"responses": [{"player_id": 0, "response": 2, "net_gain": 2.0}, {"player_id": 1, "response": 2, "net_gain": 2.0}, {"player_id": 2, "response": 2, "net_gain": 2.0}, {"player_id": 3, "response": 2, "net_gain": 2.0}, {"player_id": 4, "response": 2, "net_gain": 2.0}, {"player_id": 5, "response": 2, "net_gain": 2.0}, {"player_id": 6, "response": 2, "net_gain": 2.0}, {"player_id": 7, "response": 2, "net_gain": 2.0}, {"player_id": 8, "response": 2, "net_gain": 2.0}, {"player_id": 9, "response": 2, "net_gain": 2.0}], "total_tokens": 20}]}