{"meta": {"name_exp": "public_goods", "player_num": 10, "tokens": 20, "ratio": 2, "version": "v1", "lang_agent": "<pKbLE9I>", "round": 20, "run": 2}, "round_records": [{"responses": [{"player_id": 0, "response": 10, "net_gain": 10.0}, {"player_id": 1, "response": 10, "net_gain": 10.0}, {"player_id": 2, "response": 10, "net_gain": 10.0}, {"player_id": 3, "response": 10, "net_gain": 10.0}, {"player_id": 4, "response": 10, "net_gain": 10.0}, {"player_id": 5, "response": 10, "net_gain": 10.0}, {"player_id": 6, "response": 10, "net_gain": 10.0}, {"player_id": 7, "response": 10, "net_gain": 10.0}, {"player_id": 8, "response": 10, "net_gain": 10.0}, {"player_id": 9, "response": 10, "net_gain": 10.0}], "total_tokens": 100}, {"responses": [{"player_id": 0, "response": 5, "net_gain": 6.199999999999999}, {"player_id": 1, "response": 5, "net_gain": 6.199999999999999}, {"player_id": 2, "response": 5, "net_gain": 6.199999999999999}, {"player_id": 3, "response": 5, "net_gain": 6.199999999999999}, {"player_id": 4, "response": 5, "net_gain": 6.199999999999999}, {"player_id": 5, "response": 8, "net_gain": 3.1999999999999993}, {"player_id": 6, "response": 5, "net_gain": 6.199999999999999}, {"player_id": 7, "response": 8, "net_gain": 3.1999999999999993}, {"player_id": 8, "response": 5, "net_gain": 6.199999999999999}, {"player_id": 9, "response": 5, "net_gain": 6.199999999999999}], "total_tokens": 56}, {"responses": [{"player_id": 0, "response": 4, "net_gain": 4.6}, {"player_id": 1, "response": 4, "net_gain": 4.6}, {"player_id": 2, "response": 4, "net_gain": 4.6}, {"player_id": 3, "response": 4, "net_gain": 4.6}, {"player_id": 4, "response": 4, "net_gain": 4.6}, {"player_id": 5, "response": 5, "net_gain": 3.5999999999999996}, {"player_id": 6, "response": 5, "net_gain": 3.5999999999999996}, {"player_id": 7, "response": 5, "net_gain": 3.5999999999999996}, {"player_id": 8, "response": 4, "net_gain": 4.6}, {"player_id": 9, "response": 4, "net_gain": 4.6}], "total_tokens": 43}, {"responses": [{"player_id": 0, "response": 3, "net_gain": 3.5999999999999996}, {"player_id": 1, "response": 3, "net_gain": 3.5999999999999996}, {"player_id": 2, "response": 3, "net_gain": 3.5999999999999996}, {"player_id": 3, "response": 3, "net_gain": 3.5999999999999996}, {"player_id": 4, "response": 3, "net_gain": 3.5999999999999996}, {"player_id": 5, "response": 4, "net_gain": 2.5999999999999996}, {"player_id": 6, "response": 4, "net_gain": 2.5999999999999996}, {"player_id": 7, "response": 4, "net_gain": 2.5999999999999996}, {"player_id": 8, "response": 3, "net_gain": 3.5999999999999996}, {"player_id": 9, "response": 3, "net_gain": 3.5999999999999996}], "total_tokens": 33}, {"responses": [{"player_id": 0, "response": 3, "net_gain": 2.4000000000000004}, {"player_id": 1, "response": 2, "net_gain": 3.4000000000000004}, {"player_id": 2, "response": 3, "net_gain": 2.4000000000000004}, {"player_id": 3, "response": 2, "net_gain": 3.4000000000000004}, {"player_id": 4, "response": 3, "net_gain": 2.4000000000000004}, {"player_id": 5, "response": 3, "net_gain": 2.4000000000000004}, {"player_id": 6, "response": 3, "net_gain": 2.4000000000000004}, {"player_id": 7, "response": 3, "net_gain": 2.4000000000000004}, {"player_id": 8, "response": 3, "net_gain": 2.4000000000000004}, {"player_id": 9, "response": 2, "net_gain": 3.4000000000000004}], "total_tokens": 27}, {"responses": [{"player_id": 0, "response": 2, "net_gain": 3.2}, {"player_id": 1, "response": 3, "net_gain": 2.2}, {"player_id": 2, "response": 2, "net_gain": 3.2}, {"player_id": 3, "response": 3, "net_gain": 2.2}, {"player_id": 4, "response": 2, "net_gain": 3.2}, {"player_id": 5, "response": 3, "net_gain": 2.2}, {"player_id": 6, "response": 2, "net_gain": 3.2}, {"player_id": 7, "response": 3, "net_gain": 2.2}, {"player_id": 8, "response": 3, "net_gain": 2.2}, {"player_id": 9, "response": 3, "net_gain": 2.2}], "total_tokens": 26}, {"responses": [{"player_id": 0, "response": 2, "net_gain": 2.5999999999999996}, {"player_id": 1, "response": 2, "net_gain": 2.5999999999999996}, {"player_id": 2, "response": 3, "net_gain": 1.5999999999999996}, {"player_id": 3, "response": 2, "net_gain": 2.5999999999999996}, {"player_id": 4, "response": 3, "net_gain": 1.5999999999999996}, {"player_id": 5, "response": 2, "net_gain": 2.5999999999999996}, {"player_id": 6, "response": 3, "net_gain": 1.5999999999999996}, {"player_id": 7, "response": 2, "net_gain": 2.5999999999999996}, {"player_id": 8, "response": 2, "net_gain": 2.5999999999999996}, {"player_id": 9, "response": 2, "net_gain": 2.5999999999999996}], "total_tokens": 23}, {"responses": [{"player_id": 0, "response": 2, "net_gain": 2.0}, {"player_id": 1, "response": 2, "net_gain": 2.0}, {"player_id": 2, "response": 2, "net_gain": 2.0}, {"player_id": 3, "response": 2, "net_gain": 2.0}, {"player_id": 4, "response": 2, "net_gain": 2.0}, {"player_id": 5, "response": 2, "net_gain": 2.0}, {"player_id": 6, "response": 2, "net_gain": 2.0}, {"player_id": 7, "response": 2, "net_gain": 2.0}, {"player_id": 8, "response": 2, "net_gain": 2.0}, {"player_id": 9, "response": 2, "net_gain": 2.0}], "total_tokens": 20}, {"responses": [{"player_id": 0, "response": 2, "net_gain": 2.0}, {"player_id": 1, "response": 2, "net_gain": 2.0}, {"player_id": 2, "response": 2, "net_gain": 2.0}, {"player_id": 3, "response": 2, "net_gain": 2.0}, {"player_id": 4, "response": 2, "net_gain": 2.0}, {"player_id": 5, "response": 2, "net_gain": 2.0}, {"player_id": 6, "response": 2, "net_gain": 2.0}, {"player_id": 7, "response": 2, "net_gain": 2.0}, {"player_id": 8, "response": 2, "net_gain": 2.0}, {"player_id": 9, "response": 2, "net_gain": 2.0}], "total_tokens": 20}, {"responses": [{"player_id": 0, "response": 2, "net_gain": 2.0}, {"player_id": 1, "response": 2, "net_gain": 2.0}, {"player_id": 2, "response": 2, "net_gain": 2.0}, {"player_id": 3, "response": 2, "net_gain": 2.0}, {"player_id": 4, "response": 2, "net_gain": 2.0}, {"player_id": 5, "response": 2, "net_gain": 2.0}, {"player_id": 6, "response": 2, "net_gain": 2.0}, {"player_id": 7, "response": 2, "net_gain": 2.0}, {"player_id": 8, "response": 2, "net_gain": 2.0}, {"player_id": 9, "response": 2, "net_gain": 2.0}], "total_tokens": 20}, {"responses": [{"player_id": 0, "response": 2, "net_gain": 2.0}, {"player_id": 1, "response": 2, "net_gain": 2.0}, {"player_id": 2, "response": 2, "net_gain": 2.0}, {"player_id": 3, "response": 2, "net_gain": 2.0}, {"player_id": 4, "response": 2, "net_gain": 2.0}, {"player_id": 5, "response": 2, "net_gain": 2.0}, {"player_id": 6, "response": 2, "net_gain": 2.0}, {"player_id": 7, "response": 2, "net_gain": 2.0}, {"player_id": 8, "response": 2, "net_gain": 2.0}, {"player_id": 9, "response": 2, "net_gain": 2.0}], "total_tokens": 20}, {"responses": [{"player_id": 0, "response": 2, "net_gain": 2.0}, {"player_id": 1, "response": 2, "net_gain": 2.0}, {"player_id": 2, "response": 2, "net_gain": 2.0}, {"player_id": 3, "response": 2, "net_gain": 2.0}, {"player_id": 4, "response": 2, "net_gain": 2.0}, {"player_id": 5, "response": 2, "net_gain": 2.0}, {"player_id": 6, "response": 2, "net_gain": 2.0}, {"player_id": 7, "response": 2, "net_gain": 2.0}, {"player_id": 8, "response": 2, "net_gain": 2.0}, {"player_id": 9, "response": 2, "net_gain": 2.0}], "total_tokens": 20}, {"responses": [{"player_id": 0, "response": 2, "net_gain": 2.0}, {"player_id": 1, "response": 2, "net_gain": 2.0}, {"player_id": 2, "response": 2, "net_gain": 2.0}, {"player_id": 3, "response": 2, "net_gain": 2.0}, {"player_id": 4, "response": 2, "net_gain": 2.0}, {"player_id": 5, "response": 2, "net_gain": 2.0}, {"player_id": 6, "response": 2, "net_gain": 2.0}, {"player_id": 7, "response": 2, "net_gain": 2.0}, {"player_id": 8, "response": 2, "net_gain": 2.0}, {"player_id": 9, "response": 2, "net_gain": 2.0}], "total_tokens": 20}, {"responses": [{"player_id": 0, "response": 2, "net_gain": 2.0}, {"player_id": 1, "response": 2, "net_gain": 2.0}, {"player_id": 2, "response": 2, "net_gain": 2.0}, {"player_id": 3, "response": 2, "net_gain": 2.0}, {"player_id": 4, "response": 2, "net_gain": 2.0}, {"player_id": 5, "response": 2, "net_gain": 2.0}, {"player_id": 6, "response": 2, "net_gain": 2.0}, {"player_id": 7, "response": 2, "net_gain": 2.0}, {"player_id": 8, "response": 2, "net_gain": 2.0}, {"player_id": 9, "response": 2, "net_gain": 2.0}], "total_tokens": 20}, {"responses": [{"player_id": 0, "response": 2, "net_gain": 2.0}, {"player_id": 1, "response": 2, "net_gain": 2.0}, {"player_id": 2, "response": 2, "net_gain": 2.0}, {"player_id": 3, "response": 2, "net_gain": 2.0}, {"player_id": 4, "response": 2, "net_gain": 2.0}, {"player_id": 5, "response": 2, "net_gain": 2.0}, {"player_id": 6, "response": 2, "net_gain": 2.0}, {"player_id": 7, "response": 2, "net_gain": 2.0}, {"player_id": 8, "response": 2, "net_gain": 2.0}, {"player_id": 9, "response": 2, "net_gain": 2.0}], "total_tokens": 20}, {"responses": [{"player_id": 0, "response": 2, "net_gain": 2.0}, {"player_id": 1, "response": 2, "net_gain": 2.0}, {"player_id": 2, "response": 2, "net_gain": 2.0}, {"player_id": 3, "response": 2, "net_gain": 2.0}, {"player_id": 4, "response": 2, "net_gain": 2.0}, {"player_id": 5, "response": 2, "net_gain": 2.0}, {"player_id": 6, "response": 2, "net_gain": 2.0}, {"player_id": 7, "response": 2, "net_gain": 2.0}, {"player_id": 8, "response": 2, "net_gain": 2.0}, {"player_id": 9, "response": 2, "net_gain": 2.0}], "total_tokens": 20}, {"responses": [{"player_id": 0, "response": 2, "net_gain": 2.0}, {"player_id": 1, "response": 2, "net_gain": 2.0}, {"player_id": 2, "response": 2, "net_gain": 2.0}, {"player_id": 3, "response": 2, "net_gain": 2.0}, {"player_id": 4, "response": 2, "net_gain": 2.0}, {"player_id": 5, "response": 2, "net_gain": 2.0}, {"player_id": 6, "response": 2, "net_gain": 2.0}, {"player_id": 7, "response": 2, "net_gain": 2.0}, {"player_id": 8, "response": 2, "net_gain": 2.0}, {"player_id": 9, "response": 2, "net_gain": 2.0}], "total_tokens": 20}, {"responses": [{"player_id": 0, "response": 2, "net_gain": 2.0}, {"player_id": 1, "response": 2, "net_gain": 2.0}, {"player_id": 2, "response": 2, "net_gain": 2.0}, {"player_id": 3, "response": 2, "net_gain": 2.0}, {"player_id": 4, "response": 2, "net_gain": 2.0}, {"player_id": 5, "response": 2, "net_gain": 2.0}, {"player_id": 6, "response": 2, "net_gain": 2.0}, {"player_id": 7, "response": 2, "net_gain": 2.0}, {"player_id": 8, "response": 2, "net_gain": 2.0}, {"player_id": 9, "response": 2, "net_gain": 2.0}], "total_tokens": 20}, {"responses": [{"player_id": 0, "response": 2, "net_gain": 2.0}, {"player_id": 1, "response": 2, "net_gain": 2.0}, {"player_id": 2, "response": 2, "net_gain": 2.0}, {"player_id": 3, "response": 2, "net_gain": 2.0}, {"player_id": 4, "response": 2, "net_gain": 2.0}, {"player_id": 5, "response": 2, "net_gain": 2.0}, {"player_id": 6, "response": 2, "net_gain": 2.0}, {"player_id": 7, "response": 2, "net_gain": 2.0}, {"player_id": 8, "response": 2, "net_gain": 2.0}, {"player_id": 9, "response": 2, "net_gain": 2.0}], "total_tokens": 20}, {"responses": [{"player_id": 0, "response": 2, "net_gain": 2.0}, {"player_id": 1, "response": 2, "net_gain": 2.0}, {"player_id": 2, "response": 2, "net_gain": 2.0}, {"player_id": 3, "response": 2, "net_gain": 2.0}, {"player_id": 4, "response": 2, "net_gain": 2.0}, {"player_id": 5, "response": 2, "net_gain": 2.0}, {"player_id": 6, "response": 2, "net_gain": 2.0}, {"player_id": 7, "response": 2, "net_gain": 2.0}, {"player_id": 8, "response": 2, "net_gain": 2.0}, {"player_id": 9, "response": 2, "net_gain": 2.0}], "total_tokens": 20}]}