{"meta": {"name_exp": "public_goods", "player_num": 10, "tokens": 20, "ratio": 2, "version": "v1", "lang_agent": "<pKbLE9I>", "round": 20, "run": 5}, "round_records": [{"responses": [{"player_id": 0, "response": 5, "net_gain": 13.0}, {"player_id": 1, "response": 10, "net_gain": 8.0}, {"player_id": 2, "response": 10, "net_gain": 8.0}, {"player_id": 3, "response": 5, "net_gain": 13.0}, {"player_id": 4, "response": 10, "net_gain": 8.0}, {"player_id": 5, "response": 10, "net_gain": 8.0}, {"player_id": 6, "response": 10, "net_gain": 8.0}, {"player_id": 7, "response": 10, "net_gain": 8.0}, {"player_id": 8, "response": 10, "net_gain": 8.0}, {"player_id": 9, "response": 10, "net_gain": 8.0}], "total_tokens": 90}, {"responses": [{"player_id": 0, "response": 10, "net_gain": 8.0}, {"player_id": 1, "response": 5, "net_gain": 13.0}, {"player_id": 2, "response": 10, "net_gain": 8.0}, {"player_id": 3, "response": 10, "net_gain": 8.0}, {"player_id": 4, "response": 10, "net_gain": 8.0}, {"player_id": 5, "response": 10, "net_gain": 8.0}, {"player_id": 6, "response": 10, "net_gain": 8.0}, {"player_id": 7, "response": 10, "net_gain": 8.0}, {"player_id": 8, "response": 5, "net_gain": 13.0}, {"player_id": 9, "response": 10, "net_gain": 8.0}], "total_tokens": 90}, {"responses": [{"player_id": 0, "response": 5, "net_gain": 6.6}, {"player_id": 1, "response": 8, "net_gain": 3.5999999999999996}, {"player_id": 2, "response": 5, "net_gain": 6.6}, {"player_id": 3, "response": 5, "net_gain": 6.6}, {"player_id": 4, "response": 5, "net_gain": 6.6}, {"player_id": 5, "response": 5, "net_gain": 6.6}, {"player_id": 6, "response": 5, "net_gain": 6.6}, {"player_id": 7, "response": 5, "net_gain": 6.6}, {"player_id": 8, "response": 10, "net_gain": 1.5999999999999996}, {"player_id": 9, "response": 5, "net_gain": 6.6}], "total_tokens": 58}, {"responses": [{"player_id": 0, "response": 5, "net_gain": 8.4}, {"player_id": 1, "response": 5, "net_gain": 8.4}, {"player_id": 2, "response": 8, "net_gain": 5.4}, {"player_id": 3, "response": 5, "net_gain": 8.4}, {"player_id": 4, "response": 8, "net_gain": 5.4}, {"player_id": 5, "response": 8, "net_gain": 5.4}, {"player_id": 6, "response": 5, "net_gain": 8.4}, {"player_id": 7, "response": 8, "net_gain": 5.4}, {"player_id": 8, "response": 10, "net_gain": 3.4000000000000004}, {"player_id": 9, "response": 5, "net_gain": 8.4}], "total_tokens": 67}, {"responses": [{"player_id": 0, "response": 5, "net_gain": 6.0}, {"player_id": 1, "response": 5, "net_gain": 6.0}, {"player_id": 2, "response": 5, "net_gain": 6.0}, {"player_id": 3, "response": 5, "net_gain": 6.0}, {"player_id": 4, "response": 5, "net_gain": 6.0}, {"player_id": 5, "response": 10, "net_gain": 1.0}, {"player_id": 6, "response": 5, "net_gain": 6.0}, {"player_id": 7, "response": 5, "net_gain": 6.0}, {"player_id": 8, "response": 5, "net_gain": 6.0}, {"player_id": 9, "response": 5, "net_gain": 6.0}], "total_tokens": 55}, {"responses": [{"player_id": 0, "response": 5, "net_gain": 6.0}, {"player_id": 1, "response": 5, "net_gain": 6.0}, {"player_id": 2, "response": 5, "net_gain": 6.0}, {"player_id": 3, "response": 5, "net_gain": 6.0}, {"player_id": 4, "response": 5, "net_gain": 6.0}, {"player_id": 5, "response": 5, "net_gain": 6.0}, {"player_id": 6, "response": 5, "net_gain": 6.0}, {"player_id": 7, "response": 5, "net_gain": 6.0}, {"player_id": 8, "response": 10, "net_gain": 1.0}, {"player_id": 9, "response": 5, "net_gain": 6.0}], "total_tokens": 55}, {"responses": [{"player_id": 0, "response": 5, "net_gain": 6.0}, {"player_id": 1, "response": 5, "net_gain": 6.0}, {"player_id": 2, "response": 5, "net_gain": 6.0}, {"player_id": 3, "response": 5, "net_gain": 6.0}, {"player_id": 4, "response": 5, "net_gain": 6.0}, {"player_id": 5, "response": 5, "net_gain": 6.0}, {"player_id": 6, "response": 5, "net_gain": 6.0}, {"player_id": 7, "response": 5, "net_gain": 6.0}, {"player_id": 8, "response": 5, "net_gain": 6.0}, {"player_id": 9, "response": 10, "net_gain": 1.0}], "total_tokens": 55}, {"responses": [{"player_id": 0, "response": 5, "net_gain": 5.0}, {"player_id": 1, "response": 5, "net_gain": 5.0}, {"player_id": 2, "response": 5, "net_gain": 5.0}, {"player_id": 3, "response": 5, "net_gain": 5.0}, {"player_id": 4, "response": 5, "net_gain": 5.0}, {"player_id": 5, "response": 5, "net_gain": 5.0}, {"player_id": 6, "response": 5, "net_gain": 5.0}, {"player_id": 7, "response": 5, "net_gain": 5.0}, {"player_id": 8, "response": 5, "net_gain": 5.0}, {"player_id": 9, "response": 5, "net_gain": 5.0}], "total_tokens": 50}, {"responses": [{"player_id": 0, "response": 5, "net_gain": 5.0}, {"player_id": 1, "response": 5, "net_gain": 5.0}, {"player_id": 2, "response": 5, "net_gain": 5.0}, {"player_id": 3, "response": 5, "net_gain": 5.0}, {"player_id": 4, "response": 5, "net_gain": 5.0}, {"player_id": 5, "response": 5, "net_gain": 5.0}, {"player_id": 6, "response": 5, "net_gain": 5.0}, {"player_id": 7, "response": 5, "net_gain": 5.0}, {"player_id": 8, "response": 5, "net_gain": 5.0}, {"player_id": 9, "response": 5, "net_gain": 5.0}], "total_tokens": 50}, {"responses": [{"player_id": 0, "response": 5, "net_gain": 5.0}, {"player_id": 1, "response": 5, "net_gain": 5.0}, {"player_id": 2, "response": 5, "net_gain": 5.0}, {"player_id": 3, "response": 5, "net_gain": 5.0}, {"player_id": 4, "response": 5, "net_gain": 5.0}, {"player_id": 5, "response": 5, "net_gain": 5.0}, {"player_id": 6, "response": 5, "net_gain": 5.0}, {"player_id": 7, "response": 5, "net_gain": 5.0}, {"player_id": 8, "response": 5, "net_gain": 5.0}, {"player_id": 9, "response": 5, "net_gain": 5.0}], "total_tokens": 50}, {"responses": [{"player_id": 0, "response": 5, "net_gain": 5.0}, {"player_id": 1, "response": 5, "net_gain": 5.0}, {"player_id": 2, "response": 5, "net_gain": 5.0}, {"player_id": 3, "response": 5, "net_gain": 5.0}, {"player_id": 4, "response": 5, "net_gain": 5.0}, {"player_id": 5, "response": 5, "net_gain": 5.0}, {"player_id": 6, "response": 5, "net_gain": 5.0}, {"player_id": 7, "response": 5, "net_gain": 5.0}, {"player_id": 8, "response": 5, "net_gain": 5.0}, {"player_id": 9, "response": 5, "net_gain": 5.0}], "total_tokens": 50}, {"responses": [{"player_id": 0, "response": 5, "net_gain": 5.0}, {"player_id": 1, "response": 5, "net_gain": 5.0}, {"player_id": 2, "response": 5, "net_gain": 5.0}, {"player_id": 3, "response": 5, "net_gain": 5.0}, {"player_id": 4, "response": 5, "net_gain": 5.0}, {"player_id": 5, "response": 5, "net_gain": 5.0}, {"player_id": 6, "response": 5, "net_gain": 5.0}, {"player_id": 7, "response": 5, "net_gain": 5.0}, {"player_id": 8, "response": 5, "net_gain": 5.0}, {"player_id": 9, "response": 5, "net_gain": 5.0}], "total_tokens": 50}, {"responses": [{"player_id": 0, "response": 5, "net_gain": 5.0}, {"player_id": 1, "response": 5, "net_gain": 5.0}, {"player_id": 2, "response": 5, "net_gain": 5.0}, {"player_id": 3, "response": 5, "net_gain": 5.0}, {"player_id": 4, "response": 5, "net_gain": 5.0}, {"player_id": 5, "response": 5, "net_gain": 5.0}, {"player_id": 6, "response": 5, "net_gain": 5.0}, {"player_id": 7, "response": 5, "net_gain": 5.0}, {"player_id": 8, "response": 5, "net_gain": 5.0}, {"player_id": 9, "response": 5, "net_gain": 5.0}], "total_tokens": 50}, {"responses": [{"player_id": 0, "response": 5, "net_gain": 5.0}, {"player_id": 1, "response": 5, "net_gain": 5.0}, {"player_id": 2, "response": 5, "net_gain": 5.0}, {"player_id": 3, "response": 5, "net_gain": 5.0}, {"player_id": 4, "response": 5, "net_gain": 5.0}, {"player_id": 5, "response": 5, "net_gain": 5.0}, {"player_id": 6, "response": 5, "net_gain": 5.0}, {"player_id": 7, "response": 5, "net_gain": 5.0}, {"player_id": 8, "response": 5, "net_gain": 5.0}, {"player_id": 9, "response": 5, "net_gain": 5.0}], "total_tokens": 50}, {"responses": [{"player_id": 0, "response": 5, "net_gain": 5.0}, {"player_id": 1, "response": 5, "net_gain": 5.0}, {"player_id": 2, "response": 5, "net_gain": 5.0}, {"player_id": 3, "response": 5, "net_gain": 5.0}, {"player_id": 4, "response": 5, "net_gain": 5.0}, {"player_id": 5, "response": 5, "net_gain": 5.0}, {"player_id": 6, "response": 5, "net_gain": 5.0}, {"player_id": 7, "response": 5, "net_gain": 5.0}, {"player_id": 8, "response": 5, "net_gain": 5.0}, {"player_id": 9, "response": 5, "net_gain": 5.0}], "total_tokens": 50}, {"responses": [{"player_id": 0, "response": 5, "net_gain": 5.0}, {"player_id": 1, "response": 5, "net_gain": 5.0}, {"player_id": 2, "response": 5, "net_gain": 5.0}, {"player_id": 3, "response": 5, "net_gain": 5.0}, {"player_id": 4, "response": 5, "net_gain": 5.0}, {"player_id": 5, "response": 5, "net_gain": 5.0}, {"player_id": 6, "response": 5, "net_gain": 5.0}, {"player_id": 7, "response": 5, "net_gain": 5.0}, {"player_id": 8, "response": 5, "net_gain": 5.0}, {"player_id": 9, "response": 5, "net_gain": 5.0}], "total_tokens": 50}, {"responses": [{"player_id": 0, "response": 5, "net_gain": 5.0}, {"player_id": 1, "response": 5, "net_gain": 5.0}, {"player_id": 2, "response": 5, "net_gain": 5.0}, {"player_id": 3, "response": 5, "net_gain": 5.0}, {"player_id": 4, "response": 5, "net_gain": 5.0}, {"player_id": 5, "response": 5, "net_gain": 5.0}, {"player_id": 6, "response": 5, "net_gain": 5.0}, {"player_id": 7, "response": 5, "net_gain": 5.0}, {"player_id": 8, "response": 5, "net_gain": 5.0}, {"player_id": 9, "response": 5, "net_gain": 5.0}], "total_tokens": 50}, {"responses": [{"player_id": 0, "response": 5, "net_gain": 5.0}, {"player_id": 1, "response": 5, "net_gain": 5.0}, {"player_id": 2, "response": 5, "net_gain": 5.0}, {"player_id": 3, "response": 5, "net_gain": 5.0}, {"player_id": 4, "response": 5, "net_gain": 5.0}, {"player_id": 5, "response": 5, "net_gain": 5.0}, {"player_id": 6, "response": 5, "net_gain": 5.0}, {"player_id": 7, "response": 5, "net_gain": 5.0}, {"player_id": 8, "response": 5, "net_gain": 5.0}, {"player_id": 9, "response": 5, "net_gain": 5.0}], "total_tokens": 50}, {"responses": [{"player_id": 0, "response": 5, "net_gain": 5.0}, {"player_id": 1, "response": 5, "net_gain": 5.0}, {"player_id": 2, "response": 5, "net_gain": 5.0}, {"player_id": 3, "response": 5, "net_gain": 5.0}, {"player_id": 4, "response": 5, "net_gain": 5.0}, {"player_id": 5, "response": 5, "net_gain": 5.0}, {"player_id": 6, "response": 5, "net_gain": 5.0}, {"player_id": 7, "response": 5, "net_gain": 5.0}, {"player_id": 8, "response": 5, "net_gain": 5.0}, {"player_id": 9, "response": 5, "net_gain": 5.0}], "total_tokens": 50}, {"responses": [{"player_id": 0, "response": 5, "net_gain": 5.0}, {"player_id": 1, "response": 5, "net_gain": 5.0}, {"player_id": 2, "response": 5, "net_gain": 5.0}, {"player_id": 3, "response": 5, "net_gain": 5.0}, {"player_id": 4, "response": 5, "net_gain": 5.0}, {"player_id": 5, "response": 5, "net_gain": 5.0}, {"player_id": 6, "response": 5, "net_gain": 5.0}, {"player_id": 7, "response": 5, "net_gain": 5.0}, {"player_id": 8, "response": 5, "net_gain": 5.0}, {"player_id": 9, "response": 5, "net_gain": 5.0}], "total_tokens": 50}]}