{"meta": {"name_exp": "public_goods", "player_num": 10, "tokens": 20, "ratio": 2, "version": "v1", "lang_agent": "<RfelEFA>", "round": 20, "run": 5}, "round_records": [{"responses": [{"player_id": 0, "response": 2, "net_gain": 3.4000000000000004}, {"player_id": 1, "response": 2, "net_gain": 3.4000000000000004}, {"player_id": 2, "response": 5, "net_gain": 0.40000000000000036}, {"player_id": 3, "response": 5, "net_gain": 0.40000000000000036}, {"player_id": 4, "response": 2, "net_gain": 3.4000000000000004}, {"player_id": 5, "response": 2, "net_gain": 3.4000000000000004}, {"player_id": 6, "response": 2, "net_gain": 3.4000000000000004}, {"player_id": 7, "response": 2, "net_gain": 3.4000000000000004}, {"player_id": 8, "response": 3, "net_gain": 2.4000000000000004}, {"player_id": 9, "response": 2, "net_gain": 3.4000000000000004}], "total_tokens": 27}, {"responses": [{"player_id": 0, "response": 2, "net_gain": 4.8}, {"player_id": 1, "response": 2, "net_gain": 4.8}, {"player_id": 2, "response": 7, "net_gain": -0.20000000000000018}, {"player_id": 3, "response": 2, "net_gain": 4.8}, {"player_id": 4, "response": 3, "net_gain": 3.8}, {"player_id": 5, "response": 2, "net_gain": 4.8}, {"player_id": 6, "response": 5, "net_gain": 1.7999999999999998}, {"player_id": 7, "response": 3, "net_gain": 3.8}, {"player_id": 8, "response": 3, "net_gain": 3.8}, {"player_id": 9, "response": 5, "net_gain": 1.7999999999999998}], "total_tokens": 34}, {"responses": [{"player_id": 0, "response": 3, "net_gain": 2.5999999999999996}, {"player_id": 1, "response": 3, "net_gain": 2.5999999999999996}, {"player_id": 2, "response": 3, "net_gain": 2.5999999999999996}, {"player_id": 3, "response": 3, "net_gain": 2.5999999999999996}, {"player_id": 4, "response": 2, "net_gain": 3.5999999999999996}, {"player_id": 5, "response": 2, "net_gain": 3.5999999999999996}, {"player_id": 6, "response": 3, "net_gain": 2.5999999999999996}, {"player_id": 7, "response": 2, "net_gain": 3.5999999999999996}, {"player_id": 8, "response": 4, "net_gain": 1.5999999999999996}, {"player_id": 9, "response": 3, "net_gain": 2.5999999999999996}], "total_tokens": 28}, {"responses": [{"player_id": 0, "response": 2, "net_gain": 5.4}, {"player_id": 1, "response": 2, "net_gain": 5.4}, {"player_id": 2, "response": 6, "net_gain": 1.4000000000000004}, {"player_id": 3, "response": 4, "net_gain": 3.4000000000000004}, {"player_id": 4, "response": 3, "net_gain": 4.4}, {"player_id": 5, "response": 2, "net_gain": 5.4}, {"player_id": 6, "response": 4, "net_gain": 3.4000000000000004}, {"player_id": 7, "response": 2, "net_gain": 5.4}, {"player_id": 8, "response": 5, "net_gain": 2.4000000000000004}, {"player_id": 9, "response": 7, "net_gain": 0.40000000000000036}], "total_tokens": 37}, {"responses": [{"player_id": 0, "response": 3, "net_gain": 3.5999999999999996}, {"player_id": 1, "response": 3, "net_gain": 3.5999999999999996}, {"player_id": 2, "response": 5, "net_gain": 1.5999999999999996}, {"player_id": 3, "response": 3, "net_gain": 3.5999999999999996}, {"player_id": 4, "response": 4, "net_gain": 2.5999999999999996}, {"player_id": 5, "response": 3, "net_gain": 3.5999999999999996}, {"player_id": 6, "response": 2, "net_gain": 4.6}, {"player_id": 7, "response": 3, "net_gain": 3.5999999999999996}, {"player_id": 8, "response": 4, "net_gain": 2.5999999999999996}, {"player_id": 9, "response": 3, "net_gain": 3.5999999999999996}], "total_tokens": 33}, {"responses": [{"player_id": 0, "response": 3, "net_gain": 3.8}, {"player_id": 1, "response": 3, "net_gain": 3.8}, {"player_id": 2, "response": 5, "net_gain": 1.7999999999999998}, {"player_id": 3, "response": 3, "net_gain": 3.8}, {"player_id": 4, "response": 3, "net_gain": 3.8}, {"player_id": 5, "response": 2, "net_gain": 4.8}, {"player_id": 6, "response": 3, "net_gain": 3.8}, {"player_id": 7, "response": 4, "net_gain": 2.8}, {"player_id": 8, "response": 4, "net_gain": 2.8}, {"player_id": 9, "response": 4, "net_gain": 2.8}], "total_tokens": 34}, {"responses": [{"player_id": 0, "response": 2, "net_gain": 4.4}, {"player_id": 1, "response": 3, "net_gain": 3.4000000000000004}, {"player_id": 2, "response": 3, "net_gain": 3.4000000000000004}, {"player_id": 3, "response": 5, "net_gain": 1.4000000000000004}, {"player_id": 4, "response": 4, "net_gain": 2.4000000000000004}, {"player_id": 5, "response": 2, "net_gain": 4.4}, {"player_id": 6, "response": 3, "net_gain": 3.4000000000000004}, {"player_id": 7, "response": 2, "net_gain": 4.4}, {"player_id": 8, "response": 4, "net_gain": 2.4000000000000004}, {"player_id": 9, "response": 4, "net_gain": 2.4000000000000004}], "total_tokens": 32}, {"responses": [{"player_id": 0, "response": 3, "net_gain": 4.4}, {"player_id": 1, "response": 3, "net_gain": 4.4}, {"player_id": 2, "response": 5, "net_gain": 2.4000000000000004}, {"player_id": 3, "response": 4, "net_gain": 3.4000000000000004}, {"player_id": 4, "response": 4, "net_gain": 3.4000000000000004}, {"player_id": 5, "response": 2, "net_gain": 5.4}, {"player_id": 6, "response": 5, "net_gain": 2.4000000000000004}, {"player_id": 7, "response": 3, "net_gain": 4.4}, {"player_id": 8, "response": 4, "net_gain": 3.4000000000000004}, {"player_id": 9, "response": 4, "net_gain": 3.4000000000000004}], "total_tokens": 37}, {"responses": [{"player_id": 0, "response": 3, "net_gain": 5.0}, {"player_id": 1, "response": 4, "net_gain": 4.0}, {"player_id": 2, "response": 4, "net_gain": 4.0}, {"player_id": 3, "response": 5, "net_gain": 3.0}, {"player_id": 4, "response": 5, "net_gain": 3.0}, {"player_id": 5, "response": 2, "net_gain": 6.0}, {"player_id": 6, "response": 5, "net_gain": 3.0}, {"player_id": 7, "response": 3, "net_gain": 5.0}, {"player_id": 8, "response": 4, "net_gain": 4.0}, {"player_id": 9, "response": 5, "net_gain": 3.0}], "total_tokens": 40}, {"responses": [{"player_id": 0, "response": 3, "net_gain": 5.0}, {"player_id": 1, "response": 4, "net_gain": 4.0}, {"player_id": 2, "response": 4, "net_gain": 4.0}, {"player_id": 3, "response": 4, "net_gain": 4.0}, {"player_id": 4, "response": 5, "net_gain": 3.0}, {"player_id": 5, "response": 2, "net_gain": 6.0}, {"player_id": 6, "response": 5, "net_gain": 3.0}, {"player_id": 7, "response": 4, "net_gain": 4.0}, {"player_id": 8, "response": 4, "net_gain": 4.0}, {"player_id": 9, "response": 5, "net_gain": 3.0}], "total_tokens": 40}, {"responses": [{"player_id": 0, "response": 3, "net_gain": 5.199999999999999}, {"player_id": 1, "response": 4, "net_gain": 4.199999999999999}, {"player_id": 2, "response": 4, "net_gain": 4.199999999999999}, {"player_id": 3, "response": 5, "net_gain": 3.1999999999999993}, {"player_id": 4, "response": 5, "net_gain": 3.1999999999999993}, {"player_id": 5, "response": 3, "net_gain": 5.199999999999999}, {"player_id": 6, "response": 5, "net_gain": 3.1999999999999993}, {"player_id": 7, "response": 3, "net_gain": 5.199999999999999}, {"player_id": 8, "response": 4, "net_gain": 4.199999999999999}, {"player_id": 9, "response": 5, "net_gain": 3.1999999999999993}], "total_tokens": 41}, {"responses": [{"player_id": 0, "response": 3, "net_gain": 5.0}, {"player_id": 1, "response": 3, "net_gain": 5.0}, {"player_id": 2, "response": 4, "net_gain": 4.0}, {"player_id": 3, "response": 5, "net_gain": 3.0}, {"player_id": 4, "response": 5, "net_gain": 3.0}, {"player_id": 5, "response": 3, "net_gain": 5.0}, {"player_id": 6, "response": 5, "net_gain": 3.0}, {"player_id": 7, "response": 3, "net_gain": 5.0}, {"player_id": 8, "response": 4, "net_gain": 4.0}, {"player_id": 9, "response": 5, "net_gain": 3.0}], "total_tokens": 40}, {"responses": [{"player_id": 0, "response": 3, "net_gain": 4.8}, {"player_id": 1, "response": 3, "net_gain": 4.8}, {"player_id": 2, "response": 4, "net_gain": 3.8}, {"player_id": 3, "response": 5, "net_gain": 2.8}, {"player_id": 4, "response": 5, "net_gain": 2.8}, {"player_id": 5, "response": 2, "net_gain": 5.8}, {"player_id": 6, "response": 5, "net_gain": 2.8}, {"player_id": 7, "response": 3, "net_gain": 4.8}, {"player_id": 8, "response": 4, "net_gain": 3.8}, {"player_id": 9, "response": 5, "net_gain": 2.8}], "total_tokens": 39}, {"responses": [{"player_id": 0, "response": 3, "net_gain": 4.8}, {"player_id": 1, "response": 3, "net_gain": 4.8}, {"player_id": 2, "response": 4, "net_gain": 3.8}, {"player_id": 3, "response": 5, "net_gain": 2.8}, {"player_id": 4, "response": 5, "net_gain": 2.8}, {"player_id": 5, "response": 2, "net_gain": 5.8}, {"player_id": 6, "response": 5, "net_gain": 2.8}, {"player_id": 7, "response": 3, "net_gain": 4.8}, {"player_id": 8, "response": 4, "net_gain": 3.8}, {"player_id": 9, "response": 5, "net_gain": 2.8}], "total_tokens": 39}, {"responses": [{"player_id": 0, "response": 3, "net_gain": 4.6}, {"player_id": 1, "response": 3, "net_gain": 4.6}, {"player_id": 2, "response": 4, "net_gain": 3.5999999999999996}, {"player_id": 3, "response": 4, "net_gain": 3.5999999999999996}, {"player_id": 4, "response": 5, "net_gain": 2.5999999999999996}, {"player_id": 5, "response": 2, "net_gain": 5.6}, {"player_id": 6, "response": 5, "net_gain": 2.5999999999999996}, {"player_id": 7, "response": 3, "net_gain": 4.6}, {"player_id": 8, "response": 4, "net_gain": 3.5999999999999996}, {"player_id": 9, "response": 5, "net_gain": 2.5999999999999996}], "total_tokens": 38}, {"responses": [{"player_id": 0, "response": 3, "net_gain": 5.0}, {"player_id": 1, "response": 3, "net_gain": 5.0}, {"player_id": 2, "response": 4, "net_gain": 4.0}, {"player_id": 3, "response": 5, "net_gain": 3.0}, {"player_id": 4, "response": 5, "net_gain": 3.0}, {"player_id": 5, "response": 3, "net_gain": 5.0}, {"player_id": 6, "response": 5, "net_gain": 3.0}, {"player_id": 7, "response": 3, "net_gain": 5.0}, {"player_id": 8, "response": 4, "net_gain": 4.0}, {"player_id": 9, "response": 5, "net_gain": 3.0}], "total_tokens": 40}, {"responses": [{"player_id": 0, "response": 3, "net_gain": 5.0}, {"player_id": 1, "response": 4, "net_gain": 4.0}, {"player_id": 2, "response": 4, "net_gain": 4.0}, {"player_id": 3, "response": 5, "net_gain": 3.0}, {"player_id": 4, "response": 5, "net_gain": 3.0}, {"player_id": 5, "response": 2, "net_gain": 6.0}, {"player_id": 6, "response": 5, "net_gain": 3.0}, {"player_id": 7, "response": 3, "net_gain": 5.0}, {"player_id": 8, "response": 4, "net_gain": 4.0}, {"player_id": 9, "response": 5, "net_gain": 3.0}], "total_tokens": 40}, {"responses": [{"player_id": 0, "response": 4, "net_gain": 4.4}, {"player_id": 1, "response": 4, "net_gain": 4.4}, {"player_id": 2, "response": 4, "net_gain": 4.4}, {"player_id": 3, "response": 5, "net_gain": 3.4000000000000004}, {"player_id": 4, "response": 5, "net_gain": 3.4000000000000004}, {"player_id": 5, "response": 2, "net_gain": 6.4}, {"player_id": 6, "response": 5, "net_gain": 3.4000000000000004}, {"player_id": 7, "response": 3, "net_gain": 5.4}, {"player_id": 8, "response": 5, "net_gain": 3.4000000000000004}, {"player_id": 9, "response": 5, "net_gain": 3.4000000000000004}], "total_tokens": 42}, {"responses": [{"player_id": 0, "response": 4, "net_gain": 3.8}, {"player_id": 1, "response": 3, "net_gain": 4.8}, {"player_id": 2, "response": 4, "net_gain": 3.8}, {"player_id": 3, "response": 5, "net_gain": 2.8}, {"player_id": 4, "response": 5, "net_gain": 2.8}, {"player_id": 5, "response": 2, "net_gain": 5.8}, {"player_id": 6, "response": 5, "net_gain": 2.8}, {"player_id": 7, "response": 4, "net_gain": 3.8}, {"player_id": 8, "response": 2, "net_gain": 5.8}, {"player_id": 9, "response": 5, "net_gain": 2.8}], "total_tokens": 39}, {"responses": [{"player_id": 0, "response": 4, "net_gain": 4.4}, {"player_id": 1, "response": 4, "net_gain": 4.4}, {"player_id": 2, "response": 4, "net_gain": 4.4}, {"player_id": 3, "response": 5, "net_gain": 3.4000000000000004}, {"player_id": 4, "response": 5, "net_gain": 3.4000000000000004}, {"player_id": 5, "response": 2, "net_gain": 6.4}, {"player_id": 6, "response": 5, "net_gain": 3.4000000000000004}, {"player_id": 7, "response": 4, "net_gain": 4.4}, {"player_id": 8, "response": 4, "net_gain": 4.4}, {"player_id": 9, "response": 5, "net_gain": 3.4000000000000004}], "total_tokens": 42}]}