{"meta": {"name_exp": "public_goods", "player_num": 10, "tokens": 20, "ratio": 2, "version": "v1", "lang_agent": "<RfelEFA>", "round": 20, "run": 3}, "round_records": [{"responses": [{"player_id": 0, "response": 3, "net_gain": 3.0}, {"player_id": 1, "response": 2, "net_gain": 4.0}, {"player_id": 2, "response": 2, "net_gain": 4.0}, {"player_id": 3, "response": 3, "net_gain": 3.0}, {"player_id": 4, "response": 3, "net_gain": 3.0}, {"player_id": 5, "response": 2, "net_gain": 4.0}, {"player_id": 6, "response": 5, "net_gain": 1.0}, {"player_id": 7, "response": 2, "net_gain": 4.0}, {"player_id": 8, "response": 5, "net_gain": 1.0}, {"player_id": 9, "response": 3, "net_gain": 3.0}], "total_tokens": 30}, {"responses": [{"player_id": 0, "response": 3, "net_gain": 2.8}, {"player_id": 1, "response": 3, "net_gain": 2.8}, {"player_id": 2, "response": 3, "net_gain": 2.8}, {"player_id": 3, "response": 2, "net_gain": 3.8}, {"player_id": 4, "response": 2, "net_gain": 3.8}, {"player_id": 5, "response": 3, "net_gain": 2.8}, {"player_id": 6, "response": 3, "net_gain": 2.8}, {"player_id": 7, "response": 2, "net_gain": 3.8}, {"player_id": 8, "response": 4, "net_gain": 1.7999999999999998}, {"player_id": 9, "response": 4, "net_gain": 1.7999999999999998}], "total_tokens": 29}, {"responses": [{"player_id": 0, "response": 3, "net_gain": 2.5999999999999996}, {"player_id": 1, "response": 3, "net_gain": 2.5999999999999996}, {"player_id": 2, "response": 2, "net_gain": 3.5999999999999996}, {"player_id": 3, "response": 2, "net_gain": 3.5999999999999996}, {"player_id": 4, "response": 3, "net_gain": 2.5999999999999996}, {"player_id": 5, "response": 3, "net_gain": 2.5999999999999996}, {"player_id": 6, "response": 4, "net_gain": 1.5999999999999996}, {"player_id": 7, "response": 2, "net_gain": 3.5999999999999996}, {"player_id": 8, "response": 3, "net_gain": 2.5999999999999996}, {"player_id": 9, "response": 3, "net_gain": 2.5999999999999996}], "total_tokens": 28}, {"responses": [{"player_id": 0, "response": 2, "net_gain": 3.5999999999999996}, {"player_id": 1, "response": 3, "net_gain": 2.5999999999999996}, {"player_id": 2, "response": 3, "net_gain": 2.5999999999999996}, {"player_id": 3, "response": 2, "net_gain": 3.5999999999999996}, {"player_id": 4, "response": 3, "net_gain": 2.5999999999999996}, {"player_id": 5, "response": 3, "net_gain": 2.5999999999999996}, {"player_id": 6, "response": 4, "net_gain": 1.5999999999999996}, {"player_id": 7, "response": 2, "net_gain": 3.5999999999999996}, {"player_id": 8, "response": 3, "net_gain": 2.5999999999999996}, {"player_id": 9, "response": 3, "net_gain": 2.5999999999999996}], "total_tokens": 28}, {"responses": [{"player_id": 0, "response": 3, "net_gain": 3.0}, {"player_id": 1, "response": 3, "net_gain": 3.0}, {"player_id": 2, "response": 3, "net_gain": 3.0}, {"player_id": 3, "response": 2, "net_gain": 4.0}, {"player_id": 4, "response": 4, "net_gain": 2.0}, {"player_id": 5, "response": 3, "net_gain": 3.0}, {"player_id": 6, "response": 4, "net_gain": 2.0}, {"player_id": 7, "response": 2, "net_gain": 4.0}, {"player_id": 8, "response": 3, "net_gain": 3.0}, {"player_id": 9, "response": 3, "net_gain": 3.0}], "total_tokens": 30}, {"responses": [{"player_id": 0, "response": 3, "net_gain": 2.8}, {"player_id": 1, "response": 3, "net_gain": 2.8}, {"player_id": 2, "response": 3, "net_gain": 2.8}, {"player_id": 3, "response": 2, "net_gain": 3.8}, {"player_id": 4, "response": 3, "net_gain": 2.8}, {"player_id": 5, "response": 3, "net_gain": 2.8}, {"player_id": 6, "response": 4, "net_gain": 1.7999999999999998}, {"player_id": 7, "response": 2, "net_gain": 3.8}, {"player_id": 8, "response": 3, "net_gain": 2.8}, {"player_id": 9, "response": 3, "net_gain": 2.8}], "total_tokens": 29}, {"responses": [{"player_id": 0, "response": 3, "net_gain": 2.8}, {"player_id": 1, "response": 3, "net_gain": 2.8}, {"player_id": 2, "response": 3, "net_gain": 2.8}, {"player_id": 3, "response": 2, "net_gain": 3.8}, {"player_id": 4, "response": 3, "net_gain": 2.8}, {"player_id": 5, "response": 3, "net_gain": 2.8}, {"player_id": 6, "response": 4, "net_gain": 1.7999999999999998}, {"player_id": 7, "response": 2, "net_gain": 3.8}, {"player_id": 8, "response": 3, "net_gain": 2.8}, {"player_id": 9, "response": 3, "net_gain": 2.8}], "total_tokens": 29}, {"responses": [{"player_id": 0, "response": 3, "net_gain": 2.8}, {"player_id": 1, "response": 3, "net_gain": 2.8}, {"player_id": 2, "response": 3, "net_gain": 2.8}, {"player_id": 3, "response": 2, "net_gain": 3.8}, {"player_id": 4, "response": 3, "net_gain": 2.8}, {"player_id": 5, "response": 3, "net_gain": 2.8}, {"player_id": 6, "response": 4, "net_gain": 1.7999999999999998}, {"player_id": 7, "response": 2, "net_gain": 3.8}, {"player_id": 8, "response": 3, "net_gain": 2.8}, {"player_id": 9, "response": 3, "net_gain": 2.8}], "total_tokens": 29}, {"responses": [{"player_id": 0, "response": 3, "net_gain": 2.8}, {"player_id": 1, "response": 3, "net_gain": 2.8}, {"player_id": 2, "response": 3, "net_gain": 2.8}, {"player_id": 3, "response": 2, "net_gain": 3.8}, {"player_id": 4, "response": 3, "net_gain": 2.8}, {"player_id": 5, "response": 3, "net_gain": 2.8}, {"player_id": 6, "response": 4, "net_gain": 1.7999999999999998}, {"player_id": 7, "response": 2, "net_gain": 3.8}, {"player_id": 8, "response": 3, "net_gain": 2.8}, {"player_id": 9, "response": 3, "net_gain": 2.8}], "total_tokens": 29}, {"responses": [{"player_id": 0, "response": 3, "net_gain": 2.5999999999999996}, {"player_id": 1, "response": 2, "net_gain": 3.5999999999999996}, {"player_id": 2, "response": 3, "net_gain": 2.5999999999999996}, {"player_id": 3, "response": 2, "net_gain": 3.5999999999999996}, {"player_id": 4, "response": 3, "net_gain": 2.5999999999999996}, {"player_id": 5, "response": 3, "net_gain": 2.5999999999999996}, {"player_id": 6, "response": 4, "net_gain": 1.5999999999999996}, {"player_id": 7, "response": 2, "net_gain": 3.5999999999999996}, {"player_id": 8, "response": 3, "net_gain": 2.5999999999999996}, {"player_id": 9, "response": 3, "net_gain": 2.5999999999999996}], "total_tokens": 28}, {"responses": [{"player_id": 0, "response": 3, "net_gain": 3.0}, {"player_id": 1, "response": 3, "net_gain": 3.0}, {"player_id": 2, "response": 3, "net_gain": 3.0}, {"player_id": 3, "response": 3, "net_gain": 3.0}, {"player_id": 4, "response": 3, "net_gain": 3.0}, {"player_id": 5, "response": 3, "net_gain": 3.0}, {"player_id": 6, "response": 4, "net_gain": 2.0}, {"player_id": 7, "response": 2, "net_gain": 4.0}, {"player_id": 8, "response": 3, "net_gain": 3.0}, {"player_id": 9, "response": 3, "net_gain": 3.0}], "total_tokens": 30}, {"responses": [{"player_id": 0, "response": 3, "net_gain": 3.0}, {"player_id": 1, "response": 3, "net_gain": 3.0}, {"player_id": 2, "response": 3, "net_gain": 3.0}, {"player_id": 3, "response": 2, "net_gain": 4.0}, {"player_id": 4, "response": 4, "net_gain": 2.0}, {"player_id": 5, "response": 3, "net_gain": 3.0}, {"player_id": 6, "response": 4, "net_gain": 2.0}, {"player_id": 7, "response": 2, "net_gain": 4.0}, {"player_id": 8, "response": 3, "net_gain": 3.0}, {"player_id": 9, "response": 3, "net_gain": 3.0}], "total_tokens": 30}, {"responses": [{"player_id": 0, "response": 3, "net_gain": 2.8}, {"player_id": 1, "response": 3, "net_gain": 2.8}, {"player_id": 2, "response": 3, "net_gain": 2.8}, {"player_id": 3, "response": 2, "net_gain": 3.8}, {"player_id": 4, "response": 3, "net_gain": 2.8}, {"player_id": 5, "response": 3, "net_gain": 2.8}, {"player_id": 6, "response": 4, "net_gain": 1.7999999999999998}, {"player_id": 7, "response": 2, "net_gain": 3.8}, {"player_id": 8, "response": 3, "net_gain": 2.8}, {"player_id": 9, "response": 3, "net_gain": 2.8}], "total_tokens": 29}, {"responses": [{"player_id": 0, "response": 3, "net_gain": 2.5999999999999996}, {"player_id": 1, "response": 3, "net_gain": 2.5999999999999996}, {"player_id": 2, "response": 3, "net_gain": 2.5999999999999996}, {"player_id": 3, "response": 2, "net_gain": 3.5999999999999996}, {"player_id": 4, "response": 3, "net_gain": 2.5999999999999996}, {"player_id": 5, "response": 2, "net_gain": 3.5999999999999996}, {"player_id": 6, "response": 4, "net_gain": 1.5999999999999996}, {"player_id": 7, "response": 2, "net_gain": 3.5999999999999996}, {"player_id": 8, "response": 3, "net_gain": 2.5999999999999996}, {"player_id": 9, "response": 3, "net_gain": 2.5999999999999996}], "total_tokens": 28}, {"responses": [{"player_id": 0, "response": 3, "net_gain": 2.8}, {"player_id": 1, "response": 3, "net_gain": 2.8}, {"player_id": 2, "response": 3, "net_gain": 2.8}, {"player_id": 3, "response": 2, "net_gain": 3.8}, {"player_id": 4, "response": 3, "net_gain": 2.8}, {"player_id": 5, "response": 3, "net_gain": 2.8}, {"player_id": 6, "response": 4, "net_gain": 1.7999999999999998}, {"player_id": 7, "response": 2, "net_gain": 3.8}, {"player_id": 8, "response": 3, "net_gain": 2.8}, {"player_id": 9, "response": 3, "net_gain": 2.8}], "total_tokens": 29}, {"responses": [{"player_id": 0, "response": 3, "net_gain": 2.8}, {"player_id": 1, "response": 3, "net_gain": 2.8}, {"player_id": 2, "response": 3, "net_gain": 2.8}, {"player_id": 3, "response": 2, "net_gain": 3.8}, {"player_id": 4, "response": 3, "net_gain": 2.8}, {"player_id": 5, "response": 3, "net_gain": 2.8}, {"player_id": 6, "response": 4, "net_gain": 1.7999999999999998}, {"player_id": 7, "response": 2, "net_gain": 3.8}, {"player_id": 8, "response": 3, "net_gain": 2.8}, {"player_id": 9, "response": 3, "net_gain": 2.8}], "total_tokens": 29}, {"responses": [{"player_id": 0, "response": 3, "net_gain": 3.4000000000000004}, {"player_id": 1, "response": 3, "net_gain": 3.4000000000000004}, {"player_id": 2, "response": 2, "net_gain": 4.4}, {"player_id": 3, "response": 3, "net_gain": 3.4000000000000004}, {"player_id": 4, "response": 4, "net_gain": 2.4000000000000004}, {"player_id": 5, "response": 3, "net_gain": 3.4000000000000004}, {"player_id": 6, "response": 4, "net_gain": 2.4000000000000004}, {"player_id": 7, "response": 2, "net_gain": 4.4}, {"player_id": 8, "response": 5, "net_gain": 1.4000000000000004}, {"player_id": 9, "response": 3, "net_gain": 3.4000000000000004}], "total_tokens": 32}, {"responses": [{"player_id": 0, "response": 3, "net_gain": 2.5999999999999996}, {"player_id": 1, "response": 3, "net_gain": 2.5999999999999996}, {"player_id": 2, "response": 2, "net_gain": 3.5999999999999996}, {"player_id": 3, "response": 2, "net_gain": 3.5999999999999996}, {"player_id": 4, "response": 3, "net_gain": 2.5999999999999996}, {"player_id": 5, "response": 3, "net_gain": 2.5999999999999996}, {"player_id": 6, "response": 4, "net_gain": 1.5999999999999996}, {"player_id": 7, "response": 2, "net_gain": 3.5999999999999996}, {"player_id": 8, "response": 3, "net_gain": 2.5999999999999996}, {"player_id": 9, "response": 3, "net_gain": 2.5999999999999996}], "total_tokens": 28}, {"responses": [{"player_id": 0, "response": 3, "net_gain": 2.8}, {"player_id": 1, "response": 3, "net_gain": 2.8}, {"player_id": 2, "response": 3, "net_gain": 2.8}, {"player_id": 3, "response": 2, "net_gain": 3.8}, {"player_id": 4, "response": 3, "net_gain": 2.8}, {"player_id": 5, "response": 3, "net_gain": 2.8}, {"player_id": 6, "response": 4, "net_gain": 1.7999999999999998}, {"player_id": 7, "response": 2, "net_gain": 3.8}, {"player_id": 8, "response": 3, "net_gain": 2.8}, {"player_id": 9, "response": 3, "net_gain": 2.8}], "total_tokens": 29}, {"responses": [{"player_id": 0, "response": 3, "net_gain": 2.4000000000000004}, {"player_id": 1, "response": 2, "net_gain": 3.4000000000000004}, {"player_id": 2, "response": 2, "net_gain": 3.4000000000000004}, {"player_id": 3, "response": 2, "net_gain": 3.4000000000000004}, {"player_id": 4, "response": 3, "net_gain": 2.4000000000000004}, {"player_id": 5, "response": 3, "net_gain": 2.4000000000000004}, {"player_id": 6, "response": 4, "net_gain": 1.4000000000000004}, {"player_id": 7, "response": 2, "net_gain": 3.4000000000000004}, {"player_id": 8, "response": 3, "net_gain": 2.4000000000000004}, {"player_id": 9, "response": 3, "net_gain": 2.4000000000000004}], "total_tokens": 27}]}