{"meta": {"name_exp": "public_goods", "player_num": 10, "tokens": 20, "ratio": 2, "version": "v1", "lang_agent": "<X9x73kd>", "round": 20, "run": 1}, "round_records": [{"responses": [{"player_id": 0, "response": 5, "net_gain": 0.0}, {"player_id": 1, "response": 0, "net_gain": 5.0}, {"player_id": 2, "response": 5, "net_gain": 0.0}, {"player_id": 3, "response": 0, "net_gain": 5.0}, {"player_id": 4, "response": 5, "net_gain": 0.0}, {"player_id": 5, "response": 0, "net_gain": 5.0}, {"player_id": 6, "response": 5, "net_gain": 0.0}, {"player_id": 7, "response": 0, "net_gain": 5.0}, {"player_id": 8, "response": 0, "net_gain": 5.0}, {"player_id": 9, "response": 5, "net_gain": 0.0}], "total_tokens": 25}, {"responses": [{"player_id": 0, "response": 0, "net_gain": 0.0}, {"player_id": 1, "response": 0, "net_gain": 0.0}, {"player_id": 2, "response": 0, "net_gain": 0.0}, {"player_id": 3, "response": 0, "net_gain": 0.0}, {"player_id": 4, "response": 0, "net_gain": 0.0}, {"player_id": 5, "response": 0, "net_gain": 0.0}, {"player_id": 6, "response": 0, "net_gain": 0.0}, {"player_id": 7, "response": 0, "net_gain": 0.0}, {"player_id": 8, "response": 0, "net_gain": 0.0}, {"player_id": 9, "response": 0, "net_gain": 0.0}], "total_tokens": 0}, {"responses": [{"player_id": 0, "response": 0, "net_gain": 0.0}, {"player_id": 1, "response": 0, "net_gain": 0.0}, {"player_id": 2, "response": 0, "net_gain": 0.0}, {"player_id": 3, "response": 0, "net_gain": 0.0}, {"player_id": 4, "response": 0, "net_gain": 0.0}, {"player_id": 5, "response": 0, "net_gain": 0.0}, {"player_id": 6, "response": 0, "net_gain": 0.0}, {"player_id": 7, "response": 0, "net_gain": 0.0}, {"player_id": 8, "response": 0, "net_gain": 0.0}, {"player_id": 9, "response": 0, "net_gain": 0.0}], "total_tokens": 0}, {"responses": [{"player_id": 0, "response": 0, "net_gain": 0.0}, {"player_id": 1, "response": 0, "net_gain": 0.0}, {"player_id": 2, "response": 0, "net_gain": 0.0}, {"player_id": 3, "response": 0, "net_gain": 0.0}, {"player_id": 4, "response": 0, "net_gain": 0.0}, {"player_id": 5, "response": 0, "net_gain": 0.0}, {"player_id": 6, "response": 0, "net_gain": 0.0}, {"player_id": 7, "response": 0, "net_gain": 0.0}, {"player_id": 8, "response": 0, "net_gain": 0.0}, {"player_id": 9, "response": 0, "net_gain": 0.0}], "total_tokens": 0}, {"responses": [{"player_id": 0, "response": 0, "net_gain": 0.0}, {"player_id": 1, "response": 0, "net_gain": 0.0}, {"player_id": 2, "response": 0, "net_gain": 0.0}, {"player_id": 3, "response": 0, "net_gain": 0.0}, {"player_id": 4, "response": 0, "net_gain": 0.0}, {"player_id": 5, "response": 0, "net_gain": 0.0}, {"player_id": 6, "response": 0, "net_gain": 0.0}, {"player_id": 7, "response": 0, "net_gain": 0.0}, {"player_id": 8, "response": 0, "net_gain": 0.0}, {"player_id": 9, "response": 0, "net_gain": 0.0}], "total_tokens": 0}, {"responses": [{"player_id": 0, "response": 0, "net_gain": 0.0}, {"player_id": 1, "response": 0, "net_gain": 0.0}, {"player_id": 2, "response": 0, "net_gain": 0.0}, {"player_id": 3, "response": 0, "net_gain": 0.0}, {"player_id": 4, "response": 0, "net_gain": 0.0}, {"player_id": 5, "response": 0, "net_gain": 0.0}, {"player_id": 6, "response": 0, "net_gain": 0.0}, {"player_id": 7, "response": 0, "net_gain": 0.0}, {"player_id": 8, "response": 0, "net_gain": 0.0}, {"player_id": 9, "response": 0, "net_gain": 0.0}], "total_tokens": 0}, {"responses": [{"player_id": 0, "response": 0, "net_gain": 0.0}, {"player_id": 1, "response": 0, "net_gain": 0.0}, {"player_id": 2, "response": 0, "net_gain": 0.0}, {"player_id": 3, "response": 0, "net_gain": 0.0}, {"player_id": 4, "response": 0, "net_gain": 0.0}, {"player_id": 5, "response": 0, "net_gain": 0.0}, {"player_id": 6, "response": 0, "net_gain": 0.0}, {"player_id": 7, "response": 0, "net_gain": 0.0}, {"player_id": 8, "response": 0, "net_gain": 0.0}, {"player_id": 9, "response": 0, "net_gain": 0.0}], "total_tokens": 0}, {"responses": [{"player_id": 0, "response": 0, "net_gain": 0.0}, {"player_id": 1, "response": 0, "net_gain": 0.0}, {"player_id": 2, "response": 0, "net_gain": 0.0}, {"player_id": 3, "response": 0, "net_gain": 0.0}, {"player_id": 4, "response": 0, "net_gain": 0.0}, {"player_id": 5, "response": 0, "net_gain": 0.0}, {"player_id": 6, "response": 0, "net_gain": 0.0}, {"player_id": 7, "response": 0, "net_gain": 0.0}, {"player_id": 8, "response": 0, "net_gain": 0.0}, {"player_id": 9, "response": 0, "net_gain": 0.0}], "total_tokens": 0}, {"responses": [{"player_id": 0, "response": 0, "net_gain": 0.0}, {"player_id": 1, "response": 0, "net_gain": 0.0}, {"player_id": 2, "response": 0, "net_gain": 0.0}, {"player_id": 3, "response": 0, "net_gain": 0.0}, {"player_id": 4, "response": 0, "net_gain": 0.0}, {"player_id": 5, "response": 0, "net_gain": 0.0}, {"player_id": 6, "response": 0, "net_gain": 0.0}, {"player_id": 7, "response": 0, "net_gain": 0.0}, {"player_id": 8, "response": 0, "net_gain": 0.0}, {"player_id": 9, "response": 0, "net_gain": 0.0}], "total_tokens": 0}, {"responses": [{"player_id": 0, "response": 0, "net_gain": 0.0}, {"player_id": 1, "response": 0, "net_gain": 0.0}, {"player_id": 2, "response": 0, "net_gain": 0.0}, {"player_id": 3, "response": 0, "net_gain": 0.0}, {"player_id": 4, "response": 0, "net_gain": 0.0}, {"player_id": 5, "response": 0, "net_gain": 0.0}, {"player_id": 6, "response": 0, "net_gain": 0.0}, {"player_id": 7, "response": 0, "net_gain": 0.0}, {"player_id": 8, "response": 0, "net_gain": 0.0}, {"player_id": 9, "response": 0, "net_gain": 0.0}], "total_tokens": 0}, {"responses": [{"player_id": 0, "response": 0, "net_gain": 0.0}, {"player_id": 1, "response": 0, "net_gain": 0.0}, {"player_id": 2, "response": 0, "net_gain": 0.0}, {"player_id": 3, "response": 0, "net_gain": 0.0}, {"player_id": 4, "response": 0, "net_gain": 0.0}, {"player_id": 5, "response": 0, "net_gain": 0.0}, {"player_id": 6, "response": 0, "net_gain": 0.0}, {"player_id": 7, "response": 0, "net_gain": 0.0}, {"player_id": 8, "response": 0, "net_gain": 0.0}, {"player_id": 9, "response": 0, "net_gain": 0.0}], "total_tokens": 0}, {"responses": [{"player_id": 0, "response": 20, "net_gain": -11.0}, {"player_id": 1, "response": 0, "net_gain": 9.0}, {"player_id": 2, "response": 20, "net_gain": -11.0}, {"player_id": 3, "response": 0, "net_gain": 9.0}, {"player_id": 4, "response": 0, "net_gain": 9.0}, {"player_id": 5, "response": 0, "net_gain": 9.0}, {"player_id": 6, "response": 5, "net_gain": 4.0}, {"player_id": 7, "response": 0, "net_gain": 9.0}, {"player_id": 8, "response": 0, "net_gain": 9.0}, {"player_id": 9, "response": 0, "net_gain": 9.0}], "total_tokens": 45}, {"responses": [{"player_id": 0, "response": 0, "net_gain": 0.0}, {"player_id": 1, "response": 0, "net_gain": 0.0}, {"player_id": 2, "response": 0, "net_gain": 0.0}, {"player_id": 3, "response": 0, "net_gain": 0.0}, {"player_id": 4, "response": 0, "net_gain": 0.0}, {"player_id": 5, "response": 0, "net_gain": 0.0}, {"player_id": 6, "response": 0, "net_gain": 0.0}, {"player_id": 7, "response": 0, "net_gain": 0.0}, {"player_id": 8, "response": 0, "net_gain": 0.0}, {"player_id": 9, "response": 0, "net_gain": 0.0}], "total_tokens": 0}, {"responses": [{"player_id": 0, "response": 0, "net_gain": 0.0}, {"player_id": 1, "response": 0, "net_gain": 0.0}, {"player_id": 2, "response": 0, "net_gain": 0.0}, {"player_id": 3, "response": 0, "net_gain": 0.0}, {"player_id": 4, "response": 0, "net_gain": 0.0}, {"player_id": 5, "response": 0, "net_gain": 0.0}, {"player_id": 6, "response": 0, "net_gain": 0.0}, {"player_id": 7, "response": 0, "net_gain": 0.0}, {"player_id": 8, "response": 0, "net_gain": 0.0}, {"player_id": 9, "response": 0, "net_gain": 0.0}], "total_tokens": 0}, {"responses": [{"player_id": 0, "response": 0, "net_gain": 0.0}, {"player_id": 1, "response": 0, "net_gain": 0.0}, {"player_id": 2, "response": 0, "net_gain": 0.0}, {"player_id": 3, "response": 0, "net_gain": 0.0}, {"player_id": 4, "response": 0, "net_gain": 0.0}, {"player_id": 5, "response": 0, "net_gain": 0.0}, {"player_id": 6, "response": 0, "net_gain": 0.0}, {"player_id": 7, "response": 0, "net_gain": 0.0}, {"player_id": 8, "response": 0, "net_gain": 0.0}, {"player_id": 9, "response": 0, "net_gain": 0.0}], "total_tokens": 0}, {"responses": [{"player_id": 0, "response": 0, "net_gain": 0.0}, {"player_id": 1, "response": 0, "net_gain": 0.0}, {"player_id": 2, "response": 0, "net_gain": 0.0}, {"player_id": 3, "response": 0, "net_gain": 0.0}, {"player_id": 4, "response": 0, "net_gain": 0.0}, {"player_id": 5, "response": 0, "net_gain": 0.0}, {"player_id": 6, "response": 0, "net_gain": 0.0}, {"player_id": 7, "response": 0, "net_gain": 0.0}, {"player_id": 8, "response": 0, "net_gain": 0.0}, {"player_id": 9, "response": 0, "net_gain": 0.0}], "total_tokens": 0}, {"responses": [{"player_id": 0, "response": 0, "net_gain": 0.0}, {"player_id": 1, "response": 0, "net_gain": 0.0}, {"player_id": 2, "response": 0, "net_gain": 0.0}, {"player_id": 3, "response": 0, "net_gain": 0.0}, {"player_id": 4, "response": 0, "net_gain": 0.0}, {"player_id": 5, "response": 0, "net_gain": 0.0}, {"player_id": 6, "response": 0, "net_gain": 0.0}, {"player_id": 7, "response": 0, "net_gain": 0.0}, {"player_id": 8, "response": 0, "net_gain": 0.0}, {"player_id": 9, "response": 0, "net_gain": 0.0}], "total_tokens": 0}, {"responses": [{"player_id": 0, "response": 0, "net_gain": 4.0}, {"player_id": 1, "response": 0, "net_gain": 4.0}, {"player_id": 2, "response": 0, "net_gain": 4.0}, {"player_id": 3, "response": 0, "net_gain": 4.0}, {"player_id": 4, "response": 0, "net_gain": 4.0}, {"player_id": 5, "response": 0, "net_gain": 4.0}, {"player_id": 6, "response": 0, "net_gain": 4.0}, {"player_id": 7, "response": 0, "net_gain": 4.0}, {"player_id": 8, "response": 20, "net_gain": -16.0}, {"player_id": 9, "response": 0, "net_gain": 4.0}], "total_tokens": 20}, {"responses": [{"player_id": 0, "response": 0, "net_gain": 0.0}, {"player_id": 1, "response": 0, "net_gain": 0.0}, {"player_id": 2, "response": 0, "net_gain": 0.0}, {"player_id": 3, "response": 0, "net_gain": 0.0}, {"player_id": 4, "response": 0, "net_gain": 0.0}, {"player_id": 5, "response": 0, "net_gain": 0.0}, {"player_id": 6, "response": 0, "net_gain": 0.0}, {"player_id": 7, "response": 0, "net_gain": 0.0}, {"player_id": 8, "response": 0, "net_gain": 0.0}, {"player_id": 9, "response": 0, "net_gain": 0.0}], "total_tokens": 0}, {"responses": [{"player_id": 0, "response": 0, "net_gain": 0.0}, {"player_id": 1, "response": 0, "net_gain": 0.0}, {"player_id": 2, "response": 0, "net_gain": 0.0}, {"player_id": 3, "response": 0, "net_gain": 0.0}, {"player_id": 4, "response": 0, "net_gain": 0.0}, {"player_id": 5, "response": 0, "net_gain": 0.0}, {"player_id": 6, "response": 0, "net_gain": 0.0}, {"player_id": 7, "response": 0, "net_gain": 0.0}, {"player_id": 8, "response": 0, "net_gain": 0.0}, {"player_id": 9, "response": 0, "net_gain": 0.0}], "total_tokens": 0}]}