{"meta": {"name_exp": "public_goods", "player_num": 10, "tokens": 20, "ratio": 2, "version": "v1", "lang_agent": "<xoEciVX>", "round": 20, "run": 1}, "round_records": [{"responses": [{"player_id": 0, "response": 8, "net_gain": 7.6}, {"player_id": 1, "response": 10, "net_gain": 5.6}, {"player_id": 2, "response": 0, "net_gain": 15.6}, {"player_id": 3, "response": 0, "net_gain": 15.6}, {"player_id": 4, "response": 10, "net_gain": 5.6}, {"player_id": 5, "response": 10, "net_gain": 5.6}, {"player_id": 6, "response": 10, "net_gain": 5.6}, {"player_id": 7, "response": 10, "net_gain": 5.6}, {"player_id": 8, "response": 10, "net_gain": 5.6}, {"player_id": 9, "response": 10, "net_gain": 5.6}], "total_tokens": 78}, {"responses": [{"player_id": 0, "response": 10, "net_gain": 11.2}, {"player_id": 1, "response": 15, "net_gain": 6.199999999999999}, {"player_id": 2, "response": 15, "net_gain": 6.199999999999999}, {"player_id": 3, "response": 20, "net_gain": 1.1999999999999993}, {"player_id": 4, "response": 12, "net_gain": 9.2}, {"player_id": 5, "response": 12, "net_gain": 9.2}, {"player_id": 6, "response": 7, "net_gain": 14.2}, {"player_id": 7, "response": 0, "net_gain": 21.2}, {"player_id": 8, "response": 5, "net_gain": 16.2}, {"player_id": 9, "response": 10, "net_gain": 11.2}], "total_tokens": 106}, {"responses": [{"player_id": 0, "response": 15, "net_gain": 8.600000000000001}, {"player_id": 1, "response": 18, "net_gain": 5.600000000000001}, {"player_id": 2, "response": 10, "net_gain": 13.600000000000001}, {"player_id": 3, "response": 0, "net_gain": 23.6}, {"player_id": 4, "response": 15, "net_gain": 8.600000000000001}, {"player_id": 5, "response": 15, "net_gain": 8.600000000000001}, {"player_id": 6, "response": 10, "net_gain": 13.600000000000001}, {"player_id": 7, "response": 10, "net_gain": 13.600000000000001}, {"player_id": 8, "response": 15, "net_gain": 8.600000000000001}, {"player_id": 9, "response": 10, "net_gain": 13.600000000000001}], "total_tokens": 118}, {"responses": [{"player_id": 0, "response": 10, "net_gain": 15.600000000000001}, {"player_id": 1, "response": 10, "net_gain": 15.600000000000001}, {"player_id": 2, "response": 15, "net_gain": 10.600000000000001}, {"player_id": 3, "response": 20, "net_gain": 5.600000000000001}, {"player_id": 4, "response": 18, "net_gain": 7.600000000000001}, {"player_id": 5, "response": 10, "net_gain": 15.600000000000001}, {"player_id": 6, "response": 15, "net_gain": 10.600000000000001}, {"player_id": 7, "response": 5, "net_gain": 20.6}, {"player_id": 8, "response": 10, "net_gain": 15.600000000000001}, {"player_id": 9, "response": 15, "net_gain": 10.600000000000001}], "total_tokens": 128}, {"responses": [{"player_id": 0, "response": 15, "net_gain": 13.0}, {"player_id": 1, "response": 20, "net_gain": 8.0}, {"player_id": 2, "response": 5, "net_gain": 23.0}, {"player_id": 3, "response": 15, "net_gain": 13.0}, {"player_id": 4, "response": 15, "net_gain": 13.0}, {"player_id": 5, "response": 20, "net_gain": 8.0}, {"player_id": 6, "response": 10, "net_gain": 18.0}, {"player_id": 7, "response": 15, "net_gain": 13.0}, {"player_id": 8, "response": 15, "net_gain": 13.0}, {"player_id": 9, "response": 10, "net_gain": 18.0}], "total_tokens": 140}, {"responses": [{"player_id": 0, "response": 0, "net_gain": 23.0}, {"player_id": 1, "response": 10, "net_gain": 13.0}, {"player_id": 2, "response": 10, "net_gain": 13.0}, {"player_id": 3, "response": 10, "net_gain": 13.0}, {"player_id": 4, "response": 20, "net_gain": 3.0}, {"player_id": 5, "response": 15, "net_gain": 8.0}, {"player_id": 6, "response": 15, "net_gain": 8.0}, {"player_id": 7, "response": 10, "net_gain": 13.0}, {"player_id": 8, "response": 10, "net_gain": 13.0}, {"player_id": 9, "response": 15, "net_gain": 8.0}], "total_tokens": 115}, {"responses": [{"player_id": 0, "response": 10, "net_gain": 22.0}, {"player_id": 1, "response": 20, "net_gain": 12.0}, {"player_id": 2, "response": 15, "net_gain": 17.0}, {"player_id": 3, "response": 20, "net_gain": 12.0}, {"player_id": 4, "response": 20, "net_gain": 12.0}, {"player_id": 5, "response": 15, "net_gain": 17.0}, {"player_id": 6, "response": 15, "net_gain": 17.0}, {"player_id": 7, "response": 20, "net_gain": 12.0}, {"player_id": 8, "response": 15, "net_gain": 17.0}, {"player_id": 9, "response": 10, "net_gain": 22.0}], "total_tokens": 160}, {"responses": [{"player_id": 0, "response": 15, "net_gain": 18.0}, {"player_id": 1, "response": 20, "net_gain": 13.0}, {"player_id": 2, "response": 20, "net_gain": 13.0}, {"player_id": 3, "response": 20, "net_gain": 13.0}, {"player_id": 4, "response": 15, "net_gain": 18.0}, {"player_id": 5, "response": 15, "net_gain": 18.0}, {"player_id": 6, "response": 15, "net_gain": 18.0}, {"player_id": 7, "response": 20, "net_gain": 13.0}, {"player_id": 8, "response": 15, "net_gain": 18.0}, {"player_id": 9, "response": 10, "net_gain": 23.0}], "total_tokens": 165}, {"responses": [{"player_id": 0, "response": 10, "net_gain": 25.0}, {"player_id": 1, "response": 20, "net_gain": 15.0}, {"player_id": 2, "response": 20, "net_gain": 15.0}, {"player_id": 3, "response": 20, "net_gain": 15.0}, {"player_id": 4, "response": 17, "net_gain": 18.0}, {"player_id": 5, "response": 18, "net_gain": 17.0}, {"player_id": 6, "response": 20, "net_gain": 15.0}, {"player_id": 7, "response": 20, "net_gain": 15.0}, {"player_id": 8, "response": 10, "net_gain": 25.0}, {"player_id": 9, "response": 20, "net_gain": 15.0}], "total_tokens": 175}, {"responses": [{"player_id": 0, "response": 20, "net_gain": 21.0}, {"player_id": 1, "response": 35, "net_gain": 6.0}, {"player_id": 2, "response": 20, "net_gain": 21.0}, {"player_id": 3, "response": 20, "net_gain": 21.0}, {"player_id": 4, "response": 20, "net_gain": 21.0}, {"player_id": 5, "response": 20, "net_gain": 21.0}, {"player_id": 6, "response": 20, "net_gain": 21.0}, {"player_id": 7, "response": 20, "net_gain": 21.0}, {"player_id": 8, "response": 20, "net_gain": 21.0}, {"player_id": 9, "response": 10, "net_gain": 31.0}], "total_tokens": 205}, {"responses": [{"player_id": 0, "response": 20, "net_gain": 18.0}, {"player_id": 1, "response": 20, "net_gain": 18.0}, {"player_id": 2, "response": 20, "net_gain": 18.0}, {"player_id": 3, "response": 20, "net_gain": 18.0}, {"player_id": 4, "response": 20, "net_gain": 18.0}, {"player_id": 5, "response": 20, "net_gain": 18.0}, {"player_id": 6, "response": 20, "net_gain": 18.0}, {"player_id": 7, "response": 20, "net_gain": 18.0}, {"player_id": 8, "response": 20, "net_gain": 18.0}, {"player_id": 9, "response": 10, "net_gain": 28.0}], "total_tokens": 190}, {"responses": [{"player_id": 0, "response": 20, "net_gain": 17.0}, {"player_id": 1, "response": 20, "net_gain": 17.0}, {"player_id": 2, "response": 20, "net_gain": 17.0}, {"player_id": 3, "response": 15, "net_gain": 22.0}, {"player_id": 4, "response": 20, "net_gain": 17.0}, {"player_id": 5, "response": 20, "net_gain": 17.0}, {"player_id": 6, "response": 20, "net_gain": 17.0}, {"player_id": 7, "response": 20, "net_gain": 17.0}, {"player_id": 8, "response": 20, "net_gain": 17.0}, {"player_id": 9, "response": 10, "net_gain": 27.0}], "total_tokens": 185}, {"responses": [{"player_id": 0, "response": 15, "net_gain": 23.6}, {"player_id": 1, "response": 20, "net_gain": 18.6}, {"player_id": 2, "response": 20, "net_gain": 18.6}, {"player_id": 3, "response": 20, "net_gain": 18.6}, {"player_id": 4, "response": 18, "net_gain": 20.6}, {"player_id": 5, "response": 20, "net_gain": 18.6}, {"player_id": 6, "response": 20, "net_gain": 18.6}, {"player_id": 7, "response": 20, "net_gain": 18.6}, {"player_id": 8, "response": 20, "net_gain": 18.6}, {"player_id": 9, "response": 20, "net_gain": 18.6}], "total_tokens": 193}, {"responses": [{"player_id": 0, "response": 20, "net_gain": 20.0}, {"player_id": 1, "response": 20, "net_gain": 20.0}, {"player_id": 2, "response": 20, "net_gain": 20.0}, {"player_id": 3, "response": 20, "net_gain": 20.0}, {"player_id": 4, "response": 20, "net_gain": 20.0}, {"player_id": 5, "response": 20, "net_gain": 20.0}, {"player_id": 6, "response": 20, "net_gain": 20.0}, {"player_id": 7, "response": 20, "net_gain": 20.0}, {"player_id": 8, "response": 20, "net_gain": 20.0}, {"player_id": 9, "response": 20, "net_gain": 20.0}], "total_tokens": 200}, {"responses": [{"player_id": 0, "response": 20, "net_gain": 20.0}, {"player_id": 1, "response": 20, "net_gain": 20.0}, {"player_id": 2, "response": 20, "net_gain": 20.0}, {"player_id": 3, "response": 20, "net_gain": 20.0}, {"player_id": 4, "response": 20, "net_gain": 20.0}, {"player_id": 5, "response": 20, "net_gain": 20.0}, {"player_id": 6, "response": 20, "net_gain": 20.0}, {"player_id": 7, "response": 20, "net_gain": 20.0}, {"player_id": 8, "response": 20, "net_gain": 20.0}, {"player_id": 9, "response": 20, "net_gain": 20.0}], "total_tokens": 200}, {"responses": [{"player_id": 0, "response": 20, "net_gain": 20.0}, {"player_id": 1, "response": 20, "net_gain": 20.0}, {"player_id": 2, "response": 20, "net_gain": 20.0}, {"player_id": 3, "response": 20, "net_gain": 20.0}, {"player_id": 4, "response": 20, "net_gain": 20.0}, {"player_id": 5, "response": 20, "net_gain": 20.0}, {"player_id": 6, "response": 20, "net_gain": 20.0}, {"player_id": 7, "response": 20, "net_gain": 20.0}, {"player_id": 8, "response": 20, "net_gain": 20.0}, {"player_id": 9, "response": 20, "net_gain": 20.0}], "total_tokens": 200}, {"responses": [{"player_id": 0, "response": 20, "net_gain": 20.0}, {"player_id": 1, "response": 20, "net_gain": 20.0}, {"player_id": 2, "response": 20, "net_gain": 20.0}, {"player_id": 3, "response": 20, "net_gain": 20.0}, {"player_id": 4, "response": 20, "net_gain": 20.0}, {"player_id": 5, "response": 20, "net_gain": 20.0}, {"player_id": 6, "response": 20, "net_gain": 20.0}, {"player_id": 7, "response": 20, "net_gain": 20.0}, {"player_id": 8, "response": 20, "net_gain": 20.0}, {"player_id": 9, "response": 20, "net_gain": 20.0}], "total_tokens": 200}, {"responses": [{"player_id": 0, "response": 20, "net_gain": 20.0}, {"player_id": 1, "response": 20, "net_gain": 20.0}, {"player_id": 2, "response": 20, "net_gain": 20.0}, {"player_id": 3, "response": 20, "net_gain": 20.0}, {"player_id": 4, "response": 20, "net_gain": 20.0}, {"player_id": 5, "response": 20, "net_gain": 20.0}, {"player_id": 6, "response": 20, "net_gain": 20.0}, {"player_id": 7, "response": 20, "net_gain": 20.0}, {"player_id": 8, "response": 20, "net_gain": 20.0}, {"player_id": 9, "response": 20, "net_gain": 20.0}], "total_tokens": 200}, {"responses": [{"player_id": 0, "response": 20, "net_gain": 20.0}, {"player_id": 1, "response": 20, "net_gain": 20.0}, {"player_id": 2, "response": 20, "net_gain": 20.0}, {"player_id": 3, "response": 20, "net_gain": 20.0}, {"player_id": 4, "response": 20, "net_gain": 20.0}, {"player_id": 5, "response": 20, "net_gain": 20.0}, {"player_id": 6, "response": 20, "net_gain": 20.0}, {"player_id": 7, "response": 20, "net_gain": 20.0}, {"player_id": 8, "response": 20, "net_gain": 20.0}, {"player_id": 9, "response": 20, "net_gain": 20.0}], "total_tokens": 200}, {"responses": [{"player_id": 0, "response": 20, "net_gain": 12.0}, {"player_id": 1, "response": 20, "net_gain": 12.0}, {"player_id": 2, "response": 0, "net_gain": 32.0}, {"player_id": 3, "response": 20, "net_gain": 12.0}, {"player_id": 4, "response": 20, "net_gain": 12.0}, {"player_id": 5, "response": 20, "net_gain": 12.0}, {"player_id": 6, "response": 20, "net_gain": 12.0}, {"player_id": 7, "response": 20, "net_gain": 12.0}, {"player_id": 8, "response": 0, "net_gain": 32.0}, {"player_id": 9, "response": 20, "net_gain": 12.0}], "total_tokens": 160}]}