{"meta": {"name_exp": "public_goods", "player_num": 10, "tokens": 20, "ratio": 2, "version": "v1", "lang_agent": "<xoEciVX>", "round": 20, "run": 5}, "round_records": [{"responses": [{"player_id": 0, "response": 10, "net_gain": -2.2}, {"player_id": 1, "response": 10, "net_gain": -2.2}, {"player_id": 2, "response": 1, "net_gain": 6.8}, {"player_id": 3, "response": 10, "net_gain": -2.2}, {"player_id": 4, "response": 0, "net_gain": 7.8}, {"player_id": 5, "response": 0, "net_gain": 7.8}, {"player_id": 6, "response": 0, "net_gain": 7.8}, {"player_id": 7, "response": 0, "net_gain": 7.8}, {"player_id": 8, "response": 8, "net_gain": -0.20000000000000018}, {"player_id": 9, "response": 0, "net_gain": 7.8}], "total_tokens": 39}, {"responses": [{"player_id": 0, "response": 5, "net_gain": 10.2}, {"player_id": 1, "response": 10, "net_gain": 5.199999999999999}, {"player_id": 2, "response": 10, "net_gain": 5.199999999999999}, {"player_id": 3, "response": 0, "net_gain": 15.2}, {"player_id": 4, "response": 5, "net_gain": 10.2}, {"player_id": 5, "response": 10, "net_gain": 5.199999999999999}, {"player_id": 6, "response": 10, "net_gain": 5.199999999999999}, {"player_id": 7, "response": 10, "net_gain": 5.199999999999999}, {"player_id": 8, "response": 6, "net_gain": 9.2}, {"player_id": 9, "response": 10, "net_gain": 5.199999999999999}], "total_tokens": 76}, {"responses": [{"player_id": 0, "response": 10, "net_gain": 8.0}, {"player_id": 1, "response": 10, "net_gain": 8.0}, {"player_id": 2, "response": 10, "net_gain": 8.0}, {"player_id": 3, "response": 10, "net_gain": 8.0}, {"player_id": 4, "response": 10, "net_gain": 8.0}, {"player_id": 5, "response": 10, "net_gain": 8.0}, {"player_id": 6, "response": 5, "net_gain": 13.0}, {"player_id": 7, "response": 5, "net_gain": 13.0}, {"player_id": 8, "response": 10, "net_gain": 8.0}, {"player_id": 9, "response": 10, "net_gain": 8.0}], "total_tokens": 90}, {"responses": [{"player_id": 0, "response": 10, "net_gain": 12.0}, {"player_id": 1, "response": 10, "net_gain": 12.0}, {"player_id": 2, "response": 10, "net_gain": 12.0}, {"player_id": 3, "response": 10, "net_gain": 12.0}, {"player_id": 4, "response": 5, "net_gain": 17.0}, {"player_id": 5, "response": 10, "net_gain": 12.0}, {"player_id": 6, "response": 15, "net_gain": 7.0}, {"player_id": 7, "response": 15, "net_gain": 7.0}, {"player_id": 8, "response": 15, "net_gain": 7.0}, {"player_id": 9, "response": 10, "net_gain": 12.0}], "total_tokens": 110}, {"responses": [{"player_id": 0, "response": 20, "net_gain": 6.600000000000001}, {"player_id": 1, "response": 10, "net_gain": 16.6}, {"player_id": 2, "response": 10, "net_gain": 16.6}, {"player_id": 3, "response": 15, "net_gain": 11.600000000000001}, {"player_id": 4, "response": 10, "net_gain": 16.6}, {"player_id": 5, "response": 10, "net_gain": 16.6}, {"player_id": 6, "response": 20, "net_gain": 6.600000000000001}, {"player_id": 7, "response": 20, "net_gain": 6.600000000000001}, {"player_id": 8, "response": 3, "net_gain": 23.6}, {"player_id": 9, "response": 15, "net_gain": 11.600000000000001}], "total_tokens": 133}, {"responses": [{"player_id": 0, "response": 10, "net_gain": 14.0}, {"player_id": 1, "response": 10, "net_gain": 14.0}, {"player_id": 2, "response": 10, "net_gain": 14.0}, {"player_id": 3, "response": 10, "net_gain": 14.0}, {"player_id": 4, "response": 5, "net_gain": 19.0}, {"player_id": 5, "response": 20, "net_gain": 4.0}, {"player_id": 6, "response": 10, "net_gain": 14.0}, {"player_id": 7, "response": 20, "net_gain": 4.0}, {"player_id": 8, "response": 15, "net_gain": 9.0}, {"player_id": 9, "response": 10, "net_gain": 14.0}], "total_tokens": 120}, {"responses": [{"player_id": 0, "response": 10, "net_gain": 13.0}, {"player_id": 1, "response": 10, "net_gain": 13.0}, {"player_id": 2, "response": 10, "net_gain": 13.0}, {"player_id": 3, "response": 15, "net_gain": 8.0}, {"player_id": 4, "response": 10, "net_gain": 13.0}, {"player_id": 5, "response": 10, "net_gain": 13.0}, {"player_id": 6, "response": 15, "net_gain": 8.0}, {"player_id": 7, "response": 15, "net_gain": 8.0}, {"player_id": 8, "response": 10, "net_gain": 13.0}, {"player_id": 9, "response": 10, "net_gain": 13.0}], "total_tokens": 115}, {"responses": [{"player_id": 0, "response": 10, "net_gain": 13.0}, {"player_id": 1, "response": 10, "net_gain": 13.0}, {"player_id": 2, "response": 10, "net_gain": 13.0}, {"player_id": 3, "response": 10, "net_gain": 13.0}, {"player_id": 4, "response": 10, "net_gain": 13.0}, {"player_id": 5, "response": 15, "net_gain": 8.0}, {"player_id": 6, "response": 10, "net_gain": 13.0}, {"player_id": 7, "response": 15, "net_gain": 8.0}, {"player_id": 8, "response": 15, "net_gain": 8.0}, {"player_id": 9, "response": 10, "net_gain": 13.0}], "total_tokens": 115}, {"responses": [{"player_id": 0, "response": 10, "net_gain": 11.600000000000001}, {"player_id": 1, "response": 10, "net_gain": 11.600000000000001}, {"player_id": 2, "response": 10, "net_gain": 11.600000000000001}, {"player_id": 3, "response": 10, "net_gain": 11.600000000000001}, {"player_id": 4, "response": 10, "net_gain": 11.600000000000001}, {"player_id": 5, "response": 10, "net_gain": 11.600000000000001}, {"player_id": 6, "response": 15, "net_gain": 6.600000000000001}, {"player_id": 7, "response": 20, "net_gain": 1.6000000000000014}, {"player_id": 8, "response": 3, "net_gain": 18.6}, {"player_id": 9, "response": 10, "net_gain": 11.600000000000001}], "total_tokens": 108}, {"responses": [{"player_id": 0, "response": 10, "net_gain": 12.0}, {"player_id": 1, "response": 10, "net_gain": 12.0}, {"player_id": 2, "response": 10, "net_gain": 12.0}, {"player_id": 3, "response": 10, "net_gain": 12.0}, {"player_id": 4, "response": 5, "net_gain": 17.0}, {"player_id": 5, "response": 10, "net_gain": 12.0}, {"player_id": 6, "response": 20, "net_gain": 2.0}, {"player_id": 7, "response": 15, "net_gain": 7.0}, {"player_id": 8, "response": 15, "net_gain": 7.0}, {"player_id": 9, "response": 5, "net_gain": 17.0}], "total_tokens": 110}, {"responses": [{"player_id": 0, "response": 10, "net_gain": 13.0}, {"player_id": 1, "response": 10, "net_gain": 13.0}, {"player_id": 2, "response": 10, "net_gain": 13.0}, {"player_id": 3, "response": 10, "net_gain": 13.0}, {"player_id": 4, "response": 10, "net_gain": 13.0}, {"player_id": 5, "response": 10, "net_gain": 13.0}, {"player_id": 6, "response": 10, "net_gain": 13.0}, {"player_id": 7, "response": 15, "net_gain": 8.0}, {"player_id": 8, "response": 20, "net_gain": 3.0}, {"player_id": 9, "response": 10, "net_gain": 13.0}], "total_tokens": 115}, {"responses": [{"player_id": 0, "response": 10, "net_gain": 9.0}, {"player_id": 1, "response": 10, "net_gain": 9.0}, {"player_id": 2, "response": 10, "net_gain": 9.0}, {"player_id": 3, "response": 10, "net_gain": 9.0}, {"player_id": 4, "response": 5, "net_gain": 14.0}, {"player_id": 5, "response": 10, "net_gain": 9.0}, {"player_id": 6, "response": 10, "net_gain": 9.0}, {"player_id": 7, "response": 20, "net_gain": -1.0}, {"player_id": 8, "response": 0, "net_gain": 19.0}, {"player_id": 9, "response": 10, "net_gain": 9.0}], "total_tokens": 95}, {"responses": [{"player_id": 0, "response": 10, "net_gain": 14.0}, {"player_id": 1, "response": 10, "net_gain": 14.0}, {"player_id": 2, "response": 10, "net_gain": 14.0}, {"player_id": 3, "response": 10, "net_gain": 14.0}, {"player_id": 4, "response": 10, "net_gain": 14.0}, {"player_id": 5, "response": 5, "net_gain": 19.0}, {"player_id": 6, "response": 15, "net_gain": 9.0}, {"player_id": 7, "response": 20, "net_gain": 4.0}, {"player_id": 8, "response": 20, "net_gain": 4.0}, {"player_id": 9, "response": 10, "net_gain": 14.0}], "total_tokens": 120}, {"responses": [{"player_id": 0, "response": 10, "net_gain": 15.0}, {"player_id": 1, "response": 10, "net_gain": 15.0}, {"player_id": 2, "response": 10, "net_gain": 15.0}, {"player_id": 3, "response": 10, "net_gain": 15.0}, {"player_id": 4, "response": 10, "net_gain": 15.0}, {"player_id": 5, "response": 15, "net_gain": 10.0}, {"player_id": 6, "response": 20, "net_gain": 5.0}, {"player_id": 7, "response": 20, "net_gain": 5.0}, {"player_id": 8, "response": 10, "net_gain": 15.0}, {"player_id": 9, "response": 10, "net_gain": 15.0}], "total_tokens": 125}, {"responses": [{"player_id": 0, "response": 15, "net_gain": 12.0}, {"player_id": 1, "response": 10, "net_gain": 17.0}, {"player_id": 2, "response": 10, "net_gain": 17.0}, {"player_id": 3, "response": 15, "net_gain": 12.0}, {"player_id": 4, "response": 10, "net_gain": 17.0}, {"player_id": 5, "response": 10, "net_gain": 17.0}, {"player_id": 6, "response": 10, "net_gain": 17.0}, {"player_id": 7, "response": 30, "net_gain": -3.0}, {"player_id": 8, "response": 10, "net_gain": 17.0}, {"player_id": 9, "response": 15, "net_gain": 12.0}], "total_tokens": 135}, {"responses": [{"player_id": 0, "response": 20, "net_gain": 4.0}, {"player_id": 1, "response": 10, "net_gain": 14.0}, {"player_id": 2, "response": 10, "net_gain": 14.0}, {"player_id": 3, "response": 20, "net_gain": 4.0}, {"player_id": 4, "response": 15, "net_gain": 9.0}, {"player_id": 5, "response": 20, "net_gain": 4.0}, {"player_id": 6, "response": 15, "net_gain": 9.0}, {"player_id": 7, "response": 0, "net_gain": 24.0}, {"player_id": 8, "response": 0, "net_gain": 24.0}, {"player_id": 9, "response": 10, "net_gain": 14.0}], "total_tokens": 120}, {"responses": [{"player_id": 0, "response": 20, "net_gain": 2.0}, {"player_id": 1, "response": 10, "net_gain": 12.0}, {"player_id": 2, "response": 10, "net_gain": 12.0}, {"player_id": 3, "response": 0, "net_gain": 22.0}, {"player_id": 4, "response": 10, "net_gain": 12.0}, {"player_id": 5, "response": 0, "net_gain": 22.0}, {"player_id": 6, "response": 0, "net_gain": 22.0}, {"player_id": 7, "response": 20, "net_gain": 2.0}, {"player_id": 8, "response": 20, "net_gain": 2.0}, {"player_id": 9, "response": 20, "net_gain": 2.0}], "total_tokens": 110}, {"responses": [{"player_id": 0, "response": 0, "net_gain": 13.0}, {"player_id": 1, "response": 10, "net_gain": 3.0}, {"player_id": 2, "response": 10, "net_gain": 3.0}, {"player_id": 3, "response": 0, "net_gain": 13.0}, {"player_id": 4, "response": 5, "net_gain": 8.0}, {"player_id": 5, "response": 20, "net_gain": -7.0}, {"player_id": 6, "response": 10, "net_gain": 3.0}, {"player_id": 7, "response": 10, "net_gain": 3.0}, {"player_id": 8, "response": 0, "net_gain": 13.0}, {"player_id": 9, "response": 0, "net_gain": 13.0}], "total_tokens": 65}, {"responses": [{"player_id": 0, "response": 20, "net_gain": 4.0}, {"player_id": 1, "response": 20, "net_gain": 4.0}, {"player_id": 2, "response": 0, "net_gain": 24.0}, {"player_id": 3, "response": 0, "net_gain": 24.0}, {"player_id": 4, "response": 10, "net_gain": 14.0}, {"player_id": 5, "response": 0, "net_gain": 24.0}, {"player_id": 6, "response": 20, "net_gain": 4.0}, {"player_id": 7, "response": 10, "net_gain": 14.0}, {"player_id": 8, "response": 20, "net_gain": 4.0}, {"player_id": 9, "response": 20, "net_gain": 4.0}], "total_tokens": 120}, {"responses": [{"player_id": 0, "response": 4, "net_gain": 16.8}, {"player_id": 1, "response": 0, "net_gain": 20.8}, {"player_id": 2, "response": 0, "net_gain": 20.8}, {"player_id": 3, "response": 0, "net_gain": 20.8}, {"player_id": 4, "response": 20, "net_gain": 0.8000000000000007}, {"player_id": 5, "response": 20, "net_gain": 0.8000000000000007}, {"player_id": 6, "response": 20, "net_gain": 0.8000000000000007}, {"player_id": 7, "response": 20, "net_gain": 0.8000000000000007}, {"player_id": 8, "response": 20, "net_gain": 0.8000000000000007}, {"player_id": 9, "response": 0, "net_gain": 20.8}], "total_tokens": 104}]}