{"meta": {"name_exp": "public_goods", "player_num": 10, "tokens": 20, "ratio": 2, "version": "v1", "lang_agent": "<xoEciVX>", "round": 20, "run": 2}, "round_records": [{"responses": [{"player_id": 0, "response": 10, "net_gain": 8.0}, {"player_id": 1, "response": 10, "net_gain": 8.0}, {"player_id": 2, "response": 10, "net_gain": 8.0}, {"player_id": 3, "response": 10, "net_gain": 8.0}, {"player_id": 4, "response": 10, "net_gain": 8.0}, {"player_id": 5, "response": 10, "net_gain": 8.0}, {"player_id": 6, "response": 10, "net_gain": 8.0}, {"player_id": 7, "response": 5, "net_gain": 13.0}, {"player_id": 8, "response": 5, "net_gain": 13.0}, {"player_id": 9, "response": 10, "net_gain": 8.0}], "total_tokens": 90}, {"responses": [{"player_id": 0, "response": 15, "net_gain": 12.0}, {"player_id": 1, "response": 15, "net_gain": 12.0}, {"player_id": 2, "response": 10, "net_gain": 17.0}, {"player_id": 3, "response": 15, "net_gain": 12.0}, {"player_id": 4, "response": 15, "net_gain": 12.0}, {"player_id": 5, "response": 15, "net_gain": 12.0}, {"player_id": 6, "response": 10, "net_gain": 17.0}, {"player_id": 7, "response": 10, "net_gain": 17.0}, {"player_id": 8, "response": 15, "net_gain": 12.0}, {"player_id": 9, "response": 15, "net_gain": 12.0}], "total_tokens": 135}, {"responses": [{"player_id": 0, "response": 18, "net_gain": 14.600000000000001}, {"player_id": 1, "response": 18, "net_gain": 14.600000000000001}, {"player_id": 2, "response": 15, "net_gain": 17.6}, {"player_id": 3, "response": 18, "net_gain": 14.600000000000001}, {"player_id": 4, "response": 18, "net_gain": 14.600000000000001}, {"player_id": 5, "response": 18, "net_gain": 14.600000000000001}, {"player_id": 6, "response": 15, "net_gain": 17.6}, {"player_id": 7, "response": 15, "net_gain": 17.6}, {"player_id": 8, "response": 10, "net_gain": 22.6}, {"player_id": 9, "response": 18, "net_gain": 14.600000000000001}], "total_tokens": 163}, {"responses": [{"player_id": 0, "response": 15, "net_gain": 17.200000000000003}, {"player_id": 1, "response": 15, "net_gain": 17.200000000000003}, {"player_id": 2, "response": 18, "net_gain": 14.200000000000003}, {"player_id": 3, "response": 15, "net_gain": 17.200000000000003}, {"player_id": 4, "response": 15, "net_gain": 17.200000000000003}, {"player_id": 5, "response": 15, "net_gain": 17.200000000000003}, {"player_id": 6, "response": 15, "net_gain": 17.200000000000003}, {"player_id": 7, "response": 18, "net_gain": 14.200000000000003}, {"player_id": 8, "response": 15, "net_gain": 17.200000000000003}, {"player_id": 9, "response": 20, "net_gain": 12.200000000000003}], "total_tokens": 161}, {"responses": [{"player_id": 0, "response": 18, "net_gain": 13.8}, {"player_id": 1, "response": 17, "net_gain": 14.8}, {"player_id": 2, "response": 15, "net_gain": 16.8}, {"player_id": 3, "response": 18, "net_gain": 13.8}, {"player_id": 4, "response": 18, "net_gain": 13.8}, {"player_id": 5, "response": 18, "net_gain": 13.8}, {"player_id": 6, "response": 15, "net_gain": 16.8}, {"player_id": 7, "response": 15, "net_gain": 16.8}, {"player_id": 8, "response": 10, "net_gain": 21.8}, {"player_id": 9, "response": 15, "net_gain": 16.8}], "total_tokens": 159}, {"responses": [{"player_id": 0, "response": 15, "net_gain": 16.8}, {"player_id": 1, "response": 15, "net_gain": 16.8}, {"player_id": 2, "response": 18, "net_gain": 13.8}, {"player_id": 3, "response": 15, "net_gain": 16.8}, {"player_id": 4, "response": 15, "net_gain": 16.8}, {"player_id": 5, "response": 15, "net_gain": 16.8}, {"player_id": 6, "response": 15, "net_gain": 16.8}, {"player_id": 7, "response": 18, "net_gain": 13.8}, {"player_id": 8, "response": 15, "net_gain": 16.8}, {"player_id": 9, "response": 18, "net_gain": 13.8}], "total_tokens": 159}, {"responses": [{"player_id": 0, "response": 18, "net_gain": 15.0}, {"player_id": 1, "response": 18, "net_gain": 15.0}, {"player_id": 2, "response": 15, "net_gain": 18.0}, {"player_id": 3, "response": 18, "net_gain": 15.0}, {"player_id": 4, "response": 18, "net_gain": 15.0}, {"player_id": 5, "response": 15, "net_gain": 18.0}, {"player_id": 6, "response": 15, "net_gain": 18.0}, {"player_id": 7, "response": 15, "net_gain": 18.0}, {"player_id": 8, "response": 18, "net_gain": 15.0}, {"player_id": 9, "response": 15, "net_gain": 18.0}], "total_tokens": 165}, {"responses": [{"player_id": 0, "response": 15, "net_gain": 17.200000000000003}, {"player_id": 1, "response": 15, "net_gain": 17.200000000000003}, {"player_id": 2, "response": 18, "net_gain": 14.200000000000003}, {"player_id": 3, "response": 15, "net_gain": 17.200000000000003}, {"player_id": 4, "response": 15, "net_gain": 17.200000000000003}, {"player_id": 5, "response": 15, "net_gain": 17.200000000000003}, {"player_id": 6, "response": 15, "net_gain": 17.200000000000003}, {"player_id": 7, "response": 18, "net_gain": 14.200000000000003}, {"player_id": 8, "response": 15, "net_gain": 17.200000000000003}, {"player_id": 9, "response": 20, "net_gain": 12.200000000000003}], "total_tokens": 161}, {"responses": [{"player_id": 0, "response": 18, "net_gain": 13.600000000000001}, {"player_id": 1, "response": 15, "net_gain": 16.6}, {"player_id": 2, "response": 15, "net_gain": 16.6}, {"player_id": 3, "response": 17, "net_gain": 14.600000000000001}, {"player_id": 4, "response": 15, "net_gain": 16.6}, {"player_id": 5, "response": 18, "net_gain": 13.600000000000001}, {"player_id": 6, "response": 15, "net_gain": 16.6}, {"player_id": 7, "response": 15, "net_gain": 16.6}, {"player_id": 8, "response": 15, "net_gain": 16.6}, {"player_id": 9, "response": 15, "net_gain": 16.6}], "total_tokens": 158}, {"responses": [{"player_id": 0, "response": 15, "net_gain": 16.4}, {"player_id": 1, "response": 15, "net_gain": 16.4}, {"player_id": 2, "response": 15, "net_gain": 16.4}, {"player_id": 3, "response": 18, "net_gain": 13.399999999999999}, {"player_id": 4, "response": 17, "net_gain": 14.399999999999999}, {"player_id": 5, "response": 15, "net_gain": 16.4}, {"player_id": 6, "response": 15, "net_gain": 16.4}, {"player_id": 7, "response": 15, "net_gain": 16.4}, {"player_id": 8, "response": 17, "net_gain": 14.399999999999999}, {"player_id": 9, "response": 15, "net_gain": 16.4}], "total_tokens": 157}, {"responses": [{"player_id": 0, "response": 15, "net_gain": 16.0}, {"player_id": 1, "response": 15, "net_gain": 16.0}, {"player_id": 2, "response": 17, "net_gain": 14.0}, {"player_id": 3, "response": 15, "net_gain": 16.0}, {"player_id": 4, "response": 18, "net_gain": 13.0}, {"player_id": 5, "response": 15, "net_gain": 16.0}, {"player_id": 6, "response": 15, "net_gain": 16.0}, {"player_id": 7, "response": 15, "net_gain": 16.0}, {"player_id": 8, "response": 15, "net_gain": 16.0}, {"player_id": 9, "response": 15, "net_gain": 16.0}], "total_tokens": 155}, {"responses": [{"player_id": 0, "response": 15, "net_gain": 15.0}, {"player_id": 1, "response": 15, "net_gain": 15.0}, {"player_id": 2, "response": 15, "net_gain": 15.0}, {"player_id": 3, "response": 15, "net_gain": 15.0}, {"player_id": 4, "response": 15, "net_gain": 15.0}, {"player_id": 5, "response": 15, "net_gain": 15.0}, {"player_id": 6, "response": 15, "net_gain": 15.0}, {"player_id": 7, "response": 15, "net_gain": 15.0}, {"player_id": 8, "response": 15, "net_gain": 15.0}, {"player_id": 9, "response": 15, "net_gain": 15.0}], "total_tokens": 150}, {"responses": [{"player_id": 0, "response": 15, "net_gain": 15.0}, {"player_id": 1, "response": 15, "net_gain": 15.0}, {"player_id": 2, "response": 15, "net_gain": 15.0}, {"player_id": 3, "response": 15, "net_gain": 15.0}, {"player_id": 4, "response": 15, "net_gain": 15.0}, {"player_id": 5, "response": 15, "net_gain": 15.0}, {"player_id": 6, "response": 15, "net_gain": 15.0}, {"player_id": 7, "response": 15, "net_gain": 15.0}, {"player_id": 8, "response": 15, "net_gain": 15.0}, {"player_id": 9, "response": 15, "net_gain": 15.0}], "total_tokens": 150}, {"responses": [{"player_id": 0, "response": 15, "net_gain": 15.0}, {"player_id": 1, "response": 15, "net_gain": 15.0}, {"player_id": 2, "response": 15, "net_gain": 15.0}, {"player_id": 3, "response": 15, "net_gain": 15.0}, {"player_id": 4, "response": 15, "net_gain": 15.0}, {"player_id": 5, "response": 15, "net_gain": 15.0}, {"player_id": 6, "response": 15, "net_gain": 15.0}, {"player_id": 7, "response": 15, "net_gain": 15.0}, {"player_id": 8, "response": 15, "net_gain": 15.0}, {"player_id": 9, "response": 15, "net_gain": 15.0}], "total_tokens": 150}, {"responses": [{"player_id": 0, "response": 15, "net_gain": 15.0}, {"player_id": 1, "response": 15, "net_gain": 15.0}, {"player_id": 2, "response": 15, "net_gain": 15.0}, {"player_id": 3, "response": 15, "net_gain": 15.0}, {"player_id": 4, "response": 15, "net_gain": 15.0}, {"player_id": 5, "response": 15, "net_gain": 15.0}, {"player_id": 6, "response": 15, "net_gain": 15.0}, {"player_id": 7, "response": 15, "net_gain": 15.0}, {"player_id": 8, "response": 15, "net_gain": 15.0}, {"player_id": 9, "response": 15, "net_gain": 15.0}], "total_tokens": 150}, {"responses": [{"player_id": 0, "response": 15, "net_gain": 15.0}, {"player_id": 1, "response": 15, "net_gain": 15.0}, {"player_id": 2, "response": 15, "net_gain": 15.0}, {"player_id": 3, "response": 15, "net_gain": 15.0}, {"player_id": 4, "response": 15, "net_gain": 15.0}, {"player_id": 5, "response": 15, "net_gain": 15.0}, {"player_id": 6, "response": 15, "net_gain": 15.0}, {"player_id": 7, "response": 15, "net_gain": 15.0}, {"player_id": 8, "response": 15, "net_gain": 15.0}, {"player_id": 9, "response": 15, "net_gain": 15.0}], "total_tokens": 150}, {"responses": [{"player_id": 0, "response": 15, "net_gain": 15.0}, {"player_id": 1, "response": 15, "net_gain": 15.0}, {"player_id": 2, "response": 15, "net_gain": 15.0}, {"player_id": 3, "response": 15, "net_gain": 15.0}, {"player_id": 4, "response": 15, "net_gain": 15.0}, {"player_id": 5, "response": 15, "net_gain": 15.0}, {"player_id": 6, "response": 15, "net_gain": 15.0}, {"player_id": 7, "response": 15, "net_gain": 15.0}, {"player_id": 8, "response": 15, "net_gain": 15.0}, {"player_id": 9, "response": 15, "net_gain": 15.0}], "total_tokens": 150}, {"responses": [{"player_id": 0, "response": 15, "net_gain": 15.0}, {"player_id": 1, "response": 15, "net_gain": 15.0}, {"player_id": 2, "response": 15, "net_gain": 15.0}, {"player_id": 3, "response": 15, "net_gain": 15.0}, {"player_id": 4, "response": 15, "net_gain": 15.0}, {"player_id": 5, "response": 15, "net_gain": 15.0}, {"player_id": 6, "response": 15, "net_gain": 15.0}, {"player_id": 7, "response": 15, "net_gain": 15.0}, {"player_id": 8, "response": 15, "net_gain": 15.0}, {"player_id": 9, "response": 15, "net_gain": 15.0}], "total_tokens": 150}, {"responses": [{"player_id": 0, "response": 15, "net_gain": 15.0}, {"player_id": 1, "response": 15, "net_gain": 15.0}, {"player_id": 2, "response": 15, "net_gain": 15.0}, {"player_id": 3, "response": 15, "net_gain": 15.0}, {"player_id": 4, "response": 15, "net_gain": 15.0}, {"player_id": 5, "response": 15, "net_gain": 15.0}, {"player_id": 6, "response": 15, "net_gain": 15.0}, {"player_id": 7, "response": 15, "net_gain": 15.0}, {"player_id": 8, "response": 15, "net_gain": 15.0}, {"player_id": 9, "response": 15, "net_gain": 15.0}], "total_tokens": 150}, {"responses": [{"player_id": 0, "response": 15, "net_gain": 15.0}, {"player_id": 1, "response": 15, "net_gain": 15.0}, {"player_id": 2, "response": 15, "net_gain": 15.0}, {"player_id": 3, "response": 15, "net_gain": 15.0}, {"player_id": 4, "response": 15, "net_gain": 15.0}, {"player_id": 5, "response": 15, "net_gain": 15.0}, {"player_id": 6, "response": 15, "net_gain": 15.0}, {"player_id": 7, "response": 15, "net_gain": 15.0}, {"player_id": 8, "response": 15, "net_gain": 15.0}, {"player_id": 9, "response": 15, "net_gain": 15.0}], "total_tokens": 150}]}