{"meta": {"name_exp": "public_goods", "player_num": 10, "tokens": 20, "ratio": 2, "version": "v1", "lang_agent": "<xoEciVX>", "round": 20, "run": 4}, "round_records": [{"responses": [{"player_id": 0, "response": 10, "net_gain": -0.5999999999999996}, {"player_id": 1, "response": 0, "net_gain": 9.4}, {"player_id": 2, "response": 0, "net_gain": 9.4}, {"player_id": 3, "response": 10, "net_gain": -0.5999999999999996}, {"player_id": 4, "response": 0, "net_gain": 9.4}, {"player_id": 5, "response": 8, "net_gain": 1.4000000000000004}, {"player_id": 6, "response": 6, "net_gain": 3.4000000000000004}, {"player_id": 7, "response": 0, "net_gain": 9.4}, {"player_id": 8, "response": 10, "net_gain": -0.5999999999999996}, {"player_id": 9, "response": 3, "net_gain": 6.4}], "total_tokens": 47}, {"responses": [{"player_id": 0, "response": 15, "net_gain": 7.0}, {"player_id": 1, "response": 10, "net_gain": 12.0}, {"player_id": 2, "response": 10, "net_gain": 12.0}, {"player_id": 3, "response": 10, "net_gain": 12.0}, {"player_id": 4, "response": 10, "net_gain": 12.0}, {"player_id": 5, "response": 15, "net_gain": 7.0}, {"player_id": 6, "response": 10, "net_gain": 12.0}, {"player_id": 7, "response": 10, "net_gain": 12.0}, {"player_id": 8, "response": 10, "net_gain": 12.0}, {"player_id": 9, "response": 10, "net_gain": 12.0}], "total_tokens": 110}, {"responses": [{"player_id": 0, "response": 10, "net_gain": 13.0}, {"player_id": 1, "response": 15, "net_gain": 8.0}, {"player_id": 2, "response": 10, "net_gain": 13.0}, {"player_id": 3, "response": 10, "net_gain": 13.0}, {"player_id": 4, "response": 15, "net_gain": 8.0}, {"player_id": 5, "response": 10, "net_gain": 13.0}, {"player_id": 6, "response": 10, "net_gain": 13.0}, {"player_id": 7, "response": 10, "net_gain": 13.0}, {"player_id": 8, "response": 10, "net_gain": 13.0}, {"player_id": 9, "response": 15, "net_gain": 8.0}], "total_tokens": 115}, {"responses": [{"player_id": 0, "response": 15, "net_gain": 12.0}, {"player_id": 1, "response": 10, "net_gain": 17.0}, {"player_id": 2, "response": 15, "net_gain": 12.0}, {"player_id": 3, "response": 15, "net_gain": 12.0}, {"player_id": 4, "response": 10, "net_gain": 17.0}, {"player_id": 5, "response": 15, "net_gain": 12.0}, {"player_id": 6, "response": 15, "net_gain": 12.0}, {"player_id": 7, "response": 15, "net_gain": 12.0}, {"player_id": 8, "response": 15, "net_gain": 12.0}, {"player_id": 9, "response": 10, "net_gain": 17.0}], "total_tokens": 135}, {"responses": [{"player_id": 0, "response": 10, "net_gain": 15.0}, {"player_id": 1, "response": 20, "net_gain": 5.0}, {"player_id": 2, "response": 10, "net_gain": 15.0}, {"player_id": 3, "response": 10, "net_gain": 15.0}, {"player_id": 4, "response": 15, "net_gain": 10.0}, {"player_id": 5, "response": 10, "net_gain": 15.0}, {"player_id": 6, "response": 10, "net_gain": 15.0}, {"player_id": 7, "response": 10, "net_gain": 15.0}, {"player_id": 8, "response": 10, "net_gain": 15.0}, {"player_id": 9, "response": 20, "net_gain": 5.0}], "total_tokens": 125}, {"responses": [{"player_id": 0, "response": 15, "net_gain": 16.0}, {"player_id": 1, "response": 10, "net_gain": 21.0}, {"player_id": 2, "response": 15, "net_gain": 16.0}, {"player_id": 3, "response": 20, "net_gain": 11.0}, {"player_id": 4, "response": 20, "net_gain": 11.0}, {"player_id": 5, "response": 15, "net_gain": 16.0}, {"player_id": 6, "response": 15, "net_gain": 16.0}, {"player_id": 7, "response": 15, "net_gain": 16.0}, {"player_id": 8, "response": 20, "net_gain": 11.0}, {"player_id": 9, "response": 10, "net_gain": 21.0}], "total_tokens": 155}, {"responses": [{"player_id": 0, "response": 10, "net_gain": 16.4}, {"player_id": 1, "response": 15, "net_gain": 11.399999999999999}, {"player_id": 2, "response": 15, "net_gain": 11.399999999999999}, {"player_id": 3, "response": 10, "net_gain": 16.4}, {"player_id": 4, "response": 20, "net_gain": 6.399999999999999}, {"player_id": 5, "response": 12, "net_gain": 14.399999999999999}, {"player_id": 6, "response": 10, "net_gain": 16.4}, {"player_id": 7, "response": 15, "net_gain": 11.399999999999999}, {"player_id": 8, "response": 10, "net_gain": 16.4}, {"player_id": 9, "response": 15, "net_gain": 11.399999999999999}], "total_tokens": 132}, {"responses": [{"player_id": 0, "response": 15, "net_gain": 15.0}, {"player_id": 1, "response": 15, "net_gain": 15.0}, {"player_id": 2, "response": 15, "net_gain": 15.0}, {"player_id": 3, "response": 15, "net_gain": 15.0}, {"player_id": 4, "response": 15, "net_gain": 15.0}, {"player_id": 5, "response": 15, "net_gain": 15.0}, {"player_id": 6, "response": 15, "net_gain": 15.0}, {"player_id": 7, "response": 15, "net_gain": 15.0}, {"player_id": 8, "response": 20, "net_gain": 10.0}, {"player_id": 9, "response": 10, "net_gain": 20.0}], "total_tokens": 150}, {"responses": [{"player_id": 0, "response": 20, "net_gain": 10.0}, {"player_id": 1, "response": 15, "net_gain": 15.0}, {"player_id": 2, "response": 15, "net_gain": 15.0}, {"player_id": 3, "response": 10, "net_gain": 20.0}, {"player_id": 4, "response": 20, "net_gain": 10.0}, {"player_id": 5, "response": 10, "net_gain": 20.0}, {"player_id": 6, "response": 15, "net_gain": 15.0}, {"player_id": 7, "response": 15, "net_gain": 15.0}, {"player_id": 8, "response": 15, "net_gain": 15.0}, {"player_id": 9, "response": 15, "net_gain": 15.0}], "total_tokens": 150}, {"responses": [{"player_id": 0, "response": 20, "net_gain": 12.0}, {"player_id": 1, "response": 20, "net_gain": 12.0}, {"player_id": 2, "response": 15, "net_gain": 17.0}, {"player_id": 3, "response": 20, "net_gain": 12.0}, {"player_id": 4, "response": 10, "net_gain": 22.0}, {"player_id": 5, "response": 5, "net_gain": 27.0}, {"player_id": 6, "response": 15, "net_gain": 17.0}, {"player_id": 7, "response": 15, "net_gain": 17.0}, {"player_id": 8, "response": 20, "net_gain": 12.0}, {"player_id": 9, "response": 20, "net_gain": 12.0}], "total_tokens": 160}, {"responses": [{"player_id": 0, "response": 15, "net_gain": 18.4}, {"player_id": 1, "response": 20, "net_gain": 13.399999999999999}, {"player_id": 2, "response": 15, "net_gain": 18.4}, {"player_id": 3, "response": 15, "net_gain": 18.4}, {"player_id": 4, "response": 20, "net_gain": 13.399999999999999}, {"player_id": 5, "response": 20, "net_gain": 13.399999999999999}, {"player_id": 6, "response": 17, "net_gain": 16.4}, {"player_id": 7, "response": 15, "net_gain": 18.4}, {"player_id": 8, "response": 20, "net_gain": 13.399999999999999}, {"player_id": 9, "response": 10, "net_gain": 23.4}], "total_tokens": 167}, {"responses": [{"player_id": 0, "response": 15, "net_gain": 16.0}, {"player_id": 1, "response": 15, "net_gain": 16.0}, {"player_id": 2, "response": 15, "net_gain": 16.0}, {"player_id": 3, "response": 15, "net_gain": 16.0}, {"player_id": 4, "response": 15, "net_gain": 16.0}, {"player_id": 5, "response": 15, "net_gain": 16.0}, {"player_id": 6, "response": 15, "net_gain": 16.0}, {"player_id": 7, "response": 15, "net_gain": 16.0}, {"player_id": 8, "response": 20, "net_gain": 11.0}, {"player_id": 9, "response": 15, "net_gain": 16.0}], "total_tokens": 155}, {"responses": [{"player_id": 0, "response": 20, "net_gain": 12.200000000000003}, {"player_id": 1, "response": 15, "net_gain": 17.200000000000003}, {"player_id": 2, "response": 15, "net_gain": 17.200000000000003}, {"player_id": 3, "response": 15, "net_gain": 17.200000000000003}, {"player_id": 4, "response": 15, "net_gain": 17.200000000000003}, {"player_id": 5, "response": 15, "net_gain": 17.200000000000003}, {"player_id": 6, "response": 16, "net_gain": 16.200000000000003}, {"player_id": 7, "response": 15, "net_gain": 17.200000000000003}, {"player_id": 8, "response": 15, "net_gain": 17.200000000000003}, {"player_id": 9, "response": 20, "net_gain": 12.200000000000003}], "total_tokens": 161}, {"responses": [{"player_id": 0, "response": 15, "net_gain": 15.0}, {"player_id": 1, "response": 15, "net_gain": 15.0}, {"player_id": 2, "response": 15, "net_gain": 15.0}, {"player_id": 3, "response": 15, "net_gain": 15.0}, {"player_id": 4, "response": 15, "net_gain": 15.0}, {"player_id": 5, "response": 15, "net_gain": 15.0}, {"player_id": 6, "response": 15, "net_gain": 15.0}, {"player_id": 7, "response": 15, "net_gain": 15.0}, {"player_id": 8, "response": 15, "net_gain": 15.0}, {"player_id": 9, "response": 15, "net_gain": 15.0}], "total_tokens": 150}, {"responses": [{"player_id": 0, "response": 15, "net_gain": 16.0}, {"player_id": 1, "response": 15, "net_gain": 16.0}, {"player_id": 2, "response": 15, "net_gain": 16.0}, {"player_id": 3, "response": 15, "net_gain": 16.0}, {"player_id": 4, "response": 20, "net_gain": 11.0}, {"player_id": 5, "response": 15, "net_gain": 16.0}, {"player_id": 6, "response": 15, "net_gain": 16.0}, {"player_id": 7, "response": 15, "net_gain": 16.0}, {"player_id": 8, "response": 15, "net_gain": 16.0}, {"player_id": 9, "response": 15, "net_gain": 16.0}], "total_tokens": 155}, {"responses": [{"player_id": 0, "response": 15, "net_gain": 14.2}, {"player_id": 1, "response": 15, "net_gain": 14.2}, {"player_id": 2, "response": 10, "net_gain": 19.2}, {"player_id": 3, "response": 15, "net_gain": 14.2}, {"player_id": 4, "response": 15, "net_gain": 14.2}, {"player_id": 5, "response": 15, "net_gain": 14.2}, {"player_id": 6, "response": 16, "net_gain": 13.2}, {"player_id": 7, "response": 15, "net_gain": 14.2}, {"player_id": 8, "response": 15, "net_gain": 14.2}, {"player_id": 9, "response": 15, "net_gain": 14.2}], "total_tokens": 146}, {"responses": [{"player_id": 0, "response": 15, "net_gain": 15.0}, {"player_id": 1, "response": 15, "net_gain": 15.0}, {"player_id": 2, "response": 15, "net_gain": 15.0}, {"player_id": 3, "response": 15, "net_gain": 15.0}, {"player_id": 4, "response": 15, "net_gain": 15.0}, {"player_id": 5, "response": 15, "net_gain": 15.0}, {"player_id": 6, "response": 15, "net_gain": 15.0}, {"player_id": 7, "response": 15, "net_gain": 15.0}, {"player_id": 8, "response": 15, "net_gain": 15.0}, {"player_id": 9, "response": 15, "net_gain": 15.0}], "total_tokens": 150}, {"responses": [{"player_id": 0, "response": 15, "net_gain": 15.0}, {"player_id": 1, "response": 15, "net_gain": 15.0}, {"player_id": 2, "response": 15, "net_gain": 15.0}, {"player_id": 3, "response": 15, "net_gain": 15.0}, {"player_id": 4, "response": 15, "net_gain": 15.0}, {"player_id": 5, "response": 15, "net_gain": 15.0}, {"player_id": 6, "response": 15, "net_gain": 15.0}, {"player_id": 7, "response": 15, "net_gain": 15.0}, {"player_id": 8, "response": 15, "net_gain": 15.0}, {"player_id": 9, "response": 15, "net_gain": 15.0}], "total_tokens": 150}, {"responses": [{"player_id": 0, "response": 15, "net_gain": 15.0}, {"player_id": 1, "response": 15, "net_gain": 15.0}, {"player_id": 2, "response": 15, "net_gain": 15.0}, {"player_id": 3, "response": 15, "net_gain": 15.0}, {"player_id": 4, "response": 15, "net_gain": 15.0}, {"player_id": 5, "response": 15, "net_gain": 15.0}, {"player_id": 6, "response": 15, "net_gain": 15.0}, {"player_id": 7, "response": 15, "net_gain": 15.0}, {"player_id": 8, "response": 15, "net_gain": 15.0}, {"player_id": 9, "response": 15, "net_gain": 15.0}], "total_tokens": 150}, {"responses": [{"player_id": 0, "response": 15, "net_gain": 16.0}, {"player_id": 1, "response": 15, "net_gain": 16.0}, {"player_id": 2, "response": 15, "net_gain": 16.0}, {"player_id": 3, "response": 15, "net_gain": 16.0}, {"player_id": 4, "response": 15, "net_gain": 16.0}, {"player_id": 5, "response": 15, "net_gain": 16.0}, {"player_id": 6, "response": 15, "net_gain": 16.0}, {"player_id": 7, "response": 15, "net_gain": 16.0}, {"player_id": 8, "response": 20, "net_gain": 11.0}, {"player_id": 9, "response": 15, "net_gain": 16.0}], "total_tokens": 155}]}