{"meta": {"name_exp": "public_goods", "player_num": 10, "tokens": 20, "ratio": 2, "version": "v1", "lang_agent": "<xoEciVX>", "round": 20, "run": 3}, "round_records": [{"responses": [{"player_id": 0, "response": 0, "net_gain": 12.6}, {"player_id": 1, "response": 0, "net_gain": 12.6}, {"player_id": 2, "response": 10, "net_gain": 2.5999999999999996}, {"player_id": 3, "response": 10, "net_gain": 2.5999999999999996}, {"player_id": 4, "response": 1, "net_gain": 11.6}, {"player_id": 5, "response": 1, "net_gain": 11.6}, {"player_id": 6, "response": 20, "net_gain": -7.4}, {"player_id": 7, "response": 10, "net_gain": 2.5999999999999996}, {"player_id": 8, "response": 10, "net_gain": 2.5999999999999996}, {"player_id": 9, "response": 1, "net_gain": 11.6}], "total_tokens": 63}, {"responses": [{"player_id": 0, "response": 10, "net_gain": 14.0}, {"player_id": 1, "response": 10, "net_gain": 14.0}, {"player_id": 2, "response": 15, "net_gain": 9.0}, {"player_id": 3, "response": 15, "net_gain": 9.0}, {"player_id": 4, "response": 15, "net_gain": 9.0}, {"player_id": 5, "response": 10, "net_gain": 14.0}, {"player_id": 6, "response": 0, "net_gain": 24.0}, {"player_id": 7, "response": 15, "net_gain": 9.0}, {"player_id": 8, "response": 15, "net_gain": 9.0}, {"player_id": 9, "response": 15, "net_gain": 9.0}], "total_tokens": 120}, {"responses": [{"player_id": 0, "response": 15, "net_gain": 7.0}, {"player_id": 1, "response": 10, "net_gain": 12.0}, {"player_id": 2, "response": 10, "net_gain": 12.0}, {"player_id": 3, "response": 10, "net_gain": 12.0}, {"player_id": 4, "response": 10, "net_gain": 12.0}, {"player_id": 5, "response": 10, "net_gain": 12.0}, {"player_id": 6, "response": 15, "net_gain": 7.0}, {"player_id": 7, "response": 10, "net_gain": 12.0}, {"player_id": 8, "response": 10, "net_gain": 12.0}, {"player_id": 9, "response": 10, "net_gain": 12.0}], "total_tokens": 110}, {"responses": [{"player_id": 0, "response": 10, "net_gain": 20.0}, {"player_id": 1, "response": 15, "net_gain": 15.0}, {"player_id": 2, "response": 15, "net_gain": 15.0}, {"player_id": 3, "response": 20, "net_gain": 10.0}, {"player_id": 4, "response": 15, "net_gain": 15.0}, {"player_id": 5, "response": 15, "net_gain": 15.0}, {"player_id": 6, "response": 10, "net_gain": 20.0}, {"player_id": 7, "response": 20, "net_gain": 10.0}, {"player_id": 8, "response": 15, "net_gain": 15.0}, {"player_id": 9, "response": 15, "net_gain": 15.0}], "total_tokens": 150}, {"responses": [{"player_id": 0, "response": 15, "net_gain": 11.399999999999999}, {"player_id": 1, "response": 10, "net_gain": 16.4}, {"player_id": 2, "response": 10, "net_gain": 16.4}, {"player_id": 3, "response": 15, "net_gain": 11.399999999999999}, {"player_id": 4, "response": 10, "net_gain": 16.4}, {"player_id": 5, "response": 20, "net_gain": 6.399999999999999}, {"player_id": 6, "response": 15, "net_gain": 11.399999999999999}, {"player_id": 7, "response": 10, "net_gain": 16.4}, {"player_id": 8, "response": 12, "net_gain": 14.399999999999999}, {"player_id": 9, "response": 15, "net_gain": 11.399999999999999}], "total_tokens": 132}, {"responses": [{"player_id": 0, "response": 10, "net_gain": 16.0}, {"player_id": 1, "response": 15, "net_gain": 11.0}, {"player_id": 2, "response": 15, "net_gain": 11.0}, {"player_id": 3, "response": 15, "net_gain": 11.0}, {"player_id": 4, "response": 15, "net_gain": 11.0}, {"player_id": 5, "response": 15, "net_gain": 11.0}, {"player_id": 6, "response": 10, "net_gain": 16.0}, {"player_id": 7, "response": 10, "net_gain": 16.0}, {"player_id": 8, "response": 15, "net_gain": 11.0}, {"player_id": 9, "response": 10, "net_gain": 16.0}], "total_tokens": 130}, {"responses": [{"player_id": 0, "response": 15, "net_gain": 14.0}, {"player_id": 1, "response": 20, "net_gain": 9.0}, {"player_id": 2, "response": 10, "net_gain": 19.0}, {"player_id": 3, "response": 20, "net_gain": 9.0}, {"player_id": 4, "response": 15, "net_gain": 14.0}, {"player_id": 5, "response": 15, "net_gain": 14.0}, {"player_id": 6, "response": 5, "net_gain": 24.0}, {"player_id": 7, "response": 15, "net_gain": 14.0}, {"player_id": 8, "response": 15, "net_gain": 14.0}, {"player_id": 9, "response": 15, "net_gain": 14.0}], "total_tokens": 145}, {"responses": [{"player_id": 0, "response": 10, "net_gain": 22.4}, {"player_id": 1, "response": 20, "net_gain": 12.399999999999999}, {"player_id": 2, "response": 12, "net_gain": 20.4}, {"player_id": 3, "response": 20, "net_gain": 12.399999999999999}, {"player_id": 4, "response": 15, "net_gain": 17.4}, {"player_id": 5, "response": 20, "net_gain": 12.399999999999999}, {"player_id": 6, "response": 10, "net_gain": 22.4}, {"player_id": 7, "response": 20, "net_gain": 12.399999999999999}, {"player_id": 8, "response": 15, "net_gain": 17.4}, {"player_id": 9, "response": 20, "net_gain": 12.399999999999999}], "total_tokens": 162}, {"responses": [{"player_id": 0, "response": 15, "net_gain": 17.0}, {"player_id": 1, "response": 20, "net_gain": 12.0}, {"player_id": 2, "response": 15, "net_gain": 17.0}, {"player_id": 3, "response": 15, "net_gain": 17.0}, {"player_id": 4, "response": 15, "net_gain": 17.0}, {"player_id": 5, "response": 20, "net_gain": 12.0}, {"player_id": 6, "response": 15, "net_gain": 17.0}, {"player_id": 7, "response": 20, "net_gain": 12.0}, {"player_id": 8, "response": 10, "net_gain": 22.0}, {"player_id": 9, "response": 15, "net_gain": 17.0}], "total_tokens": 160}, {"responses": [{"player_id": 0, "response": 15, "net_gain": 19.4}, {"player_id": 1, "response": 20, "net_gain": 14.399999999999999}, {"player_id": 2, "response": 15, "net_gain": 19.4}, {"player_id": 3, "response": 15, "net_gain": 19.4}, {"player_id": 4, "response": 15, "net_gain": 19.4}, {"player_id": 5, "response": 20, "net_gain": 14.399999999999999}, {"player_id": 6, "response": 15, "net_gain": 19.4}, {"player_id": 7, "response": 20, "net_gain": 14.399999999999999}, {"player_id": 8, "response": 20, "net_gain": 14.399999999999999}, {"player_id": 9, "response": 17, "net_gain": 17.4}], "total_tokens": 172}, {"responses": [{"player_id": 0, "response": 15, "net_gain": 18.6}, {"player_id": 1, "response": 15, "net_gain": 18.6}, {"player_id": 2, "response": 15, "net_gain": 18.6}, {"player_id": 3, "response": 20, "net_gain": 13.600000000000001}, {"player_id": 4, "response": 15, "net_gain": 18.6}, {"player_id": 5, "response": 20, "net_gain": 13.600000000000001}, {"player_id": 6, "response": 15, "net_gain": 18.6}, {"player_id": 7, "response": 15, "net_gain": 18.6}, {"player_id": 8, "response": 20, "net_gain": 13.600000000000001}, {"player_id": 9, "response": 18, "net_gain": 15.600000000000001}], "total_tokens": 168}, {"responses": [{"player_id": 0, "response": 15, "net_gain": 18.6}, {"player_id": 1, "response": 20, "net_gain": 13.600000000000001}, {"player_id": 2, "response": 18, "net_gain": 15.600000000000001}, {"player_id": 3, "response": 15, "net_gain": 18.6}, {"player_id": 4, "response": 15, "net_gain": 18.6}, {"player_id": 5, "response": 20, "net_gain": 13.600000000000001}, {"player_id": 6, "response": 15, "net_gain": 18.6}, {"player_id": 7, "response": 15, "net_gain": 18.6}, {"player_id": 8, "response": 15, "net_gain": 18.6}, {"player_id": 9, "response": 20, "net_gain": 13.600000000000001}], "total_tokens": 168}, {"responses": [{"player_id": 0, "response": 15, "net_gain": 23.200000000000003}, {"player_id": 1, "response": 15, "net_gain": 23.200000000000003}, {"player_id": 2, "response": 18, "net_gain": 20.200000000000003}, {"player_id": 3, "response": 20, "net_gain": 18.200000000000003}, {"player_id": 4, "response": 15, "net_gain": 23.200000000000003}, {"player_id": 5, "response": 20, "net_gain": 18.200000000000003}, {"player_id": 6, "response": 18, "net_gain": 20.200000000000003}, {"player_id": 7, "response": 30, "net_gain": 8.200000000000003}, {"player_id": 8, "response": 20, "net_gain": 18.200000000000003}, {"player_id": 9, "response": 20, "net_gain": 18.200000000000003}], "total_tokens": 191}, {"responses": [{"player_id": 0, "response": 15, "net_gain": 22.0}, {"player_id": 1, "response": 15, "net_gain": 22.0}, {"player_id": 2, "response": 20, "net_gain": 17.0}, {"player_id": 3, "response": 20, "net_gain": 17.0}, {"player_id": 4, "response": 15, "net_gain": 22.0}, {"player_id": 5, "response": 20, "net_gain": 17.0}, {"player_id": 6, "response": 20, "net_gain": 17.0}, {"player_id": 7, "response": 20, "net_gain": 17.0}, {"player_id": 8, "response": 20, "net_gain": 17.0}, {"player_id": 9, "response": 20, "net_gain": 17.0}], "total_tokens": 185}, {"responses": [{"player_id": 0, "response": 15, "net_gain": 23.0}, {"player_id": 1, "response": 20, "net_gain": 18.0}, {"player_id": 2, "response": 20, "net_gain": 18.0}, {"player_id": 3, "response": 20, "net_gain": 18.0}, {"player_id": 4, "response": 15, "net_gain": 23.0}, {"player_id": 5, "response": 20, "net_gain": 18.0}, {"player_id": 6, "response": 20, "net_gain": 18.0}, {"player_id": 7, "response": 20, "net_gain": 18.0}, {"player_id": 8, "response": 20, "net_gain": 18.0}, {"player_id": 9, "response": 20, "net_gain": 18.0}], "total_tokens": 190}, {"responses": [{"player_id": 0, "response": 15, "net_gain": 23.0}, {"player_id": 1, "response": 20, "net_gain": 18.0}, {"player_id": 2, "response": 20, "net_gain": 18.0}, {"player_id": 3, "response": 20, "net_gain": 18.0}, {"player_id": 4, "response": 15, "net_gain": 23.0}, {"player_id": 5, "response": 20, "net_gain": 18.0}, {"player_id": 6, "response": 20, "net_gain": 18.0}, {"player_id": 7, "response": 20, "net_gain": 18.0}, {"player_id": 8, "response": 20, "net_gain": 18.0}, {"player_id": 9, "response": 20, "net_gain": 18.0}], "total_tokens": 190}, {"responses": [{"player_id": 0, "response": 15, "net_gain": 23.0}, {"player_id": 1, "response": 20, "net_gain": 18.0}, {"player_id": 2, "response": 20, "net_gain": 18.0}, {"player_id": 3, "response": 20, "net_gain": 18.0}, {"player_id": 4, "response": 15, "net_gain": 23.0}, {"player_id": 5, "response": 20, "net_gain": 18.0}, {"player_id": 6, "response": 20, "net_gain": 18.0}, {"player_id": 7, "response": 20, "net_gain": 18.0}, {"player_id": 8, "response": 20, "net_gain": 18.0}, {"player_id": 9, "response": 20, "net_gain": 18.0}], "total_tokens": 190}, {"responses": [{"player_id": 0, "response": 15, "net_gain": 23.0}, {"player_id": 1, "response": 20, "net_gain": 18.0}, {"player_id": 2, "response": 20, "net_gain": 18.0}, {"player_id": 3, "response": 20, "net_gain": 18.0}, {"player_id": 4, "response": 15, "net_gain": 23.0}, {"player_id": 5, "response": 20, "net_gain": 18.0}, {"player_id": 6, "response": 20, "net_gain": 18.0}, {"player_id": 7, "response": 20, "net_gain": 18.0}, {"player_id": 8, "response": 20, "net_gain": 18.0}, {"player_id": 9, "response": 20, "net_gain": 18.0}], "total_tokens": 190}, {"responses": [{"player_id": 0, "response": 15, "net_gain": 23.0}, {"player_id": 1, "response": 20, "net_gain": 18.0}, {"player_id": 2, "response": 20, "net_gain": 18.0}, {"player_id": 3, "response": 20, "net_gain": 18.0}, {"player_id": 4, "response": 15, "net_gain": 23.0}, {"player_id": 5, "response": 20, "net_gain": 18.0}, {"player_id": 6, "response": 20, "net_gain": 18.0}, {"player_id": 7, "response": 20, "net_gain": 18.0}, {"player_id": 8, "response": 20, "net_gain": 18.0}, {"player_id": 9, "response": 20, "net_gain": 18.0}], "total_tokens": 190}, {"responses": [{"player_id": 0, "response": 15, "net_gain": 23.0}, {"player_id": 1, "response": 20, "net_gain": 18.0}, {"player_id": 2, "response": 20, "net_gain": 18.0}, {"player_id": 3, "response": 20, "net_gain": 18.0}, {"player_id": 4, "response": 15, "net_gain": 23.0}, {"player_id": 5, "response": 20, "net_gain": 18.0}, {"player_id": 6, "response": 20, "net_gain": 18.0}, {"player_id": 7, "response": 20, "net_gain": 18.0}, {"player_id": 8, "response": 20, "net_gain": 18.0}, {"player_id": 9, "response": 20, "net_gain": 18.0}], "total_tokens": 190}]}