{"meta": {"name_exp": "public_goods", "player_num": 10, "tokens": 20, "ratio": 2, "version": "v1", "lang_agent": "<Z3cCMo0>", "round": 20, "run": 4}, "round_records": [{"responses": [{"player_id": 0, "response": 10, "net_gain": 10.0}, {"player_id": 1, "response": 10, "net_gain": 10.0}, {"player_id": 2, "response": 10, "net_gain": 10.0}, {"player_id": 3, "response": 10, "net_gain": 10.0}, {"player_id": 4, "response": 10, "net_gain": 10.0}, {"player_id": 5, "response": 10, "net_gain": 10.0}, {"player_id": 6, "response": 10, "net_gain": 10.0}, {"player_id": 7, "response": 10, "net_gain": 10.0}, {"player_id": 8, "response": 10, "net_gain": 10.0}, {"player_id": 9, "response": 10, "net_gain": 10.0}], "total_tokens": 100}, {"responses": [{"player_id": 0, "response": 10, "net_gain": 4.4}, {"player_id": 1, "response": 0, "net_gain": 14.4}, {"player_id": 2, "response": 10, "net_gain": 4.4}, {"player_id": 3, "response": 20, "net_gain": -5.6}, {"player_id": 4, "response": 10, "net_gain": 4.4}, {"player_id": 5, "response": 0, "net_gain": 14.4}, {"player_id": 6, "response": 7, "net_gain": 7.4}, {"player_id": 7, "response": 0, "net_gain": 14.4}, {"player_id": 8, "response": 5, "net_gain": 9.4}, {"player_id": 9, "response": 10, "net_gain": 4.4}], "total_tokens": 72}, {"responses": [{"player_id": 0, "response": 8, "net_gain": 12.2}, {"player_id": 1, "response": 20, "net_gain": 0.1999999999999993}, {"player_id": 2, "response": 8, "net_gain": 12.2}, {"player_id": 3, "response": 10, "net_gain": 10.2}, {"player_id": 4, "response": 7, "net_gain": 13.2}, {"player_id": 5, "response": 20, "net_gain": 0.1999999999999993}, {"player_id": 6, "response": 5, "net_gain": 15.2}, {"player_id": 7, "response": 5, "net_gain": 15.2}, {"player_id": 8, "response": 10, "net_gain": 10.2}, {"player_id": 9, "response": 8, "net_gain": 12.2}], "total_tokens": 101}, {"responses": [{"player_id": 0, "response": 15, "net_gain": 7.600000000000001}, {"player_id": 1, "response": 20, "net_gain": 2.6000000000000014}, {"player_id": 2, "response": 10, "net_gain": 12.600000000000001}, {"player_id": 3, "response": 15, "net_gain": 7.600000000000001}, {"player_id": 4, "response": 10, "net_gain": 12.600000000000001}, {"player_id": 5, "response": 10, "net_gain": 12.600000000000001}, {"player_id": 6, "response": 8, "net_gain": 14.600000000000001}, {"player_id": 7, "response": 10, "net_gain": 12.600000000000001}, {"player_id": 8, "response": 5, "net_gain": 17.6}, {"player_id": 9, "response": 10, "net_gain": 12.600000000000001}], "total_tokens": 113}, {"responses": [{"player_id": 0, "response": 10, "net_gain": 11.600000000000001}, {"player_id": 1, "response": 10, "net_gain": 11.600000000000001}, {"player_id": 2, "response": 10, "net_gain": 11.600000000000001}, {"player_id": 3, "response": 10, "net_gain": 11.600000000000001}, {"player_id": 4, "response": 8, "net_gain": 13.600000000000001}, {"player_id": 5, "response": 15, "net_gain": 6.600000000000001}, {"player_id": 6, "response": 7, "net_gain": 14.600000000000001}, {"player_id": 7, "response": 20, "net_gain": 1.6000000000000014}, {"player_id": 8, "response": 10, "net_gain": 11.600000000000001}, {"player_id": 9, "response": 8, "net_gain": 13.600000000000001}], "total_tokens": 108}, {"responses": [{"player_id": 0, "response": 8, "net_gain": 9.8}, {"player_id": 1, "response": 20, "net_gain": -2.1999999999999993}, {"player_id": 2, "response": 0, "net_gain": 17.8}, {"player_id": 3, "response": 8, "net_gain": 9.8}, {"player_id": 4, "response": 10, "net_gain": 7.800000000000001}, {"player_id": 5, "response": 10, "net_gain": 7.800000000000001}, {"player_id": 6, "response": 5, "net_gain": 12.8}, {"player_id": 7, "response": 8, "net_gain": 9.8}, {"player_id": 8, "response": 10, "net_gain": 7.800000000000001}, {"player_id": 9, "response": 10, "net_gain": 7.800000000000001}], "total_tokens": 89}, {"responses": [{"player_id": 0, "response": 7, "net_gain": 11.600000000000001}, {"player_id": 1, "response": 10, "net_gain": 8.600000000000001}, {"player_id": 2, "response": 10, "net_gain": 8.600000000000001}, {"player_id": 3, "response": 10, "net_gain": 8.600000000000001}, {"player_id": 4, "response": 10, "net_gain": 8.600000000000001}, {"player_id": 5, "response": 10, "net_gain": 8.600000000000001}, {"player_id": 6, "response": 8, "net_gain": 10.600000000000001}, {"player_id": 7, "response": 10, "net_gain": 8.600000000000001}, {"player_id": 8, "response": 8, "net_gain": 10.600000000000001}, {"player_id": 9, "response": 10, "net_gain": 8.600000000000001}], "total_tokens": 93}, {"responses": [{"player_id": 0, "response": 8, "net_gain": 15.2}, {"player_id": 1, "response": 20, "net_gain": 3.1999999999999993}, {"player_id": 2, "response": 20, "net_gain": 3.1999999999999993}, {"player_id": 3, "response": 10, "net_gain": 13.2}, {"player_id": 4, "response": 10, "net_gain": 13.2}, {"player_id": 5, "response": 8, "net_gain": 15.2}, {"player_id": 6, "response": 5, "net_gain": 18.2}, {"player_id": 7, "response": 15, "net_gain": 8.2}, {"player_id": 8, "response": 10, "net_gain": 13.2}, {"player_id": 9, "response": 10, "net_gain": 13.2}], "total_tokens": 116}, {"responses": [{"player_id": 0, "response": 20, "net_gain": 1.3999999999999986}, {"player_id": 1, "response": 20, "net_gain": 1.3999999999999986}, {"player_id": 2, "response": 20, "net_gain": 1.3999999999999986}, {"player_id": 3, "response": 10, "net_gain": 11.399999999999999}, {"player_id": 4, "response": 10, "net_gain": 11.399999999999999}, {"player_id": 5, "response": 10, "net_gain": 11.399999999999999}, {"player_id": 6, "response": 8, "net_gain": 13.399999999999999}, {"player_id": 7, "response": 0, "net_gain": 21.4}, {"player_id": 8, "response": 9, "net_gain": 12.399999999999999}, {"player_id": 9, "response": 0, "net_gain": 21.4}], "total_tokens": 107}, {"responses": [{"player_id": 0, "response": 10, "net_gain": 17.0}, {"player_id": 1, "response": 20, "net_gain": 7.0}, {"player_id": 2, "response": 20, "net_gain": 7.0}, {"player_id": 3, "response": 8, "net_gain": 19.0}, {"player_id": 4, "response": 10, "net_gain": 17.0}, {"player_id": 5, "response": 10, "net_gain": 17.0}, {"player_id": 6, "response": 7, "net_gain": 20.0}, {"player_id": 7, "response": 20, "net_gain": 7.0}, {"player_id": 8, "response": 10, "net_gain": 17.0}, {"player_id": 9, "response": 20, "net_gain": 7.0}], "total_tokens": 135}, {"responses": [{"player_id": 0, "response": 20, "net_gain": 8.600000000000001}, {"player_id": 1, "response": 20, "net_gain": 8.600000000000001}, {"player_id": 2, "response": 20, "net_gain": 8.600000000000001}, {"player_id": 3, "response": 10, "net_gain": 18.6}, {"player_id": 4, "response": 10, "net_gain": 18.6}, {"player_id": 5, "response": 10, "net_gain": 18.6}, {"player_id": 6, "response": 8, "net_gain": 20.6}, {"player_id": 7, "response": 20, "net_gain": 8.600000000000001}, {"player_id": 8, "response": 5, "net_gain": 23.6}, {"player_id": 9, "response": 20, "net_gain": 8.600000000000001}], "total_tokens": 143}, {"responses": [{"player_id": 0, "response": 20, "net_gain": 7.199999999999999}, {"player_id": 1, "response": 20, "net_gain": 7.199999999999999}, {"player_id": 2, "response": 20, "net_gain": 7.199999999999999}, {"player_id": 3, "response": 10, "net_gain": 17.2}, {"player_id": 4, "response": 8, "net_gain": 19.2}, {"player_id": 5, "response": 8, "net_gain": 19.2}, {"player_id": 6, "response": 0, "net_gain": 27.2}, {"player_id": 7, "response": 20, "net_gain": 7.199999999999999}, {"player_id": 8, "response": 10, "net_gain": 17.2}, {"player_id": 9, "response": 20, "net_gain": 7.199999999999999}], "total_tokens": 136}, {"responses": [{"player_id": 0, "response": 20, "net_gain": 6.399999999999999}, {"player_id": 1, "response": 10, "net_gain": 16.4}, {"player_id": 2, "response": 20, "net_gain": 6.399999999999999}, {"player_id": 3, "response": 10, "net_gain": 16.4}, {"player_id": 4, "response": 7, "net_gain": 19.4}, {"player_id": 5, "response": 20, "net_gain": 6.399999999999999}, {"player_id": 6, "response": 20, "net_gain": 6.399999999999999}, {"player_id": 7, "response": 20, "net_gain": 6.399999999999999}, {"player_id": 8, "response": 5, "net_gain": 21.4}, {"player_id": 9, "response": 0, "net_gain": 26.4}], "total_tokens": 132}, {"responses": [{"player_id": 0, "response": 10, "net_gain": 16.0}, {"player_id": 1, "response": 20, "net_gain": 6.0}, {"player_id": 2, "response": 0, "net_gain": 26.0}, {"player_id": 3, "response": 10, "net_gain": 16.0}, {"player_id": 4, "response": 10, "net_gain": 16.0}, {"player_id": 5, "response": 10, "net_gain": 16.0}, {"player_id": 6, "response": 20, "net_gain": 6.0}, {"player_id": 7, "response": 20, "net_gain": 6.0}, {"player_id": 8, "response": 10, "net_gain": 16.0}, {"player_id": 9, "response": 20, "net_gain": 6.0}], "total_tokens": 130}, {"responses": [{"player_id": 0, "response": 10, "net_gain": 19.4}, {"player_id": 1, "response": 20, "net_gain": 9.399999999999999}, {"player_id": 2, "response": 20, "net_gain": 9.399999999999999}, {"player_id": 3, "response": 10, "net_gain": 19.4}, {"player_id": 4, "response": 10, "net_gain": 19.4}, {"player_id": 5, "response": 10, "net_gain": 19.4}, {"player_id": 6, "response": 20, "net_gain": 9.399999999999999}, {"player_id": 7, "response": 20, "net_gain": 9.399999999999999}, {"player_id": 8, "response": 7, "net_gain": 22.4}, {"player_id": 9, "response": 20, "net_gain": 9.399999999999999}], "total_tokens": 147}, {"responses": [{"player_id": 0, "response": 10, "net_gain": 16.0}, {"player_id": 1, "response": 20, "net_gain": 6.0}, {"player_id": 2, "response": 20, "net_gain": 6.0}, {"player_id": 3, "response": 10, "net_gain": 16.0}, {"player_id": 4, "response": 10, "net_gain": 16.0}, {"player_id": 5, "response": 10, "net_gain": 16.0}, {"player_id": 6, "response": 0, "net_gain": 26.0}, {"player_id": 7, "response": 20, "net_gain": 6.0}, {"player_id": 8, "response": 10, "net_gain": 16.0}, {"player_id": 9, "response": 20, "net_gain": 6.0}], "total_tokens": 130}, {"responses": [{"player_id": 0, "response": 20, "net_gain": 12.399999999999999}, {"player_id": 1, "response": 20, "net_gain": 12.399999999999999}, {"player_id": 2, "response": 20, "net_gain": 12.399999999999999}, {"player_id": 3, "response": 10, "net_gain": 22.4}, {"player_id": 4, "response": 20, "net_gain": 12.399999999999999}, {"player_id": 5, "response": 10, "net_gain": 22.4}, {"player_id": 6, "response": 12, "net_gain": 20.4}, {"player_id": 7, "response": 20, "net_gain": 12.399999999999999}, {"player_id": 8, "response": 10, "net_gain": 22.4}, {"player_id": 9, "response": 20, "net_gain": 12.399999999999999}], "total_tokens": 162}, {"responses": [{"player_id": 0, "response": 20, "net_gain": 10.0}, {"player_id": 1, "response": 20, "net_gain": 10.0}, {"player_id": 2, "response": 20, "net_gain": 10.0}, {"player_id": 3, "response": 10, "net_gain": 20.0}, {"player_id": 4, "response": 10, "net_gain": 20.0}, {"player_id": 5, "response": 10, "net_gain": 20.0}, {"player_id": 6, "response": 0, "net_gain": 30.0}, {"player_id": 7, "response": 20, "net_gain": 10.0}, {"player_id": 8, "response": 20, "net_gain": 10.0}, {"player_id": 9, "response": 20, "net_gain": 10.0}], "total_tokens": 150}, {"responses": [{"player_id": 0, "response": 20, "net_gain": 16.0}, {"player_id": 1, "response": 20, "net_gain": 16.0}, {"player_id": 2, "response": 20, "net_gain": 16.0}, {"player_id": 3, "response": 10, "net_gain": 26.0}, {"player_id": 4, "response": 20, "net_gain": 16.0}, {"player_id": 5, "response": 10, "net_gain": 26.0}, {"player_id": 6, "response": 20, "net_gain": 16.0}, {"player_id": 7, "response": 20, "net_gain": 16.0}, {"player_id": 8, "response": 20, "net_gain": 16.0}, {"player_id": 9, "response": 20, "net_gain": 16.0}], "total_tokens": 180}, {"responses": [{"player_id": 0, "response": 20, "net_gain": 16.0}, {"player_id": 1, "response": 20, "net_gain": 16.0}, {"player_id": 2, "response": 20, "net_gain": 16.0}, {"player_id": 3, "response": 20, "net_gain": 16.0}, {"player_id": 4, "response": 0, "net_gain": 36.0}, {"player_id": 5, "response": 20, "net_gain": 16.0}, {"player_id": 6, "response": 20, "net_gain": 16.0}, {"player_id": 7, "response": 20, "net_gain": 16.0}, {"player_id": 8, "response": 20, "net_gain": 16.0}, {"player_id": 9, "response": 20, "net_gain": 16.0}], "total_tokens": 180}]}