{"meta": {"name_exp": "public_goods", "player_num": 10, "tokens": 20, "ratio": 2, "version": "v1", "lang_agent": "<Z3cCMo0>", "round": 20, "run": 3}, "round_records": [{"responses": [{"player_id": 0, "response": 10, "net_gain": 6.0}, {"player_id": 1, "response": 10, "net_gain": 6.0}, {"player_id": 2, "response": 0, "net_gain": 16.0}, {"player_id": 3, "response": 10, "net_gain": 6.0}, {"player_id": 4, "response": 10, "net_gain": 6.0}, {"player_id": 5, "response": 10, "net_gain": 6.0}, {"player_id": 6, "response": 0, "net_gain": 16.0}, {"player_id": 7, "response": 10, "net_gain": 6.0}, {"player_id": 8, "response": 10, "net_gain": 6.0}, {"player_id": 9, "response": 10, "net_gain": 6.0}], "total_tokens": 80}, {"responses": [{"player_id": 0, "response": 5, "net_gain": 11.399999999999999}, {"player_id": 1, "response": 8, "net_gain": 8.399999999999999}, {"player_id": 2, "response": 10, "net_gain": 6.399999999999999}, {"player_id": 3, "response": 7, "net_gain": 9.399999999999999}, {"player_id": 4, "response": 6, "net_gain": 10.399999999999999}, {"player_id": 5, "response": 8, "net_gain": 8.399999999999999}, {"player_id": 6, "response": 10, "net_gain": 6.399999999999999}, {"player_id": 7, "response": 10, "net_gain": 6.399999999999999}, {"player_id": 8, "response": 8, "net_gain": 8.399999999999999}, {"player_id": 9, "response": 10, "net_gain": 6.399999999999999}], "total_tokens": 82}, {"responses": [{"player_id": 0, "response": 8, "net_gain": 10.600000000000001}, {"player_id": 1, "response": 10, "net_gain": 8.600000000000001}, {"player_id": 2, "response": 9, "net_gain": 9.600000000000001}, {"player_id": 3, "response": 10, "net_gain": 8.600000000000001}, {"player_id": 4, "response": 10, "net_gain": 8.600000000000001}, {"player_id": 5, "response": 10, "net_gain": 8.600000000000001}, {"player_id": 6, "response": 10, "net_gain": 8.600000000000001}, {"player_id": 7, "response": 8, "net_gain": 10.600000000000001}, {"player_id": 8, "response": 10, "net_gain": 8.600000000000001}, {"player_id": 9, "response": 8, "net_gain": 10.600000000000001}], "total_tokens": 93}, {"responses": [{"player_id": 0, "response": 7, "net_gain": 12.0}, {"player_id": 1, "response": 10, "net_gain": 9.0}, {"player_id": 2, "response": 10, "net_gain": 9.0}, {"player_id": 3, "response": 10, "net_gain": 9.0}, {"player_id": 4, "response": 10, "net_gain": 9.0}, {"player_id": 5, "response": 10, "net_gain": 9.0}, {"player_id": 6, "response": 10, "net_gain": 9.0}, {"player_id": 7, "response": 10, "net_gain": 9.0}, {"player_id": 8, "response": 8, "net_gain": 11.0}, {"player_id": 9, "response": 10, "net_gain": 9.0}], "total_tokens": 95}, {"responses": [{"player_id": 0, "response": 10, "net_gain": 11.600000000000001}, {"player_id": 1, "response": 10, "net_gain": 11.600000000000001}, {"player_id": 2, "response": 10, "net_gain": 11.600000000000001}, {"player_id": 3, "response": 10, "net_gain": 11.600000000000001}, {"player_id": 4, "response": 10, "net_gain": 11.600000000000001}, {"player_id": 5, "response": 10, "net_gain": 11.600000000000001}, {"player_id": 6, "response": 10, "net_gain": 11.600000000000001}, {"player_id": 7, "response": 8, "net_gain": 13.600000000000001}, {"player_id": 8, "response": 10, "net_gain": 11.600000000000001}, {"player_id": 9, "response": 20, "net_gain": 1.6000000000000014}], "total_tokens": 108}, {"responses": [{"player_id": 0, "response": 8, "net_gain": 13.2}, {"player_id": 1, "response": 10, "net_gain": 11.2}, {"player_id": 2, "response": 10, "net_gain": 11.2}, {"player_id": 3, "response": 8, "net_gain": 13.2}, {"player_id": 4, "response": 10, "net_gain": 11.2}, {"player_id": 5, "response": 10, "net_gain": 11.2}, {"player_id": 6, "response": 10, "net_gain": 11.2}, {"player_id": 7, "response": 10, "net_gain": 11.2}, {"player_id": 8, "response": 10, "net_gain": 11.2}, {"player_id": 9, "response": 20, "net_gain": 1.1999999999999993}], "total_tokens": 106}, {"responses": [{"player_id": 0, "response": 10, "net_gain": 10.0}, {"player_id": 1, "response": 10, "net_gain": 10.0}, {"player_id": 2, "response": 10, "net_gain": 10.0}, {"player_id": 3, "response": 10, "net_gain": 10.0}, {"player_id": 4, "response": 10, "net_gain": 10.0}, {"player_id": 5, "response": 10, "net_gain": 10.0}, {"player_id": 6, "response": 10, "net_gain": 10.0}, {"player_id": 7, "response": 10, "net_gain": 10.0}, {"player_id": 8, "response": 10, "net_gain": 10.0}, {"player_id": 9, "response": 10, "net_gain": 10.0}], "total_tokens": 100}, {"responses": [{"player_id": 0, "response": 9, "net_gain": 14.399999999999999}, {"player_id": 1, "response": 8, "net_gain": 15.399999999999999}, {"player_id": 2, "response": 8, "net_gain": 15.399999999999999}, {"player_id": 3, "response": 10, "net_gain": 13.399999999999999}, {"player_id": 4, "response": 10, "net_gain": 13.399999999999999}, {"player_id": 5, "response": 10, "net_gain": 13.399999999999999}, {"player_id": 6, "response": 20, "net_gain": 3.3999999999999986}, {"player_id": 7, "response": 12, "net_gain": 11.399999999999999}, {"player_id": 8, "response": 10, "net_gain": 13.399999999999999}, {"player_id": 9, "response": 20, "net_gain": 3.3999999999999986}], "total_tokens": 117}, {"responses": [{"player_id": 0, "response": 10, "net_gain": 16.0}, {"player_id": 1, "response": 10, "net_gain": 16.0}, {"player_id": 2, "response": 10, "net_gain": 16.0}, {"player_id": 3, "response": 10, "net_gain": 16.0}, {"player_id": 4, "response": 10, "net_gain": 16.0}, {"player_id": 5, "response": 20, "net_gain": 6.0}, {"player_id": 6, "response": 20, "net_gain": 6.0}, {"player_id": 7, "response": 10, "net_gain": 16.0}, {"player_id": 8, "response": 10, "net_gain": 16.0}, {"player_id": 9, "response": 20, "net_gain": 6.0}], "total_tokens": 130}, {"responses": [{"player_id": 0, "response": 20, "net_gain": 12.0}, {"player_id": 1, "response": 20, "net_gain": 12.0}, {"player_id": 2, "response": 20, "net_gain": 12.0}, {"player_id": 3, "response": 10, "net_gain": 22.0}, {"player_id": 4, "response": 10, "net_gain": 22.0}, {"player_id": 5, "response": 20, "net_gain": 12.0}, {"player_id": 6, "response": 20, "net_gain": 12.0}, {"player_id": 7, "response": 10, "net_gain": 22.0}, {"player_id": 8, "response": 10, "net_gain": 22.0}, {"player_id": 9, "response": 20, "net_gain": 12.0}], "total_tokens": 160}, {"responses": [{"player_id": 0, "response": 20, "net_gain": 12.0}, {"player_id": 1, "response": 20, "net_gain": 12.0}, {"player_id": 2, "response": 10, "net_gain": 22.0}, {"player_id": 3, "response": 10, "net_gain": 22.0}, {"player_id": 4, "response": 10, "net_gain": 22.0}, {"player_id": 5, "response": 20, "net_gain": 12.0}, {"player_id": 6, "response": 20, "net_gain": 12.0}, {"player_id": 7, "response": 20, "net_gain": 12.0}, {"player_id": 8, "response": 10, "net_gain": 22.0}, {"player_id": 9, "response": 20, "net_gain": 12.0}], "total_tokens": 160}, {"responses": [{"player_id": 0, "response": 0, "net_gain": 34.0}, {"player_id": 1, "response": 20, "net_gain": 14.0}, {"player_id": 2, "response": 10, "net_gain": 24.0}, {"player_id": 3, "response": 20, "net_gain": 14.0}, {"player_id": 4, "response": 20, "net_gain": 14.0}, {"player_id": 5, "response": 20, "net_gain": 14.0}, {"player_id": 6, "response": 20, "net_gain": 14.0}, {"player_id": 7, "response": 20, "net_gain": 14.0}, {"player_id": 8, "response": 20, "net_gain": 14.0}, {"player_id": 9, "response": 20, "net_gain": 14.0}], "total_tokens": 170}, {"responses": [{"player_id": 0, "response": 20, "net_gain": 12.0}, {"player_id": 1, "response": 20, "net_gain": 12.0}, {"player_id": 2, "response": 10, "net_gain": 22.0}, {"player_id": 3, "response": 10, "net_gain": 22.0}, {"player_id": 4, "response": 10, "net_gain": 22.0}, {"player_id": 5, "response": 20, "net_gain": 12.0}, {"player_id": 6, "response": 20, "net_gain": 12.0}, {"player_id": 7, "response": 10, "net_gain": 22.0}, {"player_id": 8, "response": 20, "net_gain": 12.0}, {"player_id": 9, "response": 20, "net_gain": 12.0}], "total_tokens": 160}, {"responses": [{"player_id": 0, "response": 20, "net_gain": 10.0}, {"player_id": 1, "response": 20, "net_gain": 10.0}, {"player_id": 2, "response": 20, "net_gain": 10.0}, {"player_id": 3, "response": 10, "net_gain": 20.0}, {"player_id": 4, "response": 0, "net_gain": 30.0}, {"player_id": 5, "response": 20, "net_gain": 10.0}, {"player_id": 6, "response": 20, "net_gain": 10.0}, {"player_id": 7, "response": 0, "net_gain": 30.0}, {"player_id": 8, "response": 20, "net_gain": 10.0}, {"player_id": 9, "response": 20, "net_gain": 10.0}], "total_tokens": 150}, {"responses": [{"player_id": 0, "response": 20, "net_gain": 15.0}, {"player_id": 1, "response": 20, "net_gain": 15.0}, {"player_id": 2, "response": 5, "net_gain": 30.0}, {"player_id": 3, "response": 10, "net_gain": 25.0}, {"player_id": 4, "response": 20, "net_gain": 15.0}, {"player_id": 5, "response": 20, "net_gain": 15.0}, {"player_id": 6, "response": 20, "net_gain": 15.0}, {"player_id": 7, "response": 20, "net_gain": 15.0}, {"player_id": 8, "response": 20, "net_gain": 15.0}, {"player_id": 9, "response": 20, "net_gain": 15.0}], "total_tokens": 175}, {"responses": [{"player_id": 0, "response": 20, "net_gain": 18.0}, {"player_id": 1, "response": 20, "net_gain": 18.0}, {"player_id": 2, "response": 20, "net_gain": 18.0}, {"player_id": 3, "response": 20, "net_gain": 18.0}, {"player_id": 4, "response": 20, "net_gain": 18.0}, {"player_id": 5, "response": 20, "net_gain": 18.0}, {"player_id": 6, "response": 20, "net_gain": 18.0}, {"player_id": 7, "response": 10, "net_gain": 28.0}, {"player_id": 8, "response": 20, "net_gain": 18.0}, {"player_id": 9, "response": 20, "net_gain": 18.0}], "total_tokens": 190}, {"responses": [{"player_id": 0, "response": 20, "net_gain": 18.0}, {"player_id": 1, "response": 20, "net_gain": 18.0}, {"player_id": 2, "response": 20, "net_gain": 18.0}, {"player_id": 3, "response": 10, "net_gain": 28.0}, {"player_id": 4, "response": 20, "net_gain": 18.0}, {"player_id": 5, "response": 20, "net_gain": 18.0}, {"player_id": 6, "response": 20, "net_gain": 18.0}, {"player_id": 7, "response": 20, "net_gain": 18.0}, {"player_id": 8, "response": 20, "net_gain": 18.0}, {"player_id": 9, "response": 20, "net_gain": 18.0}], "total_tokens": 190}, {"responses": [{"player_id": 0, "response": 20, "net_gain": 20.0}, {"player_id": 1, "response": 20, "net_gain": 20.0}, {"player_id": 2, "response": 20, "net_gain": 20.0}, {"player_id": 3, "response": 20, "net_gain": 20.0}, {"player_id": 4, "response": 20, "net_gain": 20.0}, {"player_id": 5, "response": 20, "net_gain": 20.0}, {"player_id": 6, "response": 20, "net_gain": 20.0}, {"player_id": 7, "response": 20, "net_gain": 20.0}, {"player_id": 8, "response": 20, "net_gain": 20.0}, {"player_id": 9, "response": 20, "net_gain": 20.0}], "total_tokens": 200}, {"responses": [{"player_id": 0, "response": 20, "net_gain": 20.0}, {"player_id": 1, "response": 20, "net_gain": 20.0}, {"player_id": 2, "response": 20, "net_gain": 20.0}, {"player_id": 3, "response": 20, "net_gain": 20.0}, {"player_id": 4, "response": 20, "net_gain": 20.0}, {"player_id": 5, "response": 20, "net_gain": 20.0}, {"player_id": 6, "response": 20, "net_gain": 20.0}, {"player_id": 7, "response": 20, "net_gain": 20.0}, {"player_id": 8, "response": 20, "net_gain": 20.0}, {"player_id": 9, "response": 20, "net_gain": 20.0}], "total_tokens": 200}, {"responses": [{"player_id": 0, "response": 20, "net_gain": 16.0}, {"player_id": 1, "response": 20, "net_gain": 16.0}, {"player_id": 2, "response": 20, "net_gain": 16.0}, {"player_id": 3, "response": 20, "net_gain": 16.0}, {"player_id": 4, "response": 20, "net_gain": 16.0}, {"player_id": 5, "response": 20, "net_gain": 16.0}, {"player_id": 6, "response": 20, "net_gain": 16.0}, {"player_id": 7, "response": 20, "net_gain": 16.0}, {"player_id": 8, "response": 0, "net_gain": 36.0}, {"player_id": 9, "response": 20, "net_gain": 16.0}], "total_tokens": 180}]}