{"meta": {"name_exp": "public_goods", "player_num": 10, "tokens": 20, "ratio": 2, "version": "v1", "lang_agent": "<Z3cCMo0>", "round": 20, "run": 5}, "round_records": [{"responses": [{"player_id": 0, "response": 10, "net_gain": 4.0}, {"player_id": 1, "response": 10, "net_gain": 4.0}, {"player_id": 2, "response": 10, "net_gain": 4.0}, {"player_id": 3, "response": 10, "net_gain": 4.0}, {"player_id": 4, "response": 10, "net_gain": 4.0}, {"player_id": 5, "response": 10, "net_gain": 4.0}, {"player_id": 6, "response": 0, "net_gain": 14.0}, {"player_id": 7, "response": 0, "net_gain": 14.0}, {"player_id": 8, "response": 0, "net_gain": 14.0}, {"player_id": 9, "response": 10, "net_gain": 4.0}], "total_tokens": 70}, {"responses": [{"player_id": 0, "response": 8, "net_gain": 13.2}, {"player_id": 1, "response": 10, "net_gain": 11.2}, {"player_id": 2, "response": 10, "net_gain": 11.2}, {"player_id": 3, "response": 5, "net_gain": 16.2}, {"player_id": 4, "response": 20, "net_gain": 1.1999999999999993}, {"player_id": 5, "response": 5, "net_gain": 16.2}, {"player_id": 6, "response": 20, "net_gain": 1.1999999999999993}, {"player_id": 7, "response": 10, "net_gain": 11.2}, {"player_id": 8, "response": 10, "net_gain": 11.2}, {"player_id": 9, "response": 8, "net_gain": 13.2}], "total_tokens": 106}, {"responses": [{"player_id": 0, "response": 10, "net_gain": 8.8}, {"player_id": 1, "response": 5, "net_gain": 13.8}, {"player_id": 2, "response": 10, "net_gain": 8.8}, {"player_id": 3, "response": 10, "net_gain": 8.8}, {"player_id": 4, "response": 10, "net_gain": 8.8}, {"player_id": 5, "response": 8, "net_gain": 10.8}, {"player_id": 6, "response": 10, "net_gain": 8.8}, {"player_id": 7, "response": 5, "net_gain": 13.8}, {"player_id": 8, "response": 6, "net_gain": 12.8}, {"player_id": 9, "response": 20, "net_gain": -1.1999999999999993}], "total_tokens": 94}, {"responses": [{"player_id": 0, "response": 8, "net_gain": 9.600000000000001}, {"player_id": 1, "response": 10, "net_gain": 7.600000000000001}, {"player_id": 2, "response": 10, "net_gain": 7.600000000000001}, {"player_id": 3, "response": 8, "net_gain": 9.600000000000001}, {"player_id": 4, "response": 10, "net_gain": 7.600000000000001}, {"player_id": 5, "response": 6, "net_gain": 11.600000000000001}, {"player_id": 6, "response": 6, "net_gain": 11.600000000000001}, {"player_id": 7, "response": 10, "net_gain": 7.600000000000001}, {"player_id": 8, "response": 10, "net_gain": 7.600000000000001}, {"player_id": 9, "response": 10, "net_gain": 7.600000000000001}], "total_tokens": 88}, {"responses": [{"player_id": 0, "response": 10, "net_gain": 9.600000000000001}, {"player_id": 1, "response": 8, "net_gain": 11.600000000000001}, {"player_id": 2, "response": 10, "net_gain": 9.600000000000001}, {"player_id": 3, "response": 10, "net_gain": 9.600000000000001}, {"player_id": 4, "response": 20, "net_gain": -0.3999999999999986}, {"player_id": 5, "response": 10, "net_gain": 9.600000000000001}, {"player_id": 6, "response": 10, "net_gain": 9.600000000000001}, {"player_id": 7, "response": 5, "net_gain": 14.600000000000001}, {"player_id": 8, "response": 5, "net_gain": 14.600000000000001}, {"player_id": 9, "response": 10, "net_gain": 9.600000000000001}], "total_tokens": 98}, {"responses": [{"player_id": 0, "response": 20, "net_gain": 3.0}, {"player_id": 1, "response": 10, "net_gain": 13.0}, {"player_id": 2, "response": 12, "net_gain": 11.0}, {"player_id": 3, "response": 10, "net_gain": 13.0}, {"player_id": 4, "response": 20, "net_gain": 3.0}, {"player_id": 5, "response": 8, "net_gain": 15.0}, {"player_id": 6, "response": 10, "net_gain": 13.0}, {"player_id": 7, "response": 8, "net_gain": 15.0}, {"player_id": 8, "response": 7, "net_gain": 16.0}, {"player_id": 9, "response": 10, "net_gain": 13.0}], "total_tokens": 115}, {"responses": [{"player_id": 0, "response": 20, "net_gain": 1.0}, {"player_id": 1, "response": 10, "net_gain": 11.0}, {"player_id": 2, "response": 10, "net_gain": 11.0}, {"player_id": 3, "response": 10, "net_gain": 11.0}, {"player_id": 4, "response": 10, "net_gain": 11.0}, {"player_id": 5, "response": 7, "net_gain": 14.0}, {"player_id": 6, "response": 10, "net_gain": 11.0}, {"player_id": 7, "response": 12, "net_gain": 9.0}, {"player_id": 8, "response": 10, "net_gain": 11.0}, {"player_id": 9, "response": 6, "net_gain": 15.0}], "total_tokens": 105}, {"responses": [{"player_id": 0, "response": 20, "net_gain": 1.0}, {"player_id": 1, "response": 10, "net_gain": 11.0}, {"player_id": 2, "response": 12, "net_gain": 9.0}, {"player_id": 3, "response": 8, "net_gain": 13.0}, {"player_id": 4, "response": 20, "net_gain": 1.0}, {"player_id": 5, "response": 10, "net_gain": 11.0}, {"player_id": 6, "response": 10, "net_gain": 11.0}, {"player_id": 7, "response": 0, "net_gain": 21.0}, {"player_id": 8, "response": 7, "net_gain": 14.0}, {"player_id": 9, "response": 8, "net_gain": 13.0}], "total_tokens": 105}, {"responses": [{"player_id": 0, "response": 20, "net_gain": 1.0}, {"player_id": 1, "response": 10, "net_gain": 11.0}, {"player_id": 2, "response": 10, "net_gain": 11.0}, {"player_id": 3, "response": 10, "net_gain": 11.0}, {"player_id": 4, "response": 10, "net_gain": 11.0}, {"player_id": 5, "response": 8, "net_gain": 13.0}, {"player_id": 6, "response": 10, "net_gain": 11.0}, {"player_id": 7, "response": 8, "net_gain": 13.0}, {"player_id": 8, "response": 9, "net_gain": 12.0}, {"player_id": 9, "response": 10, "net_gain": 11.0}], "total_tokens": 105}, {"responses": [{"player_id": 0, "response": 20, "net_gain": 7.600000000000001}, {"player_id": 1, "response": 10, "net_gain": 17.6}, {"player_id": 2, "response": 10, "net_gain": 17.6}, {"player_id": 3, "response": 10, "net_gain": 17.6}, {"player_id": 4, "response": 20, "net_gain": 7.600000000000001}, {"player_id": 5, "response": 10, "net_gain": 17.6}, {"player_id": 6, "response": 20, "net_gain": 7.600000000000001}, {"player_id": 7, "response": 10, "net_gain": 17.6}, {"player_id": 8, "response": 8, "net_gain": 19.6}, {"player_id": 9, "response": 20, "net_gain": 7.600000000000001}], "total_tokens": 138}, {"responses": [{"player_id": 0, "response": 20, "net_gain": 5.800000000000001}, {"player_id": 1, "response": 10, "net_gain": 15.8}, {"player_id": 2, "response": 10, "net_gain": 15.8}, {"player_id": 3, "response": 10, "net_gain": 15.8}, {"player_id": 4, "response": 20, "net_gain": 5.800000000000001}, {"player_id": 5, "response": 9, "net_gain": 16.8}, {"player_id": 6, "response": 20, "net_gain": 5.800000000000001}, {"player_id": 7, "response": 0, "net_gain": 25.8}, {"player_id": 8, "response": 10, "net_gain": 15.8}, {"player_id": 9, "response": 20, "net_gain": 5.800000000000001}], "total_tokens": 129}, {"responses": [{"player_id": 0, "response": 20, "net_gain": 1.1999999999999993}, {"player_id": 1, "response": 10, "net_gain": 11.2}, {"player_id": 2, "response": 10, "net_gain": 11.2}, {"player_id": 3, "response": 10, "net_gain": 11.2}, {"player_id": 4, "response": 10, "net_gain": 11.2}, {"player_id": 5, "response": 10, "net_gain": 11.2}, {"player_id": 6, "response": 10, "net_gain": 11.2}, {"player_id": 7, "response": 10, "net_gain": 11.2}, {"player_id": 8, "response": 8, "net_gain": 13.2}, {"player_id": 9, "response": 8, "net_gain": 13.2}], "total_tokens": 106}, {"responses": [{"player_id": 0, "response": 20, "net_gain": 3.6000000000000014}, {"player_id": 1, "response": 10, "net_gain": 13.600000000000001}, {"player_id": 2, "response": 10, "net_gain": 13.600000000000001}, {"player_id": 3, "response": 10, "net_gain": 13.600000000000001}, {"player_id": 4, "response": 20, "net_gain": 3.6000000000000014}, {"player_id": 5, "response": 8, "net_gain": 15.600000000000001}, {"player_id": 6, "response": 10, "net_gain": 13.600000000000001}, {"player_id": 7, "response": 0, "net_gain": 23.6}, {"player_id": 8, "response": 10, "net_gain": 13.600000000000001}, {"player_id": 9, "response": 20, "net_gain": 3.6000000000000014}], "total_tokens": 118}, {"responses": [{"player_id": 0, "response": 20, "net_gain": 4.0}, {"player_id": 1, "response": 8, "net_gain": 16.0}, {"player_id": 2, "response": 10, "net_gain": 14.0}, {"player_id": 3, "response": 10, "net_gain": 14.0}, {"player_id": 4, "response": 20, "net_gain": 4.0}, {"player_id": 5, "response": 8, "net_gain": 16.0}, {"player_id": 6, "response": 6, "net_gain": 18.0}, {"player_id": 7, "response": 10, "net_gain": 14.0}, {"player_id": 8, "response": 8, "net_gain": 16.0}, {"player_id": 9, "response": 20, "net_gain": 4.0}], "total_tokens": 120}, {"responses": [{"player_id": 0, "response": 20, "net_gain": 5.600000000000001}, {"player_id": 1, "response": 10, "net_gain": 15.600000000000001}, {"player_id": 2, "response": 10, "net_gain": 15.600000000000001}, {"player_id": 3, "response": 10, "net_gain": 15.600000000000001}, {"player_id": 4, "response": 20, "net_gain": 5.600000000000001}, {"player_id": 5, "response": 10, "net_gain": 15.600000000000001}, {"player_id": 6, "response": 10, "net_gain": 15.600000000000001}, {"player_id": 7, "response": 8, "net_gain": 17.6}, {"player_id": 8, "response": 10, "net_gain": 15.600000000000001}, {"player_id": 9, "response": 20, "net_gain": 5.600000000000001}], "total_tokens": 128}, {"responses": [{"player_id": 0, "response": 20, "net_gain": 6.0}, {"player_id": 1, "response": 10, "net_gain": 16.0}, {"player_id": 2, "response": 10, "net_gain": 16.0}, {"player_id": 3, "response": 10, "net_gain": 16.0}, {"player_id": 4, "response": 20, "net_gain": 6.0}, {"player_id": 5, "response": 10, "net_gain": 16.0}, {"player_id": 6, "response": 10, "net_gain": 16.0}, {"player_id": 7, "response": 10, "net_gain": 16.0}, {"player_id": 8, "response": 10, "net_gain": 16.0}, {"player_id": 9, "response": 20, "net_gain": 6.0}], "total_tokens": 130}, {"responses": [{"player_id": 0, "response": 20, "net_gain": 10.2}, {"player_id": 1, "response": 10, "net_gain": 20.2}, {"player_id": 2, "response": 20, "net_gain": 10.2}, {"player_id": 3, "response": 8, "net_gain": 22.2}, {"player_id": 4, "response": 20, "net_gain": 10.2}, {"player_id": 5, "response": 8, "net_gain": 22.2}, {"player_id": 6, "response": 20, "net_gain": 10.2}, {"player_id": 7, "response": 20, "net_gain": 10.2}, {"player_id": 8, "response": 5, "net_gain": 25.2}, {"player_id": 9, "response": 20, "net_gain": 10.2}], "total_tokens": 151}, {"responses": [{"player_id": 0, "response": 20, "net_gain": 6.600000000000001}, {"player_id": 1, "response": 10, "net_gain": 16.6}, {"player_id": 2, "response": 0, "net_gain": 26.6}, {"player_id": 3, "response": 10, "net_gain": 16.6}, {"player_id": 4, "response": 20, "net_gain": 6.600000000000001}, {"player_id": 5, "response": 20, "net_gain": 6.600000000000001}, {"player_id": 6, "response": 20, "net_gain": 6.600000000000001}, {"player_id": 7, "response": 5, "net_gain": 21.6}, {"player_id": 8, "response": 8, "net_gain": 18.6}, {"player_id": 9, "response": 20, "net_gain": 6.600000000000001}], "total_tokens": 133}, {"responses": [{"player_id": 0, "response": 20, "net_gain": 5.600000000000001}, {"player_id": 1, "response": 10, "net_gain": 15.600000000000001}, {"player_id": 2, "response": 20, "net_gain": 5.600000000000001}, {"player_id": 3, "response": 10, "net_gain": 15.600000000000001}, {"player_id": 4, "response": 20, "net_gain": 5.600000000000001}, {"player_id": 5, "response": 0, "net_gain": 25.6}, {"player_id": 6, "response": 0, "net_gain": 25.6}, {"player_id": 7, "response": 20, "net_gain": 5.600000000000001}, {"player_id": 8, "response": 8, "net_gain": 17.6}, {"player_id": 9, "response": 20, "net_gain": 5.600000000000001}], "total_tokens": 128}, {"responses": [{"player_id": 0, "response": 20, "net_gain": 14.0}, {"player_id": 1, "response": 10, "net_gain": 24.0}, {"player_id": 2, "response": 20, "net_gain": 14.0}, {"player_id": 3, "response": 10, "net_gain": 24.0}, {"player_id": 4, "response": 20, "net_gain": 14.0}, {"player_id": 5, "response": 20, "net_gain": 14.0}, {"player_id": 6, "response": 20, "net_gain": 14.0}, {"player_id": 7, "response": 20, "net_gain": 14.0}, {"player_id": 8, "response": 10, "net_gain": 24.0}, {"player_id": 9, "response": 20, "net_gain": 14.0}], "total_tokens": 170}]}