{"meta": {"name_exp": "public_goods", "player_num": 10, "tokens": 20, "ratio": 2, "version": "v1", "lang_agent": "<Z3cCMo0>", "round": 20, "run": 2}, "round_records": [{"responses": [{"player_id": 0, "response": 10, "net_gain": 10.0}, {"player_id": 1, "response": 10, "net_gain": 10.0}, {"player_id": 2, "response": 10, "net_gain": 10.0}, {"player_id": 3, "response": 10, "net_gain": 10.0}, {"player_id": 4, "response": 10, "net_gain": 10.0}, {"player_id": 5, "response": 10, "net_gain": 10.0}, {"player_id": 6, "response": 10, "net_gain": 10.0}, {"player_id": 7, "response": 10, "net_gain": 10.0}, {"player_id": 8, "response": 10, "net_gain": 10.0}, {"player_id": 9, "response": 10, "net_gain": 10.0}], "total_tokens": 100}, {"responses": [{"player_id": 0, "response": 6, "net_gain": 7.0}, {"player_id": 1, "response": 10, "net_gain": 3.0}, {"player_id": 2, "response": 5, "net_gain": 8.0}, {"player_id": 3, "response": 5, "net_gain": 8.0}, {"player_id": 4, "response": 5, "net_gain": 8.0}, {"player_id": 5, "response": 5, "net_gain": 8.0}, {"player_id": 6, "response": 5, "net_gain": 8.0}, {"player_id": 7, "response": 5, "net_gain": 8.0}, {"player_id": 8, "response": 10, "net_gain": 3.0}, {"player_id": 9, "response": 9, "net_gain": 4.0}], "total_tokens": 65}, {"responses": [{"player_id": 0, "response": 8, "net_gain": 8.8}, {"player_id": 1, "response": 10, "net_gain": 6.800000000000001}, {"player_id": 2, "response": 8, "net_gain": 8.8}, {"player_id": 3, "response": 8, "net_gain": 8.8}, {"player_id": 4, "response": 8, "net_gain": 8.8}, {"player_id": 5, "response": 8, "net_gain": 8.8}, {"player_id": 6, "response": 8, "net_gain": 8.8}, {"player_id": 7, "response": 8, "net_gain": 8.8}, {"player_id": 8, "response": 10, "net_gain": 6.800000000000001}, {"player_id": 9, "response": 8, "net_gain": 8.8}], "total_tokens": 84}, {"responses": [{"player_id": 0, "response": 0, "net_gain": 15.4}, {"player_id": 1, "response": 10, "net_gain": 5.4}, {"player_id": 2, "response": 8, "net_gain": 7.4}, {"player_id": 3, "response": 10, "net_gain": 5.4}, {"player_id": 4, "response": 8, "net_gain": 7.4}, {"player_id": 5, "response": 8, "net_gain": 7.4}, {"player_id": 6, "response": 10, "net_gain": 5.4}, {"player_id": 7, "response": 8, "net_gain": 7.4}, {"player_id": 8, "response": 10, "net_gain": 5.4}, {"player_id": 9, "response": 5, "net_gain": 10.4}], "total_tokens": 77}, {"responses": [{"player_id": 0, "response": 5, "net_gain": 15.2}, {"player_id": 1, "response": 20, "net_gain": 0.1999999999999993}, {"player_id": 2, "response": 8, "net_gain": 12.2}, {"player_id": 3, "response": 10, "net_gain": 10.2}, {"player_id": 4, "response": 10, "net_gain": 10.2}, {"player_id": 5, "response": 5, "net_gain": 15.2}, {"player_id": 6, "response": 5, "net_gain": 15.2}, {"player_id": 7, "response": 10, "net_gain": 10.2}, {"player_id": 8, "response": 20, "net_gain": 0.1999999999999993}, {"player_id": 9, "response": 8, "net_gain": 12.2}], "total_tokens": 101}, {"responses": [{"player_id": 0, "response": 7, "net_gain": 11.2}, {"player_id": 1, "response": 20, "net_gain": -1.8000000000000007}, {"player_id": 2, "response": 7, "net_gain": 11.2}, {"player_id": 3, "response": 8, "net_gain": 10.2}, {"player_id": 4, "response": 5, "net_gain": 13.2}, {"player_id": 5, "response": 10, "net_gain": 8.2}, {"player_id": 6, "response": 8, "net_gain": 10.2}, {"player_id": 7, "response": 10, "net_gain": 8.2}, {"player_id": 8, "response": 10, "net_gain": 8.2}, {"player_id": 9, "response": 6, "net_gain": 12.2}], "total_tokens": 91}, {"responses": [{"player_id": 0, "response": 8, "net_gain": 8.399999999999999}, {"player_id": 1, "response": 10, "net_gain": 6.399999999999999}, {"player_id": 2, "response": 6, "net_gain": 10.399999999999999}, {"player_id": 3, "response": 8, "net_gain": 8.399999999999999}, {"player_id": 4, "response": 8, "net_gain": 8.399999999999999}, {"player_id": 5, "response": 6, "net_gain": 10.399999999999999}, {"player_id": 6, "response": 10, "net_gain": 6.399999999999999}, {"player_id": 7, "response": 8, "net_gain": 8.399999999999999}, {"player_id": 8, "response": 10, "net_gain": 6.399999999999999}, {"player_id": 9, "response": 8, "net_gain": 8.399999999999999}], "total_tokens": 82}, {"responses": [{"player_id": 0, "response": 5, "net_gain": 12.600000000000001}, {"player_id": 1, "response": 8, "net_gain": 9.600000000000001}, {"player_id": 2, "response": 7, "net_gain": 10.600000000000001}, {"player_id": 3, "response": 10, "net_gain": 7.600000000000001}, {"player_id": 4, "response": 8, "net_gain": 9.600000000000001}, {"player_id": 5, "response": 10, "net_gain": 7.600000000000001}, {"player_id": 6, "response": 10, "net_gain": 7.600000000000001}, {"player_id": 7, "response": 10, "net_gain": 7.600000000000001}, {"player_id": 8, "response": 10, "net_gain": 7.600000000000001}, {"player_id": 9, "response": 10, "net_gain": 7.600000000000001}], "total_tokens": 88}, {"responses": [{"player_id": 0, "response": 5, "net_gain": 11.2}, {"player_id": 1, "response": 10, "net_gain": 6.199999999999999}, {"player_id": 2, "response": 10, "net_gain": 6.199999999999999}, {"player_id": 3, "response": 10, "net_gain": 6.199999999999999}, {"player_id": 4, "response": 10, "net_gain": 6.199999999999999}, {"player_id": 5, "response": 7, "net_gain": 9.2}, {"player_id": 6, "response": 8, "net_gain": 8.2}, {"player_id": 7, "response": 8, "net_gain": 8.2}, {"player_id": 8, "response": 10, "net_gain": 6.199999999999999}, {"player_id": 9, "response": 3, "net_gain": 13.2}], "total_tokens": 81}, {"responses": [{"player_id": 0, "response": 8, "net_gain": 11.399999999999999}, {"player_id": 1, "response": 10, "net_gain": 9.399999999999999}, {"player_id": 2, "response": 6, "net_gain": 13.399999999999999}, {"player_id": 3, "response": 20, "net_gain": -0.6000000000000014}, {"player_id": 4, "response": 8, "net_gain": 11.399999999999999}, {"player_id": 5, "response": 10, "net_gain": 9.399999999999999}, {"player_id": 6, "response": 7, "net_gain": 12.399999999999999}, {"player_id": 7, "response": 8, "net_gain": 11.399999999999999}, {"player_id": 8, "response": 10, "net_gain": 9.399999999999999}, {"player_id": 9, "response": 10, "net_gain": 9.399999999999999}], "total_tokens": 97}, {"responses": [{"player_id": 0, "response": 10, "net_gain": 11.0}, {"player_id": 1, "response": 10, "net_gain": 11.0}, {"player_id": 2, "response": 10, "net_gain": 11.0}, {"player_id": 3, "response": 20, "net_gain": 1.0}, {"player_id": 4, "response": 5, "net_gain": 16.0}, {"player_id": 5, "response": 10, "net_gain": 11.0}, {"player_id": 6, "response": 10, "net_gain": 11.0}, {"player_id": 7, "response": 10, "net_gain": 11.0}, {"player_id": 8, "response": 10, "net_gain": 11.0}, {"player_id": 9, "response": 10, "net_gain": 11.0}], "total_tokens": 105}, {"responses": [{"player_id": 0, "response": 8, "net_gain": 12.2}, {"player_id": 1, "response": 10, "net_gain": 10.2}, {"player_id": 2, "response": 7, "net_gain": 13.2}, {"player_id": 3, "response": 10, "net_gain": 10.2}, {"player_id": 4, "response": 10, "net_gain": 10.2}, {"player_id": 5, "response": 8, "net_gain": 12.2}, {"player_id": 6, "response": 20, "net_gain": 0.1999999999999993}, {"player_id": 7, "response": 8, "net_gain": 12.2}, {"player_id": 8, "response": 10, "net_gain": 10.2}, {"player_id": 9, "response": 10, "net_gain": 10.2}], "total_tokens": 101}, {"responses": [{"player_id": 0, "response": 5, "net_gain": 15.2}, {"player_id": 1, "response": 10, "net_gain": 10.2}, {"player_id": 2, "response": 10, "net_gain": 10.2}, {"player_id": 3, "response": 10, "net_gain": 10.2}, {"player_id": 4, "response": 8, "net_gain": 12.2}, {"player_id": 5, "response": 10, "net_gain": 10.2}, {"player_id": 6, "response": 20, "net_gain": 0.1999999999999993}, {"player_id": 7, "response": 8, "net_gain": 12.2}, {"player_id": 8, "response": 10, "net_gain": 10.2}, {"player_id": 9, "response": 10, "net_gain": 10.2}], "total_tokens": 101}, {"responses": [{"player_id": 0, "response": 10, "net_gain": 13.0}, {"player_id": 1, "response": 20, "net_gain": 3.0}, {"player_id": 2, "response": 10, "net_gain": 13.0}, {"player_id": 3, "response": 10, "net_gain": 13.0}, {"player_id": 4, "response": 10, "net_gain": 13.0}, {"player_id": 5, "response": 10, "net_gain": 13.0}, {"player_id": 6, "response": 20, "net_gain": 3.0}, {"player_id": 7, "response": 5, "net_gain": 18.0}, {"player_id": 8, "response": 10, "net_gain": 13.0}, {"player_id": 9, "response": 10, "net_gain": 13.0}], "total_tokens": 115}, {"responses": [{"player_id": 0, "response": 10, "net_gain": 13.399999999999999}, {"player_id": 1, "response": 20, "net_gain": 3.3999999999999986}, {"player_id": 2, "response": 10, "net_gain": 13.399999999999999}, {"player_id": 3, "response": 10, "net_gain": 13.399999999999999}, {"player_id": 4, "response": 5, "net_gain": 18.4}, {"player_id": 5, "response": 10, "net_gain": 13.399999999999999}, {"player_id": 6, "response": 20, "net_gain": 3.3999999999999986}, {"player_id": 7, "response": 8, "net_gain": 15.399999999999999}, {"player_id": 8, "response": 20, "net_gain": 3.3999999999999986}, {"player_id": 9, "response": 4, "net_gain": 19.4}], "total_tokens": 117}, {"responses": [{"player_id": 0, "response": 10, "net_gain": 13.600000000000001}, {"player_id": 1, "response": 20, "net_gain": 3.6000000000000014}, {"player_id": 2, "response": 0, "net_gain": 23.6}, {"player_id": 3, "response": 20, "net_gain": 3.6000000000000014}, {"player_id": 4, "response": 8, "net_gain": 15.600000000000001}, {"player_id": 5, "response": 10, "net_gain": 13.600000000000001}, {"player_id": 6, "response": 15, "net_gain": 8.600000000000001}, {"player_id": 7, "response": 5, "net_gain": 18.6}, {"player_id": 8, "response": 20, "net_gain": 3.6000000000000014}, {"player_id": 9, "response": 10, "net_gain": 13.600000000000001}], "total_tokens": 118}, {"responses": [{"player_id": 0, "response": 5, "net_gain": 23.0}, {"player_id": 1, "response": 20, "net_gain": 8.0}, {"player_id": 2, "response": 5, "net_gain": 23.0}, {"player_id": 3, "response": 20, "net_gain": 8.0}, {"player_id": 4, "response": 20, "net_gain": 8.0}, {"player_id": 5, "response": 10, "net_gain": 18.0}, {"player_id": 6, "response": 20, "net_gain": 8.0}, {"player_id": 7, "response": 10, "net_gain": 18.0}, {"player_id": 8, "response": 20, "net_gain": 8.0}, {"player_id": 9, "response": 10, "net_gain": 18.0}], "total_tokens": 140}, {"responses": [{"player_id": 0, "response": 10, "net_gain": 17.0}, {"player_id": 1, "response": 20, "net_gain": 7.0}, {"player_id": 2, "response": 20, "net_gain": 7.0}, {"player_id": 3, "response": 20, "net_gain": 7.0}, {"player_id": 4, "response": 5, "net_gain": 22.0}, {"player_id": 5, "response": 10, "net_gain": 17.0}, {"player_id": 6, "response": 20, "net_gain": 7.0}, {"player_id": 7, "response": 0, "net_gain": 27.0}, {"player_id": 8, "response": 20, "net_gain": 7.0}, {"player_id": 9, "response": 10, "net_gain": 17.0}], "total_tokens": 135}, {"responses": [{"player_id": 0, "response": 5, "net_gain": 22.0}, {"player_id": 1, "response": 20, "net_gain": 7.0}, {"player_id": 2, "response": 20, "net_gain": 7.0}, {"player_id": 3, "response": 10, "net_gain": 17.0}, {"player_id": 4, "response": 10, "net_gain": 17.0}, {"player_id": 5, "response": 10, "net_gain": 17.0}, {"player_id": 6, "response": 20, "net_gain": 7.0}, {"player_id": 7, "response": 10, "net_gain": 17.0}, {"player_id": 8, "response": 20, "net_gain": 7.0}, {"player_id": 9, "response": 10, "net_gain": 17.0}], "total_tokens": 135}, {"responses": [{"player_id": 0, "response": 20, "net_gain": 12.0}, {"player_id": 1, "response": 20, "net_gain": 12.0}, {"player_id": 2, "response": 20, "net_gain": 12.0}, {"player_id": 3, "response": 20, "net_gain": 12.0}, {"player_id": 4, "response": 10, "net_gain": 22.0}, {"player_id": 5, "response": 10, "net_gain": 22.0}, {"player_id": 6, "response": 20, "net_gain": 12.0}, {"player_id": 7, "response": 10, "net_gain": 22.0}, {"player_id": 8, "response": 20, "net_gain": 12.0}, {"player_id": 9, "response": 10, "net_gain": 22.0}], "total_tokens": 160}]}