{"meta": {"name_exp": "public_goods", "player_num": 10, "tokens": 20, "ratio": 2, "version": "v1", "lang_agent": "<Z3cCMo0>", "round": 20, "run": 1}, "round_records": [{"responses": [{"player_id": 0, "response": 10, "net_gain": 10.0}, {"player_id": 1, "response": 10, "net_gain": 10.0}, {"player_id": 2, "response": 10, "net_gain": 10.0}, {"player_id": 3, "response": 10, "net_gain": 10.0}, {"player_id": 4, "response": 10, "net_gain": 10.0}, {"player_id": 5, "response": 10, "net_gain": 10.0}, {"player_id": 6, "response": 10, "net_gain": 10.0}, {"player_id": 7, "response": 10, "net_gain": 10.0}, {"player_id": 8, "response": 10, "net_gain": 10.0}, {"player_id": 9, "response": 10, "net_gain": 10.0}], "total_tokens": 100}, {"responses": [{"player_id": 0, "response": 10, "net_gain": 3.5999999999999996}, {"player_id": 1, "response": 5, "net_gain": 8.6}, {"player_id": 2, "response": 8, "net_gain": 5.6}, {"player_id": 3, "response": 10, "net_gain": 3.5999999999999996}, {"player_id": 4, "response": 10, "net_gain": 3.5999999999999996}, {"player_id": 5, "response": 10, "net_gain": 3.5999999999999996}, {"player_id": 6, "response": 0, "net_gain": 13.6}, {"player_id": 7, "response": 5, "net_gain": 8.6}, {"player_id": 8, "response": 5, "net_gain": 8.6}, {"player_id": 9, "response": 5, "net_gain": 8.6}], "total_tokens": 68}, {"responses": [{"player_id": 0, "response": 5, "net_gain": 6.199999999999999}, {"player_id": 1, "response": 3, "net_gain": 8.2}, {"player_id": 2, "response": 5, "net_gain": 6.199999999999999}, {"player_id": 3, "response": 0, "net_gain": 11.2}, {"player_id": 4, "response": 5, "net_gain": 6.199999999999999}, {"player_id": 5, "response": 5, "net_gain": 6.199999999999999}, {"player_id": 6, "response": 8, "net_gain": 3.1999999999999993}, {"player_id": 7, "response": 8, "net_gain": 3.1999999999999993}, {"player_id": 8, "response": 10, "net_gain": 1.1999999999999993}, {"player_id": 9, "response": 7, "net_gain": 4.199999999999999}], "total_tokens": 56}, {"responses": [{"player_id": 0, "response": 8, "net_gain": 5.4}, {"player_id": 1, "response": 7, "net_gain": 6.4}, {"player_id": 2, "response": 5, "net_gain": 8.4}, {"player_id": 3, "response": 7, "net_gain": 6.4}, {"player_id": 4, "response": 7, "net_gain": 6.4}, {"player_id": 5, "response": 8, "net_gain": 5.4}, {"player_id": 6, "response": 5, "net_gain": 8.4}, {"player_id": 7, "response": 10, "net_gain": 3.4000000000000004}, {"player_id": 8, "response": 5, "net_gain": 8.4}, {"player_id": 9, "response": 5, "net_gain": 8.4}], "total_tokens": 67}, {"responses": [{"player_id": 0, "response": 8, "net_gain": 6.199999999999999}, {"player_id": 1, "response": 6, "net_gain": 8.2}, {"player_id": 2, "response": 6, "net_gain": 8.2}, {"player_id": 3, "response": 5, "net_gain": 9.2}, {"player_id": 4, "response": 5, "net_gain": 9.2}, {"player_id": 5, "response": 10, "net_gain": 4.199999999999999}, {"player_id": 6, "response": 6, "net_gain": 8.2}, {"player_id": 7, "response": 10, "net_gain": 4.199999999999999}, {"player_id": 8, "response": 8, "net_gain": 6.199999999999999}, {"player_id": 9, "response": 7, "net_gain": 7.199999999999999}], "total_tokens": 71}, {"responses": [{"player_id": 0, "response": 7, "net_gain": 7.4}, {"player_id": 1, "response": 7, "net_gain": 7.4}, {"player_id": 2, "response": 7, "net_gain": 7.4}, {"player_id": 3, "response": 7, "net_gain": 7.4}, {"player_id": 4, "response": 8, "net_gain": 6.4}, {"player_id": 5, "response": 8, "net_gain": 6.4}, {"player_id": 6, "response": 7, "net_gain": 7.4}, {"player_id": 7, "response": 10, "net_gain": 4.4}, {"player_id": 8, "response": 5, "net_gain": 9.4}, {"player_id": 9, "response": 6, "net_gain": 8.4}], "total_tokens": 72}, {"responses": [{"player_id": 0, "response": 7, "net_gain": 7.199999999999999}, {"player_id": 1, "response": 7, "net_gain": 7.199999999999999}, {"player_id": 2, "response": 5, "net_gain": 9.2}, {"player_id": 3, "response": 8, "net_gain": 6.199999999999999}, {"player_id": 4, "response": 7, "net_gain": 7.199999999999999}, {"player_id": 5, "response": 6, "net_gain": 8.2}, {"player_id": 6, "response": 8, "net_gain": 6.199999999999999}, {"player_id": 7, "response": 10, "net_gain": 4.199999999999999}, {"player_id": 8, "response": 6, "net_gain": 8.2}, {"player_id": 9, "response": 7, "net_gain": 7.199999999999999}], "total_tokens": 71}, {"responses": [{"player_id": 0, "response": 7, "net_gain": 8.0}, {"player_id": 1, "response": 7, "net_gain": 8.0}, {"player_id": 2, "response": 8, "net_gain": 7.0}, {"player_id": 3, "response": 7, "net_gain": 8.0}, {"player_id": 4, "response": 8, "net_gain": 7.0}, {"player_id": 5, "response": 8, "net_gain": 7.0}, {"player_id": 6, "response": 7, "net_gain": 8.0}, {"player_id": 7, "response": 10, "net_gain": 5.0}, {"player_id": 8, "response": 7, "net_gain": 8.0}, {"player_id": 9, "response": 6, "net_gain": 9.0}], "total_tokens": 75}, {"responses": [{"player_id": 0, "response": 7, "net_gain": 7.4}, {"player_id": 1, "response": 7, "net_gain": 7.4}, {"player_id": 2, "response": 7, "net_gain": 7.4}, {"player_id": 3, "response": 6, "net_gain": 8.4}, {"player_id": 4, "response": 7, "net_gain": 7.4}, {"player_id": 5, "response": 7, "net_gain": 7.4}, {"player_id": 6, "response": 7, "net_gain": 7.4}, {"player_id": 7, "response": 10, "net_gain": 4.4}, {"player_id": 8, "response": 8, "net_gain": 6.4}, {"player_id": 9, "response": 6, "net_gain": 8.4}], "total_tokens": 72}, {"responses": [{"player_id": 0, "response": 7, "net_gain": 7.0}, {"player_id": 1, "response": 6, "net_gain": 8.0}, {"player_id": 2, "response": 7, "net_gain": 7.0}, {"player_id": 3, "response": 7, "net_gain": 7.0}, {"player_id": 4, "response": 7, "net_gain": 7.0}, {"player_id": 5, "response": 8, "net_gain": 6.0}, {"player_id": 6, "response": 7, "net_gain": 7.0}, {"player_id": 7, "response": 10, "net_gain": 4.0}, {"player_id": 8, "response": 5, "net_gain": 9.0}, {"player_id": 9, "response": 6, "net_gain": 8.0}], "total_tokens": 70}, {"responses": [{"player_id": 0, "response": 6, "net_gain": 7.199999999999999}, {"player_id": 1, "response": 7, "net_gain": 6.199999999999999}, {"player_id": 2, "response": 6, "net_gain": 7.199999999999999}, {"player_id": 3, "response": 7, "net_gain": 6.199999999999999}, {"player_id": 4, "response": 7, "net_gain": 6.199999999999999}, {"player_id": 5, "response": 5, "net_gain": 8.2}, {"player_id": 6, "response": 8, "net_gain": 5.199999999999999}, {"player_id": 7, "response": 5, "net_gain": 8.2}, {"player_id": 8, "response": 8, "net_gain": 5.199999999999999}, {"player_id": 9, "response": 7, "net_gain": 6.199999999999999}], "total_tokens": 66}, {"responses": [{"player_id": 0, "response": 8, "net_gain": 7.199999999999999}, {"player_id": 1, "response": 8, "net_gain": 7.199999999999999}, {"player_id": 2, "response": 7, "net_gain": 8.2}, {"player_id": 3, "response": 6, "net_gain": 9.2}, {"player_id": 4, "response": 7, "net_gain": 8.2}, {"player_id": 5, "response": 8, "net_gain": 7.199999999999999}, {"player_id": 6, "response": 7, "net_gain": 8.2}, {"player_id": 7, "response": 10, "net_gain": 5.199999999999999}, {"player_id": 8, "response": 8, "net_gain": 7.199999999999999}, {"player_id": 9, "response": 7, "net_gain": 8.2}], "total_tokens": 76}, {"responses": [{"player_id": 0, "response": 7, "net_gain": 7.4}, {"player_id": 1, "response": 7, "net_gain": 7.4}, {"player_id": 2, "response": 7, "net_gain": 7.4}, {"player_id": 3, "response": 7, "net_gain": 7.4}, {"player_id": 4, "response": 5, "net_gain": 9.4}, {"player_id": 5, "response": 8, "net_gain": 6.4}, {"player_id": 6, "response": 7, "net_gain": 7.4}, {"player_id": 7, "response": 10, "net_gain": 4.4}, {"player_id": 8, "response": 6, "net_gain": 8.4}, {"player_id": 9, "response": 8, "net_gain": 6.4}], "total_tokens": 72}, {"responses": [{"player_id": 0, "response": 7, "net_gain": 7.6}, {"player_id": 1, "response": 8, "net_gain": 6.6}, {"player_id": 2, "response": 6, "net_gain": 8.6}, {"player_id": 3, "response": 7, "net_gain": 7.6}, {"player_id": 4, "response": 7, "net_gain": 7.6}, {"player_id": 5, "response": 8, "net_gain": 6.6}, {"player_id": 6, "response": 7, "net_gain": 7.6}, {"player_id": 7, "response": 10, "net_gain": 4.6}, {"player_id": 8, "response": 6, "net_gain": 8.6}, {"player_id": 9, "response": 7, "net_gain": 7.6}], "total_tokens": 73}, {"responses": [{"player_id": 0, "response": 7, "net_gain": 8.0}, {"player_id": 1, "response": 7, "net_gain": 8.0}, {"player_id": 2, "response": 8, "net_gain": 7.0}, {"player_id": 3, "response": 7, "net_gain": 8.0}, {"player_id": 4, "response": 8, "net_gain": 7.0}, {"player_id": 5, "response": 8, "net_gain": 7.0}, {"player_id": 6, "response": 7, "net_gain": 8.0}, {"player_id": 7, "response": 10, "net_gain": 5.0}, {"player_id": 8, "response": 5, "net_gain": 10.0}, {"player_id": 9, "response": 8, "net_gain": 7.0}], "total_tokens": 75}, {"responses": [{"player_id": 0, "response": 8, "net_gain": 7.6}, {"player_id": 1, "response": 8, "net_gain": 7.6}, {"player_id": 2, "response": 7, "net_gain": 8.6}, {"player_id": 3, "response": 8, "net_gain": 7.6}, {"player_id": 4, "response": 7, "net_gain": 8.6}, {"player_id": 5, "response": 8, "net_gain": 7.6}, {"player_id": 6, "response": 6, "net_gain": 9.6}, {"player_id": 7, "response": 10, "net_gain": 5.6}, {"player_id": 8, "response": 8, "net_gain": 7.6}, {"player_id": 9, "response": 8, "net_gain": 7.6}], "total_tokens": 78}, {"responses": [{"player_id": 0, "response": 8, "net_gain": 7.6}, {"player_id": 1, "response": 8, "net_gain": 7.6}, {"player_id": 2, "response": 8, "net_gain": 7.6}, {"player_id": 3, "response": 6, "net_gain": 9.6}, {"player_id": 4, "response": 8, "net_gain": 7.6}, {"player_id": 5, "response": 8, "net_gain": 7.6}, {"player_id": 6, "response": 7, "net_gain": 8.6}, {"player_id": 7, "response": 10, "net_gain": 5.6}, {"player_id": 8, "response": 8, "net_gain": 7.6}, {"player_id": 9, "response": 7, "net_gain": 8.6}], "total_tokens": 78}, {"responses": [{"player_id": 0, "response": 8, "net_gain": 5.6}, {"player_id": 1, "response": 8, "net_gain": 5.6}, {"player_id": 2, "response": 8, "net_gain": 5.6}, {"player_id": 3, "response": 8, "net_gain": 5.6}, {"player_id": 4, "response": 7, "net_gain": 6.6}, {"player_id": 5, "response": 7, "net_gain": 6.6}, {"player_id": 6, "response": 7, "net_gain": 6.6}, {"player_id": 7, "response": 0, "net_gain": 13.6}, {"player_id": 8, "response": 8, "net_gain": 5.6}, {"player_id": 9, "response": 7, "net_gain": 6.6}], "total_tokens": 68}, {"responses": [{"player_id": 0, "response": 8, "net_gain": 2.8000000000000007}, {"player_id": 1, "response": 0, "net_gain": 10.8}, {"player_id": 2, "response": 5, "net_gain": 5.800000000000001}, {"player_id": 3, "response": 8, "net_gain": 2.8000000000000007}, {"player_id": 4, "response": 0, "net_gain": 10.8}, {"player_id": 5, "response": 5, "net_gain": 5.800000000000001}, {"player_id": 6, "response": 8, "net_gain": 2.8000000000000007}, {"player_id": 7, "response": 20, "net_gain": -9.2}, {"player_id": 8, "response": 0, "net_gain": 10.8}, {"player_id": 9, "response": 0, "net_gain": 10.8}], "total_tokens": 54}, {"responses": [{"player_id": 0, "response": 20, "net_gain": 8.399999999999999}, {"player_id": 1, "response": 20, "net_gain": 8.399999999999999}, {"player_id": 2, "response": 8, "net_gain": 20.4}, {"player_id": 3, "response": 10, "net_gain": 18.4}, {"player_id": 4, "response": 20, "net_gain": 8.399999999999999}, {"player_id": 5, "response": 7, "net_gain": 21.4}, {"player_id": 6, "response": 7, "net_gain": 21.4}, {"player_id": 7, "response": 10, "net_gain": 18.4}, {"player_id": 8, "response": 20, "net_gain": 8.399999999999999}, {"player_id": 9, "response": 20, "net_gain": 8.399999999999999}], "total_tokens": 142}]}