{
  "stage": "2_baseline_tuning_1_first_attempt",
  "total_nodes": 16,
  "buggy_nodes": 2,
  "good_nodes": 13,
  "best_metric": "Metrics(train accuracy\u2191[mnist_claims:(final=0.7508, best=0.7508)]; validation accuracy\u2191[mnist_claims:(final=0.7100, best=0.7183)]; train loss\u2193[mnist_claims:(final=0.4505, best=0.4505)]; validation loss\u2193[mnist_claims:(final=0.4858, best=0.4858)])",
  "current_findings": "### Comprehensive Summary of Experimental Progress\n\n#### 1. Key Patterns of Success Across Working Experiments\n\n- **Model Architecture and Hyperparameter Tuning**: Successful experiments consistently involved careful tuning of hyperparameters such as learning rate, batch size, number of epochs, optimizer type, CNN hidden size, and BERT configurations. For instance, the Adam optimizer and a learning rate of 5e-5 yielded the highest validation accuracy in their respective tuning experiments.\n\n- **Data Handling and Augmentation**: Experiments that incorporated data augmentation techniques like RandomRotation and RandomAffine transformations showed varied results, indicating that augmentation needs to be carefully selected based on the task. However, certain combinations like `rot10_flip0.5` resulted in improved validation accuracy, suggesting some augmentations can enhance model performance.\n\n- **Activation Functions and Network Depth**: The choice of activation function and the number of convolutional layers in the CNN vision encoder were critical. ReLU activation consistently performed well, and a single convolutional layer provided the best validation accuracy, emphasizing the importance of simplicity in network design for this task.\n\n- **Freezing/Unfreezing BERT Layers**: Experiments showed that freezing all BERT layers often resulted in better validation accuracy compared to partially unfreezing, highlighting the potential benefit of leveraging pre-trained features without additional fine-tuning in certain contexts.\n\n#### 2. Common Failure Patterns and Pitfalls to Avoid\n\n- **Dependency and Environment Issues**: Failed experiments were primarily due to runtime errors associated with the Triton library and its interaction with DeepSpeed. These errors were linked to misconfigurations or incompatibilities in the environment setup, such as missing GPU drivers or incompatible versions of libraries.\n\n- **Complexity Overhead**: Introducing too many layers or complex configurations without substantial performance gains was observed in some experiments. For instance, increasing the number of convolutional layers beyond one led to decreased validation accuracy, suggesting that added complexity did not translate to better performance in this context.\n\n#### 3. Specific Recommendations for Future Experiments\n\n- **Environment Stability**: Ensure a stable and compatible environment by regularly updating dependencies like Triton, DeepSpeed, and Transformers to their latest stable versions. Consider containerizing the setup to isolate dependencies and avoid runtime errors.\n\n- **Incremental Complexity**: Start with simpler models and gradually introduce complexity. Monitor performance closely to ensure that additional layers or parameters contribute positively to the model's accuracy and efficiency.\n\n- **Focused Hyperparameter Tuning**: Continue to prioritize hyperparameter tuning, especially for learning rates, optimizer types, and model architecture parameters. Use systematic grid searches or Bayesian optimization to efficiently explore the hyperparameter space.\n\n- **Data Augmentation Strategies**: Experiment with different data augmentation techniques and combinations, but evaluate their impact on validation accuracy carefully. Avoid over-complicating the augmentation pipeline unless it demonstrably improves performance.\n\n- **Leverage Pre-trained Models**: When using pre-trained models like BERT, consider freezing layers initially and only unfreeze if necessary based on the task requirements. This can save computational resources and prevent overfitting.\n\nBy following these insights and recommendations, future experiments can build on past successes and avoid common pitfalls, leading to more robust and efficient model development."
}