{
  "model": "graphsage",
  "dataset": "nsl_kdd",
  "config": {
    "model": {
      "name": "graphsage_ids",
      "hidden": 128,
      "layers": 3,
      "dropout": 0.3,
      "num_classes": 2
    },
    "training": {
      "epochs": 1,
      "batch_size": 1,
      "learning_rate": 0.001,
      "weight_decay": "1e-4",
      "patience": 10
    },
    "dataset": {
      "val_split": 0.15,
      "attack_types": [
        "normal",
        "dos",
        "probe",
        "r2l",
        "u2r"
      ]
    },
    "evaluation": {
      "metrics": [
        "accuracy",
        "precision",
        "recall",
        "f1",
        "auc"
      ]
    },
    "logging": {
      "level": "INFO",
      "save_model": true
    },
    "system": {
      "device": "auto",
      "seed": 42
    }
  },
  "train_results": {
    "training_history": {
      "train_loss": [
        0.36071090578127685
      ],
      "train_accuracy": [
        0.9070934579439253
      ],
      "val_accuracy": [
        0.9326063829787234
      ],
      "val_f1": [
        0.9436758636603796
      ]
    },
    "best_val_f1": 0.9436758636603796,
    "total_epochs": 1
  },
  "test_metrics": {
    "accuracy": 0.7513392857142858,
    "precision": 0.8097742450835522,
    "recall": 0.7513392857142858,
    "f1": 0.7484541729028136,
    "auc": 0.7513392857142858,
    "class_accuracies": {
      "normal": 0.9282455412691829,
      "dos": 0.631891433418151,
      "probe": 0.9363636363636364,
      "r2l": 0.39808043875685556,
      "u2r": 0.4722222222222222
    },
    "class_precision": {
      "normal": 0.705993690851735,
      "dos": 0.9686331870632212,
      "probe": 0.4336842105263158,
      "r2l": 0.7811659192825112,
      "u2r": 0.22077922077922077
    },
    "class_recall": {
      "normal": 0.9282455412691829,
      "dos": 0.631891433418151,
      "probe": 0.9363636363636364,
      "r2l": 0.39808043875685556,
      "u2r": 0.4722222222222222
    },
    "class_f1": {
      "normal": 0.8020068088156245,
      "dos": 0.7648379852422201,
      "probe": 0.5928057553956835,
      "r2l": 0.5273993339388435,
      "u2r": 0.3008849557522124
    }
  },
  "total_time": 2.2857439517974854,
  "args": {
    "config": "configs/graphsage_nsl_kdd.yaml",
    "model": "graphsage",
    "dataset": "nsl_kdd",
    "nsl_kdd_path": "data/nsl_kdd",
    "cisco_data_path": "data/cisco_small",
    "output_dir": "outputs/graphsage_nsl_kdd",
    "epochs": 1,
    "attack_ratio": 0.1
  }
}