{
  "stage": "2_baseline_tuning_1_first_attempt",
  "total_nodes": 11,
  "buggy_nodes": 2,
  "good_nodes": 8,
  "best_metric": "Metrics(validation F1 score\u2191[synthetic_dynamic_network:(final=0.8900, best=0.8900)])",
  "current_findings": "### Comprehensive Summary of Experimental Progress\n\n#### 1. Key Patterns of Success Across Working Experiments\n\n- **Baseline Implementation**: The initial setup of a simple GNN architecture using PyTorch and PyTorch Geometric was successful in establishing a baseline for anomaly detection. The use of contrastive learning to differentiate between normal and anomalous patterns proved effective, as evidenced by a validation F1 score of 0.6990.\n\n- **Hyperparameter Tuning**: Systematic tuning of hyperparameters such as epochs, learning rate, and hidden layer size significantly improved model performance. For instance, tuning the number of epochs resulted in a validation F1 score of 0.8900, while learning rate adjustments led to a final validation F1 score of 0.8179. Adjustments to hidden layer size achieved a validation F1 score of 0.8295.\n\n- **Batch Processing**: Correctly implementing batch processing using PyTorch Geometric's DataLoader, which automatically adjusts edge indices, resulted in improved training loss and validation F1 scores across different batch sizes. This approach effectively handled device compatibility and data handling requirements.\n\n- **Consistent Metrics Tracking**: Across all successful experiments, consistent tracking and saving of metrics, losses, and predictions were crucial. This facilitated a clear understanding of model performance and allowed for informed adjustments.\n\n#### 2. Common Failure Patterns and Pitfalls to Avoid\n\n- **Batch Size Issues**: A recurring issue was the inappropriate selection of batch sizes that exceeded the number of nodes in the synthetic data, leading to index out-of-bounds errors. This was a critical pitfall in the failed experiments.\n\n- **Edge Index Handling**: Incorrect handling of edge indices during batch processing led to out-of-bounds errors. This was due to the edge_index tensor not being adjusted for each batch, causing the model to access invalid indices.\n\n- **Incomplete Metric Tracking**: In some failed experiments, the absence of metric tracking and saving steps led to incomplete analysis, making it difficult to diagnose issues and assess model performance effectively.\n\n#### 3. Specific Recommendations for Future Experiments\n\n- **Careful Batch Size Selection**: Ensure that batch sizes are chosen based on the number of nodes in the dataset to avoid index out-of-bounds errors. This can be achieved by dynamically adjusting batch sizes or verifying the dataset's node count before training.\n\n- **Robust Edge Index Adjustment**: Implement robust mechanisms to adjust edge indices for each batch. Using PyTorch Geometric's DataLoader can automate this process and prevent common errors related to edge indexing.\n\n- **Comprehensive Hyperparameter Tuning**: Continue the practice of systematic hyperparameter tuning, as it has shown significant improvements in model performance. Consider exploring additional hyperparameters such as dropout rates or optimizer types.\n\n- **Enhanced Metric Tracking**: Maintain comprehensive tracking of all relevant metrics, including losses and predictions, across all experiments. This will facilitate better analysis and understanding of model behavior.\n\n- **Iterative Debugging and Testing**: Incorporate iterative debugging and testing phases to identify and resolve issues early in the experiment lifecycle. This approach can prevent errors from propagating and affecting overall results.\n\nBy addressing these recommendations and building on the successful patterns identified, future experiments can achieve improved performance and reliability in anomaly detection tasks."
}