{
  "model": "xgboost",
  "dataset": "cisco",
  "config": {
    "model": {
      "name": "xgboost_ids",
      "n_estimators": 100,
      "learning_rate": 0.01,
      "max_depth": 6,
      "min_child_weight": 1,
      "subsample": 0.8,
      "colsample_bytree": 0.8,
      "use_label_encoder": false,
      "eval_metric": "logloss"
    },
    "training": {
      "epochs": 1,
      "batch_size": 1,
      "learning_rate": 0.01,
      "weight_decay": 0.0,
      "patience": 1
    },
    "dataset": {
      "val_split": 0.15,
      "attack_ratio": 0.2
    },
    "evaluation": {
      "metrics": [
        "accuracy",
        "precision",
        "recall",
        "f1",
        "auc"
      ]
    },
    "logging": {
      "level": "INFO",
      "save_model": true
    },
    "system": {
      "device": "auto",
      "seed": 42
    }
  },
  "train_results": {
    "training_time": 0.22391200065612793,
    "val_metrics": {
      "accuracy": 0.9493087557603687,
      "precision": 0.9459055528807575,
      "recall": 0.9493087557603687,
      "f1": 0.9462028860745038,
      "auc": 0.8018707482993198
    }
  },
  "test_metrics": {
    "accuracy": 0.7592592592592593,
    "precision": 0.8250014720602956,
    "recall": 0.7592592592592593,
    "f1": 0.7800640146319159,
    "auc": 0.7363636363636363
  },
  "total_time": 0.23015713691711426,
  "args": {
    "config": "configs/xgboost_cisco.yaml",
    "model": "xgboost",
    "dataset": "cisco",
    "nsl_kdd_path": "data/nsl_kdd",
    "cisco_data_path": "data/cisco_small",
    "output_dir": "outputs/xgboost_cisco",
    "epochs": 1,
    "attack_ratio": 0.1
  }
}