{
    "-1": {
        "id": -1,
        "from_agent_type": "EnvAgent",
        "from_action_name": "start",
        "to_agent_type": "CulturalAgent",
        "to_action_name": "send_recommendation",
        "from_action_id": 0,
        "to_action_id": 1,
        "event_name": "StartEvent",
        "event_info": "Initial trigger for emoji recommendation process",
        "fields": []
    },
    "1": {
        "id": 1,
        "from_agent_type": "CulturalAgent",
        "from_action_name": "send_recommendation",
        "to_agent_type": "CulturalAgent",
        "to_action_name": "receive_recommendation",
        "from_action_id": 1,
        "to_action_id": 2,
        "event_name": "RecommendationEvent",
        "event_info": "Agent recommends its preferred emoji to another agent",
        "fields": [
            {
                "name": "sender_id",
                "type": "string",
                "default_value": "",
                "description": "The unique identifier of the agent sending the recommendation."
            },
            {
                "name": "receiver_id",
                "type": "string",
                "default_value": "",
                "description": "The unique identifier of the agent receiving the recommendation."
            },
            {
                "name": "emoji",
                "type": "string",
                "default_value": "",
                "description": "The emoji being recommended by the sender agent."
            },
            {
                "name": "reason",
                "type": "string",
                "default_value": "",
                "description": "The brief reason provided by the sender for liking the emoji."
            }
        ]
    },
    "2": {
        "id": 2,
        "from_agent_type": "CulturalAgent",
        "from_action_name": "receive_recommendation",
        "to_agent_type": "EnvAgent",
        "to_action_name": "terminate",
        "from_action_id": 2,
        "to_action_id": 3,
        "event_name": "AdoptionEvent",
        "event_info": "Agent decides whether to adopt the recommended emoji",
        "fields": [
            {
                "name": "receiver_id",
                "type": "string",
                "default_value": "",
                "description": "The unique identifier of the agent making the adoption decision."
            },
            {
                "name": "emoji",
                "type": "string",
                "default_value": "",
                "description": "The emoji that was recommended to the receiver."
            },
            {
                "name": "adopted",
                "type": "boolean",
                "default_value": false,
                "description": "Indicates whether the receiver adopted the recommended emoji."
            },
            {
                "name": "influence_count",
                "type": "integer",
                "default_value": 0,
                "description": "The number of agents in the receiver's social network using the recommended emoji."
            },
            {
                "name": "personal_stability",
                "type": "integer",
                "default_value": 0,
                "description": "The duration (in rounds) the receiver has been using their current emoji."
            }
        ]
    }
}