{
    "environment": {
        "variables": [
            {
                "name": "round_number",
                "type": "integer",
                "default_value": null
            }
        ]
    },
    "agents": {
        "CulturalAgent": {
            "variables": [
                {
                    "name": "preferred_emoji",
                    "type": "string",
                    "default_value": null
                },
                {
                    "name": "acquaintance_id",
                    "type": "string",
                    "default_value": null
                },
                {
                    "name": "reason",
                    "type": "string",
                    "default_value": null
                },
                {
                    "name": "last_sent_recommendation",
                    "type": "string",
                    "default_value": null
                },
                {
                    "name": "influence_count",
                    "type": "integer",
                    "default_value": null
                },
                {
                    "name": "personal_stability",
                    "type": "integer",
                    "default_value": null
                },
                {
                    "name": "current_emoji",
                    "type": "string",
                    "default_value": null
                },
                {
                    "name": "emoji_change_count",
                    "type": "integer",
                    "default_value": null
                },
                {
                    "name": "decision_log",
                    "type": "list",
                    "default_value": null
                }
            ]
        }
    }
}