[
  {
    "Agent": "engineer",
    "Cost ($)": 0.0,
    "Prompt Tokens": 35516.0,
    "Completion Tokens": 2935.0,
    "Total Tokens": 38451.0
  },
  {
    "Agent": "engineer response formatter",
    "Cost ($)": 0.0184371,
    "Prompt Tokens": 3305.0,
    "Completion Tokens": 3364.0,
    "Total Tokens": 6669.0
  },
  {
    "Agent": "terminator",
    "Cost ($)": 0.015412,
    "Prompt Tokens": 7702.0,
    "Completion Tokens": 1.0,
    "Total Tokens": 7703.0
  },
  {
    "Agent": "control starter",
    "Cost ($)": 0.004914,
    "Prompt Tokens": 2453.0,
    "Completion Tokens": 1.0,
    "Total Tokens": 2454.0
  },
  {
    "Agent": "control",
    "Cost ($)": 0.12099,
    "Prompt Tokens": 59063.0,
    "Completion Tokens": 358.0,
    "Total Tokens": 59421.0
  },
  {
    "Agent": "executor response formatter",
    "Cost ($)": 0.0043274,
    "Prompt Tokens": 3530.0,
    "Completion Tokens": 101.0,
    "Total Tokens": 3631.0
  },
  {
    "Agent": "Total",
    "Cost ($)": 0.16408050000000002,
    "Prompt Tokens": 111569.0,
    "Completion Tokens": 6760.0,
    "Total Tokens": 118329.0
  }
]