[
  {
    "Agent": "engineer",
    "Cost ($)": 0.0,
    "Prompt Tokens": 9022.0,
    "Completion Tokens": 1640.0,
    "Total Tokens": 10662.0
  },
  {
    "Agent": "engineer response formatter",
    "Cost ($)": 0.0111397,
    "Prompt Tokens": 2203.0,
    "Completion Tokens": 1981.0,
    "Total Tokens": 4184.0
  },
  {
    "Agent": "terminator",
    "Cost ($)": 0.019262,
    "Prompt Tokens": 9627.0,
    "Completion Tokens": 1.0,
    "Total Tokens": 9628.0
  },
  {
    "Agent": "control",
    "Cost ($)": 0.05319,
    "Prompt Tokens": 24255.0,
    "Completion Tokens": 585.0,
    "Total Tokens": 24840.0
  },
  {
    "Agent": "executor response formatter",
    "Cost ($)": 0.0070576,
    "Prompt Tokens": 6268.0,
    "Completion Tokens": 37.0,
    "Total Tokens": 6305.0
  },
  {
    "Agent": "Total",
    "Cost ($)": 0.0906493,
    "Prompt Tokens": 51375.0,
    "Completion Tokens": 4244.0,
    "Total Tokens": 55619.0
  }
]