[
  {
    "Agent": "engineer",
    "Cost ($)": 0.0,
    "Prompt Tokens": 17154.0,
    "Completion Tokens": 3591.0,
    "Total Tokens": 20745.0
  },
  {
    "Agent": "engineer response formatter",
    "Cost ($)": 0.0213466,
    "Prompt Tokens": 3806.0,
    "Completion Tokens": 3900.0,
    "Total Tokens": 7706.0
  },
  {
    "Agent": "terminator",
    "Cost ($)": 0.025126,
    "Prompt Tokens": 12559.0,
    "Completion Tokens": 1.0,
    "Total Tokens": 12560.0
  },
  {
    "Agent": "control starter",
    "Cost ($)": 0.004994,
    "Prompt Tokens": 2493.0,
    "Completion Tokens": 1.0,
    "Total Tokens": 2494.0
  },
  {
    "Agent": "control",
    "Cost ($)": 0.081064,
    "Prompt Tokens": 39052.0,
    "Completion Tokens": 370.0,
    "Total Tokens": 39422.0
  },
  {
    "Agent": "executor response formatter",
    "Cost ($)": 0.009042,
    "Prompt Tokens": 7816.0,
    "Completion Tokens": 101.0,
    "Total Tokens": 7917.0
  },
  {
    "Agent": "Total",
    "Cost ($)": 0.1415726,
    "Prompt Tokens": 82880.0,
    "Completion Tokens": 7964.0,
    "Total Tokens": 90844.0
  }
]