[
  {
    "Agent": "terminator",
    "Cost ($)": 0.01641,
    "Prompt Tokens": 8201.0,
    "Completion Tokens": 1.0,
    "Total Tokens": 8202.0
  },
  {
    "Agent": "researcher",
    "Cost ($)": 0.0,
    "Prompt Tokens": 37676.0,
    "Completion Tokens": 3478.0,
    "Total Tokens": 41154.0
  },
  {
    "Agent": "control starter",
    "Cost ($)": 0.004996,
    "Prompt Tokens": 2494.0,
    "Completion Tokens": 1.0,
    "Total Tokens": 2495.0
  },
  {
    "Agent": "control",
    "Cost ($)": 0.068148,
    "Prompt Tokens": 33270.0,
    "Completion Tokens": 201.0,
    "Total Tokens": 33471.0
  },
  {
    "Agent": "researcher response formatter",
    "Cost ($)": 0.0199914,
    "Prompt Tokens": 3498.0,
    "Completion Tokens": 3669.0,
    "Total Tokens": 7167.0
  },
  {
    "Agent": "Total",
    "Cost ($)": 0.10954539999999999,
    "Prompt Tokens": 85139.0,
    "Completion Tokens": 7350.0,
    "Total Tokens": 92489.0
  }
]