[
  {
    "Agent": "engineer",
    "Cost ($)": 0.0,
    "Prompt Tokens": 86796.0,
    "Completion Tokens": 9228.0,
    "Total Tokens": 96024.0
  },
  {
    "Agent": "engineer response formatter",
    "Cost ($)": 0.0356521,
    "Prompt Tokens": 6867.0,
    "Completion Tokens": 6386.0,
    "Total Tokens": 13253.0
  },
  {
    "Agent": "terminator",
    "Cost ($)": 0.02882,
    "Prompt Tokens": 14406.0,
    "Completion Tokens": 1.0,
    "Total Tokens": 14407.0
  },
  {
    "Agent": "control starter",
    "Cost ($)": 0.004944,
    "Prompt Tokens": 2468.0,
    "Completion Tokens": 1.0,
    "Total Tokens": 2469.0
  },
  {
    "Agent": "control",
    "Cost ($)": 0.117462,
    "Prompt Tokens": 57375.0,
    "Completion Tokens": 339.0,
    "Total Tokens": 57714.0
  },
  {
    "Agent": "executor response formatter",
    "Cost ($)": 0.0168454,
    "Prompt Tokens": 11454.0,
    "Completion Tokens": 965.0,
    "Total Tokens": 12419.0
  },
  {
    "Agent": "Total",
    "Cost ($)": 0.2037235,
    "Prompt Tokens": 179366.0,
    "Completion Tokens": 16920.0,
    "Total Tokens": 196286.0
  }
]