[
  {
    "Agent": "engineer",
    "Cost ($)": 0.0,
    "Prompt Tokens": 30647.0,
    "Completion Tokens": 2790.0,
    "Total Tokens": 33437.0
  },
  {
    "Agent": "engineer response formatter",
    "Cost ($)": 0.0161524,
    "Prompt Tokens": 3140.0,
    "Completion Tokens": 2886.0,
    "Total Tokens": 6026.0
  },
  {
    "Agent": "terminator",
    "Cost ($)": 0.017312,
    "Prompt Tokens": 8652.0,
    "Completion Tokens": 1.0,
    "Total Tokens": 8653.0
  },
  {
    "Agent": "control starter",
    "Cost ($)": 0.004932,
    "Prompt Tokens": 2462.0,
    "Completion Tokens": 1.0,
    "Total Tokens": 2463.0
  },
  {
    "Agent": "control",
    "Cost ($)": 0.108102,
    "Prompt Tokens": 52759.0,
    "Completion Tokens": 323.0,
    "Total Tokens": 53082.0
  },
  {
    "Agent": "executor response formatter",
    "Cost ($)": 0.005335,
    "Prompt Tokens": 4702.0,
    "Completion Tokens": 37.0,
    "Total Tokens": 4739.0
  },
  {
    "Agent": "Total",
    "Cost ($)": 0.1518334,
    "Prompt Tokens": 102362.0,
    "Completion Tokens": 6038.0,
    "Total Tokens": 108400.0
  }
]