{
  "topic": "What if Earth's axial tilt increased to 45 degrees?",
  "paths": {
    "agents4sci_v2": "/home/dian/Code/agents4sci/experiments/0824/what_if_earths_axial_tilt_increased/agents4sci_v2",
    "baseline_single": "/home/dian/Code/agents4sci/experiments/0824/what_if_earths_axial_tilt_increased/baseline_single",
    "baseline_tree": "/home/dian/Code/agents4sci/experiments/0824/what_if_earths_axial_tilt_increased/baseline_tree",
    "baseline_debate": "/home/dian/Code/agents4sci/experiments/0824/what_if_earths_axial_tilt_increased/baseline_debate"
  }
}