[
  {
    "Agent": "engineer",
    "Cost ($)": 0.21722125,
    "Prompt Tokens": 59449.0,
    "Completion Tokens": 14291.0,
    "Total Tokens": 73740.0
  },
  {
    "Agent": "engineer response formatter",
    "Cost ($)": 0.0510477,
    "Prompt Tokens": 9411.0,
    "Completion Tokens": 9249.0,
    "Total Tokens": 18660.0
  },
  {
    "Agent": "terminator",
    "Cost ($)": 0.034202,
    "Prompt Tokens": 17097.0,
    "Completion Tokens": 1.0,
    "Total Tokens": 17098.0
  },
  {
    "Agent": "control starter",
    "Cost ($)": 0.003856,
    "Prompt Tokens": 1924.0,
    "Completion Tokens": 1.0,
    "Total Tokens": 1925.0
  },
  {
    "Agent": "control",
    "Cost ($)": 0.095058,
    "Prompt Tokens": 46117.0,
    "Completion Tokens": 353.0,
    "Total Tokens": 46470.0
  },
  {
    "Agent": "executor response formatter",
    "Cost ($)": 0.0181137,
    "Prompt Tokens": 12263.0,
    "Completion Tokens": 1051.0,
    "Total Tokens": 13314.0
  },
  {
    "Agent": "Total",
    "Cost ($)": 0.4194986500000001,
    "Prompt Tokens": 146261.0,
    "Completion Tokens": 24946.0,
    "Total Tokens": 171207.0
  }
]