[
  {
    "Agent": "terminator",
    "Cost ($)": 0.02553,
    "Prompt Tokens": 12761.0,
    "Completion Tokens": 1.0,
    "Total Tokens": 12762.0
  },
  {
    "Agent": "researcher",
    "Cost ($)": 0.11763,
    "Prompt Tokens": 44584.0,
    "Completion Tokens": 6190.0,
    "Total Tokens": 50774.0
  },
  {
    "Agent": "control starter",
    "Cost ($)": 0.003824,
    "Prompt Tokens": 1908.0,
    "Completion Tokens": 1.0,
    "Total Tokens": 1909.0
  },
  {
    "Agent": "control",
    "Cost ($)": 0.086456,
    "Prompt Tokens": 42572.0,
    "Completion Tokens": 164.0,
    "Total Tokens": 42736.0
  },
  {
    "Agent": "researcher response formatter",
    "Cost ($)": 0.033484,
    "Prompt Tokens": 5916.0,
    "Completion Tokens": 6131.0,
    "Total Tokens": 12047.0
  },
  {
    "Agent": "Total",
    "Cost ($)": 0.266924,
    "Prompt Tokens": 107741.0,
    "Completion Tokens": 12487.0,
    "Total Tokens": 120228.0
  }
]