[
  {
    "Agent": "engineer",
    "Cost ($)": 0.40949375,
    "Prompt Tokens": 108483.0,
    "Completion Tokens": 27389.0,
    "Total Tokens": 135872.0
  },
  {
    "Agent": "engineer response formatter",
    "Cost ($)": 0.1018699,
    "Prompt Tokens": 15833.0,
    "Completion Tokens": 19194.0,
    "Total Tokens": 35027.0
  },
  {
    "Agent": "terminator",
    "Cost ($)": 0.06491,
    "Prompt Tokens": 32451.0,
    "Completion Tokens": 1.0,
    "Total Tokens": 32452.0
  },
  {
    "Agent": "control starter",
    "Cost ($)": 0.003878,
    "Prompt Tokens": 1935.0,
    "Completion Tokens": 1.0,
    "Total Tokens": 1936.0
  },
  {
    "Agent": "control",
    "Cost ($)": 0.199242,
    "Prompt Tokens": 98185.0,
    "Completion Tokens": 359.0,
    "Total Tokens": 98544.0
  },
  {
    "Agent": "executor response formatter",
    "Cost ($)": 0.0316954,
    "Prompt Tokens": 24674.0,
    "Completion Tokens": 1035.0,
    "Total Tokens": 25709.0
  },
  {
    "Agent": "Total",
    "Cost ($)": 0.8110890500000001,
    "Prompt Tokens": 281561.0,
    "Completion Tokens": 47979.0,
    "Total Tokens": 329540.0
  }
]