[
  {
    "Agent": "engineer",
    "Cost ($)": 0.2422475,
    "Prompt Tokens": 43654.0,
    "Completion Tokens": 18768.0,
    "Total Tokens": 62422.0
  },
  {
    "Agent": "engineer response formatter",
    "Cost ($)": 0.0632984,
    "Prompt Tokens": 10996.0,
    "Completion Tokens": 11637.0,
    "Total Tokens": 22633.0
  },
  {
    "Agent": "terminator",
    "Cost ($)": 0.041338,
    "Prompt Tokens": 20665.0,
    "Completion Tokens": 1.0,
    "Total Tokens": 20666.0
  },
  {
    "Agent": "control",
    "Cost ($)": 0.09579,
    "Prompt Tokens": 45775.0,
    "Completion Tokens": 530.0,
    "Total Tokens": 46305.0
  },
  {
    "Agent": "executor response formatter",
    "Cost ($)": 0.0213554,
    "Prompt Tokens": 14930.0,
    "Completion Tokens": 1121.0,
    "Total Tokens": 16051.0
  },
  {
    "Agent": "Total",
    "Cost ($)": 0.46402930000000003,
    "Prompt Tokens": 136020.0,
    "Completion Tokens": 32057.0,
    "Total Tokens": 168077.0
  }
]