[
  {
    "Agent": "engineer",
    "Cost ($)": 0.100085,
    "Prompt Tokens": 41284.0,
    "Completion Tokens": 4848.0,
    "Total Tokens": 46132.0
  },
  {
    "Agent": "engineer response formatter",
    "Cost ($)": 0.0289487,
    "Prompt Tokens": 4745.0,
    "Completion Tokens": 5393.0,
    "Total Tokens": 10138.0
  },
  {
    "Agent": "terminator",
    "Cost ($)": 0.018794,
    "Prompt Tokens": 9393.0,
    "Completion Tokens": 1.0,
    "Total Tokens": 9394.0
  },
  {
    "Agent": "control starter",
    "Cost ($)": 0.00383,
    "Prompt Tokens": 1911.0,
    "Completion Tokens": 1.0,
    "Total Tokens": 1912.0
  },
  {
    "Agent": "control",
    "Cost ($)": 0.143426,
    "Prompt Tokens": 70385.0,
    "Completion Tokens": 332.0,
    "Total Tokens": 70717.0
  },
  {
    "Agent": "executor response formatter",
    "Cost ($)": 0.0049313,
    "Prompt Tokens": 4335.0,
    "Completion Tokens": 37.0,
    "Total Tokens": 4372.0
  },
  {
    "Agent": "Total",
    "Cost ($)": 0.30001500000000003,
    "Prompt Tokens": 132053.0,
    "Completion Tokens": 10612.0,
    "Total Tokens": 142665.0
  }
]