[
  {
    "Agent": "engineer",
    "Cost ($)": 0.22785125,
    "Prompt Tokens": 73481.0,
    "Completion Tokens": 13600.0,
    "Total Tokens": 87081.0
  },
  {
    "Agent": "engineer response formatter",
    "Cost ($)": 0.0539242,
    "Prompt Tokens": 9258.0,
    "Completion Tokens": 9941.0,
    "Total Tokens": 19199.0
  },
  {
    "Agent": "terminator",
    "Cost ($)": 0.040034,
    "Prompt Tokens": 20013.0,
    "Completion Tokens": 1.0,
    "Total Tokens": 20014.0
  },
  {
    "Agent": "control starter",
    "Cost ($)": 0.00384,
    "Prompt Tokens": 1916.0,
    "Completion Tokens": 1.0,
    "Total Tokens": 1917.0
  },
  {
    "Agent": "installer",
    "Cost ($)": 0.015814,
    "Prompt Tokens": 7871.0,
    "Completion Tokens": 9.0,
    "Total Tokens": 7880.0
  },
  {
    "Agent": "control",
    "Cost ($)": 0.15995,
    "Prompt Tokens": 77827.0,
    "Completion Tokens": 537.0,
    "Total Tokens": 78364.0
  },
  {
    "Agent": "executor response formatter",
    "Cost ($)": 0.024299,
    "Prompt Tokens": 19258.0,
    "Completion Tokens": 708.0,
    "Total Tokens": 19966.0
  },
  {
    "Agent": "Total",
    "Cost ($)": 0.52571245,
    "Prompt Tokens": 209624.0,
    "Completion Tokens": 24797.0,
    "Total Tokens": 234421.0
  }
]