{
  "project_info": {
    "name": "social_dynamics_combine",
    "description": "Research project: General social dynamics simulation environment where agents interact and influence each other through various mechanisms",
    "base_environment": "/data/wl/YuLan-OneSim-Dev/projects/social_dynamics_combine",
    "created_timestamp": "2025-09-15T19:11:19.804134"
  },
  "workflow_results": {
    "project_name": "social_dynamics_combine",
    "status": "running",
    "steps_completed": [
      "load_profiles",
      "design_experiment",
      "apply_interventions",
      "generate_configurations",
      "execute_simulations"
    ],
    "base_profiles_count": 100,
    "experiment_groups_count": 5,
    "interventions_applied": 0,
    "configurations_generated": 5,
    "simulation_results": {
      "total_simulations": 5,
      "successful_simulations": 5,
      "failed_simulations": 0,
      "simulation_details": {
        "control_group_very_low_openness_first_order": {
          "status": "completed",
          "config_path": "/data/wl/YuLan-OneSim-Dev/projects/social_dynamics_combine/groups/control_group_very_low_openness_first_order/config.json",
          "simulation_output": "/data/wl/YuLan-OneSim-Dev/projects/social_dynamics_combine/groups/control_group_very_low_openness_first_order/runs/20250915_112137",
          "execution_time": 5154.498196363449,
          "error": null,
          "run_id": "20250915_112137",
          "log_files": [
            "/data/wl/YuLan-OneSim-Dev/projects/social_dynamics_combine/groups/control_group_very_low_openness_first_order/runs/20250915_112137/social_dynamics.log"
          ]
        },
        "treatment_medium_openness_fifth_order": {
          "status": "completed",
          "config_path": "/data/wl/YuLan-OneSim-Dev/projects/social_dynamics_combine/groups/treatment_medium_openness_fifth_order/config.json",
          "simulation_output": "/data/wl/YuLan-OneSim-Dev/projects/social_dynamics_combine/groups/treatment_medium_openness_fifth_order/runs/20250915_112137",
          "execution_time": 5949.626878261566,
          "error": null,
          "run_id": "20250915_112137",
          "log_files": [
            "/data/wl/YuLan-OneSim-Dev/projects/social_dynamics_combine/groups/treatment_medium_openness_fifth_order/runs/20250915_112137/social_dynamics.log"
          ]
        },
        "treatment_medium_openness_first_order": {
          "status": "completed",
          "config_path": "/data/wl/YuLan-OneSim-Dev/projects/social_dynamics_combine/groups/treatment_medium_openness_first_order/config.json",
          "simulation_output": "/data/wl/YuLan-OneSim-Dev/projects/social_dynamics_combine/groups/treatment_medium_openness_first_order/runs/20250915_112137",
          "execution_time": 5943.329892158508,
          "error": null,
          "run_id": "20250915_112137",
          "log_files": [
            "/data/wl/YuLan-OneSim-Dev/projects/social_dynamics_combine/groups/treatment_medium_openness_first_order/runs/20250915_112137/social_dynamics.log"
          ]
        },
        "treatment_very_high_openness_third_order": {
          "status": "completed",
          "config_path": "/data/wl/YuLan-OneSim-Dev/projects/social_dynamics_combine/groups/treatment_very_high_openness_third_order/config.json",
          "simulation_output": "/data/wl/YuLan-OneSim-Dev/projects/social_dynamics_combine/groups/treatment_very_high_openness_third_order/runs/20250915_112137",
          "execution_time": 6066.220229387283,
          "error": null,
          "run_id": "20250915_112137",
          "log_files": [
            "/data/wl/YuLan-OneSim-Dev/projects/social_dynamics_combine/groups/treatment_very_high_openness_third_order/runs/20250915_112137/social_dynamics.log"
          ]
        },
        "treatment_very_low_openness_third_order": {
          "status": "completed",
          "config_path": "/data/wl/YuLan-OneSim-Dev/projects/social_dynamics_combine/groups/treatment_very_low_openness_third_order/config.json",
          "simulation_output": "/data/wl/YuLan-OneSim-Dev/projects/social_dynamics_combine/groups/treatment_very_low_openness_third_order/runs/20250915_112137",
          "execution_time": 5068.655330657959,
          "error": null,
          "run_id": "20250915_112137",
          "log_files": [
            "/data/wl/YuLan-OneSim-Dev/projects/social_dynamics_combine/groups/treatment_very_low_openness_third_order/runs/20250915_112137/social_dynamics.log"
          ]
        }
      }
    }
  },
  "experiment_design": {
    "total_groups": 5,
    "group_details": [
      {
        "group_id": "control_group_very_low_openness_first_order",
        "group_type": "control",
        "description": "Agents have very low openness and interact only with first-order neighbors (minimal information flow).",
        "interventions": []
      },
      {
        "group_id": "treatment_medium_openness_fifth_order",
        "group_type": "treatment",
        "description": "Agents have medium openness and interact with third-order neighbors",
        "interventions": [
          "treatment_medium_openness_fifth_order"
        ]
      },
      {
        "group_id": "treatment_medium_openness_first_order",
        "group_type": "treatment",
        "description": "Agents have medium openness and interact with third-order neighbors",
        "interventions": [
          "treatment_medium_openness_first_order"
        ]
      },
      {
        "group_id": "treatment_very_high_openness_third_order",
        "group_type": "treatment",
        "description": "Agents have very high openness and interact only with first-order neighbors.",
        "interventions": [
          "treatment_very_high_openness_third_order"
        ]
      },
      {
        "group_id": "treatment_very_low_openness_third_order",
        "group_type": "treatment",
        "description": "Agents have very high openness and interact with fifth-order neighbors (maximal information flow for high openness).",
        "interventions": [
          "treatment_very_low_openness_third_order"
        ]
      }
    ]
  },
  "intervention_summary": {},
  "generated_files": {
    "configurations": {
      "control_group_very_low_openness_first_order": "/data/wl/YuLan-OneSim-Dev/projects/social_dynamics_combine/groups/control_group_very_low_openness_first_order/config.json",
      "treatment_medium_openness_fifth_order": "/data/wl/YuLan-OneSim-Dev/projects/social_dynamics_combine/groups/treatment_medium_openness_fifth_order/config.json",
      "treatment_medium_openness_first_order": "/data/wl/YuLan-OneSim-Dev/projects/social_dynamics_combine/groups/treatment_medium_openness_first_order/config.json",
      "treatment_very_high_openness_third_order": "/data/wl/YuLan-OneSim-Dev/projects/social_dynamics_combine/groups/treatment_very_high_openness_third_order/config.json",
      "treatment_very_low_openness_third_order": "/data/wl/YuLan-OneSim-Dev/projects/social_dynamics_combine/groups/treatment_very_low_openness_third_order/config.json"
    },
    "project_directory": "/data/wl/YuLan-OneSim-Dev/projects/social_dynamics_combine"
  }
}