{
  "project_name": "social_dynamics_combine",
  "research_paradigm": "attribution_analysis",
  "scenario_description": "Following the culture dissemination model of Axelrod, the higher the cultural similarity between individuals, the greater the probability they will interact and influence each other, leading to the convergence of cultural traits in local areas. However, this process may eventually lead to global cultural polarization (i.e., the formation of multiple stable cultural regions that are internally homogeneous but completely heterogeneous externally), rather than global homogenization. Individuals adjust their cultural traits by interacting with their neighbors. After multiple iterations, the society is observed to split into several cultural regions. Within each region, individual cultures are highly homogeneous, while there are significant differences between different regions. The focus is on observing the cultural homogeneity.",
  "research_question": "What is the joint impact of individuals' degree of openness and the degree of information flow on the cultural homogeneity that emerges in a society?\nHere, “individuals’ degree of openness” refers to a behavioral parameter — in conjunction with cultural similarity — that determines whether an individual adopts a neighbor’s cultural trait. Meanwhile, “degree of information flow” refers to the spatial range of interaction, defined by the order of neighbors (e.g., first-order = immediate N/S/E/W; 2nd/third-order = extended neighbors) with whom an agent can communicate. While the original model restricts both adoption propensity (via fixed openness) and interaction range (only first-order neighbors), our extended framework allows independent and simultaneous variation of both parameters, enabling a more nuanced exploration of how psychological receptivity and structural connectivity jointly shape cultural homogeneity.",
  "research_topic": null,
  "created_timestamp": "2025-09-09T18:01:14.007285",
  "status": "experiment_execution_completed",
  "phases_completed": [
    "environment_design",
    "experiment_execution",
    "experiment_execution",
    "experiment_execution"
  ],
  "scene_name": "social_dynamics",
  "scene_path": "/data/wl/YuLan-OneSim-Dev/src/envs/social_dynamics",
  "simulation_results": {
    "project_name": "social_dynamics_combine",
    "status": "completed",
    "steps_completed": [
      "load_profiles",
      "design_experiment",
      "apply_interventions",
      "generate_configurations",
      "execute_simulations",
      "save_summary"
    ],
    "base_profiles_count": 100,
    "experiment_groups_count": 5,
    "interventions_applied": 0,
    "configurations_generated": 5,
    "simulation_results": {
      "total_simulations": 5,
      "successful_simulations": 5,
      "failed_simulations": 0,
      "simulation_details": {
        "control_group_very_low_openness_first_order": {
          "status": "completed",
          "config_path": "/data/wl/YuLan-OneSim-Dev/projects/social_dynamics_combine/groups/control_group_very_low_openness_first_order/config.json",
          "simulation_output": "/data/wl/YuLan-OneSim-Dev/projects/social_dynamics_combine/groups/control_group_very_low_openness_first_order/runs/20250915_112137",
          "execution_time": 5154.498196363449,
          "error": null,
          "run_id": "20250915_112137",
          "log_files": [
            "/data/wl/YuLan-OneSim-Dev/projects/social_dynamics_combine/groups/control_group_very_low_openness_first_order/runs/20250915_112137/social_dynamics.log"
          ]
        },
        "treatment_medium_openness_fifth_order": {
          "status": "completed",
          "config_path": "/data/wl/YuLan-OneSim-Dev/projects/social_dynamics_combine/groups/treatment_medium_openness_fifth_order/config.json",
          "simulation_output": "/data/wl/YuLan-OneSim-Dev/projects/social_dynamics_combine/groups/treatment_medium_openness_fifth_order/runs/20250915_112137",
          "execution_time": 5949.626878261566,
          "error": null,
          "run_id": "20250915_112137",
          "log_files": [
            "/data/wl/YuLan-OneSim-Dev/projects/social_dynamics_combine/groups/treatment_medium_openness_fifth_order/runs/20250915_112137/social_dynamics.log"
          ]
        },
        "treatment_medium_openness_first_order": {
          "status": "completed",
          "config_path": "/data/wl/YuLan-OneSim-Dev/projects/social_dynamics_combine/groups/treatment_medium_openness_first_order/config.json",
          "simulation_output": "/data/wl/YuLan-OneSim-Dev/projects/social_dynamics_combine/groups/treatment_medium_openness_first_order/runs/20250915_112137",
          "execution_time": 5943.329892158508,
          "error": null,
          "run_id": "20250915_112137",
          "log_files": [
            "/data/wl/YuLan-OneSim-Dev/projects/social_dynamics_combine/groups/treatment_medium_openness_first_order/runs/20250915_112137/social_dynamics.log"
          ]
        },
        "treatment_very_high_openness_third_order": {
          "status": "completed",
          "config_path": "/data/wl/YuLan-OneSim-Dev/projects/social_dynamics_combine/groups/treatment_very_high_openness_third_order/config.json",
          "simulation_output": "/data/wl/YuLan-OneSim-Dev/projects/social_dynamics_combine/groups/treatment_very_high_openness_third_order/runs/20250915_112137",
          "execution_time": 6066.220229387283,
          "error": null,
          "run_id": "20250915_112137",
          "log_files": [
            "/data/wl/YuLan-OneSim-Dev/projects/social_dynamics_combine/groups/treatment_very_high_openness_third_order/runs/20250915_112137/social_dynamics.log"
          ]
        },
        "treatment_very_low_openness_third_order": {
          "status": "completed",
          "config_path": "/data/wl/YuLan-OneSim-Dev/projects/social_dynamics_combine/groups/treatment_very_low_openness_third_order/config.json",
          "simulation_output": "/data/wl/YuLan-OneSim-Dev/projects/social_dynamics_combine/groups/treatment_very_low_openness_third_order/runs/20250915_112137",
          "execution_time": 5068.655330657959,
          "error": null,
          "run_id": "20250915_112137",
          "log_files": [
            "/data/wl/YuLan-OneSim-Dev/projects/social_dynamics_combine/groups/treatment_very_low_openness_third_order/runs/20250915_112137/social_dynamics.log"
          ]
        }
      }
    },
    "output_directory": "/data/wl/YuLan-OneSim-Dev/projects/social_dynamics_combine",
    "experiment_config_used": "/data/wl/YuLan-OneSim-Dev/projects/social_dynamics_combine/experiment_design/experiment_config.json"
  },
  "report_paths": {}
}