{
  "model": "graphsage",
  "dataset": "cisco",
  "config": {
    "model": {
      "name": "graphsage_ids",
      "hidden": 128,
      "layers": 3,
      "dropout": 0.3,
      "num_classes": 2
    },
    "training": {
      "epochs": 1,
      "batch_size": 1,
      "learning_rate": 0.001,
      "weight_decay": "1e-4",
      "patience": 10
    },
    "dataset": {
      "val_split": 0.15,
      "attack_ratio": 0.2
    },
    "evaluation": {
      "metrics": [
        "accuracy",
        "precision",
        "recall",
        "f1",
        "auc"
      ]
    },
    "logging": {
      "level": "INFO",
      "save_model": true
    },
    "system": {
      "device": "auto",
      "seed": 42
    }
  },
  "train_results": {
    "training_history": {
      "train_loss": [
        0.8404783725738525
      ],
      "train_accuracy": [
        0.6183206106870229
      ],
      "val_accuracy": [
        0.0967741935483871
      ],
      "val_f1": [
        0.017077798861480076
      ]
    },
    "best_val_f1": 0.017077798861480076,
    "total_epochs": 1
  },
  "test_metrics": {
    "accuracy": 0.18518518518518517,
    "precision": 0.034293552812071325,
    "recall": 0.18518518518518517,
    "f1": 0.05787037037037037,
    "auc": 0.18518518518518517
  },
  "total_time": 0.05014204978942871,
  "args": {
    "config": "configs/graphsage_cisco.yaml",
    "model": "graphsage",
    "dataset": "cisco",
    "nsl_kdd_path": "data/nsl_kdd",
    "cisco_data_path": "data/cisco_small",
    "output_dir": "outputs/graphsage_cisco",
    "epochs": 1,
    "attack_ratio": 0.1
  }
}