{
  "model": "randomforest",
  "dataset": "cisco",
  "config": {
    "model": {
      "name": "randomforest_ids",
      "n_estimators": 100,
      "max_depth": 10,
      "min_samples_split": 5,
      "min_samples_leaf": 2,
      "class_weight": "balanced"
    },
    "training": {
      "epochs": 1,
      "batch_size": 1,
      "learning_rate": 0.001,
      "weight_decay": 0.0,
      "patience": 1
    },
    "dataset": {
      "val_split": 0.15,
      "attack_ratio": 0.2
    },
    "evaluation": {
      "metrics": [
        "accuracy",
        "precision",
        "recall",
        "f1",
        "auc"
      ]
    },
    "logging": {
      "level": "INFO",
      "save_model": true
    },
    "system": {
      "device": "cpu",
      "seed": 42
    }
  },
  "train_results": {
    "training_time": 0.06850886344909668,
    "val_metrics": {
      "accuracy": 0.9032258064516129,
      "precision": 0.8158168574401665,
      "recall": 0.9032258064516129,
      "f1": 0.8572990705303445,
      "auc": 0.9032258064516129
    }
  },
  "test_metrics": {
    "accuracy": 0.8888888888888888,
    "precision": 0.9022222222222221,
    "recall": 0.8888888888888888,
    "f1": 0.8686254643701452,
    "auc": 0.7
  },
  "total_time": 0.07561302185058594,
  "args": {
    "config": "configs/randomforest_cisco.yaml",
    "model": "randomforest",
    "dataset": "cisco",
    "nsl_kdd_path": "data/nsl_kdd",
    "cisco_data_path": "data/cisco_small",
    "output_dir": "outputs/randomforest_cisco",
    "epochs": 1,
    "attack_ratio": 0.1
  }
}