{
  "config": {
    "model": {
      "name": "gatv2_ids",
      "hidden": 128,
      "layers": 2,
      "heads": 2,
      "dropout": 0.5,
      "edge_dim": 14
    },
    "training": {
      "epochs": 1,
      "batch_size": 1,
      "learning_rate": 0.0005,
      "weight_decay": "5e-4",
      "patience": 15,
      "lambda_fid": 0.0,
      "lambda_sim": 0.0,
      "lambda_chaos": 0.0
    },
    "simulation": {
      "uncertainty_threshold": 0.3,
      "high_uncertainty_threshold": 0.7,
      "forensic_threshold": 0.9,
      "budget_per_epoch": 2,
      "max_curiosity_iterations": 2,
      "convergence_tolerance": 0.1,
      "top_k_edges": 3,
      "low_fidelity": {
        "packet_tracing": false,
        "qos_monitoring": false,
        "debug_logging": false,
        "time_granularity": "millisecond",
        "perturbation_count": 2,
        "traffic_patterns": 1
      },
      "high_fidelity": {
        "packet_tracing": true,
        "qos_monitoring": true,
        "debug_logging": false,
        "time_granularity": "microsecond",
        "perturbation_count": 3,
        "traffic_patterns": 2
      },
      "forensic_mode": {
        "packet_tracing": true,
        "qos_monitoring": true,
        "debug_logging": true,
        "time_granularity": "microsecond",
        "perturbation_count": 4,
        "traffic_patterns": 3
      }
    },
    "dataset": {
      "attack_ratio": 0.2,
      "train_split": 0.7,
      "val_split": 0.15,
      "test_split": 0.15
    },
    "evaluation": {
      "metrics": [
        "accuracy",
        "precision",
        "recall",
        "f1",
        "auc"
      ]
    },
    "logging": {
      "level": "INFO",
      "save_model": true,
      "save_predictions": false
    },
    "curiosity_loop": {
      "enable": true,
      "adaptive_fidelity": true,
      "resource_optimization": true,
      "forensic_mode": true,
      "attention_refinement": true
    },
    "system": {
      "device": "auto",
      "seed": 42
    }
  },
  "test_metrics": {
    "roc_auc": 0.7636363636363636,
    "f1": 0.4864864864864865,
    "precision": 0.3333333333333333,
    "recall": 0.9,
    "accuracy": 0.6481481481481481
  },
  "training_completed": true
}