{
  "model": "gin",
  "dataset": "nsl_kdd",
  "config": {
    "model": {
      "name": "gin_ids",
      "hidden": 128,
      "layers": 3,
      "dropout": 0.3,
      "num_classes": 2
    },
    "training": {
      "epochs": 1,
      "batch_size": 1,
      "learning_rate": 0.001,
      "weight_decay": "1e-4",
      "patience": 10
    },
    "dataset": {
      "val_split": 0.15,
      "attack_types": [
        "normal",
        "dos",
        "probe",
        "r2l",
        "u2r"
      ]
    },
    "evaluation": {
      "metrics": [
        "accuracy",
        "precision",
        "recall",
        "f1",
        "auc"
      ]
    },
    "logging": {
      "level": "INFO",
      "save_model": true
    },
    "system": {
      "device": "auto",
      "seed": 42
    }
  },
  "train_results": {
    "training_history": {
      "train_loss": [
        0.5221394363407776
      ],
      "train_accuracy": [
        0.84903738317757
      ],
      "val_accuracy": [
        0.8379787234042553
      ],
      "val_f1": [
        0.8796165008196103
      ]
    },
    "best_val_f1": 0.8796165008196103,
    "total_epochs": 1
  },
  "test_metrics": {
    "accuracy": 0.6631696428571429,
    "precision": 0.7623742197467017,
    "recall": 0.6631696428571429,
    "f1": 0.6934263949716548,
    "auc": 0.6631696428571429,
    "class_accuracies": {
      "normal": 0.7811074243052675,
      "dos": 0.5730491942324003,
      "probe": 0.7918181818181819,
      "r2l": 0.4725776965265082,
      "u2r": 0.3333333333333333
    },
    "class_precision": {
      "normal": 0.7554151624548736,
      "dos": 0.8721962239793448,
      "probe": 0.29585597826086957,
      "r2l": 0.5665753424657535,
      "u2r": 0.008207934336525308
    },
    "class_recall": {
      "normal": 0.7811074243052675,
      "dos": 0.5730491942324003,
      "probe": 0.7918181818181819,
      "r2l": 0.4725776965265082,
      "u2r": 0.3333333333333333
    },
    "class_f1": {
      "normal": 0.7680464926590538,
      "dos": 0.6916629342888221,
      "probe": 0.4307616221562809,
      "r2l": 0.5153251931223524,
      "u2r": 0.01602136181575434
    }
  },
  "total_time": 3.4731719493865967,
  "args": {
    "config": "configs/gin_nsl_kdd.yaml",
    "model": "gin",
    "dataset": "nsl_kdd",
    "nsl_kdd_path": "data/nsl_kdd",
    "cisco_data_path": "data/cisco_small",
    "output_dir": "outputs/gin_nsl_kdd",
    "epochs": 1,
    "attack_ratio": 0.1
  }
}