{
  "stage": "4_ablation_studies_1_first_attempt",
  "total_nodes": 22,
  "buggy_nodes": 6,
  "good_nodes": 15,
  "best_metric": "Metrics(train accuracy\u2191[mnist:(final=0.7039, best=0.7039), fashion_mnist:(final=0.6878, best=0.6878), svhn:(final=0.6294, best=0.6294)]; validation accuracy\u2191[mnist:(final=0.6933, best=0.6933), fashion_mnist:(final=0.6900, best=0.6900), svhn:(final=0.6567, best=0.6567)]; train logical consistency accuracy\u2191[mnist:(final=0.6736, best=0.6736), fashion_mnist:(final=0.6111, best=0.6111), svhn:(final=0.6111, best=0.6111)]; validation logical consistency accuracy\u2191[mnist:(final=0.7000, best=0.7000), fashion_mnist:(final=0.6700, best=0.6700), svhn:(final=0.7100, best=0.7100)]; train loss\u2193[mnist:(final=0.5273, best=0.5273), fashion_mnist:(final=0.5337, best=0.5337), svhn:(final=0.6248, best=0.6248)]; validation loss\u2193[mnist:(final=0.5533, best=0.5533), fashion_mnist:(final=0.5457, best=0.5457), svhn:(final=0.5903, best=0.5903)])",
  "current_findings": "### Summary of Experimental Progress\n\n#### 1. Key Patterns of Success Across Working Experiments\n\n- **Bug Fixes and Robustness**: Successful experiments often involved fixing critical bugs, such as proper image padding/cropping, ensuring correct tensor shapes, and device management. These fixes led to stable execution and improved model performance.\n  \n- **Ablation Studies**: Various ablation studies provided insights into the model's dependencies and strengths. For instance, removing logical consistency labels or text-image fusion highlighted the importance of these components in achieving higher accuracy and logical consistency.\n\n- **Model and Data Handling**: Ensuring proper normalization, device placement, and data handling (e.g., correct DataLoader collation) contributed to the successful execution of experiments. Consistent data preprocessing and correct input formatting were crucial.\n\n- **Experiment Tracking and Metrics**: Consistent logging, metric tracking, and saving results in structured formats allowed for effective analysis and comparison across experiments. This systematic approach facilitated understanding the impact of different design choices.\n\n#### 2. Common Failure Patterns and Pitfalls to Avoid\n\n- **Model Architecture Limitations**: Experiments with overly simplistic models or those lacking critical components (e.g., text encoders) often resulted in poor performance, particularly in logical consistency accuracy.\n\n- **Data and Claim Diversity**: Insufficient data diversity or non-representative claim types led to overfitting and poor generalization. Experiments that did not account for balanced claim representation struggled with accuracy.\n\n- **Training Process Issues**: Early termination, skipped steps, or improper execution of training loops were common pitfalls. These issues often stemmed from incorrect dataset loading, device utilization, or lack of detailed logging.\n\n- **Hyperparameter and Loss Function Choices**: Inappropriate learning rates, batch sizes, or loss functions contributed to fluctuating loss values and non-converging training processes. Experiments without hyperparameter tuning often plateaued at suboptimal performance levels.\n\n#### 3. Specific Recommendations for Future Experiments\n\n- **Enhance Model Complexity**: Consider using more advanced architectures, such as attention mechanisms or pre-trained models, to improve handling of complex datasets like SVHN.\n\n- **Data Augmentation and Diversity**: Implement data augmentation techniques and ensure a diverse and balanced dataset to improve model generalization and reduce overfitting.\n\n- **Hyperparameter Optimization**: Conduct systematic hyperparameter tuning, including learning rate schedules and batch size adjustments, to optimize training dynamics.\n\n- **Comprehensive Logging and Debugging**: Incorporate detailed logging and debugging statements to monitor training processes and quickly identify issues. Ensure all steps are executed as intended.\n\n- **Ablation and Component Analysis**: Continue conducting ablation studies to identify critical model components and dependencies. Use these insights to refine model architecture and training strategies.\n\n- **Regularization Techniques**: Implement regularization methods, such as dropout or weight decay, to prevent overfitting and improve model robustness.\n\nBy addressing these areas, future experiments can build on the successes and learn from the failures to achieve more reliable and effective outcomes."
}