{
  "topic": "What if Earth's magnetic field collapsed for ten years?",
  "paths": {
    "agents4sci_v2": "/home/dian/Code/agents4sci/experiments/0824/what_if_earths_magnetic_field_collapsed/agents4sci_v2",
    "baseline_single": "/home/dian/Code/agents4sci/experiments/0824/what_if_earths_magnetic_field_collapsed/baseline_single",
    "baseline_tree": "/home/dian/Code/agents4sci/experiments/0824/what_if_earths_magnetic_field_collapsed/baseline_tree",
    "baseline_debate": "/home/dian/Code/agents4sci/experiments/0824/what_if_earths_magnetic_field_collapsed/baseline_debate"
  }
}