{
  "topic": "What if a persistent global cloud cover reduced sunlight by 20%?",
  "paths": {
    "agents4sci_v2": "/home/dian/Code/agents4sci/experiments/0824/what_if_a_persistent_global_cloud/agents4sci_v2",
    "baseline_single": "/home/dian/Code/agents4sci/experiments/0824/what_if_a_persistent_global_cloud/baseline_single",
    "baseline_tree": "/home/dian/Code/agents4sci/experiments/0824/what_if_a_persistent_global_cloud/baseline_tree",
    "baseline_debate": "/home/dian/Code/agents4sci/experiments/0824/what_if_a_persistent_global_cloud/baseline_debate"
  }
}