[
  {
    "ablation_name": "experiment_1",
    "overall_plan": "No plan available",
    "analysis": "No analysis available",
    "metric": {},
    "vlm_feedback_summary": "Generated from experiment results"
  },
  {
    "ablation_name": "experiment_2",
    "overall_plan": "No plan available",
    "analysis": "No analysis available",
    "metric": {},
    "vlm_feedback_summary": "Generated from experiment results"
  },
  {
    "ablation_name": "experiment_3",
    "overall_plan": "No plan available",
    "analysis": "No analysis available",
    "metric": {},
    "vlm_feedback_summary": "Generated from experiment results"
  }
]