[
  {
    "Scenario": "Severe Asthma Adult",
    "Expected Peak ($B)": "2.8",
    "Constrained Forecast ($B)": "1.9",
    "Constrained PI Width": "0.40",
    "Constrained Coverage": "NO",
    "Unconstrained Forecast ($B)": "19.5",
    "Unconstrained PI Width": "1.20",
    "Unconstrained Coverage": "NO"
  },
  {
    "Scenario": "Pediatric AtopicDerm",
    "Expected Peak ($B)": "1.5",
    "Constrained Forecast ($B)": "1.6",
    "Constrained PI Width": "0.40",
    "Constrained Coverage": "YES",
    "Unconstrained Forecast ($B)": "9.0",
    "Unconstrained PI Width": "1.20",
    "Unconstrained Coverage": "NO"
  },
  {
    "Scenario": "Adult SevereEczema",
    "Expected Peak ($B)": "1.2",
    "Constrained Forecast ($B)": "0.7",
    "Constrained PI Width": "0.40",
    "Constrained Coverage": "NO",
    "Unconstrained Forecast ($B)": "8.2",
    "Unconstrained PI Width": "1.20",
    "Unconstrained Coverage": "NO"
  }
]