{
  "worker": {
    "python": "3.11.8",
    "platform": "Linux-4.4.0-x86_64-with-glibc2.36",
    "processor": "",
    "machine": "x86_64"
  },
  "episodes": 0,
  "seeds": 0,
  "timings_sec": {
    "train_US": null,
    "train_UK": null,
    "sensitivity_US": null,
    "sensitivity_UK": null,
    "robustness_US": null,
    "robustness_UK": null,
    "llm_eval": 0.0
  },
  "notes": "Minimal runtime disclosure generated in the reproduction environment; ML training not executed due to unavailable deep learning dependencies."
}