{
  "topic": "What if oxygen levels rose to 35%?",
  "paths": {
    "agents4sci_v2": "/home/dian/Code/agents4sci/experiments/0824/what_if_oxygen_levels_rose_to/agents4sci_v2",
    "baseline_single": "/home/dian/Code/agents4sci/experiments/0824/what_if_oxygen_levels_rose_to/baseline_single",
    "baseline_tree": "/home/dian/Code/agents4sci/experiments/0824/what_if_oxygen_levels_rose_to/baseline_tree",
    "baseline_debate": "/home/dian/Code/agents4sci/experiments/0824/what_if_oxygen_levels_rose_to/baseline_debate"
  }
}