{
  "model": "logistic",
  "dataset": "nsl_kdd",
  "config": {
    "model": {
      "name": "logistic_regression_ids",
      "max_iter": 1000,
      "C": 1.0,
      "solver": "liblinear",
      "class_weight": "balanced"
    },
    "training": {
      "epochs": 1,
      "batch_size": 1,
      "learning_rate": 0.001,
      "weight_decay": 0.0,
      "patience": 1
    },
    "dataset": {
      "val_split": 0.15,
      "attack_types": [
        "normal",
        "dos",
        "probe",
        "r2l",
        "u2r"
      ]
    },
    "evaluation": {
      "metrics": [
        "accuracy",
        "precision",
        "recall",
        "f1",
        "auc"
      ]
    },
    "logging": {
      "level": "INFO",
      "save_model": true
    },
    "system": {
      "device": "cpu",
      "seed": 42
    }
  },
  "train_results": {
    "training_time": 7.728611946105957,
    "val_metrics": {
      "accuracy": 0.9275,
      "precision": 0.9614767514167142,
      "recall": 0.9275,
      "f1": 0.9399031935391273,
      "auc": 0.9275,
      "class_accuracies": {
        "normal": 0.8781168960702175,
        "dos": 0.9942288270090895,
        "probe": 0.9464922711058263,
        "r2l": 0.9403973509933775,
        "u2r": 0.8
      },
      "class_precision": {
        "normal": 0.9905490549054905,
        "dos": 0.9888075764098149,
        "probe": 0.7432306255835668,
        "r2l": 0.269449715370019,
        "u2r": 0.029197080291970802
      },
      "class_recall": {
        "normal": 0.8781168960702175,
        "dos": 0.9942288270090895,
        "probe": 0.9464922711058263,
        "r2l": 0.9403973509933775,
        "u2r": 0.8
      },
      "class_f1": {
        "normal": 0.9309506185894046,
        "dos": 0.9915107913669065,
        "probe": 0.8326359832635983,
        "r2l": 0.41887905604719766,
        "u2r": 0.056338028169014086
      }
    }
  },
  "test_metrics": {
    "accuracy": 0.729375,
    "precision": 0.7830085254653993,
    "recall": 0.729375,
    "f1": 0.7090705135276886,
    "auc": 0.729375,
    "class_accuracies": {
      "normal": 0.9266901700539195,
      "dos": 0.6605173876166243,
      "probe": 0.9572727272727273,
      "r2l": 0.050274223034734916,
      "u2r": 0.2222222222222222
    },
    "class_precision": {
      "normal": 0.7061472819216182,
      "dos": 0.9602342786683107,
      "probe": 0.3460400920144594,
      "r2l": 0.5851063829787234,
      "u2r": 0.32
    },
    "class_recall": {
      "normal": 0.9266901700539195,
      "dos": 0.6605173876166243,
      "probe": 0.9572727272727273,
      "r2l": 0.050274223034734916,
      "u2r": 0.2222222222222222
    },
    "class_f1": {
      "normal": 0.80152466367713,
      "dos": 0.7826633165829145,
      "probe": 0.5083272990586531,
      "r2l": 0.09259259259259259,
      "u2r": 0.26229508196721313
    }
  },
  "total_time": 7.757142066955566,
  "args": {
    "config": "configs/logistic_nsl_kdd.yaml",
    "model": "logistic",
    "dataset": "nsl_kdd",
    "nsl_kdd_path": "data/nsl_kdd",
    "cisco_data_path": "data/cisco_small",
    "output_dir": "outputs/logistic_nsl_kdd",
    "epochs": 1,
    "attack_ratio": 0.1
  }
}