{
    "accuracy": {
        "Classification_Only": {
            "accuracy": 0.725
        },
        "VHS_Regression_Only": {
            "accuracy": 0.5525
        },
        "Keypoint_Only": {
            "accuracy": 0.4075
        },
        "Classification_plus_VHS_Regression": {
            "accuracy": 0.755
        },
        "Keypoint_plus_Classification": {
            "accuracy": 0.735
        },
        "Keypoint_plus_VHS_Regression": {
            "accuracy": 0.4325
        },
        "Our model": {
            "accuracy": 0.845
        }
    }
}