{
    "GoogleNet24": {
        "Validation R_Accuracy": 77.5,
        "Test R_Accuracy": 74.8
    },
    "VGG1625": {
        "Validation R_Accuracy": 78.5,
        "Test R_Accuracy": 75.0
    },
    "ResNet5026": {
        "Validation R_Accuracy": 80.0,
        "Test R_Accuracy": 78.3
    },
    "DenseNet20127": {
        "Validation R_Accuracy": 77.0,
        "Test R_Accuracy": 80.8
    },
    "Inceptionv328": {
        "Validation R_Accuracy": 79.0,
        "Test R_Accuracy": 80.0
    },
    "Xception29": {
        "Validation R_Accuracy": 78.5,
        "Test R_Accuracy": 75.3
    },
    "InceptionResnetV230": {
        "Validation R_Accuracy": 77.5,
        "Test R_Accuracy": 78.8
    },
    "NasnetLarge31": {
        "Validation R_Accuracy": 80.0,
        "Test R_Accuracy": 82.5
    },
    "EfficientNetB732": {
        "Validation R_Accuracy": 82.0,
        "Test R_Accuracy": 84.5
    },
    "Vision transformer17": {
        "Validation R_Accuracy": 80.0,
        "Test R_Accuracy": 77.5
    },
    "CONVT33": {
        "Validation R_Accuracy": 82.0,
        "Test R_Accuracy": 85.3
    },
    "Beit_large34": {
        "Validation R_Accuracy": 71.0,
        "Test R_Accuracy": 74.3
    },
    "RVT": {
        "Validation R_Accuracy": 85.0,
        "Test R_Accuracy": 87.3
    },
    "Our model": {
        "Validation R_Accuracy": 81.0,
        "Test R_Accuracy": 84.5
    }
}