{
  "config": {
    "model": {
      "name": "gatv2_ids",
      "hidden": 128,
      "layers": 2,
      "heads": 2,
      "dropout": 0.5,
      "edge_dim": 0
    },
    "training": {
      "epochs": 1,
      "batch_size": 32,
      "learning_rate": 0.0005,
      "weight_decay": "5e-4",
      "patience": 15,
      "lambda_fid": 0.0,
      "lambda_sim": 0.0,
      "lambda_chaos": 0.0
    },
    "simulation": {
      "uncertainty_threshold": 0.35,
      "high_uncertainty_threshold": 0.75,
      "forensic_threshold": 0.9,
      "budget_per_epoch": 3,
      "max_curiosity_iterations": 2,
      "convergence_tolerance": 0.1,
      "top_k_edges": 3,
      "low_fidelity": {
        "packet_tracing": false,
        "qos_monitoring": false,
        "debug_logging": false,
        "time_granularity": "millisecond",
        "perturbation_count": 2,
        "traffic_patterns": 1
      },
      "high_fidelity": {
        "packet_tracing": true,
        "qos_monitoring": true,
        "debug_logging": false,
        "time_granularity": "microsecond",
        "perturbation_count": 3,
        "traffic_patterns": 2
      },
      "forensic_mode": {
        "packet_tracing": true,
        "qos_monitoring": true,
        "debug_logging": true,
        "time_granularity": "microsecond",
        "perturbation_count": 4,
        "traffic_patterns": 3
      }
    },
    "dataset": {
      "name": "nsl_kdd",
      "data_dir": "data/nsl_kdd",
      "train_split": 0.7,
      "val_split": 0.15,
      "test_split": 0.15,
      "use_kddtrain_plus": true,
      "use_kddtest_plus": true,
      "normalize_features": true,
      "encode_categorical": true,
      "attack_types": [
        "normal",
        "dos",
        "probe",
        "r2l",
        "u2r"
      ]
    },
    "evaluation": {
      "metrics": [
        "accuracy",
        "precision",
        "recall",
        "f1",
        "auc"
      ]
    },
    "logging": {
      "level": "INFO",
      "save_model": true,
      "save_predictions": false
    },
    "curiosity_loop": {
      "enable": true,
      "adaptive_fidelity": true,
      "resource_optimization": true,
      "forensic_mode": true,
      "attention_refinement": true
    },
    "system": {
      "device": "auto",
      "seed": 42
    }
  },
  "training_history": {
    "train_loss": [
      0.1618122631283564
    ],
    "train_accuracy": [
      0.9510560747663551
    ],
    "val_accuracy": [
      0.9788829787234042
    ],
    "val_f1": [
      0.9754845331964269
    ],
    "curiosity_metrics": [
      {
        "iterations": 1.0018691588785047,
        "convergence_rate": 1.0,
        "resource_cost": 0.2332710280373832
      }
    ]
  },
  "test_metrics": {
    "accuracy": 0.7443303571428571,
    "f1": 0.7111016814552867,
    "precision": 0.7755251016560335,
    "recall": 0.7443303571428571,
    "class_accuracies": {
      "normal": 0.9654707590211531,
      "dos": 0.6700593723494487,
      "probe": 0.9390909090909091,
      "r2l": 0.004113345521023766,
      "u2r": 0.0
    }
  },
  "best_val_f1": 0.9754845331964269,
  "total_epochs": 1
}