{
  "dictionary_tasks": [
    "latin_translation",
    "codesearchnet_python",
    "python_instructions_alpaca",
    "alpaca_instructions",
    "ms_marco_qa",
    "xsum",
    "reason_math",
    "gsm8k_math"
  ],
  "tasks_processed": [
    "reason_math",
    "orca_math",
    "xsum",
    "imdb_sentiment",
    "style_transfer",
    "ms_marco_qa",
    "latin_translation",
    "arxiv_summarization",
    "python_instructions_alpaca",
    "arjun_python_qa",
    "gsm8k_math",
    "squad_qa",
    "alpaca_instructions",
    "codesearchnet_python",
    "stablecode_python"
  ],
  "target_compressed_params": 1000000,
  "binary_mask_path": "models/unified_selection_mask.pt",
  "compressed_task_vectors": {
    "reason_math": "models/reason_math/compressed_task_vector.pt",
    "orca_math": "models/orca_math/compressed_task_vector.pt",
    "xsum": "models/xsum/compressed_task_vector.pt",
    "imdb_sentiment": "models/imdb_sentiment/compressed_task_vector.pt",
    "style_transfer": "models/style_transfer/compressed_task_vector.pt",
    "ms_marco_qa": "models/ms_marco_qa/compressed_task_vector.pt",
    "latin_translation": "models/latin_translation/compressed_task_vector.pt",
    "arxiv_summarization": "models/arxiv_summarization/compressed_task_vector.pt",
    "python_instructions_alpaca": "models/python_instructions_alpaca/compressed_task_vector.pt",
    "arjun_python_qa": "models/arjun_python_qa/compressed_task_vector.pt",
    "gsm8k_math": "models/gsm8k_math/compressed_task_vector.pt",
    "squad_qa": "models/squad_qa/compressed_task_vector.pt",
    "alpaca_instructions": "models/alpaca_instructions/compressed_task_vector.pt",
    "codesearchnet_python": "models/codesearchnet_python/compressed_task_vector.pt",
    "stablecode_python": "models/stablecode_python/compressed_task_vector.pt"
  },
  "total_mask_entries": 196,
  "mask_selection_method": "top-k per module (q_proj, k_proj, v_proj, o_proj)",
  "aggregation_method": "max magnitude across adapters"
}