{
  "compressed_target_vectors": {
    "known_linear_3tasks_001": {
      "path": "models/merged/known_linear_3tasks_001/compressed_vector.pt",
      "selected_params": 999936,
      "group": "known",
      "method": "linear",
      "tasks": [
        "latin_translation",
        "python_instructions_alpaca",
        "reason_math"
      ]
    },
    "known_ties_3tasks_002": {
      "path": "models/merged/known_ties_3tasks_002/compressed_vector.pt",
      "selected_params": 999936,
      "group": "known",
      "method": "ties",
      "tasks": [
        "latin_translation",
        "python_instructions_alpaca",
        "reason_math"
      ]
    },
    "known_dare_linear_3tasks_003": {
      "path": "models/merged/known_dare_linear_3tasks_003/compressed_vector.pt",
      "selected_params": 999936,
      "group": "known",
      "method": "dare_linear",
      "tasks": [
        "latin_translation",
        "python_instructions_alpaca",
        "reason_math"
      ]
    },
    "known_task_arithmetic_3tasks_004": {
      "path": "models/merged/known_task_arithmetic_3tasks_004/compressed_vector.pt",
      "selected_params": 999936,
      "group": "known",
      "method": "task_arithmetic",
      "tasks": [
        "latin_translation",
        "python_instructions_alpaca",
        "reason_math"
      ]
    },
    "known_linear_5tasks_005": {
      "path": "models/merged/known_linear_5tasks_005/compressed_vector.pt",
      "selected_params": 999936,
      "group": "known",
      "method": "linear",
      "tasks": [
        "python_instructions_alpaca",
        "alpaca_instructions",
        "ms_marco_qa",
        "xsum",
        "gsm8k_math"
      ]
    },
    "known_ties_5tasks_006": {
      "path": "models/merged/known_ties_5tasks_006/compressed_vector.pt",
      "selected_params": 999936,
      "group": "known",
      "method": "ties",
      "tasks": [
        "python_instructions_alpaca",
        "alpaca_instructions",
        "ms_marco_qa",
        "xsum",
        "gsm8k_math"
      ]
    },
    "known_dare_linear_5tasks_007": {
      "path": "models/merged/known_dare_linear_5tasks_007/compressed_vector.pt",
      "selected_params": 999936,
      "group": "known",
      "method": "dare_linear",
      "tasks": [
        "python_instructions_alpaca",
        "alpaca_instructions",
        "ms_marco_qa",
        "xsum",
        "gsm8k_math"
      ]
    },
    "known_task_arithmetic_5tasks_008": {
      "path": "models/merged/known_task_arithmetic_5tasks_008/compressed_vector.pt",
      "selected_params": 999936,
      "group": "known",
      "method": "task_arithmetic",
      "tasks": [
        "python_instructions_alpaca",
        "alpaca_instructions",
        "ms_marco_qa",
        "xsum",
        "gsm8k_math"
      ]
    },
    "known_linear_4tasks_009": {
      "path": "models/merged/known_linear_4tasks_009/compressed_vector.pt",
      "selected_params": 999936,
      "group": "known",
      "method": "linear",
      "tasks": [
        "latin_translation",
        "python_instructions_alpaca",
        "alpaca_instructions",
        "xsum"
      ]
    },
    "known_ties_4tasks_010": {
      "path": "models/merged/known_ties_4tasks_010/compressed_vector.pt",
      "selected_params": 999936,
      "group": "known",
      "method": "ties",
      "tasks": [
        "latin_translation",
        "python_instructions_alpaca",
        "alpaca_instructions",
        "xsum"
      ]
    },
    "known_dare_linear_4tasks_011": {
      "path": "models/merged/known_dare_linear_4tasks_011/compressed_vector.pt",
      "selected_params": 999936,
      "group": "known",
      "method": "dare_linear",
      "tasks": [
        "latin_translation",
        "python_instructions_alpaca",
        "alpaca_instructions",
        "xsum"
      ]
    },
    "known_task_arithmetic_4tasks_012": {
      "path": "models/merged/known_task_arithmetic_4tasks_012/compressed_vector.pt",
      "selected_params": 999936,
      "group": "known",
      "method": "task_arithmetic",
      "tasks": [
        "latin_translation",
        "python_instructions_alpaca",
        "alpaca_instructions",
        "xsum"
      ]
    },
    "known_linear_4tasks_013": {
      "path": "models/merged/known_linear_4tasks_013/compressed_vector.pt",
      "selected_params": 999936,
      "group": "known",
      "method": "linear",
      "tasks": [
        "latin_translation",
        "codesearchnet_python",
        "python_instructions_alpaca",
        "ms_marco_qa"
      ]
    },
    "known_ties_4tasks_014": {
      "path": "models/merged/known_ties_4tasks_014/compressed_vector.pt",
      "selected_params": 999936,
      "group": "known",
      "method": "ties",
      "tasks": [
        "latin_translation",
        "codesearchnet_python",
        "python_instructions_alpaca",
        "ms_marco_qa"
      ]
    },
    "known_dare_linear_4tasks_015": {
      "path": "models/merged/known_dare_linear_4tasks_015/compressed_vector.pt",
      "selected_params": 999936,
      "group": "known",
      "method": "dare_linear",
      "tasks": [
        "latin_translation",
        "codesearchnet_python",
        "python_instructions_alpaca",
        "ms_marco_qa"
      ]
    },
    "known_task_arithmetic_4tasks_016": {
      "path": "models/merged/known_task_arithmetic_4tasks_016/compressed_vector.pt",
      "selected_params": 999936,
      "group": "known",
      "method": "task_arithmetic",
      "tasks": [
        "latin_translation",
        "codesearchnet_python",
        "python_instructions_alpaca",
        "ms_marco_qa"
      ]
    },
    "known_linear_5tasks_017": {
      "path": "models/merged/known_linear_5tasks_017/compressed_vector.pt",
      "selected_params": 999936,
      "group": "known",
      "method": "linear",
      "tasks": [
        "codesearchnet_python",
        "python_instructions_alpaca",
        "ms_marco_qa",
        "xsum",
        "gsm8k_math"
      ]
    },
    "known_ties_5tasks_018": {
      "path": "models/merged/known_ties_5tasks_018/compressed_vector.pt",
      "selected_params": 999936,
      "group": "known",
      "method": "ties",
      "tasks": [
        "codesearchnet_python",
        "python_instructions_alpaca",
        "ms_marco_qa",
        "xsum",
        "gsm8k_math"
      ]
    },
    "known_dare_linear_5tasks_019": {
      "path": "models/merged/known_dare_linear_5tasks_019/compressed_vector.pt",
      "selected_params": 999936,
      "group": "known",
      "method": "dare_linear",
      "tasks": [
        "codesearchnet_python",
        "python_instructions_alpaca",
        "ms_marco_qa",
        "xsum",
        "gsm8k_math"
      ]
    },
    "known_task_arithmetic_5tasks_020": {
      "path": "models/merged/known_task_arithmetic_5tasks_020/compressed_vector.pt",
      "selected_params": 999936,
      "group": "known",
      "method": "task_arithmetic",
      "tasks": [
        "codesearchnet_python",
        "python_instructions_alpaca",
        "ms_marco_qa",
        "xsum",
        "gsm8k_math"
      ]
    },
    "known_linear_5tasks_021": {
      "path": "models/merged/known_linear_5tasks_021/compressed_vector.pt",
      "selected_params": 999936,
      "group": "known",
      "method": "linear",
      "tasks": [
        "latin_translation",
        "codesearchnet_python",
        "alpaca_instructions",
        "xsum",
        "reason_math"
      ]
    },
    "known_ties_5tasks_022": {
      "path": "models/merged/known_ties_5tasks_022/compressed_vector.pt",
      "selected_params": 999936,
      "group": "known",
      "method": "ties",
      "tasks": [
        "latin_translation",
        "codesearchnet_python",
        "alpaca_instructions",
        "xsum",
        "reason_math"
      ]
    },
    "known_dare_linear_5tasks_023": {
      "path": "models/merged/known_dare_linear_5tasks_023/compressed_vector.pt",
      "selected_params": 999936,
      "group": "known",
      "method": "dare_linear",
      "tasks": [
        "latin_translation",
        "codesearchnet_python",
        "alpaca_instructions",
        "xsum",
        "reason_math"
      ]
    },
    "known_task_arithmetic_5tasks_024": {
      "path": "models/merged/known_task_arithmetic_5tasks_024/compressed_vector.pt",
      "selected_params": 999936,
      "group": "known",
      "method": "task_arithmetic",
      "tasks": [
        "latin_translation",
        "codesearchnet_python",
        "alpaca_instructions",
        "xsum",
        "reason_math"
      ]
    },
    "unknown_linear_4tasks_025": {
      "path": "models/merged/unknown_linear_4tasks_025/compressed_vector.pt",
      "selected_params": 999936,
      "group": "unknown",
      "method": "linear",
      "tasks": [
        "arjun_python_qa",
        "squad_qa",
        "orca_math",
        "stablecode_python"
      ]
    },
    "unknown_ties_4tasks_026": {
      "path": "models/merged/unknown_ties_4tasks_026/compressed_vector.pt",
      "selected_params": 999936,
      "group": "unknown",
      "method": "ties",
      "tasks": [
        "arjun_python_qa",
        "squad_qa",
        "orca_math",
        "stablecode_python"
      ]
    },
    "unknown_dare_linear_4tasks_027": {
      "path": "models/merged/unknown_dare_linear_4tasks_027/compressed_vector.pt",
      "selected_params": 999936,
      "group": "unknown",
      "method": "dare_linear",
      "tasks": [
        "arjun_python_qa",
        "squad_qa",
        "orca_math",
        "stablecode_python"
      ]
    },
    "unknown_task_arithmetic_4tasks_028": {
      "path": "models/merged/unknown_task_arithmetic_4tasks_028/compressed_vector.pt",
      "selected_params": 999936,
      "group": "unknown",
      "method": "task_arithmetic",
      "tasks": [
        "arjun_python_qa",
        "squad_qa",
        "orca_math",
        "stablecode_python"
      ]
    },
    "unknown_linear_3tasks_029": {
      "path": "models/merged/unknown_linear_3tasks_029/compressed_vector.pt",
      "selected_params": 999936,
      "group": "unknown",
      "method": "linear",
      "tasks": [
        "style_transfer",
        "orca_math",
        "stablecode_python"
      ]
    },
    "unknown_ties_3tasks_030": {
      "path": "models/merged/unknown_ties_3tasks_030/compressed_vector.pt",
      "selected_params": 999936,
      "group": "unknown",
      "method": "ties",
      "tasks": [
        "style_transfer",
        "orca_math",
        "stablecode_python"
      ]
    },
    "unknown_dare_linear_3tasks_031": {
      "path": "models/merged/unknown_dare_linear_3tasks_031/compressed_vector.pt",
      "selected_params": 999936,
      "group": "unknown",
      "method": "dare_linear",
      "tasks": [
        "style_transfer",
        "orca_math",
        "stablecode_python"
      ]
    },
    "unknown_task_arithmetic_3tasks_032": {
      "path": "models/merged/unknown_task_arithmetic_3tasks_032/compressed_vector.pt",
      "selected_params": 999936,
      "group": "unknown",
      "method": "task_arithmetic",
      "tasks": [
        "style_transfer",
        "orca_math",
        "stablecode_python"
      ]
    },
    "unknown_linear_5tasks_033": {
      "path": "models/merged/unknown_linear_5tasks_033/compressed_vector.pt",
      "selected_params": 999936,
      "group": "unknown",
      "method": "linear",
      "tasks": [
        "imdb_sentiment",
        "style_transfer",
        "squad_qa",
        "orca_math",
        "stablecode_python"
      ]
    },
    "unknown_ties_5tasks_034": {
      "path": "models/merged/unknown_ties_5tasks_034/compressed_vector.pt",
      "selected_params": 999936,
      "group": "unknown",
      "method": "ties",
      "tasks": [
        "imdb_sentiment",
        "style_transfer",
        "squad_qa",
        "orca_math",
        "stablecode_python"
      ]
    },
    "unknown_dare_linear_5tasks_035": {
      "path": "models/merged/unknown_dare_linear_5tasks_035/compressed_vector.pt",
      "selected_params": 999936,
      "group": "unknown",
      "method": "dare_linear",
      "tasks": [
        "imdb_sentiment",
        "style_transfer",
        "squad_qa",
        "orca_math",
        "stablecode_python"
      ]
    },
    "unknown_task_arithmetic_5tasks_036": {
      "path": "models/merged/unknown_task_arithmetic_5tasks_036/compressed_vector.pt",
      "selected_params": 999936,
      "group": "unknown",
      "method": "task_arithmetic",
      "tasks": [
        "imdb_sentiment",
        "style_transfer",
        "squad_qa",
        "orca_math",
        "stablecode_python"
      ]
    },
    "unknown_linear_4tasks_037": {
      "path": "models/merged/unknown_linear_4tasks_037/compressed_vector.pt",
      "selected_params": 999936,
      "group": "unknown",
      "method": "linear",
      "tasks": [
        "imdb_sentiment",
        "style_transfer",
        "squad_qa",
        "arxiv_summarization"
      ]
    },
    "unknown_ties_4tasks_038": {
      "path": "models/merged/unknown_ties_4tasks_038/compressed_vector.pt",
      "selected_params": 999936,
      "group": "unknown",
      "method": "ties",
      "tasks": [
        "imdb_sentiment",
        "style_transfer",
        "squad_qa",
        "arxiv_summarization"
      ]
    },
    "unknown_dare_linear_4tasks_039": {
      "path": "models/merged/unknown_dare_linear_4tasks_039/compressed_vector.pt",
      "selected_params": 999936,
      "group": "unknown",
      "method": "dare_linear",
      "tasks": [
        "imdb_sentiment",
        "style_transfer",
        "squad_qa",
        "arxiv_summarization"
      ]
    },
    "unknown_task_arithmetic_4tasks_040": {
      "path": "models/merged/unknown_task_arithmetic_4tasks_040/compressed_vector.pt",
      "selected_params": 999936,
      "group": "unknown",
      "method": "task_arithmetic",
      "tasks": [
        "imdb_sentiment",
        "style_transfer",
        "squad_qa",
        "arxiv_summarization"
      ]
    },
    "unknown_linear_2tasks_041": {
      "path": "models/merged/unknown_linear_2tasks_041/compressed_vector.pt",
      "selected_params": 999936,
      "group": "unknown",
      "method": "linear",
      "tasks": [
        "stablecode_python",
        "arxiv_summarization"
      ]
    },
    "unknown_ties_2tasks_042": {
      "path": "models/merged/unknown_ties_2tasks_042/compressed_vector.pt",
      "selected_params": 999936,
      "group": "unknown",
      "method": "ties",
      "tasks": [
        "stablecode_python",
        "arxiv_summarization"
      ]
    },
    "unknown_dare_linear_2tasks_043": {
      "path": "models/merged/unknown_dare_linear_2tasks_043/compressed_vector.pt",
      "selected_params": 999936,
      "group": "unknown",
      "method": "dare_linear",
      "tasks": [
        "stablecode_python",
        "arxiv_summarization"
      ]
    },
    "unknown_task_arithmetic_2tasks_044": {
      "path": "models/merged/unknown_task_arithmetic_2tasks_044/compressed_vector.pt",
      "selected_params": 999936,
      "group": "unknown",
      "method": "task_arithmetic",
      "tasks": [
        "stablecode_python",
        "arxiv_summarization"
      ]
    },
    "unknown_linear_4tasks_045": {
      "path": "models/merged/unknown_linear_4tasks_045/compressed_vector.pt",
      "selected_params": 999936,
      "group": "unknown",
      "method": "linear",
      "tasks": [
        "imdb_sentiment",
        "squad_qa",
        "orca_math",
        "arxiv_summarization"
      ]
    },
    "unknown_ties_4tasks_046": {
      "path": "models/merged/unknown_ties_4tasks_046/compressed_vector.pt",
      "selected_params": 999936,
      "group": "unknown",
      "method": "ties",
      "tasks": [
        "imdb_sentiment",
        "squad_qa",
        "orca_math",
        "arxiv_summarization"
      ]
    },
    "unknown_dare_linear_4tasks_047": {
      "path": "models/merged/unknown_dare_linear_4tasks_047/compressed_vector.pt",
      "selected_params": 999936,
      "group": "unknown",
      "method": "dare_linear",
      "tasks": [
        "imdb_sentiment",
        "squad_qa",
        "orca_math",
        "arxiv_summarization"
      ]
    },
    "unknown_task_arithmetic_4tasks_048": {
      "path": "models/merged/unknown_task_arithmetic_4tasks_048/compressed_vector.pt",
      "selected_params": 999936,
      "group": "unknown",
      "method": "task_arithmetic",
      "tasks": [
        "imdb_sentiment",
        "squad_qa",
        "orca_math",
        "arxiv_summarization"
      ]
    },
    "mixed_linear_5tasks_049": {
      "path": "models/merged/mixed_linear_5tasks_049/compressed_vector.pt",
      "selected_params": 999936,
      "group": "mixed",
      "method": "linear",
      "tasks": [
        "codesearchnet_python",
        "alpaca_instructions",
        "imdb_sentiment",
        "orca_math",
        "arxiv_summarization"
      ]
    },
    "mixed_ties_5tasks_050": {
      "path": "models/merged/mixed_ties_5tasks_050/compressed_vector.pt",
      "selected_params": 999936,
      "group": "mixed",
      "method": "ties",
      "tasks": [
        "codesearchnet_python",
        "alpaca_instructions",
        "imdb_sentiment",
        "orca_math",
        "arxiv_summarization"
      ]
    },
    "mixed_dare_linear_5tasks_051": {
      "path": "models/merged/mixed_dare_linear_5tasks_051/compressed_vector.pt",
      "selected_params": 999936,
      "group": "mixed",
      "method": "dare_linear",
      "tasks": [
        "codesearchnet_python",
        "alpaca_instructions",
        "imdb_sentiment",
        "orca_math",
        "arxiv_summarization"
      ]
    },
    "mixed_task_arithmetic_5tasks_052": {
      "path": "models/merged/mixed_task_arithmetic_5tasks_052/compressed_vector.pt",
      "selected_params": 999936,
      "group": "mixed",
      "method": "task_arithmetic",
      "tasks": [
        "codesearchnet_python",
        "alpaca_instructions",
        "imdb_sentiment",
        "orca_math",
        "arxiv_summarization"
      ]
    },
    "mixed_linear_5tasks_053": {
      "path": "models/merged/mixed_linear_5tasks_053/compressed_vector.pt",
      "selected_params": 999936,
      "group": "mixed",
      "method": "linear",
      "tasks": [
        "alpaca_instructions",
        "ms_marco_qa",
        "imdb_sentiment",
        "style_transfer",
        "arxiv_summarization"
      ]
    },
    "mixed_ties_5tasks_054": {
      "path": "models/merged/mixed_ties_5tasks_054/compressed_vector.pt",
      "selected_params": 999936,
      "group": "mixed",
      "method": "ties",
      "tasks": [
        "alpaca_instructions",
        "ms_marco_qa",
        "imdb_sentiment",
        "style_transfer",
        "arxiv_summarization"
      ]
    },
    "mixed_dare_linear_5tasks_055": {
      "path": "models/merged/mixed_dare_linear_5tasks_055/compressed_vector.pt",
      "selected_params": 999936,
      "group": "mixed",
      "method": "dare_linear",
      "tasks": [
        "alpaca_instructions",
        "ms_marco_qa",
        "imdb_sentiment",
        "style_transfer",
        "arxiv_summarization"
      ]
    },
    "mixed_task_arithmetic_5tasks_056": {
      "path": "models/merged/mixed_task_arithmetic_5tasks_056/compressed_vector.pt",
      "selected_params": 999936,
      "group": "mixed",
      "method": "task_arithmetic",
      "tasks": [
        "alpaca_instructions",
        "ms_marco_qa",
        "imdb_sentiment",
        "style_transfer",
        "arxiv_summarization"
      ]
    },
    "mixed_linear_4tasks_057": {
      "path": "models/merged/mixed_linear_4tasks_057/compressed_vector.pt",
      "selected_params": 999936,
      "group": "mixed",
      "method": "linear",
      "tasks": [
        "xsum",
        "imdb_sentiment",
        "style_transfer",
        "arxiv_summarization"
      ]
    },
    "mixed_ties_4tasks_058": {
      "path": "models/merged/mixed_ties_4tasks_058/compressed_vector.pt",
      "selected_params": 999936,
      "group": "mixed",
      "method": "ties",
      "tasks": [
        "xsum",
        "imdb_sentiment",
        "style_transfer",
        "arxiv_summarization"
      ]
    },
    "mixed_dare_linear_4tasks_059": {
      "path": "models/merged/mixed_dare_linear_4tasks_059/compressed_vector.pt",
      "selected_params": 999936,
      "group": "mixed",
      "method": "dare_linear",
      "tasks": [
        "xsum",
        "imdb_sentiment",
        "style_transfer",
        "arxiv_summarization"
      ]
    },
    "mixed_task_arithmetic_4tasks_060": {
      "path": "models/merged/mixed_task_arithmetic_4tasks_060/compressed_vector.pt",
      "selected_params": 999936,
      "group": "mixed",
      "method": "task_arithmetic",
      "tasks": [
        "xsum",
        "imdb_sentiment",
        "style_transfer",
        "arxiv_summarization"
      ]
    },
    "mixed_linear_5tasks_061": {
      "path": "models/merged/mixed_linear_5tasks_061/compressed_vector.pt",
      "selected_params": 999936,
      "group": "mixed",
      "method": "linear",
      "tasks": [
        "latin_translation",
        "arjun_python_qa",
        "squad_qa",
        "stablecode_python",
        "arxiv_summarization"
      ]
    },
    "mixed_ties_5tasks_062": {
      "path": "models/merged/mixed_ties_5tasks_062/compressed_vector.pt",
      "selected_params": 999936,
      "group": "mixed",
      "method": "ties",
      "tasks": [
        "latin_translation",
        "arjun_python_qa",
        "squad_qa",
        "stablecode_python",
        "arxiv_summarization"
      ]
    },
    "mixed_dare_linear_5tasks_063": {
      "path": "models/merged/mixed_dare_linear_5tasks_063/compressed_vector.pt",
      "selected_params": 999936,
      "group": "mixed",
      "method": "dare_linear",
      "tasks": [
        "latin_translation",
        "arjun_python_qa",
        "squad_qa",
        "stablecode_python",
        "arxiv_summarization"
      ]
    },
    "mixed_task_arithmetic_5tasks_064": {
      "path": "models/merged/mixed_task_arithmetic_5tasks_064/compressed_vector.pt",
      "selected_params": 999936,
      "group": "mixed",
      "method": "task_arithmetic",
      "tasks": [
        "latin_translation",
        "arjun_python_qa",
        "squad_qa",
        "stablecode_python",
        "arxiv_summarization"
      ]
    },
    "mixed_linear_3tasks_065": {
      "path": "models/merged/mixed_linear_3tasks_065/compressed_vector.pt",
      "selected_params": 999936,
      "group": "mixed",
      "method": "linear",
      "tasks": [
        "xsum",
        "arjun_python_qa",
        "orca_math"
      ]
    },
    "mixed_ties_3tasks_066": {
      "path": "models/merged/mixed_ties_3tasks_066/compressed_vector.pt",
      "selected_params": 999936,
      "group": "mixed",
      "method": "ties",
      "tasks": [
        "xsum",
        "arjun_python_qa",
        "orca_math"
      ]
    },
    "mixed_dare_linear_3tasks_067": {
      "path": "models/merged/mixed_dare_linear_3tasks_067/compressed_vector.pt",
      "selected_params": 999936,
      "group": "mixed",
      "method": "dare_linear",
      "tasks": [
        "xsum",
        "arjun_python_qa",
        "orca_math"
      ]
    },
    "mixed_task_arithmetic_3tasks_068": {
      "path": "models/merged/mixed_task_arithmetic_3tasks_068/compressed_vector.pt",
      "selected_params": 999936,
      "group": "mixed",
      "method": "task_arithmetic",
      "tasks": [
        "xsum",
        "arjun_python_qa",
        "orca_math"
      ]
    },
    "mixed_linear_5tasks_069": {
      "path": "models/merged/mixed_linear_5tasks_069/compressed_vector.pt",
      "selected_params": 999936,
      "group": "mixed",
      "method": "linear",
      "tasks": [
        "codesearchnet_python",
        "alpaca_instructions",
        "xsum",
        "reason_math",
        "imdb_sentiment"
      ]
    },
    "mixed_ties_5tasks_070": {
      "path": "models/merged/mixed_ties_5tasks_070/compressed_vector.pt",
      "selected_params": 999936,
      "group": "mixed",
      "method": "ties",
      "tasks": [
        "codesearchnet_python",
        "alpaca_instructions",
        "xsum",
        "reason_math",
        "imdb_sentiment"
      ]
    },
    "mixed_dare_linear_5tasks_071": {
      "path": "models/merged/mixed_dare_linear_5tasks_071/compressed_vector.pt",
      "selected_params": 999936,
      "group": "mixed",
      "method": "dare_linear",
      "tasks": [
        "codesearchnet_python",
        "alpaca_instructions",
        "xsum",
        "reason_math",
        "imdb_sentiment"
      ]
    },
    "mixed_task_arithmetic_5tasks_072": {
      "path": "models/merged/mixed_task_arithmetic_5tasks_072/compressed_vector.pt",
      "selected_params": 999936,
      "group": "mixed",
      "method": "task_arithmetic",
      "tasks": [
        "codesearchnet_python",
        "alpaca_instructions",
        "xsum",
        "reason_math",
        "imdb_sentiment"
      ]
    }
  },
  "total_processed": 72,
  "binary_mask_path": "models/unified_selection_mask.pt"
}