{
  "total_examples": 1000,
  "task_counts": {
    "latin_translation": 125,
    "codesearchnet_python": 125,
    "python_instructions_alpaca": 125,
    "alpaca_instructions": 125,
    "ms_marco_qa": 125,
    "xsum": 125,
    "reason_math": 125,
    "gsm8k_math": 125
  },
  "target_size": 1000,
  "known_tasks": [
    "latin_translation",
    "codesearchnet_python",
    "python_instructions_alpaca",
    "alpaca_instructions",
    "ms_marco_qa",
    "xsum",
    "reason_math",
    "gsm8k_math"
  ]
}
