[
  {
    "task_name": "reason_math",
    "dataset_name": "open-r1/OpenThoughts-114k-math",
    "total_examples": 1500,
    "dataset_path": "data/processed/reason_math_processed",
    "status": "success"
  },
  {
    "task_name": "orca_math",
    "dataset_name": "microsoft/orca-math-word-problems-200k",
    "total_examples": 1500,
    "dataset_path": "data/processed/orca_math_processed",
    "status": "success"
  },
  {
    "task_name": "xsum",
    "dataset_name": "EdinburghNLP/xsum",
    "total_examples": 1500,
    "dataset_path": "data/processed/xsum_processed",
    "status": "success"
  },
  {
    "task_name": "imdb_sentiment",
    "dataset_name": "stanfordnlp/imdb",
    "total_examples": 1500,
    "dataset_path": "data/processed/imdb_sentiment_processed",
    "status": "success"
  },
  {
    "task_name": "style_transfer",
    "dataset_name": "Lots-of-LoRAs/task933_wiki_auto_style_transfer",
    "total_examples": 1410,
    "dataset_path": "data/processed/style_transfer_processed",
    "status": "success"
  },
  {
    "task_name": "ms_marco_qa",
    "dataset_name": "ms_marco",
    "total_examples": 1456,
    "dataset_path": "data/processed/ms_marco_qa_processed",
    "status": "success"
  },
  {
    "task_name": "latin_translation",
    "dataset_name": "grosenthal/latin_english_translation",
    "total_examples": 1500,
    "dataset_path": "data/processed/latin_translation_processed",
    "status": "success"
  },
  {
    "task_name": "arxiv_summarization",
    "dataset_name": "ccdv/arxiv-summarization",
    "total_examples": 1495,
    "dataset_path": "data/processed/arxiv_summarization_processed",
    "status": "success"
  },
  {
    "task_name": "python_instructions_alpaca",
    "dataset_name": "iamtarun/python_code_instructions_18k_alpaca",
    "total_examples": 1500,
    "dataset_path": "data/processed/python_instructions_alpaca_processed",
    "status": "success"
  },
  {
    "task_name": "arjun_python_qa",
    "dataset_name": "Arjun-G-Ravi/Python-codes",
    "total_examples": 1487,
    "dataset_path": "data/processed/arjun_python_qa_processed",
    "status": "success"
  },
  {
    "task_name": "gsm8k_math",
    "dataset_name": "openai/gsm8k",
    "total_examples": 1500,
    "dataset_path": "data/processed/gsm8k_math_processed",
    "status": "success"
  },
  {
    "task_name": "squad_qa",
    "dataset_name": "squad",
    "total_examples": 1500,
    "dataset_path": "data/processed/squad_qa_processed",
    "status": "success"
  },
  {
    "task_name": "alpaca_instructions",
    "dataset_name": "tatsu-lab/alpaca",
    "total_examples": 1498,
    "dataset_path": "data/processed/alpaca_instructions_processed",
    "status": "success"
  },
  {
    "task_name": "codesearchnet_python",
    "dataset_name": "Nan-Do/code-search-net-python",
    "total_examples": 1500,
    "dataset_path": "data/processed/codesearchnet_python_processed",
    "status": "success"
  },
  {
    "task_name": "stablecode_python",
    "dataset_name": "bunyaminergen/Stable-Code-Python-SFT",
    "total_examples": 1500,
    "dataset_path": "data/processed/stablecode_python_processed",
    "status": "success"
  }
]