[
  {
    "task_name": "reason_math",
    "adapter_path": "models/reason_math/adapter",
    "metrics": {
      "train_runtime": 2527.564,
      "train_samples_per_second": 1.602,
      "train_steps_per_second": 0.1,
      "total_flos": 3.4957279084570214e+17,
      "train_loss": 0.5399235378182123,
      "epoch": 2.9718518518518517
    },
    "status": "success"
  },
  {
    "task_name": "orca_math",
    "adapter_path": "models/orca_math/adapter",
    "metrics": {
      "train_runtime": 1359.6654,
      "train_samples_per_second": 2.979,
      "train_steps_per_second": 0.185,
      "total_flos": 1.8772734003738624e+17,
      "train_loss": 0.32869230080691597,
      "epoch": 2.9718518518518517
    },
    "status": "success"
  },
  {
    "task_name": "xsum",
    "adapter_path": "models/xsum/adapter",
    "metrics": {
      "train_runtime": 2476.772,
      "train_samples_per_second": 1.635,
      "train_steps_per_second": 0.102,
      "total_flos": 3.4957279084570214e+17,
      "train_loss": 2.0603308847972324,
      "epoch": 2.9718518518518517
    },
    "status": "success"
  },
  {
    "task_name": "imdb_sentiment",
    "adapter_path": "models/imdb_sentiment/adapter",
    "metrics": {
      "train_runtime": 1680.4185,
      "train_samples_per_second": 2.41,
      "train_steps_per_second": 0.15,
      "total_flos": 2.311670106928466e+17,
      "train_loss": 2.6174147507501027,
      "epoch": 2.9718518518518517
    },
    "status": "success"
  },
  {
    "task_name": "style_transfer",
    "adapter_path": "models/style_transfer/adapter",
    "metrics": {
      "train_runtime": 740.9628,
      "train_samples_per_second": 5.138,
      "train_steps_per_second": 0.32,
      "total_flos": 8.397221085033984e+16,
      "train_loss": 0.6601969340682533,
      "epoch": 2.970843183609141
    },
    "status": "success"
  },
  {
    "task_name": "ms_marco_qa",
    "adapter_path": "models/ms_marco_qa/adapter",
    "metrics": {
      "train_runtime": 1891.6823,
      "train_samples_per_second": 2.078,
      "train_steps_per_second": 0.128,
      "total_flos": 2.6292038363316634e+17,
      "train_loss": 1.6017530072373127,
      "epoch": 2.9648854961832063
    },
    "status": "success"
  },
  {
    "task_name": "latin_translation",
    "adapter_path": "models/latin_translation/adapter",
    "metrics": {
      "train_runtime": 716.7038,
      "train_samples_per_second": 5.651,
      "train_steps_per_second": 0.352,
      "total_flos": 7.312396110482534e+16,
      "train_loss": 2.2935984380661494,
      "epoch": 2.9718518518518517
    },
    "status": "success"
  },
  {
    "task_name": "arxiv_summarization",
    "adapter_path": "models/arxiv_summarization/adapter",
    "metrics": {
      "train_runtime": 2637.2489,
      "train_samples_per_second": 1.53,
      "train_steps_per_second": 0.096,
      "total_flos": 3.48701472822657e+17,
      "train_loss": 1.8005637611661638,
      "epoch": 2.9754646840148697
    },
    "status": "success"
  },
  {
    "task_name": "python_instructions_alpaca",
    "adapter_path": "models/python_instructions_alpaca/adapter",
    "metrics": {
      "train_runtime": 2460.199,
      "train_samples_per_second": 1.646,
      "train_steps_per_second": 0.102,
      "total_flos": 3.4957279084570214e+17,
      "train_loss": 0.7822200868810926,
      "epoch": 2.9718518518518517
    },
    "status": "success"
  },
  {
    "task_name": "arjun_python_qa",
    "adapter_path": "models/arjun_python_qa/adapter",
    "metrics": {
      "train_runtime": 679.9845,
      "train_samples_per_second": 5.903,
      "train_steps_per_second": 0.366,
      "total_flos": 6.443677576265933e+16,
      "train_loss": 1.046727421772049,
      "epoch": 2.968609865470852
    },
    "status": "success"
  },
  {
    "task_name": "gsm8k_math",
    "adapter_path": "models/gsm8k_math/adapter",
    "metrics": {
      "train_runtime": 741.6421,
      "train_samples_per_second": 5.461,
      "train_steps_per_second": 0.34,
      "total_flos": 8.146325741015347e+16,
      "train_loss": 0.3647909882286238,
      "epoch": 2.9718518518518517
    },
    "status": "success"
  },
  {
    "task_name": "squad_qa",
    "adapter_path": "models/squad_qa/adapter",
    "metrics": {
      "train_runtime": 775.6754,
      "train_samples_per_second": 5.221,
      "train_steps_per_second": 0.325,
      "total_flos": 8.987522027716915e+16,
      "train_loss": 1.1398367574290624,
      "epoch": 2.9718518518518517
    },
    "status": "success"
  },
  {
    "task_name": "alpaca_instructions",
    "adapter_path": "models/alpaca_instructions/adapter",
    "metrics": {
      "train_runtime": 759.4062,
      "train_samples_per_second": 5.325,
      "train_steps_per_second": 0.332,
      "total_flos": 8.581355089122816e+16,
      "train_loss": 1.4180328174242898,
      "epoch": 2.973293768545994
    },
    "status": "success"
  },
  {
    "task_name": "codesearchnet_python",
    "adapter_path": "models/codesearchnet_python/adapter",
    "metrics": {
      "train_runtime": 2470.326,
      "train_samples_per_second": 1.639,
      "train_steps_per_second": 0.102,
      "total_flos": 3.4957279084570214e+17,
      "train_loss": 1.0862656756052895,
      "epoch": 2.9718518518518517
    },
    "status": "success"
  },
  {
    "task_name": "stablecode_python",
    "adapter_path": "models/stablecode_python/adapter",
    "metrics": {
      "train_runtime": 2108.2767,
      "train_samples_per_second": 1.921,
      "train_steps_per_second": 0.12,
      "total_flos": 3.0567814582801306e+17,
      "train_loss": 0.48664203995750066,
      "epoch": 2.9718518518518517
    },
    "status": "success"
  }
]