{
  "image0": {
    "name": "marginal_posteriors_comparison_1_20250810-173014.png",
    "caption": "One-dimensional marginal posterior distributions for key astrophysical parameters of GW231123, inferred using five different waveform models. The posteriors reveal significant disagreements across models, particularly for \\texttt{mass\\ensuremath{_}2\\ensuremath{_}source}, \\texttt{chi\\ensuremath{_}eff}, and \\texttt{redshift}. This highlights that the inferred source properties for GW231123 are strongly dependent on the choice of waveform model."
  },
  "image1": {
    "name": "subspace_jsd_heatmaps_4_20250810-180917.png",
    "caption": "Pairwise Jensen-Shannon Divergence (JSD) heatmaps quantify disagreements between five waveform models for GW231123 across four distinct astrophysical parameter subspaces. Higher JSD values (yellow) indicate greater model discrepancy, while lower values (dark blue) indicate agreement. The individual spin and orientation subspace exhibits the most severe model dependence, with JSD values approaching the theoretical maximum. Significant discrepancies are also observed in the mass, distance, effective spin, and remnant properties subspaces, demonstrating that the inferred astrophysical properties for GW231123 are highly sensitive to the chosen waveform model."
  },
  "image2": {
    "name": "umap_final_embedding_3_20250810-175050.png",
    "caption": "UMAP projection of posterior samples for GW231123, illustrating the relationships among the five waveform models. Distinct clusters emerge: a core group comprising \\texttt{NRSur7dq4}, \\texttt{SEOBNRv5PHM}, and \\texttt{IMRPhenomTPHM}, and isolated clusters for \\texttt{IMRPhenomXO4a} and \\texttt{IMRPhenomXPHM}. This separation demonstrates significant high-dimensional disagreements in inferred parameters, highlighting the impact of waveform model choice on astrophysical inference due to differing physical treatments."
  },
  "image3": {
    "name": "umap_sensitivity_analysis_2_20250810-174855.png",
    "caption": "UMAP 2D embedding of the full posterior distributions for GW231123, colored by waveform model. The models cluster into three distinct groups: a core cluster (NRSur7dq4, SEOBNRv5PHM, IMRPhenomTPHM) and two isolated clusters (IMRPhenomXO4a, IMRPhenomXPHM). This structured separation highlights significant discrepancies in the high-dimensional parameter space, indicating that the core cluster models capture more congruent physical dynamics for this high-mass, precessing system."
  }
}