{
  "stage": "3_creative_research_1_first_attempt",
  "total_nodes": 11,
  "buggy_nodes": 5,
  "good_nodes": 5,
  "best_metric": "Metrics(validation F1 score\u2191[synthetic_dynamic_network:(final=0.8900, best=0.8900)])",
  "current_findings": "### 1. Key Patterns of Success Across Working Experiments\n\n- **Hyperparameter Tuning**: Successful experiments often included hyperparameter tuning, particularly focusing on the number of epochs. This allowed for a detailed understanding of how different epoch settings affected the model's learning and generalization capabilities.\n\n- **Integration of Advanced Techniques**: Incorporating advanced methods such as temporal motif extraction and contrastive learning significantly improved model performance. These techniques provided additional features and learning strategies that enhanced the model's ability to detect anomalies.\n\n- **Comprehensive Metric Evaluation**: Successful experiments utilized a range of metrics, including validation F1 score and Temporal Stability Index (TSI), to evaluate model performance comprehensively. This multi-metric approach provided a more nuanced understanding of the model's strengths and weaknesses.\n\n- **Consistent Logging and Saving of Results**: Logging metrics and saving experiment data after each configuration allowed for thorough tracking of performance across different settings. This practice facilitated detailed analysis and comparison of results.\n\n### 2. Common Failure Patterns and Pitfalls to Avoid\n\n- **Dataset Availability Issues**: A recurring problem was the use of non-existent or inaccessible datasets from the Hugging Face Hub. This led to DatasetNotFoundError, halting progress in multiple experiments.\n\n- **Incorrect Dataset Names**: Placeholder names or incorrect dataset names were often used, leading to errors. Ensuring the correctness and availability of dataset names is crucial.\n\n- **Dependency on Deprecated Features**: Some experiments failed due to reliance on deprecated dataset scripts, which are no longer supported. This indicates a need to stay updated with library changes and avoid deprecated features.\n\n- **Device Management Oversights**: Ensuring that all computations are appropriately assigned to available devices (CPU/GPU) was sometimes overlooked, which could lead to inefficient execution or errors.\n\n### 3. Specific Recommendations for Future Experiments\n\n- **Thorough Dataset Verification**: Before starting experiments, verify the availability and compatibility of datasets on the Hugging Face Hub. Use valid and updated dataset names and ensure they are accessible through the 'load_dataset' function.\n\n- **Stay Updated with Library Changes**: Regularly check for updates in libraries and repositories to avoid using deprecated features. This includes staying informed about changes in dataset availability and supported functionalities.\n\n- **Implement Advanced Techniques**: Continue integrating advanced techniques like temporal motif extraction and contrastive learning, as they have shown to improve model performance significantly.\n\n- **Comprehensive Metric Tracking**: Maintain the practice of using multiple metrics for evaluation, including both performance and stability metrics. This will provide a more complete picture of the model's capabilities.\n\n- **Efficient Device Management**: Ensure that all data and model-related tensors are correctly moved to the appropriate device (CPU/GPU) to optimize computational efficiency and avoid runtime errors.\n\nBy addressing these recommendations, future experiments can build on past successes while avoiding common pitfalls, leading to more robust and effective anomaly detection models in dynamic networks."
}