{
  "model": "xgboost",
  "dataset": "nsl_kdd",
  "config": {
    "model": {
      "name": "xgboost_ids",
      "n_estimators": 100,
      "learning_rate": 0.01,
      "max_depth": 6,
      "min_child_weight": 1,
      "subsample": 0.8,
      "colsample_bytree": 0.8,
      "use_label_encoder": false,
      "eval_metric": "logloss"
    },
    "training": {
      "epochs": 1,
      "batch_size": 1,
      "learning_rate": 0.01,
      "weight_decay": 0.0,
      "patience": 1
    },
    "dataset": {
      "val_split": 0.15,
      "attack_types": [
        "normal",
        "dos",
        "probe",
        "r2l",
        "u2r"
      ]
    },
    "evaluation": {
      "metrics": [
        "accuracy",
        "precision",
        "recall",
        "f1",
        "auc"
      ]
    },
    "logging": {
      "level": "INFO",
      "save_model": true
    },
    "system": {
      "device": "auto",
      "seed": 42
    }
  },
  "train_results": {
    "training_time": 1.4432361125946045,
    "val_metrics": {
      "accuracy": 0.9964893617021277,
      "precision": 0.9964842601468197,
      "recall": 0.9964893617021277,
      "f1": 0.9963552614087352,
      "auc": 0.9964893617021277,
      "class_accuracies": {
        "normal": 0.9992020746060243,
        "dos": 0.9988457654018179,
        "probe": 0.985731272294887,
        "r2l": 0.8741721854304636,
        "u2r": 0.3
      },
      "class_precision": {
        "normal": 0.9947373647105551,
        "dos": 0.9995668495524112,
        "probe": 0.9951980792316927,
        "r2l": 0.9850746268656716,
        "u2r": 1.0
      },
      "class_recall": {
        "normal": 0.9992020746060243,
        "dos": 0.9988457654018179,
        "probe": 0.985731272294887,
        "r2l": 0.8741721854304636,
        "u2r": 0.3
      },
      "class_f1": {
        "normal": 0.9969647211026521,
        "dos": 0.999206177383272,
        "probe": 0.9904420549581839,
        "r2l": 0.9263157894736842,
        "u2r": 0.46153846153846156
      }
    }
  },
  "test_metrics": {
    "accuracy": 0.723125,
    "precision": 0.7822713712510087,
    "recall": 0.723125,
    "f1": 0.7155934031574043,
    "auc": 0.723125,
    "class_accuracies": {
      "normal": 0.8933015346329324,
      "dos": 0.6533078880407125,
      "probe": 0.9818181818181818,
      "r2l": 0.15585009140767825,
      "u2r": 0.0
    },
    "class_precision": {
      "normal": 0.7340035784271961,
      "dos": 0.9093860684769776,
      "probe": 0.31849012090828666,
      "r2l": 0.693089430894309,
      "u2r": 0.0
    },
    "class_recall": {
      "normal": 0.8933015346329324,
      "dos": 0.6533078880407125,
      "probe": 0.9818181818181818,
      "r2l": 0.15585009140767825,
      "u2r": 0.0
    },
    "class_f1": {
      "normal": 0.8058556662457322,
      "dos": 0.760365251727542,
      "probe": 0.48096192384769537,
      "r2l": 0.2544776119402985,
      "u2r": 0.0
    }
  },
  "total_time": 1.4943101406097412,
  "args": {
    "config": "configs/xgboost_nsl_kdd.yaml",
    "model": "xgboost",
    "dataset": "nsl_kdd",
    "nsl_kdd_path": "data/nsl_kdd",
    "cisco_data_path": "data/cisco_small",
    "output_dir": "outputs/xgboost_nsl_kdd",
    "epochs": 1,
    "attack_ratio": 0.1
  }
}